year,month,value
1421,1,6.9542289806619325e-6
1421,2,3.941641365597021e-6
1421,3,6.526840517221907e-6
1421,4,9.156130164836922e-6
1421,5,-1.939806943286541e-7
1421,6,-1.2817160541550837e-7
1421,7,4.03114426674706e-7
1421,8,1.2547698765944367e-6
1421,9,8.5530714572446e-6
1421,10,6.525268182152651e-6
1421,11,6.009953864490839e-6
1421,12,8.539002975980102e-7
1422,1,9.142831363446423e-6
1422,2,-2.9993123482628527e-6
1422,3,3.257479380939223e-6
1422,4,2.2219752469257717e-6
1422,5,2.149114605044971e-6
1422,6,1.5883437439008785e-6
1422,7,9.279396476437809e-7
1422,8,9.700285219246208e-7
1422,9,1.0007834009954488e-5
1422,10,1.4480257729225064e-5
1422,11,6.266242071549137e-6
1422,12,3.4176037389388233e-6
1423,1,1.2327754515190279e-5
1423,2,7.758180990136285e-6
1423,3,6.719330638658633e-6
1423,4,4.447687841600511e-6
1423,5,5.317169451757809e-6
1423,6,9.849594609626108e-7
1423,7,7.842067487434111e-7
1423,8,1.2006191798345737e-6
1423,9,8.911101092546907e-6
1423,10,1.3131380568084047e-5
1423,11,2.9096072550294046e-6
1423,12,7.366995432662677e-6
1424,1,9.082328617168547e-6
1424,2,7.6247751044648395e-6
1424,3,1.0182885063688581e-5
1424,4,5.429797069746773e-6
1424,5,4.7062590774825875e-6
1424,6,-1.703749771838377e-7
1424,7,3.796685826948224e-7
1424,8,2.9198073211847e-6
1424,9,6.587076356038513e-6
1424,10,1.0493824619115395e-5
1424,11,5.455172417151633e-6
1424,12,4.971459051244957e-6
1425,1,1.0515982116981979e-5
1425,2,3.215029777869759e-8
1425,3,3.459483650682022e-6
1425,4,4.511348167219091e-6
1425,5,6.623510876762548e-6
1425,6,1.7823933563122842e-6
1425,7,4.527551656885441e-7
1425,8,1.2408139757457062e-6
1425,9,5.997082803752289e-6
1425,10,2.671697403179814e-6
1425,11,1.3206056031971291e-6
1425,12,6.13908319366219e-6
1426,1,8.078701981250766e-6
1426,2,3.3116069962539093e-6
1426,3,7.540904243578041e-6
1426,4,6.780674833990424e-6
1426,5,7.587046230950893e-6
1426,6,3.052292715674468e-6
1426,7,7.363177910272742e-7
1426,8,1.1425616065434664e-6
1426,9,4.670824311268106e-6
1426,10,3.96992033876222e-6
1426,11,1.4899793586713414e-5
1426,12,4.69793722067233e-7
1427,1,3.6870580409988815e-6
1427,2,1.2190186359323091e-5
1427,3,7.473620445809683e-6
1427,4,1.5218032336293135e-6
1427,5,2.2157793469277174e-6
1427,6,2.6577871451174875e-7
1427,7,6.180816876667971e-7
1427,8,1.0781479759473822e-6
1427,9,5.390905250798409e-6
1427,10,7.64219533186286e-6
1427,11,7.017731085995274e-6
1427,12,4.747344428107748e-6
1428,1,1.1071507573980957e-5
1428,2,4.55363489213797e-6
1428,3,5.4056190382115535e-6
1428,4,4.92883502345318e-6
1428,5,5.813906522018774e-6
1428,6,4.507986157343289e-7
1428,7,5.078844437064313e-7
1428,8,1.3138260654424638e-6
1428,9,4.1671809204418165e-6
1428,10,1.4696482124285822e-5
1428,11,7.291277488464771e-6
1428,12,2.4060367925581604e-6
1429,1,7.953620811443783e-6
1429,2,1.9795830190277484e-6
1429,3,6.297680409183215e-6
1429,4,4.087652417372899e-6
1429,5,4.779398795054716e-6
1429,6,-2.906998844489375e-8
1429,7,5.097199648327077e-7
1429,8,1.312177164214662e-6
1429,9,5.633782123691144e-6
1429,10,1.075652528535504e-5
1429,11,2.177692758727094e-6
1429,12,7.691686595955344e-6
1430,1,2.339652816920698e-6
1430,2,1.2559735978236806e-5
1430,3,1.355566358175897e-5
1430,4,3.6855085965351605e-6
1430,5,1.1452016018724563e-5
1430,6,1.4954742007324746e-6
1430,7,6.561336000444066e-7
1430,8,5.397656167918697e-7
1430,9,5.822359482903397e-6
1430,10,2.855617811400091e-6
1430,11,-3.941347169586297e-6
1430,12,2.2943276445482545e-6
1431,1,7.067309166502263e-6
1431,2,1.7864251484665971e-6
1431,3,9.27480364915378e-6
1431,4,7.499472351919646e-6
1431,5,1.1668776672799236e-5
1431,6,-1.0494506063483595e-6
1431,7,2.781130473244302e-7
1431,8,8.533513794646547e-7
1431,9,8.643520825731618e-6
1431,10,4.141742937769654e-6
1431,11,4.824283487714605e-6
1431,12,2.414961042112308e-6
1432,1,9.678541175879454e-6
1432,2,1.07808705580802e-5
1432,3,3.994410006900675e-6
1432,4,5.710515146818052e-6
1432,5,2.608465817329147e-6
1432,6,1.1952956167536164e-6
1432,7,7.302501134426222e-7
1432,8,1.6634232095469767e-6
1432,9,6.9616571375433975e-6
1432,10,4.99093747912609e-6
1432,11,2.75472555935787e-6
1432,12,-2.798098522371126e-7
1433,1,6.06097620321719e-6
1433,2,1.0369319685591166e-5
1433,3,7.990058496453271e-7
1433,4,5.244569347717148e-6
1433,5,9.201889636405849e-6
1433,6,6.331039056954899e-7
1433,7,1.1869812857086803e-6
1433,8,6.25879291019782e-7
1433,9,4.92402297339734e-6
1433,10,6.408657430067786e-6
1433,11,1.8756359467855951e-06
1433,12,6.659871758165279e-6
1434,1,6.267960992987204e-6
1434,2,1.0315733222756789e-5
1434,3,7.79082662771063e-6
1434,4,8.070455602509047e-6
1434,5,4.68136073557191e-6
1434,6,-3.1405095194188057e-8
1434,7,3.000039576953349e-7
1434,8,1.3523646250958099e-6
1434,9,8.182707264407214e-6
1434,10,8.772356130745963e-6
1434,11,6.301682935452862e-6
1434,12,4.673433171592088e-6
1435,1,3.6003887503681742e-6
1435,2,8.827172513945466e-6
1435,3,5.286842172980389e-6
1435,4,3.932853036532255e-6
1435,5,2.4081176555288713e-6
1435,6,-3.9117941422695155e-7
1435,7,3.5566090363743834e-7
1435,8,1.0637665591247665e-6
1435,9,5.166772159977006e-6
1435,10,1.0814561612414453e-5
1435,11,6.950493541906191e-6
1435,12,5.007791015457778e-6
1436,1,9.89581172152884e-6
1436,2,7.2629917390043e-6
1436,3,7.1502808634936e-6
1436,4,9.634966548656415e-6
1436,5,3.5858088170922365e-6
1436,6,2.363955789531394e-6
1436,7,3.982436417730919e-7
1436,8,1.9238468156395944e-6
1436,9,4.801428369185039e-6
1436,10,1.4990951566381e-6
1436,11,3.3670468540935265e-8
1436,12,3.919876911453518e-6
1437,1,6.117925239158134e-6
1437,2,4.470363426942619e-6
1437,3,-9.718515095802836e-7
1437,4,3.909020754261483e-6
1437,5,2.2113987914844784e-6
1437,6,1.1684635937754907e-6
1437,7,3.453660403014898e-7
1437,8,7.450689436678088e-7
1437,9,7.27552601400657e-6
1437,10,6.237358101254537e-6
1437,11,8.710136753667197e-6
1437,12,8.155044333370719e-6
1438,1,1.0630252275507794e-5
1438,2,1.0016810506939913e-5
1438,3,1.6974384473049908e-6
1438,4,3.0968572786173517e-6
1438,5,-2.8670535168342173e-8
1438,6,-5.454806805103608e-7
1438,7,-8.699535877573063e-9
1438,8,1.292114540551351e-6
1438,9,7.794548666656752e-6
1438,10,1.6124183524982704e-5
1438,11,6.225705196163407e-6
1438,12,7.090112466206204e-6
1439,1,7.765302279188474e-6
1439,2,9.66802873689602e-6
1439,3,9.176300806470293e-6
1439,4,3.799946265588115e-7
1439,5,4.056272660302787e-7
1439,6,1.5045462130289209e-6
1439,7,2.088759750184282e-7
1439,8,1.1330618620095657e-6
1439,9,5.0066265212517336e-6
1439,10,1.1832890872820002e-5
1439,11,2.770600024352234e-6
1439,12,7.478712862540653e-6
1440,1,1.1311171148869181e-5
1440,2,5.1543494459238585e-6
1440,3,2.7898306932527515e-6
1440,4,2.9239000769162753e-6
1440,5,2.394884114782111e-6
1440,6,8.776509988179767e-7
1440,7,1.5364444433730382e-6
1440,8,1.0002040625242218e-6
1440,9,7.982075073812146e-6
1440,10,1.5351984704375642e-5
1440,11,7.868518243105934e-6
1440,12,-4.393293652483464e-7
1441,1,9.734811314144829e-6
1441,2,1.0203943682567518e-5
1441,3,4.8849318056865936e-6
1441,4,2.527589526802842e-6
1441,5,8.204687408865851e-7
1441,6,1.1715803216880237e-6
1441,7,1.3410615594995042e-7
1441,8,9.839632506647145e-7
1441,9,5.565835144533451e-6
1441,10,9.352200060975498e-6
1441,11,1.0998466772147493e-5
1441,12,7.975351765988699e-6
1442,1,5.227424316804393e-6
1442,2,7.879920723686337e-7
1442,3,7.104118758728287e-6
1442,4,7.49683459332114e-6
1442,5,2.722544580454539e-6
1442,6,1.955753936839013e-6
1442,7,4.037655087077028e-7
1442,8,1.5066577324403918e-6
1442,9,7.426388697682725e-6
1442,10,6.3530467749227615e-6
1442,11,4.117808689353075e-6
1442,12,1.5341615594758377e-5
1443,1,7.719372704024303e-6
1443,2,5.079394593818907e-6
1443,3,1.4449548370001881e-6
1443,4,1.1785125221192336e-6
1443,5,4.115830512202142e-6
1443,6,2.5501176490483142e-6
1443,7,6.987595440547817e-7
1443,8,1.0086312525765836e-6
1443,9,2.7444390672514213e-6
1443,10,9.559460515596293e-6
1443,11,5.566346211031153e-7
1443,12,-4.231455329833798e-7
1444,1,4.426963810570923e-6
1444,2,1.0625277086707285e-5
1444,3,7.36823328038761e-6
1444,4,4.05625663228789e-6
1444,5,5.427242068109007e-6
1444,6,3.6918452070289e-7
1444,7,4.566778761131595e-7
1444,8,1.0426631254763848e-6
1444,9,9.354731191275207e-6
1444,10,7.804188763345993e-6
1444,11,6.239448420237819e-6
1444,12,1.9658252592030034e-6
1445,1,9.49042327557544e-6
1445,2,8.962217430381205e-6
1445,3,2.1318694491883843e-6
1445,4,3.7437343806951024e-6
1445,5,-1.949525056879959e-6
1445,6,-3.069984873876096e-7
1445,7,5.160224428962052e-7
1445,8,8.702509975716621e-7
1445,9,7.348190205970682e-6
1445,10,3.884602042812333e-6
1445,11,1.6581714591660885e-5
1445,12,3.9393198186682576e-6
1446,1,4.164929440391308e-6
1446,2,3.04003551886009e-6
1446,3,7.268484097998348e-6
1446,4,-1.0354439126156366e-6
1446,5,8.47948044031931e-7
1446,6,-3.9068448463271504e-7
1446,7,5.29929308984267e-7
1446,8,1.3053742458599287e-6
1446,9,8.096144019287602e-6
1446,10,6.133485743281748e-7
1446,11,1.8561882260110946e-6
1446,12,8.407612247918809e-6
1447,1,1.3089880206740548e-5
1447,2,8.297658989280291e-6
1447,3,2.282850964307976e-6
1447,4,-7.344286282587605e-7
1447,5,-2.7719244368243517e-6
1447,6,-9.707662124855624e-7
1447,7,8.93218002021476e-7
1447,8,1.484420156794659e-6
1447,9,7.1012259139053064e-6
1447,10,1.1535713120643612e-5
1447,11,5.170373934495848e-6
1447,12,3.5592328811044365e-6
1448,1,9.444553313684087e-6
1448,2,2.4284761550383745e-6
1448,3,2.8775180456122965e-6
1448,4,1.1544305649209387e-6
1448,5,-2.2199510561175227e-6
1448,6,-1.504822255587545e-6
1448,7,4.420067669296603e-7
1448,8,1.6414649770228582e-6
1448,9,9.275500374592748e-6
1448,10,8.20419446150758e-6
1448,11,5.290611768861717e-6
1448,12,3.9919278800266055e-6
1449,1,2.824060622244703e-6
1449,2,7.967334261772577e-6
1449,3,2.807884872087956e-6
1449,4,1.0241271821712103e-6
1449,5,4.5124729297843855e-6
1449,6,2.732033851880537e-6
1449,7,3.575384986444448e-7
1449,8,7.5445973105417e-7
1449,9,4.439314612116384e-6
1449,10,1.219366644033077e-5
1449,11,8.519557514313125e-6
1449,12,6.919137507707887e-6
1450,1,1.3891137348422184e-6
1450,2,6.670668813735463e-6
1450,3,8.632440599708332e-6
1450,4,7.2828494627786715e-6
1450,5,2.295790741575678e-6
1450,6,1.652507283203596e-6
1450,7,6.437426739011657e-7
1450,8,1.7848982819849605e-6
1450,9,7.76490202891344e-6
1450,10,1.601677480060317e-5
1450,11,1.38515431426919e-7
1450,12,3.965315860971758e-6
1451,1,1.1686687434660007e-5
1451,2,5.046014873311791e-6
1451,3,4.860649295856454e-6
1451,4,1.0584690631089151e-5
1451,5,7.394903819701272e-6
1451,6,2.2403220981362646e-6
1451,7,1.0507624898077094e-6
1451,8,1.368830809002984e-6
1451,9,5.06195903589618e-6
1451,10,7.778003135359232e-6
1451,11,1.0701856547963973e-5
1451,12,6.691837007824271e-6
1452,1,6.236802154002048e-6
1452,2,3.511151995398294e-6
1452,3,3.9594594038196245e-7
1452,4,1.2088713085270928e-6
1452,5,3.4602910673303166e-6
1452,6,1.4024945795510102e-6
1452,7,2.909222360409156e-7
1452,8,1.3857477665032417e-6
1452,9,3.6134977672332198e-6
1452,10,7.304564134100833e-6
1452,11,8.083584861102916e-6
1452,12,8.002112463757605e-6
1453,1,1.706962470875105e-5
1453,2,1.1740715473417646e-5
1453,3,-5.745179924186448e-7
1453,4,3.175789028292257e-6
1453,5,-1.2966614831041907e-6
1453,6,-8.346889463827585e-7
1453,7,3.135745562598704e-7
1453,8,2.1222167276424076e-6
1453,9,5.62083958021142e-6
1453,10,9.7403344947318e-6
1453,11,6.5090142769470036e-6
1453,12,1.3208092602332918e-6
1454,1,6.573342357543285e-6
1454,2,5.634263277359297e-6
1454,3,6.8901146074018846e-6
1454,4,1.318677157971289e-5
1454,5,-9.22065116268543e-8
1454,6,6.135512889710892e-7
1454,7,9.178212077073211e-7
1454,8,1.837764295188053e-6
1454,9,3.821443847660306e-6
1454,10,1.0278068985453045e-5
1454,11,9.767882013956588e-6
1454,12,4.184830981708118e-6
1455,1,5.573094906428627e-6
1455,2,2.069244876270648e-6
1455,3,4.336457266880826e-6
1455,4,6.013019157697822e-6
1455,5,6.949596066356664e-6
1455,6,9.537005303660924e-7
1455,7,7.574626217514854e-7
1455,8,1.3370615763666186e-6
1455,9,8.020829304240864e-6
1455,10,1.1478772296408993e-5
1455,11,6.038615224366803e-6
1455,12,8.809808176237661e-6
1456,1,1.2680932964995421e-5
1456,2,6.251677156806038e-6
1456,3,2.419926964551658e-7
1456,4,4.023273533648626e-6
1456,5,-1.1391187845777292e-6
1456,6,-9.603200676042348e-8
1456,7,8.032369622681619e-7
1456,8,1.4331932825852416e-6
1456,9,1.088024465295883e-5
1456,10,1.0432426961788032e-5
1456,11,1.2045276763232904e-5
1456,12,3.987581725869406e-6
1457,1,1.3450065025547457e-5
1457,2,7.504129033494358e-6
1457,3,4.723916157701939e-6
1457,4,4.529995532955101e-6
1457,5,7.984358753986035e-6
1457,6,1.2858804282729924e-6
1457,7,5.801388781718121e-7
1457,8,8.910073963641769e-7
1457,9,4.090481441900652e-6
1457,10,1.5000059336047549e-5
1457,11,1.3626186766164659e-5
1457,12,4.758467883352736e-7
1458,1,8.240209632595065e-6
1458,2,1.0704852840405362e-5
1458,3,-2.480093244518013e-6
1458,4,6.022087413901519e-6
1458,5,3.378658998025853e-6
1458,6,7.063405292353115e-6
1458,7,2.0027986178600867e-6
1458,8,1.677973959793647e-6
1458,9,5.494708646658649e-6
1458,10,-4.3074714633611e-6
1458,11,-1.3852459185758255e-6
1458,12,-5.50365470333464e-6
1459,1,-1.0742220898290373e-6
1459,2,-2.1065692322529898e-6
1459,3,-1.1159716372446892e-5
1459,4,-1.409635188076178e-6
1459,5,6.844316869428359e-7
1459,6,2.5481460737572533e-6
1459,7,7.99515543454242e-7
1459,8,1.0216142846876932e-6
1459,9,6.920648600589161e-6
1459,10,6.748552713212094e-6
1459,11,1.5138957742210332e-6
1459,12,6.6316174303010525e-6
1460,1,4.143100842953804e-6
1460,2,3.879364657559868e-6
1460,3,7.858324390151562e-7
1460,4,9.826576957744796e-6
1460,5,1.4561566946833863e-6
1460,6,3.964588362305275e-7
1460,7,6.137243854958791e-7
1460,8,1.5529063251573086e-6
1460,9,1.0830824741004572e-5
1460,10,1.322616574942411e-5
1460,11,6.598263576386533e-6
1460,12,3.1195906608431037e-6
1461,1,5.510810541245817e-6
1461,2,8.025296403060667e-6
1461,3,6.945851037256856e-6
1461,4,7.005557970983114e-6
1461,5,3.6376866234687355e-6
1461,6,1.428617551813711e-6
1461,7,5.115350183613219e-7
1461,8,1.008108449044548e-6
1461,9,8.765143558345204e-6
1461,10,8.056458828044244e-6
1461,11,6.127374216392102e-6
1461,12,2.011427734846186e-6
1462,1,4.925971100332766e-6
1462,2,4.083919012503967e-6
1462,3,4.987670115968106e-7
1462,4,3.928892599774352e-6
1462,5,1.1279027366855565e-6
1462,6,5.763336322618084e-7
1462,7,8.378379833500259e-7
1462,8,1.0731787955298437e-6
1462,9,5.155095788509881e-6
1462,10,1.6028025762388597e-5
1462,11,5.103695837138943e-6
1462,12,2.0091799777943414e-6
1463,1,1.655170391786736e-5
1463,2,2.8503890447886693e-6
1463,3,7.390525200441812e-6
1463,4,1.7912891509818437e-6
1463,5,2.5939778036652988e-6
1463,6,1.2199639842623125e-6
1463,7,1.9373954183790197e-6
1463,8,7.44846950695142e-7
1463,9,9.221907949470194e-6
1463,10,1.4699511119868783e-5
1463,11,3.75040990959676e-6
1463,12,-3.456726039661307e-6
1464,1,6.58366275797311e-6
1464,2,-1.0331375566366884e-6
1464,3,4.7452471623284623e-7
1464,4,5.700065864310817e-6
1464,5,2.8266233359383776e-6
1464,6,4.6846803330722173e-7
1464,7,4.0728399253453164e-7
1464,8,1.247772428442778e-6
1464,9,6.095733679116802e-6
1464,10,8.173604819662865e-6
1464,11,8.264326972555445e-6
1464,12,5.129308333030157e-6
1465,1,9.837270214253378e-6
1465,2,7.816868324097776e-6
1465,3,3.468159619299013e-6
1465,4,7.431831514541882e-6
1465,5,3.3239690811491856e-6
1465,6,5.179992856465709e-7
1465,7,1.142359342125158e-6
1465,8,1.1173714632553292e-6
1465,9,8.667467444360577e-6
1465,10,9.42568766990035e-6
1465,11,7.835923527899007e-6
1465,12,1.3357259808614648e-5
1466,1,7.536354755641015e-6
1466,2,6.2822795406398765e-6
1466,3,5.765298743632126e-7
1466,4,1.5113704860413703e-6
1466,5,-5.786668034362808e-7
1466,6,1.390307778996143e-6
1466,7,2.7921444322230077e-7
1466,8,7.566844237082123e-7
1466,9,3.0371465161843447e-6
1466,10,1.1490247795091333e-5
1466,11,4.350970820099689e-6
1466,12,7.16244432396297e-6
1467,1,6.217568496801415e-6
1467,2,3.5439034300672333e-6
1467,3,5.177386489078199e-6
1467,4,7.7824366556139e-6
1467,5,4.232085936507389e-6
1467,6,2.5069977632782862e-6
1467,7,1.1157834876128007e-6
1467,8,1.659484163794714e-6
1467,9,8.990482599590736e-6
1467,10,7.424502044937673e-6
1467,11,7.012624042942774e-6
1467,12,7.875075903990275e-6
1468,1,1.1723360621446612e-5
1468,2,6.595244984891888e-6
1468,3,-2.4638193915932743e-6
1468,4,4.766831728557816e-6
1468,5,3.7855950711673612e-6
1468,6,-9.584194168853778e-7
1468,7,6.375242089766622e-7
1468,8,9.705919213518415e-7
1468,9,7.531865152341382e-6
1468,10,6.7356509989880166e-6
1468,11,3.362798706412632e-6
1468,12,2.6270120754563177e-6
1469,1,5.88147221759465e-6
1469,2,6.10034643040621e-6
1469,3,6.80778673321956e-6
1469,4,9.554073020284372e-6
1469,5,9.523870406085579e-6
1469,6,4.991905716948035e-6
1469,7,1.0697451103256033e-6
1469,8,1.5219007375813526e-6
1469,9,5.032015885081928e-6
1469,10,8.598167598897739e-6
1469,11,1.6217102855922753e-6
1469,12,-1.2065398756256424e-6
1470,1,6.221896892872234e-6
1470,2,6.80723003658895e-6
1470,3,1.1528447953453633e-5
1470,4,2.0126874155939573e-6
1470,5,6.321424287364388e-6
1470,6,-4.37317548580397e-7
1470,7,1.9912451516625578e-7
1470,8,1.4357596726661881e-6
1470,9,1.0130652135468854e-5
1470,10,4.555133748860555e-6
1470,11,3.31883453002266e-7
1470,12,2.1461343575880095e-6
1471,1,1.2510335125696722e-5
1471,2,8.36134526468696e-6
1471,3,4.806498231334234e-7
1471,4,-2.0296141267764023e-8
1471,5,1.5468207198523132e-6
1471,6,-1.745856700974026e-8
1471,7,3.081097929831861e-7
1471,8,1.23105537678211e-6
1471,9,6.694846010232065e-6
1471,10,1.1437100268418042e-5
1471,11,6.352399712303701e-6
1471,12,7.922834792319609e-6
1472,1,3.44782923348279e-6
1472,2,7.3587497069578385e-6
1472,3,6.914544560686892e-6
1472,4,9.346952711957907e-6
1472,5,8.313581424371136e-6
1472,6,3.082498891530534e-6
1472,7,1.4866001530845715e-6
1472,8,1.381530441920901e-6
1472,9,3.0561850318807975e-6
1472,10,6.22875943196303e-6
1472,11,6.341201455767783e-6
1472,12,7.342469987666706e-6
1473,1,1.457044125589034e-5
1473,2,5.292670529875059e-6
1473,3,1.8087231879370773e-6
1473,4,-2.729335599969355e-6
1473,5,-5.108798588639394e-8
1473,6,2.334518957687983e-6
1473,7,7.541572245804533e-7
1473,8,8.033649841367522e-7
1473,9,5.62061652910781e-7
1473,10,1.4820742672868872e-5
1473,11,1.2123210278857565e-5
1473,12,1.5976925349180937e-6
1474,1,1.1934376311047096e-5
1474,2,1.971390143025361e-6
1474,3,1.0347336994912306e-5
1474,4,2.2087063423034657e-6
1474,5,5.373410836153203e-6
1474,6,1.4931252992075855e-6
1474,7,4.944327648624604e-7
1474,8,1.326492566206315e-6
1474,9,5.817875171949434e-6
1474,10,8.682453441309456e-6
1474,11,3.7610656702933322e-6
1474,12,9.337712446728973e-6
1475,1,1.472936425246747e-6
1475,2,3.824621845832447e-6
1475,3,7.213536634814034e-6
1475,4,3.82498752969887e-6
1475,5,2.676220246233983e-6
1475,6,-7.852329898183724e-8
1475,7,1.0108147195689383e-6
1475,8,9.54839901050627e-7
1475,9,3.789966371795497e-6
1475,10,8.082045997604337e-6
1475,11,1.0732793587438553e-5
1475,12,7.648869222252422e-6
1476,1,4.885585852424544e-6
1476,2,9.076794359687792e-6
1476,3,-2.8981387367518065e-7
1476,4,-2.2491830251751173e-7
1476,5,-4.219025144579391e-6
1476,6,4.6596463395888534e-7
1476,7,4.129991134164614e-8
1476,8,1.3744257519138412e-6
1476,9,8.768734164431258e-6
1476,10,5.479547107753444e-6
1476,11,7.787308127364674e-6
1476,12,6.62981844204742e-6
1477,1,1.3042539047338414e-5
1477,2,1.0896061504203062e-5
1477,3,8.15057026413329e-6
1477,4,8.110735619137363e-6
1477,5,5.040494217526298e-6
1477,6,3.968382348572388e-6
1477,7,1.1298330476475854e-6
1477,8,1.5472678046356293e-6
1477,9,6.660998796833937e-6
1477,10,8.643690418145349e-6
1477,11,1.306404569450158e-5
1477,12,-1.506370866627995e-6
1478,1,1.1777889572474684e-5
1478,2,4.707016501532952e-6
1478,3,8.696751314489749e-6
1478,4,8.116123487464152e-6
1478,5,5.285180473189934e-6
1478,6,2.5236359156236282e-6
1478,7,1.469224168787469e-6
1478,8,1.5395244938264628e-6
1478,9,1.2482593379607921e-5
1478,10,1.8389234714166822e-6
1478,11,4.681368182282889e-6
1478,12,6.9281607430283735e-6
1479,1,9.114099065061968e-6
1479,2,6.86317466702542e-6
1479,3,9.173669715679833e-6
1479,4,1.9659443517147037e-7
1479,5,-3.963926833049059e-7
1479,6,1.0868596370282017e-6
1479,7,7.003123307379466e-7
1479,8,5.703443545904998e-7
1479,9,9.710576622976144e-6
1479,10,1.288982680471544e-5
1479,11,-3.504638014391334e-7
1479,12,7.681250972646348e-6
1480,1,4.166532561357053e-6
1480,2,9.440803872434921e-6
1480,3,1.8724286861170643e-6
1480,4,-1.2283833876314935e-6
1480,5,-3.362686422183247e-6
1480,6,-5.271444960298859e-7
1480,7,7.39424332395748e-8
1480,8,7.866855488001094e-7
1480,9,7.4680934610473835e-6
1480,10,1.66419062057048e-5
1480,11,1.242748797222673e-5
1480,12,2.920965020056381e-6
1481,1,1.373899759901077e-5
1481,2,1.024100392491333e-5
1481,3,1.4875786298348452e-6
1481,4,1.0077565498623021e-6
1481,5,1.0250376544282085e-6
1481,6,3.6893225998273546e-8
1481,7,9.430499399067909e-7
1481,8,1.1168736907438314e-6
1481,9,5.5253354000011485e-6
1481,10,1.577964990051426e-5
1481,11,3.291253535057806e-6
1481,12,2.7212982716623534e-6
1482,1,4.856946640740189e-6
1482,2,1.28662300358538e-5
1482,3,9.925340416213951e-6
1482,4,8.860125141205812e-6
1482,5,4.420581103782779e-6
1482,6,1.697352264248764e-6
1482,7,1.449689521379133e-7
1482,8,1.1937776596389642e-6
1482,9,8.911434944490184e-6
1482,10,9.84976938129489e-6
1482,11,-1.4774774582575332e-6
1482,12,2.6134886848456308e-6
1483,1,5.942283773813034e-6
1483,2,7.815964972434765e-6
1483,3,7.02322196691997e-6
1483,4,-1.4191198823604799e-6
1483,5,-2.1250282805003043e-6
1483,6,8.013759304278469e-7
1483,7,1.7186958605323194e-7
1483,8,1.1817040567345901e-6
1483,9,7.615378008320838e-6
1483,10,9.237573380098844e-6
1483,11,8.127304133597191e-6
1483,12,4.463531075536486e-6
1484,1,9.340693489499374e-6
1484,2,1.481870037370185e-5
1484,3,6.960380965989671e-6
1484,4,6.704114630121853e-6
1484,5,-2.730309868012021e-7
1484,6,-1.955010904600388e-6
1484,7,1.790444615178707e-7
1484,8,7.806548363434082e-7
1484,9,7.364700872982617e-6
1484,10,9.97928441726159e-6
1484,11,9.368281059963042e-6
1484,12,5.141870014279196e-6
1485,1,5.7402553747495225e-6
1485,2,2.240241750812526e-6
1485,3,4.390815460536788e-6
1485,4,9.342056018901374e-6
1485,5,8.140567626073531e-6
1485,6,1.3705349473526606e-6
1485,7,1.1111134616375306e-6
1485,8,1.1554989411192704e-6
1485,9,6.582783207358237e-6
1485,10,3.568218102242587e-6
1485,11,7.268682854825616e-6
1485,12,8.74563101303044e-6
1486,1,1.5215290154756596e-5
1486,2,1.1325870776966023e-5
1486,3,-1.011408688419965e-6
1486,4,1.4407689601963298e-6
1486,5,-1.1009181374860577e-6
1486,6,-8.957703100088092e-7
1486,7,1.2746745961113763e-9
1486,8,1.665419187649283e-6
1486,9,6.159011197555187e-6
1486,10,4.434778762506337e-6
1486,11,7.814218404568392e-6
1486,12,1.1125885392965917e-5
1487,1,7.904959226761658e-6
1487,2,9.02988362679443e-6
1487,3,4.96705881747618e-6
1487,4,3.509101458510439e-6
1487,5,1.9242203072825933e-6
1487,6,1.92013447701751e-6
1487,7,6.231851787441353e-7
1487,8,6.860280019220167e-7
1487,9,9.50631342317005e-6
1487,10,1.4752580854476304e-5
1487,11,1.0659959999982092e-5
1487,12,8.094177846416756e-6
1488,1,7.3612752027329094e-06
1488,2,7.803562794405662e-6
1488,3,1.0436749628794124e-5
1488,4,4.2501006239180766e-6
1488,5,3.5049826735588453e-6
1488,6,-8.887697891886883e-7
1488,7,6.014127390385971e-7
1488,8,1.5846584673735852e-6
1488,9,7.564304335013517e-6
1488,10,1.6725806717128896e-5
1488,11,1.0503783459352116e-5
1488,12,1.08387961635112e-5
1489,1,4.320277137413928e-6
1489,2,4.0232859074645865e-6
1489,3,6.444114726760455e-6
1489,4,6.820093713432006e-6
1489,5,3.6984002967402804e-6
1489,6,-3.872875594339511e-7
1489,7,5.605451239867831e-7
1489,8,9.83896883479254e-7
1489,9,5.690958492483924e-6
1489,10,1.1987478246915798e-5
1489,11,9.085874786256534e-6
1489,12,5.770407415171033e-6
1490,1,6.193077577619691e-6
1490,2,5.943321309324493e-6
1490,3,6.110525946161385e-6
1490,4,8.386461624232301e-6
1490,5,7.314241090769491e-7
1490,6,1.3899677873396144e-6
1490,7,5.781611905877088e-7
1490,8,1.7257724461699566e-6
1490,9,7.321811535295662e-6
1490,10,1.037893682312369e-5
1490,11,2.918857286646089e-6
1490,12,-6.546863463681043e-7
1491,1,1.615738864684288e-5
1491,2,6.881450211152305e-6
1491,3,5.24617797871408e-6
1491,4,5.428163659200971e-6
1491,5,3.7749315922844247e-6
1491,6,-3.128686555580361e-7
1491,7,7.732747714814984e-7
1491,8,1.2899543443577811e-6
1491,9,7.490103082246267e-6
1491,10,1.29489923347344e-5
1491,11,1.4082813511491324e-6
1491,12,1.3638566968469379e-6
1492,1,6.293424809901219e-6
1492,2,5.627346456569294e-6
1492,3,-1.9386787254536124e-6
1492,4,2.74219816577932e-6
1492,5,1.037330220369892e-6
1492,6,2.0996676286445166e-6
1492,7,6.065904169660822e-7
1492,8,1.2075663537945753e-6
1492,9,8.661896610036483e-6
1492,10,3.2694396789122635e-6
1492,11,-2.012309316561078e-6
1492,12,4.432387020580025e-6
1493,1,1.3666420987512374e-7
1493,2,-4.2287849265340016e-6
1493,3,-1.5003122627580266e-6
1493,4,2.9870886220854743e-6
1493,5,2.5356133928066115e-6
1493,6,-5.927922096982887e-7
1493,7,4.10933205860514e-7
1493,8,6.353949279156508e-7
1493,9,3.336921627102734e-6
1493,10,1.1933212935454114e-5
1493,11,6.942706759394744e-6
1493,12,1.312342863013074e-5
1494,1,5.885709192825506e-6
1494,2,1.5459156746219268e-5
1494,3,3.1865803070905473e-6
1494,4,6.571500669288585e-6
1494,5,5.125079667027246e-6
1494,6,2.3717693171801362e-6
1494,7,4.486200701475072e-7
1494,8,7.825690808283775e-7
1494,9,1.1084880237791616e-5
1494,10,1.0446381445099466e-5
1494,11,1.1216388594360428e-5
1494,12,5.2610656120035225e-6
1495,1,9.688784400891438e-6
1495,2,6.64136421211801e-6
1495,3,1.020914526827379e-5
1495,4,3.585449345386201e-7
1495,5,1.3770210205322146e-6
1495,6,4.322355145850008e-6
1495,7,9.436415867504659e-7
1495,8,1.0228050596391495e-6
1495,9,9.07169511562391e-6
1495,10,1.2841415839357948e-5
1495,11,8.89572395517946e-6
1495,12,1.2332252001169674e-5
1496,1,1.025378173935586e-5
1496,2,1.5219329186184131e-5
1496,3,1.258831107221564e-5
1496,4,4.03480050332016e-6
1496,5,-2.7039582765649745e-6
1496,6,-3.7212163827355526e-7
1496,7,4.1609393880061867e-7
1496,8,1.7549391317897376e-6
1496,9,7.712248482962196e-6
1496,10,8.309990899968452e-6
1496,11,5.429308248428967e-6
1496,12,9.50228937227744e-6
1497,1,8.463732296124747e-6
1497,2,3.7009083962296204e-6
1497,3,3.459375994458794e-6
1497,4,6.950704514596978e-7
1497,5,1.3808405759378811e-6
1497,6,-1.393515316814265e-7
1497,7,4.340314590064081e-7
1497,8,2.156347667576727e-6
1497,9,5.958588347243325e-6
1497,10,1.676158452199237e-5
1497,11,8.64759047206556e-6
1497,12,2.4522034450894887e-6
1498,1,2.8824542874517818e-6
1498,2,4.844937663440944e-6
1498,3,6.809000419028065e-6
1498,4,4.3559768608329584e-6
1498,5,2.920460755868372e-6
1498,6,-1.638809444904046e-7
1498,7,2.923653073754361e-7
1498,8,9.872340292272222e-7
1498,9,1.0291453929864217e-5
1498,10,1.1319540733879325e-5
1498,11,6.57939273945939e-6
1498,12,7.054682075965839e-6
1499,1,6.176957290054444e-6
1499,2,1.0468348557783672e-5
1499,3,4.496682256937724e-6
1499,4,4.336244267945253e-6
1499,5,3.3530769618502206e-6
1499,6,-1.1115059297593863e-6
1499,7,9.249285982393046e-7
1499,8,9.89748787953597e-7
1499,9,1.0177261015458206e-6
1499,10,9.55798562881057e-6
1499,11,8.526841039469397e-6
1499,12,-8.733768998906954e-7
1500,1,1.083041012236298e-5
1500,2,5.137900693477889e-6
1500,3,7.380157049278838e-7
1500,4,-4.373726710377293e-7
1500,5,4.990874675677217e-6
1500,6,-6.044681567225556e-8
1500,7,2.973672605583856e-7
1500,8,6.242659711905407e-7
1500,9,3.4037155300386454e-6
1500,10,2.5417844979869314e-6
1500,11,8.219169704971793e-6
1500,12,8.208520036515732e-7
1501,1,5.643862723177928e-6
1501,2,7.6732837867695e-6
1501,3,7.215213325174092e-6
1501,4,1.162102192914919e-6
1501,5,-4.593349939392685e-6
1501,6,-1.9067223847878992e-6
1501,7,-2.0335520108218852e-8
1501,8,6.132274496032918e-7
1501,9,4.338770970869154e-6
1501,10,1.1213430888037498e-5
1501,11,9.084540935284631e-6
1501,12,4.820125825416546e-6
1502,1,1.388346500377432e-5
1502,2,1.1232706069504923e-5
1502,3,7.457947976924756e-6
1502,4,-2.595786010619607e-6
1502,5,2.346987728312825e-6
1502,6,1.2786644694169269e-6
1502,7,4.350816786989723e-7
1502,8,1.283449051428237e-6
1502,9,6.832176793751051e-6
1502,10,1.7055041297282443e-5
1502,11,7.603047827875075e-6
1502,12,6.9778705648213095e-6
1503,1,1.6039532873059477e-5
1503,2,1.4288785578473152e-5
1503,3,7.926728686547615e-6
1503,4,1.7916792087365562e-5
1503,5,7.611947471677796e-6
1503,6,1.4249451602881609e-8
1503,7,1.0335951081693564e-6
1503,8,1.3348103826983898e-6
1503,9,3.6059051310557303e-6
1503,10,9.360907539678771e-6
1503,11,8.51353711257261e-6
1503,12,9.105492140855592e-6
1504,1,1.4245873908849718e-5
1504,2,1.903376967196254e-5
1504,3,-1.7652307346126553e-6
1504,4,1.2066101507115833e-5
1504,5,7.554141953903073e-6
1504,6,2.2624386221705817e-6
1504,7,8.198558345008191e-7
1504,8,9.011838535377249e-7
1504,9,7.442758174992745e-6
1504,10,1.2542578344225308e-5
1504,11,8.358434463214762e-6
1504,12,5.563025650173993e-6
1505,1,1.279321254545634e-5
1505,2,1.349496062685751e-5
1505,3,3.904257838436332e-6
1505,4,6.198942698395078e-6
1505,5,6.2351728504097365e-6
1505,6,-1.6434970210264876e-7
1505,7,1.6931929421126983e-7
1505,8,1.5878285268819989e-6
1505,9,1.0118337377819668e-5
1505,10,9.41280863191729e-6
1505,11,5.9662703265415235e-6
1505,12,9.930629807526066e-6
1506,1,3.6662156687602475e-6
1506,2,5.856609883981035e-7
1506,3,1.7579865705392438e-6
1506,4,7.549743951713624e-6
1506,5,6.171943441998724e-6
1506,6,3.5106191550250963e-6
1506,7,3.2206565358289777e-7
1506,8,1.4555148856412026e-6
1506,9,1.3799198658160486e-5
1506,10,1.588766413171099e-5
1506,11,9.468059564113234e-6
1506,12,1.2319821590364322e-6
1507,1,9.537815038496895e-6
1507,2,3.8033270055954765e-6
1507,3,3.0476262108320293e-6
1507,4,1.2201864517196969e-6
1507,5,3.572376593403756e-6
1507,6,-1.996710640312236e-6
1507,7,9.031641184289824e-8
1507,8,1.5786166185053561e-6
1507,9,7.691979412289089e-6
1507,10,1.2898583178482533e-5
1507,11,8.385256145771055e-6
1507,12,8.071840212327974e-6
1508,1,1.2723953925437075e-5
1508,2,8.484560741217469e-6
1508,3,9.141538524844751e-6
1508,4,7.157462172460333e-6
1508,5,4.164556400650462e-6
1508,6,-1.0342269055959678e-6
1508,7,3.9362692335050845e-7
1508,8,1.4470280005254675e-6
1508,9,7.645196038236943e-6
1508,10,1.0870949158897825e-5
1508,11,8.118216610409897e-6
1508,12,2.4299237774426717e-6
1509,1,1.3666590928524166e-5
1509,2,7.134613583144132e-6
1509,3,1.6142181514309005e-6
1509,4,6.763740790035343e-6
1509,5,5.911718193369965e-6
1509,6,1.5273764376712306e-6
1509,7,2.570137563475706e-6
1509,8,1.0131356515557806e-6
1509,9,5.359152145387701e-6
1509,10,1.518178418866731e-5
1509,11,6.92330115813955e-6
1509,12,8.107079265462636e-6
1510,1,9.278423562138883e-6
1510,2,3.695424148875173e-6
1510,3,9.1260762069788e-6
1510,4,3.5338074656678984e-6
1510,5,-8.24580056302277e-7
1510,6,-2.794081069350254e-7
1510,7,1.2089321375381463e-6
1510,8,1.0974517280628269e-6
1510,9,4.1579315367508994e-6
1510,10,1.0400230058846641e-5
1510,11,1.3397900247156566e-5
1510,12,7.957184577632462e-6
1511,1,1.1452048871124393e-5
1511,2,1.1132978395800297e-5
1511,3,3.844920179958541e-6
1511,4,3.717202983626574e-6
1511,5,1.2988403470556705e-6
1511,6,-2.6743260699283705e-6
1511,7,-5.439753442223744e-8
1511,8,1.0098377068155748e-6
1511,9,4.998932958133814e-6
1511,10,1.3669499077804509e-5
1511,11,3.2148612109727327e-6
1511,12,1.1515611739875384e-5
1512,1,8.19341435058052e-6
1512,2,1.1454587253782131e-5
1512,3,4.474096915753158e-6
1512,4,4.7912565685392315e-6
1512,5,8.959409441256593e-6
1512,6,1.091262072845197e-6
1512,7,5.304018337310145e-7
1512,8,1.0438473742951416e-6
1512,9,9.122430897601978e-6
1512,10,2.211638972746325e-5
1512,11,1.9145755610496398e-7
1512,12,9.985638627663008e-6
1513,1,1.0629066859775074e-5
1513,2,1.0605543939609548e-5
1513,3,1.442306786308242e-6
1513,4,3.292075906310037e-6
1513,5,5.694660138123384e-6
1513,6,-1.6196962836897687e-6
1513,7,4.669889157023905e-7
1513,8,1.2918197028667288e-6
1513,9,7.86012214646378e-6
1513,10,1.1340764427894814e-5
1513,11,1.0492578649388517e-5
1513,12,1.0420529483145871e-5
1514,1,1.466638718180498e-5
1514,2,1.2335903462517733e-5
1514,3,7.669840472214493e-6
1514,4,1.1030825439445018e-6
1514,5,-4.217605400375649e-7
1514,6,2.599244681947906e-6
1514,7,3.690957012001564e-7
1514,8,9.99994303390499e-7
1514,9,6.953018310451804e-6
1514,10,9.207429445074713e-6
1514,11,5.0422660978047475e-6
1514,12,3.4698380829955696e-6
1515,1,1.8580039621428921e-6
1515,2,6.633341250447392e-6
1515,3,5.5585118567418366e-6
1515,4,1.7363133426229772e-6
1515,5,3.109872473585753e-6
1515,6,-2.5515742222289803e-6
1515,7,4.5823953006261865e-8
1515,8,9.719848981906907e-7
1515,9,6.883351402130331e-6
1515,10,7.344990465118359e-6
1515,11,4.309923246876874e-6
1515,12,9.097267237512883e-6
1516,1,4.097933977957786e-6
1516,2,-3.706540088075451e-6
1516,3,2.102240291289369e-6
1516,4,-2.204388439424016e-6
1516,5,8.136741912053773e-6
1516,6,3.8209464889827185e-6
1516,7,1.2808096899761449e-6
1516,8,9.131752939034514e-7
1516,9,1.106504595728933e-6
1516,10,9.448779700458272e-6
1516,11,7.659181240508784e-6
1516,12,1.4007376661184007e-5
1517,1,1.1926469990262177e-5
1517,2,9.874568536818499e-6
1517,3,1.114819345943299e-5
1517,4,6.872685466283869e-6
1517,5,3.6390156598240457e-6
1517,6,1.2632843878869045e-6
1517,7,1.1595813079128575e-6
1517,8,8.19058848474169e-7
1517,9,9.544447053484515e-6
1517,10,5.154026057701683e-6
1517,11,9.599358403616066e-6
1517,12,7.588446316378052e-6
1518,1,1.0605512670751887e-5
1518,2,5.6086279070398695e-6
1518,3,7.236496682187514e-6
1518,4,2.714671482700288e-6
1518,5,4.29243972538346e-6
1518,6,-3.3503852390995035e-7
1518,7,3.5437901696405103e-7
1518,8,3.7036874891655054e-7
1518,9,2.643378109389602e-6
1518,10,4.693155053902412e-6
1518,11,6.591818667658318e-6
1518,12,-1.3277962888688355e-6
1519,1,9.702316876276557e-6
1519,2,7.403132663393804e-8
1519,3,6.887942516303877e-6
1519,4,3.1550857825580032e-6
1519,5,1.6435820906982576e-6
1519,6,-4.283025586743447e-7
1519,7,1.2853039237766718e-7
1519,8,5.282069023720204e-7
1519,9,5.96246161516259e-6
1519,10,2.6056570450430223e-6
1519,11,2.29567923551267e-6
1519,12,2.238563591086441e-6
1520,1,6.0971128135990685e-6
1520,2,5.464777785948432e-6
1520,3,3.707605257063976e-6
1520,4,-1.4585670226545383e-6
1520,5,4.3514708925271175e-6
1520,6,2.2076855722234035e-6
1520,7,5.133498776455927e-7
1520,8,1.7387813671142927e-6
1520,9,1.1904268107361541e-5
1520,10,7.811988762233629e-6
1520,11,7.0035888324053225e-6
1520,12,2.1676835261393274e-6
1521,1,5.246931407070013e-6
1521,2,1.4660803002094375e-6
1521,3,1.6962191844182455e-6
1521,4,9.49118747160027e-6
1521,5,2.8752239600199736e-6
1521,6,-3.850992814951409e-7
1521,7,4.4047103757067376e-7
1521,8,1.4991675896613015e-6
1521,9,5.873362694136868e-6
1521,10,1.387874462028837e-6
1521,11,2.5050914611589646e-6
1521,12,1.0411460133173465e-5
1522,1,1.637284904398823e-5
1522,2,4.50394048781713e-6
1522,3,2.7330392842060794e-6
1522,4,-3.2958242348335683e-7
1522,5,-4.0568709039357154e-7
1522,6,1.791923209426432e-6
1522,7,1.0077031794092007e-6
1522,8,9.240405604083494e-7
1522,9,7.0592209815623925e-6
1522,10,1.383238675730497e-5
1522,11,8.042426286590839e-6
1522,12,-2.1569247047433763e-6
1523,1,3.771142399489572e-6
1523,2,6.229272601182307e-6
1523,3,1.4992399858746378e-6
1523,4,1.2931683736293596e-6
1523,5,2.9983024954515456e-6
1523,6,1.3899728503565052e-6
1523,7,9.791067627609424e-8
1523,8,1.1974777254900905e-6
1523,9,2.9610366503027955e-6
1523,10,1.795328934591588e-5
1523,11,6.319249393795937e-6
1523,12,9.62852903479571e-6
1524,1,-1.0867804748761906e-6
1524,2,3.2627425713557865e-6
1524,3,2.1992388203479436e-6
1524,4,5.971495497357694e-6
1524,5,-2.908686456646472e-7
1524,6,3.669567208355408e-7
1524,7,1.0831962910589946e-6
1524,8,7.392558902700804e-7
1524,9,8.676851304012494e-6
1524,10,1.6526690453855474e-5
1524,11,3.588568181483944e-6
1524,12,1.2159729873397128e-5
1525,1,1.5047084423208174e-5
1525,2,6.050346653440358e-6
1525,3,2.5901625653489613e-6
1525,4,1.5893791260389733e-6
1525,5,1.6573920435831337e-6
1525,6,1.6358026414068943e-6
1525,7,8.711211167688412e-7
1525,8,1.6321701042579831e-6
1525,9,6.338628346272414e-6
1525,10,1.2411988826259579e-5
1525,11,5.603082735916495e-6
1525,12,6.845668243655589e-6
1526,1,6.0299929283144335e-6
1526,2,8.39229734435873e-6
1526,3,1.4172037537226732e-6
1526,4,-7.899420755981315e-7
1526,5,3.229926643057802e-6
1526,6,1.6650452330359513e-6
1526,7,-4.371375393640619e-7
1526,8,8.594707050223554e-7
1526,9,3.131770791287181e-6
1526,10,1.2699410135127059e-5
1526,11,2.5435695261160116e-7
1526,12,-4.0785594722218777e-7
1527,1,1.4879997872377047e-6
1527,2,-1.7389921923388202e-6
1527,3,8.09128941304377e-6
1527,4,1.1211365607767049e-6
1527,5,1.3529483597075675e-6
1527,6,7.190505168674088e-7
1527,7,-2.0378270440232438e-7
1527,8,8.381729533842524e-7
1527,9,9.356838777796897e-6
1527,10,1.1895570589569046e-5
1527,11,5.198834967238386e-6
1527,12,8.135049005553595e-6
1528,1,1.2078198010584707e-5
1528,2,1.0015287602849498e-5
1528,3,3.4834669719579103e-6
1528,4,5.975976619234613e-6
1528,5,3.5454920194932507e-6
1528,6,3.5102351191789986e-7
1528,7,2.030728560271662e-7
1528,8,6.507890662382021e-7
1528,9,5.476231731852679e-6
1528,10,1.2108000140861616e-5
1528,11,-5.628483820038192e-7
1528,12,7.6509044947532955e-06
1529,1,4.453502896428029e-6
1529,2,8.707982729882557e-6
1529,3,-5.94437164949422e-7
1529,4,-2.852399461212432e-6
1529,5,-1.8554776864937173e-6
1529,6,-4.329661600719349e-6
1529,7,6.211914593792951e-8
1529,8,1.4572255712999014e-6
1529,9,5.084883076144042e-6
1529,10,1.0689561065652421e-5
1529,11,3.7295474487015184e-6
1529,12,2.94507734934741e-7
1530,1,3.1126271846282575e-6
1530,2,-1.2807712281298492e-6
1530,3,-3.085652820043648e-6
1530,4,1.511908163511886e-6
1530,5,1.5692086211317704e-6
1530,6,1.2907045664464889e-6
1530,7,4.791222497495769e-7
1530,8,1.2437289001933447e-6
1530,9,3.2121146806432775e-6
1530,10,1.2353730446017652e-5
1530,11,7.4343735173204265e-6
1530,12,6.008807492013258e-6
1531,1,1.420523249621142e-5
1531,2,1.5861782966191502e-6
1531,3,2.084484075477544e-6
1531,4,3.580618714502774e-6
1531,5,3.4219521060578703e-6
1531,6,-1.042685125805563e-6
1531,7,2.1055118988717266e-7
1531,8,8.941646237973815e-7
1531,9,2.876389232076279e-6
1531,10,1.5889798518225843e-5
1531,11,6.554207675713004e-6
1531,12,5.040412064781432e-6
1532,1,4.997753176920469e-6
1532,2,1.1132963999001672e-5
1532,3,-2.7638876366884247e-6
1532,4,3.4027731464032123e-6
1532,5,2.5355376135234016e-6
1532,6,1.462359963580566e-7
1532,7,8.146992011815688e-7
1532,8,1.9914922645192606e-6
1532,9,8.738128545366183e-6
1532,10,1.4183731112645983e-5
1532,11,1.5601915569078914e-5
1532,12,6.402789351684123e-6
1533,1,1.3664237519395645e-5
1533,2,7.920654239446108e-6
1533,3,1.3703766453707638e-6
1533,4,-9.902357225311507e-7
1533,5,3.1849562106470474e-6
1533,6,2.041358724747088e-6
1533,7,8.648099471197013e-8
1533,8,8.645298750120092e-7
1533,9,3.6040196438440987e-6
1533,10,6.494220081546439e-6
1533,11,7.5963314946539735e-6
1533,12,1.3363765579054874e-5
1534,1,1.5148336242378875e-5
1534,2,1.2457250241498419e-5
1534,3,4.3996620602487105e-6
1534,4,9.353086385377611e-6
1534,5,5.283024978080083e-6
1534,6,3.816312987955635e-6
1534,7,1.2951315215505087e-6
1534,8,2.3297511074067807e-6
1534,9,5.621965547000776e-6
1534,10,4.472893924647334e-6
1534,11,8.351183192723142e-6
1534,12,8.911297553170983e-6
1535,1,9.25838257037251e-6
1535,2,7.70659601706646e-6
1535,3,8.959512054667839e-6
1535,4,1.8888003713910978e-6
1535,5,-2.2177304175967644e-6
1535,6,1.7387204080895537e-6
1535,7,9.023301274634614e-7
1535,8,1.0427369711863053e-6
1535,9,4.057448147818012e-6
1535,10,1.753810160064922e-5
1535,11,1.2949606655404427e-5
1535,12,2.673839746686118e-6
1536,1,6.863812647496205e-6
1536,2,7.6690627837394e-6
1536,3,2.856935034868105e-6
1536,4,8.512044511271989e-7
1536,5,4.85216345491354e-6
1536,6,5.355839465786731e-6
1536,7,1.9979473605065454e-6
1536,8,1.429343632669776e-6
1536,9,4.679424391367137e-6
1536,10,1.1851727630469836e-5
1536,11,1.0753219898314147e-5
1536,12,4.113038122373196e-6
1537,1,1.0574454538487992e-5
1537,2,9.352202812859928e-7
1537,3,9.822505778925278e-6
1537,4,9.825512019680456e-7
1537,5,5.497576501719412e-7
1537,6,-1.0228532558573485e-6
1537,7,5.015955574190658e-7
1537,8,1.0724122550334123e-6
1537,9,8.630368332860567e-6
1537,10,1.3123812271633004e-5
1537,11,4.573163720783033e-6
1537,12,2.3698872195655083e-6
1538,1,3.5909229640093365e-6
1538,2,1.7842227783770784e-7
1538,3,7.44983363171592e-6
1538,4,-2.7008827948576267e-6
1538,5,1.6204270692038728e-6
1538,6,4.316232662587873e-6
1538,7,1.1750487472760282e-6
1538,8,1.8100364847591033e-6
1538,9,5.711545496610268e-6
1538,10,2.236163543780378e-5
1538,11,1.6787307479466245e-6
1538,12,4.292170802075027e-6
1539,1,8.36363675504389e-6
1539,2,6.314776255718707e-7
1539,3,1.8905700868943072e-6
1539,4,6.798536356391476e-6
1539,5,7.877480747970429e-6
1539,6,2.3020896022770142e-6
1539,7,9.637733848550275e-7
1539,8,1.5611398184480453e-6
1539,9,1.1789530534291798e-5
1539,10,4.305251268037533e-6
1539,11,6.810753731730998e-6
1539,12,6.2949635363182995e-6
1540,1,6.915405576020284e-6
1540,2,1.5114266912840838e-6
1540,3,-2.081546784976637e-6
1540,4,4.102994830063654e-6
1540,5,2.885102950182299e-6
1540,6,-8.048835186483401e-7
1540,7,7.781027110112675e-7
1540,8,2.0814416868753847e-6
1540,9,9.041728403551872e-6
1540,10,9.29131573492959e-6
1540,11,6.118342415831469e-6
1540,12,9.026995446492818e-6
1541,1,1.1742459180437492e-5
1541,2,1.6498476729922473e-5
1541,3,9.216106929783293e-6
1541,4,4.0619407488044477e-7
1541,5,6.008754186200005e-6
1541,6,1.2455256809887693e-6
1541,7,6.270873482638846e-7
1541,8,9.494338007147732e-7
1541,9,7.551522128941748e-6
1541,10,9.572971901008635e-6
1541,11,4.6467874537772e-6
1541,12,3.972255747831097e-6
1542,1,7.9788942512314e-6
1542,2,7.0568657349956565e-6
1542,3,3.113995672377047e-6
1542,4,-8.201620867354119e-6
1542,5,-7.82675615438151e-6
1542,6,-2.405218379315232e-6
1542,7,-4.015722518234268e-7
1542,8,2.244364218027904e-7
1542,9,5.588700736521287e-6
1542,10,1.3742168406680248e-5
1542,11,8.588202370911519e-6
1542,12,1.2285072731269007e-5
1543,1,1.9343359829890457e-5
1543,2,1.1329904697588311e-5
1543,3,3.746652401173497e-6
1543,4,1.4914115279496544e-6
1543,5,2.015033789674454e-6
1543,6,-2.5348133138495874e-6
1543,7,-1.3568394588825447e-7
1543,8,1.2402651776908388e-6
1543,9,5.1670959178463455e-6
1543,10,1.4390064995754912e-5
1543,11,6.592727439844528e-6
1543,12,1.1994616262891602e-5
1544,1,7.838226528180703e-6
1544,2,7.932812016938591e-6
1544,3,4.365561469427571e-6
1544,4,4.493318058422814e-6
1544,5,2.821997058167687e-7
1544,6,5.165347746599452e-7
1544,7,-1.4528034872560083e-7
1544,8,1.0976222279242524e-6
1544,9,6.332790665345868e-6
1544,10,9.326310835925926e-6
1544,11,7.1952489587423525e-6
1544,12,1.4028813044730298e-5
1545,1,7.95786692027715e-6
1545,2,9.155644030261355e-7
1545,3,-3.475052429922057e-8
1545,4,-1.8012527235943858e-6
1545,5,4.898170665415258e-6
1545,6,3.1197105335930954e-6
1545,7,1.2093870451170914e-6
1545,8,1.1444556767662086e-6
1545,9,9.085949949179878e-7
1545,10,6.173717512771932e-6
1545,11,2.57814542740231e-6
1545,12,6.739301464131576e-6
1546,1,7.74590634790474e-6
1546,2,1.1359044389628848e-5
1546,3,5.454857064873464e-7
1546,4,1.0092632024425228e-6
1546,5,-1.1380788384024942e-6
1546,6,5.8011034505043e-7
1546,7,8.137817924658274e-7
1546,8,1.149356887966017e-6
1546,9,5.2980553105515e-6
1546,10,1.034776538004908e-5
1546,11,8.411929860705762e-6
1546,12,9.182708426706159e-6
1547,1,8.618241331843096e-6
1547,2,3.5295664489755095e-6
1547,3,5.804209729347844e-7
1547,4,-4.2940602862231936e-7
1547,5,1.3504344571263246e-6
1547,6,2.2604968573975462e-7
1547,7,1.1012613560473762e-6
1547,8,9.608160186295204e-7
1547,9,6.9582093326168044e-06
1547,10,1.8100510333105096e-5
1547,11,6.167263401109996e-6
1547,12,7.867688632339336e-8
1548,1,1.0637206643601066e-5
1548,2,2.5670610382082023e-6
1548,3,3.088017165084789e-6
1548,4,8.109767003915021e-6
1548,5,3.2197995158150593e-6
1548,6,-1.5459867020281623e-7
1548,7,8.966178600826475e-7
1548,8,1.7042570805671052e-6
1548,9,8.743404884059975e-6
1548,10,9.026453964977583e-6
1548,11,5.5333399267492475e-6
1548,12,1.4396060636683975e-6
1549,1,3.931313918606546e-6
1549,2,5.07504953061163e-6
1549,3,7.911626231447397e-6
1549,4,8.565988368666204e-6
1549,5,3.7773620267271457e-6
1549,6,1.0202311377414058e-6
1549,7,1.4002060814990541e-6
1549,8,9.669778050857397e-7
1549,9,5.997248147681059e-6
1549,10,9.170919615005872e-6
1549,11,5.2622721143120095e-6
1549,12,1.0814523461816382e-5
1550,1,7.926446753669378e-6
1550,2,9.591035897281943e-6
1550,3,9.581523758487876e-6
1550,4,2.685242920791131e-6
1550,5,3.029746069122708e-6
1550,6,8.37538590870427e-7
1550,7,1.4665744454708373e-6
1550,8,5.784785091646966e-7
1550,9,4.207409674079054e-6
1550,10,1.0371333493299375e-5
1550,11,1.0316342229953126e-5
1550,12,1.3107471094855354e-5
1551,1,5.43331952193976e-6
1551,2,1.4215821020114753e-5
1551,3,7.565191026300834e-6
1551,4,-5.758819836624781e-7
1551,5,-7.282795772089506e-7
1551,6,1.3331574769331219e-6
1551,7,8.49271406385484e-7
1551,8,7.912758566591035e-7
1551,9,4.5821203956438e-6
1551,10,1.8668813281762605e-5
1551,11,4.861938304993502e-6
1551,12,9.554589451531203e-7
1552,1,6.762714804198053e-7
1552,2,4.805580517530965e-6
1552,3,7.6032660826732405e-6
1552,4,1.568004889461462e-5
1552,5,9.887015881168177e-6
1552,6,4.597559022620138e-6
1552,7,7.00165489348384e-7
1552,8,1.096988610507195e-6
1552,9,9.412553227001239e-6
1552,10,1.1354031066184374e-5
1552,11,-2.2091298356959715e-6
1552,12,7.282021433940571e-6
1553,1,9.98999600000043e-6
1553,2,3.7675596901229306e-6
1553,3,5.395841407903387e-6
1553,4,3.417672612237409e-6
1553,5,6.219451745497219e-6
1553,6,-2.2587667623053867e-7
1553,7,9.467884018636113e-7
1553,8,1.7926322211739809e-6
1553,9,8.915628984789762e-6
1553,10,9.548007328957463e-6
1553,11,-3.646011864228229e-6
1553,12,1.0153065678409645e-5
1554,1,1.5170370854237556e-5
1554,2,1.3758530205473113e-5
1554,3,3.381933994061367e-6
1554,4,1.696351366858528e-6
1554,5,2.9227265670837672e-6
1554,6,-1.13460621291465e-6
1554,7,8.948350400984353e-7
1554,8,9.897845071392502e-7
1554,9,9.052704860154577e-6
1554,10,9.671196926275626e-6
1554,11,9.262834934444642e-6
1554,12,1.5308430526401323e-5
1555,1,9.468930155401095e-6
1555,2,7.530533369505703e-6
1555,3,1.22843681825723e-6
1555,4,6.136113037799366e-6
1555,5,-2.637494310611541e-6
1555,6,-9.48959695137747e-7
1555,7,-2.4594930170528554e-7
1555,8,5.447717684668908e-7
1555,9,4.5890096997223075e-6
1555,10,6.209165811312442e-6
1555,11,1.21312859562944e-5
1555,12,6.999218361419751e-6
1556,1,7.135135812722786e-6
1556,2,7.594112736129721e-6
1556,3,6.771129848978214e-6
1556,4,3.1103708009957307e-6
1556,5,-4.3829680159545645e-6
1556,6,1.4232445292248888e-6
1556,7,9.12278798593906e-7
1556,8,9.775247498596625e-7
1556,9,7.924420128954105e-6
1556,10,7.0601605209002695e-6
1556,11,1.1963266017880942e-5
1556,12,7.3820920882221845e-6
1557,1,1.4946083024573692e-5
1557,2,2.976647927920347e-7
1557,3,4.640215004530047e-6
1557,4,2.3255133626531166e-6
1557,5,4.538864391996165e-6
1557,6,2.3750224827265046e-6
1557,7,6.734880596595634e-7
1557,8,1.167999416562793e-6
1557,9,8.707493058293495e-6
1557,10,1.5164959359821127e-5
1557,11,1.0547298535992292e-5
1557,12,4.335852076904637e-6
1558,1,6.171352026735626e-6
1558,2,5.917480485743408e-6
1558,3,-2.1182668534671286e-6
1558,4,3.946791486196497e-6
1558,5,3.2928992811794622e-6
1558,6,-2.866194774917994e-7
1558,7,1.6571251362246832e-7
1558,8,9.918301595467725e-7
1558,9,7.211874099560392e-6
1558,10,8.722491680657044e-6
1558,11,6.84632811261703e-6
1558,12,1.0117449923636701e-5
1559,1,1.4516861356593237e-5
1559,2,2.9105237170951767e-6
1559,3,2.7813124033496134e-6
1559,4,9.723898663380552e-7
1559,5,6.147118430747506e-6
1559,6,-2.0117798658161333e-7
1559,7,1.4801677691725306e-6
1559,8,3.639330576963623e-7
1559,9,6.364125344160606e-6
1559,10,1.6185055439809327e-5
1559,11,6.451648131137589e-6
1559,12,4.511550002651995e-7
1560,1,1.0732232458346934e-5
1560,2,6.410413841882643e-6
1560,3,-1.411660200385092e-6
1560,4,-1.0737087309232135e-6
1560,5,4.030159009280265e-6
1560,6,-1.2279869045733457e-6
1560,7,1.2441873539471737e-7
1560,8,7.600722722942717e-7
1560,9,7.210310628774338e-6
1560,10,1.3486948170376435e-5
1560,11,4.955148546135552e-6
1560,12,5.178006305555858e-6
1561,1,1.655313500075848e-5
1561,2,8.304462894754144e-6
1561,3,4.1448143275889485e-6
1561,4,4.747791074666064e-6
1561,5,-2.6522133021249145e-6
1561,6,8.466629448917111e-7
1561,7,6.889883056656652e-7
1561,8,8.932084728836494e-7
1561,9,1.063418379496363e-5
1561,10,2.0840414760823516e-5
1561,11,6.588010372401148e-6
1561,12,9.421426610584175e-6
1562,1,-4.4493510932795565e-7
1562,2,3.526252928149393e-6
1562,3,2.1779623621461257e-6
1562,4,2.639200750126603e-6
1562,5,-3.3753853392491884e-6
1562,6,-1.5766773208540095e-6
1562,7,2.2527261474608606e-7
1562,8,1.1200985580139696e-6
1562,9,7.506916876016239e-6
1562,10,1.1675620117870757e-5
1562,11,6.594860316572412e-6
1562,12,8.961728850260816e-6
1563,1,6.008385933329879e-6
1563,2,2.2250272423618163e-6
1563,3,5.781601657431553e-6
1563,4,3.2170072388867144e-6
1563,5,-1.4857648938158213e-6
1563,6,2.637587456809965e-6
1563,7,1.4450959803399778e-6
1563,8,1.9021475236082456e-6
1563,9,7.884819865814549e-6
1563,10,1.0014374717741929e-5
1563,11,6.057949214048144e-6
1563,12,-1.3908507636796577e-6
1564,1,9.469710841043637e-6
1564,2,8.7143351510688e-6
1564,3,9.542224277483424e-7
1564,4,1.6142286060682388e-6
1564,5,8.974058736164159e-6
1564,6,1.385130350549812e-8
1564,7,1.1029838343823923e-7
1564,8,1.4004977376865862e-6
1564,9,3.6941141960519796e-6
1564,10,1.3346052670259193e-5
1564,11,1.1579695351228805e-5
1564,12,1.0141674229855872e-6
1565,1,1.1513306916184399e-5
1565,2,9.244179358417947e-6
1565,3,1.307942540467e-5
1565,4,3.577392669734603e-6
1565,5,7.62950202642438e-6
1565,6,1.067153278762739e-6
1565,7,8.855578839630959e-7
1565,8,1.261142841791523e-6
1565,9,6.766575534466655e-6
1565,10,1.5584423692736025e-5
1565,11,7.310068655882265e-6
1565,12,3.824907492222556e-6
1566,1,1.2687333389006262e-6
1566,2,1.2326711829969156e-6
1566,3,1.0564732857208103e-5
1566,4,-1.267743821050304e-6
1566,5,-1.1779544346317761e-6
1566,6,1.1744276887555883e-6
1566,7,2.743337362101485e-7
1566,8,6.692420594578409e-7
1566,9,4.534591405555077e-6
1566,10,1.4735742494813717e-5
1566,11,5.943986374098737e-6
1566,12,5.237764460131689e-6
1567,1,1.604089717506388e-5
1567,2,-3.7855971672388976e-7
1567,3,5.983141867739248e-6
1567,4,-4.952464670128036e-6
1567,5,4.019088785702505e-6
1567,6,2.1460955618225693e-6
1567,7,3.976225244408189e-7
1567,8,1.8439628632841763e-6
1567,9,1.242788639301657e-5
1567,10,1.242751380605049e-5
1567,11,8.709410849155089e-6
1567,12,-2.9467006161463315e-6
1568,1,8.734580417815218e-6
1568,2,1.004006064526524e-5
1568,3,9.06401067758008e-6
1568,4,5.910232337796088e-6
1568,5,2.9133785541745687e-6
1568,6,-5.297255687059147e-7
1568,7,2.1228622372690384e-8
1568,8,1.672607781458034e-6
1568,9,1.4338373545843933e-5
1568,10,4.827992832092378e-6
1568,11,2.209629465160582e-6
1568,12,9.785175352722153e-6
1569,1,1.772926418431132e-5
1569,2,9.356891367211379e-6
1569,3,7.251786227581316e-6
1569,4,-8.904770295140556e-11
1569,5,-1.2300453807923978e-6
1569,6,-5.254355232792558e-6
1569,7,-7.368769786014883e-7
1569,8,1.1197284094585517e-6
1569,9,3.2037420133763056e-6
1569,10,7.561359500168869e-6
1569,11,2.237856138511e-6
1569,12,2.0492404834924724e-6
1570,1,9.974486511379305e-6
1570,2,1.593988408993051e-6
1570,3,3.2362110018750333e-6
1570,4,1.4752658626622397e-6
1570,5,-3.1489725900849266e-6
1570,6,-1.446509754535275e-6
1570,7,-1.1178550883016401e-6
1570,8,1.2549491304627508e-6
1570,9,3.3895514165480444e-6
1570,10,2.211189134012969e-6
1570,11,1.0863710836294263e-5
1570,12,6.077149614689098e-6
1571,1,4.653344690890423e-6
1571,2,3.321284360552805e-6
1571,3,6.508138197874665e-6
1571,4,1.6607413954339464e-5
1571,5,1.5042670739566556e-5
1571,6,-9.796052378071542e-7
1571,7,4.923431886706733e-7
1571,8,1.6051877607133732e-6
1571,9,6.9192874485842335e-6
1571,10,1.185572159875154e-5
1571,11,2.732478864261521e-6
1571,12,3.826136458529778e-6
1572,1,6.643958803752707e-6
1572,2,8.984166808445072e-6
1572,3,1.1164400043729449e-5
1572,4,5.4766164374191225e-6
1572,5,4.941630992531956e-6
1572,6,8.888034349114706e-8
1572,7,4.4094134234221817e-7
1572,8,1.7012002793419194e-6
1572,9,3.2248668856584854e-6
1572,10,7.777605256331045e-6
1572,11,1.2795230015329763e-5
1572,12,1.4784103415497099e-5
1573,1,1.026931014006844e-5
1573,2,1.2329259542010623e-5
1573,3,6.238028976775237e-6
1573,4,6.894382818525947e-8
1573,5,7.754709257474013e-6
1573,6,1.7579808135117107e-6
1573,7,-4.181189146185395e-7
1573,8,1.0922077503235861e-6
1573,9,7.190348053629867e-6
1573,10,1.4493872624365169e-5
1573,11,4.3814730420005274e-6
1573,12,-9.581518817979633e-8
1574,1,5.222575906343768e-6
1574,2,1.7330886365073655e-5
1574,3,-1.511685367501199e-7
1574,4,2.3847724861101972e-6
1574,5,3.697609949063223e-6
1574,6,7.963583628296643e-7
1574,7,6.799749790163273e-7
1574,8,1.4233850001079478e-6
1574,9,6.308900705676455e-6
1574,10,1.0952730348443328e-5
1574,11,-3.588871742475398e-8
1574,12,8.73574798360614e-6
1575,1,7.6074041939520494e-6
1575,2,4.143923256327397e-6
1575,3,4.849257890284579e-6
1575,4,3.9371238572275075e-6
1575,5,-2.397183010080827e-6
1575,6,1.7863207817071671e-6
1575,7,1.1696618144122213e-6
1575,8,2.1974551952557954e-6
1575,9,6.058786490719924e-6
1575,10,1.0583873825208139e-5
1575,11,1.1755640111659352e-5
1575,12,4.707736170226723e-6
1576,1,6.360148894281273e-6
1576,2,2.5745872035797125e-6
1576,3,2.279155453442912e-6
1576,4,3.3127788659418326e-6
1576,5,1.8357592512326752e-6
1576,6,7.310753941023844e-7
1576,7,1.172151996207816e-7
1576,8,1.6442847841363189e-6
1576,9,3.3120893866246176e-6
1576,10,1.1269356061051398e-5
1576,11,8.75895009339973e-6
1576,12,9.29404862822504e-6
1577,1,4.276722113535217e-6
1577,2,3.970917827206209e-6
1577,3,8.629508278782119e-6
1577,4,6.970035740815629e-6
1577,5,7.929725788028268e-6
1577,6,1.5213044393500936e-6
1577,7,9.214599474436518e-7
1577,8,8.323518485815581e-7
1577,9,2.536977896137479e-6
1577,10,1.0991464023931528e-5
1577,11,6.6736781192651705e-6
1577,12,6.162117896517654e-6
1578,1,1.4467226913044892e-6
1578,2,5.370071877168696e-6
1578,3,1.5140816989623977e-6
1578,4,1.2700960694674071e-6
1578,5,-7.290913767924301e-7
1578,6,4.779244226775683e-7
1578,7,3.3852887985404406e-7
1578,8,1.2517124779130114e-6
1578,9,9.02622049574872e-6
1578,10,1.4531533119777701e-05
1578,11,1.7026859743821202e-5
1578,12,1.0551432719849391e-5
1579,1,1.068485191728467e-5
1579,2,-4.2673783573008265e-6
1579,3,7.731889263632789e-7
1579,4,7.609942424978959e-6
1579,5,1.4891311990356542e-6
1579,6,-4.787212728681602e-7
1579,7,-6.870894288670934e-7
1579,8,-1.2204755196667081e-7
1579,9,2.247465885849459e-6
1579,10,1.4388391377800411e-5
1579,11,1.5787138501208125e-5
1579,12,1.010296020570137e-5
1580,1,1.1165877671196942e-5
1580,2,4.42549803442216e-6
1580,3,5.050509243899179e-6
1580,4,-7.925764083081603e-7
1580,5,2.354192497878038e-6
1580,6,5.011506799265981e-7
1580,7,1.5766997207316244e-6
1580,8,9.814828154058176e-7
1580,9,3.985697475171302e-6
1580,10,1.0941847806356649e-5
1580,11,6.21255260823485e-6
1580,12,8.048029988782206e-6
1581,1,4.736656663571101e-6
1581,2,1.043151084756504e-5
1581,3,5.744535293133164e-6
1581,4,-1.0957051108633767e-6
1581,5,-5.621141164449792e-7
1581,6,1.4120780479714554e-6
1581,7,9.985311192113554e-7
1581,8,1.6523754552124605e-6
1581,9,6.99319330091862e-7
1581,10,7.9375269194401e-6
1581,11,3.525154683667901e-6
1581,12,8.72838772152954e-6
1582,1,8.333751997095361e-6
1582,2,1.482467057408989e-5
1582,3,1.2499913846800563e-5
1582,4,-2.934667086260206e-6
1582,5,1.4310825741998818e-6
1582,6,2.1012835904838228e-6
1582,7,1.105789104096137e-6
1582,8,2.2589664020612115e-6
1582,9,6.3715010644362655e-6
1582,10,1.4740497661746364e-5
1582,11,8.752830449842751e-7
1582,12,3.201886308394048e-6
1583,1,6.664098032188429e-6
1583,2,6.701519752722836e-6
1583,3,1.4842808238973631e-8
1583,4,4.200620362585877e-6
1583,5,3.469183809406556e-6
1583,6,1.8601680409867164e-6
1583,7,5.626645569971298e-7
1583,8,8.784738232915307e-7
1583,9,1.1116940479024238e-5
1583,10,1.4242198518274278e-5
1583,11,7.831431861099858e-6
1583,12,1.0688805115839547e-5
1584,1,1.4305490886358866e-6
1584,2,-2.803402689726908e-6
1584,3,7.163159076461643e-6
1584,4,1.3308628022129822e-6
1584,5,5.547680016875194e-8
1584,6,-2.328172771480795e-6
1584,7,2.1180545985071286e-7
1584,8,9.933268577495854e-7
1584,9,5.876112512059993e-7
1584,10,1.1298952163945541e-5
1584,11,4.4717402588431985e-6
1584,12,2.633497729662151e-6
1585,1,3.5118402669840606e-6
1585,2,6.704164466241033e-6
1585,3,-5.103743468605309e-7
1585,4,5.140123110924465e-7
1585,5,2.6575524481217407e-6
1585,6,-1.5825028623632847e-6
1585,7,7.198892072434212e-7
1585,8,2.799118989672078e-7
1585,9,2.673975173408844e-6
1585,10,1.7687502524297028e-5
1585,11,1.8628064558222604e-6
1585,12,9.782940305873125e-6
1586,1,1.3880892010540127e-5
1586,2,3.3800288074878196e-6
1586,3,6.917737578145515e-6
1586,4,-1.8424119690318298e-7
1586,5,3.6714115674249537e-7
1586,6,6.445114826346816e-7
1586,7,1.7924934616496732e-7
1586,8,7.264632839765509e-7
1586,9,4.548600622581297e-6
1586,10,8.879994993410896e-6
1586,11,4.760347642818484e-6
1586,12,-3.384692240203494e-6
1587,1,1.4670835095635308e-5
1587,2,4.137429889646469e-6
1587,3,3.057871790867403e-6
1587,4,-3.0229806587009064e-7
1587,5,-9.513988142224239e-7
1587,6,1.041338197588754e-6
1587,7,9.571015779981206e-7
1587,8,1.4285564604659592e-6
1587,9,1.2582027883157755e-5
1587,10,8.84543112945444e-6
1587,11,5.892708644558101e-6
1587,12,-2.5577957660400113e-6
1588,1,8.099784057111614e-6
1588,2,1.2991223988569701e-5
1588,3,2.0382698840962685e-7
1588,4,2.6992960199322917e-6
1588,5,-3.166063153162455e-6
1588,6,-2.4781557623362645e-6
1588,7,1.9074550448243114e-7
1588,8,9.381596002268352e-7
1588,9,1.837558014258899e-6
1588,10,1.9757980773306754e-5
1588,11,7.876258581104322e-6
1588,12,8.431527455297048e-6
1589,1,1.3362011319755275e-5
1589,2,4.455438150026322e-6
1589,3,1.2627945388632406e-5
1589,4,1.0498419584156926e-5
1589,5,2.1775398992597015e-6
1589,6,-1.1888867076176553e-6
1589,7,8.304435690141527e-7
1589,8,1.2421119094228141e-6
1589,9,8.040236385193416e-6
1589,10,1.5732056725882934e-5
1589,11,5.616839795121471e-6
1589,12,1.2358775834498499e-5
1590,1,1.0008219597563518e-5
1590,2,7.605578885897406e-6
1590,3,6.149706973559132e-6
1590,4,9.229476382734436e-7
1590,5,4.844355896886785e-6
1590,6,3.649997282833018e-6
1590,7,1.606502609802029e-6
1590,8,1.199620810023308e-6
1590,9,7.370113215953669e-6
1590,10,1.5336113083228894e-5
1590,11,2.280328898003519e-6
1590,12,9.320193081899697e-6
1591,1,1.5815104651395253e-5
1591,2,1.1220889366205783e-5
1591,3,9.919297300612959e-6
1591,4,5.191018926834021e-6
1591,5,4.563146453377866e-6
1591,6,2.2652425102868716e-6
1591,7,8.526040408055018e-7
1591,8,9.809151719912838e-7
1591,9,4.819706422025593e-6
1591,10,4.658135571508672e-6
1591,11,2.8816550219073096e-6
1591,12,5.441758209080749e-6
1592,1,8.381449368979595e-6
1592,2,1.5111615552742541e-5
1592,3,4.966079630254267e-6
1592,4,3.0346547414007304e-7
1592,5,3.0962752679502368e-6
1592,6,2.410505026694563e-6
1592,7,5.432527043725636e-7
1592,8,2.4315252084141393e-6
1592,9,1.4409577257369086e-5
1592,10,1.570183977606373e-5
1592,11,6.630587687992244e-6
1592,12,1.6296398376674967e-6
1593,1,1.3109124390381805e-5
1593,2,1.1651639126838358e-5
1593,3,6.392677559782663e-6
1593,4,9.884187562889708e-7
1593,5,5.629655669719935e-8
1593,6,-1.61100057870195e-7
1593,7,3.5714168888584555e-7
1593,8,1.203000245587466e-6
1593,9,7.711573709047394e-6
1593,10,6.7520345435176095e-6
1593,11,7.643600434922371e-6
1593,12,2.1910261931346942e-6
1594,1,8.36603186006774e-6
1594,2,9.823315326354684e-6
1594,3,2.4957301321554425e-6
1594,4,-4.017048060585997e-7
1594,5,-3.640141297844842e-6
1594,6,4.746371065416895e-7
1594,7,1.7513790296968086e-7
1594,8,5.749872073246863e-7
1594,9,6.048186059912279e-6
1594,10,1.885045858566447e-5
1594,11,9.781555607972607e-6
1594,12,1.0555921599275559e-5
1595,1,1.3381493702937513e-5
1595,2,1.5806566182258935e-5
1595,3,4.109775552390598e-6
1595,4,9.106518023252021e-6
1595,5,-6.369468886224151e-7
1595,6,-1.1874286981228126e-6
1595,7,2.4048260318536026e-7
1595,8,9.017491958554241e-7
1595,9,5.704820994033011e-6
1595,10,1.8787759029801625e-5
1595,11,5.004782229564119e-6
1595,12,2.798974191429806e-6
1596,1,2.29877293576707e-6
1596,2,7.128417419913951e-6
1596,3,5.411303416028613e-6
1596,4,2.8950434144965383e-6
1596,5,4.152297922549003e-6
1596,6,-1.2278807644853971e-6
1596,7,-3.167206704325441e-7
1596,8,1.1035633004003774e-6
1596,9,3.850733334166266e-6
1596,10,9.337696055681658e-6
1596,11,4.248902731611637e-6
1596,12,4.765924339992039e-6
1597,1,8.749932357576192e-6
1597,2,1.7356432148405498e-5
1597,3,1.1409440274571458e-5
1597,4,1.1437311614205128e-5
1597,5,1.1205640380081346e-6
1597,6,-2.1097581743986143e-6
1597,7,-3.3615133393676033e-7
1597,8,7.290434507105857e-7
1597,9,1.02870013437954e-5
1597,10,3.2748927225142378e-6
1597,11,8.776017907539711e-6
1597,12,7.173767237286048e-6
1598,1,1.3870591860562585e-5
1598,2,9.117058776193798e-6
1598,3,-1.7700091138965208e-6
1598,4,7.89080094570573e-7
1598,5,7.715891732412765e-7
1598,6,9.600621234800155e-7
1598,7,2.081199362078451e-7
1598,8,2.09310800152892e-6
1598,9,7.5765378567582185e-6
1598,10,2.1817938708525243e-5
1598,11,6.995424524397223e-6
1598,12,4.293016252860305e-6
1599,1,1.4395164040632635e-5
1599,2,6.79908669629704e-6
1599,3,-2.0717385911365556e-6
1599,4,8.738645904805857e-6
1599,5,5.752794677083108e-6
1599,6,2.1546566256823824e-6
1599,7,2.1602091344037615e-6
1599,8,1.8010994382459136e-06
1599,9,4.128641087071585e-6
1599,10,1.4283105796701452e-5
1599,11,8.575698055561781e-6
1599,12,1.3101573764476284e-5
1600,1,2.0070766131267777e-5
1600,2,7.150293718449699e-6
1600,3,1.6495928478093983e-5
1600,4,5.567719370819799e-6
1600,5,4.600052803806163e-6
1600,6,4.770068573079018e-7
1600,7,9.847097402800605e-7
1600,8,1.2938984762601276e-6
1600,9,1.889554916047398e-5
1600,10,-3.7191571253877026e-7
1600,11,1.0155883091727874e-6
1600,12,7.313434560139827e-6
1601,1,6.5480396512100165e-6
1601,2,1.1708069597922066e-5
1601,3,-2.823122408035534e-6
1601,4,3.7335682386268598e-6
1601,5,7.110479290031745e-6
1601,6,1.8481927873855022e-6
1601,7,5.963794504807317e-7
1601,8,1.9213657581193817e-6
1601,9,1.2126302003170815e-5
1601,10,1.087398872730974e-5
1601,11,4.976267965446645e-6
1601,12,1.474652971371164e-5
1602,1,7.434161033235618e-6
1602,2,-8.96710360141128e-6
1602,3,2.6384005747408224e-6
1602,4,4.706860020892399e-6
1602,5,4.578199262409763e-6
1602,6,3.5668231725395037e-6
1602,7,1.387683091003847e-6
1602,8,1.4941322558602505e-6
1602,9,1.186047673922957e-5
1602,10,1.6824777821866688e-6
1602,11,6.505774864761015e-6
1602,12,1.8333520562559356e-5
1603,1,1.3955136461454808e-5
1603,2,4.131233126939743e-6
1603,3,-1.9802951175182625e-6
1603,4,-2.543592267005786e-6
1603,5,7.658777855913819e-6
1603,6,-3.64160096348777e-7
1603,7,1.0105377674007175e-6
1603,8,1.0134669572440177e-6
1603,9,6.75152968811957e-6
1603,10,1.2889289044557945e-5
1603,11,4.955897233094294e-6
1603,12,-1.011587731188241e-7
1604,1,1.5591873896183465e-6
1604,2,5.218399509317455e-6
1604,3,1.571673019166126e-7
1604,4,9.825806572786847e-6
1604,5,5.20024111204501e-6
1604,6,6.685722313753968e-6
1604,7,7.247050407267496e-7
1604,8,1.8816511354358374e-6
1604,9,1.0874187495796012e-5
1604,10,5.743513548118893e-6
1604,11,6.973309255253165e-6
1604,12,-1.5947196773999843e-6
1605,1,2.7611588161717093e-6
1605,2,-5.357901049130071e-6
1605,3,4.250302696394527e-6
1605,4,-2.6863802132670704e-7
1605,5,2.1341439987184578e-6
1605,6,1.6533687836737106e-6
1605,7,5.395362979064875e-7
1605,8,1.6008561461624526e-6
1605,9,7.50295828364254e-6
1605,10,1.439604635040729e-5
1605,11,8.753056198689019e-6
1605,12,1.2806657389204165e-5
1606,1,1.0842811793284445e-5
1606,2,9.11124560672612e-6
1606,3,6.74508822424644e-6
1606,4,3.3400577466415667e-6
1606,5,-3.3104991210506733e-6
1606,6,-1.0339780083122375e-6
1606,7,7.660098333856124e-7
1606,8,6.242648526172956e-7
1606,9,7.646530012302297e-6
1606,10,1.712716294575757e-5
1606,11,9.025962525450381e-6
1606,12,1.3611725283518613e-5
1607,1,7.876156969490456e-6
1607,2,9.899833022507353e-6
1607,3,6.887112700061943e-6
1607,4,8.40539182127136e-6
1607,5,2.721652598836965e-6
1607,6,2.68945116416217e-6
1607,7,1.5265842598244927e-6
1607,8,1.0636800005590533e-6
1607,9,-9.023890739479869e-7
1607,10,8.26679360236876e-6
1607,11,4.47168945019556e-6
1607,12,6.924117305904669e-6
1608,1,5.660091947169435e-6
1608,2,7.2557604779180894e-06
1608,3,4.5845825962346765e-6
1608,4,1.3339996413227812e-5
1608,5,7.301170384257532e-6
1608,6,-3.799830843608607e-8
1608,7,1.546325769156219e-7
1608,8,4.696617716036329e-7
1608,9,8.356626998180818e-6
1608,10,5.512531492909331e-6
1608,11,1.695615339983871e-6
1608,12,2.816873145126491e-6
1609,1,5.0141539137780804e-6
1609,2,-1.0357654218722459e-6
1609,3,2.501287613669953e-6
1609,4,3.211902511561494e-6
1609,5,1.5806057818601277e-6
1609,6,-6.098077926392754e-7
1609,7,4.48901036234817e-7
1609,8,9.899305221240471e-7
1609,9,7.834919430028589e-6
1609,10,1.7879082070817613e-5
1609,11,1.158170448348111e-5
1609,12,6.100699979507721e-6
1610,1,1.1774647496586346e-5
1610,2,5.913160766845832e-6
1610,3,3.905670750910841e-6
1610,4,8.493444376798748e-7
1610,5,3.5560326005867863e-6
1610,6,1.1889799908893164e-6
1610,7,1.2246161988833643e-6
1610,8,1.6667293883967654e-6
1610,9,1.2236828589760446e-5
1610,10,2.5983294373528034e-5
1610,11,6.937645894680933e-6
1610,12,3.18610480214843e-6
1611,1,8.157507306369657e-6
1611,2,8.842692923247016e-6
1611,3,3.4512954633948e-6
1611,4,9.5856001951981e-6
1611,5,3.581320137638359e-6
1611,6,4.447231327469365e-7
1611,7,4.342029427531369e-7
1611,8,1.553545885621103e-6
1611,9,3.6596967863255934e-6
1611,10,6.494916864018798e-6
1611,11,5.228546983493907e-6
1611,12,-4.397448957265044e-6
1612,1,1.102071788792698e-5
1612,2,5.28326716050913e-6
1612,3,7.455951292020554e-6
1612,4,4.580859712096067e-6
1612,5,6.769038608021698e-6
1612,6,-2.6327225369601287e-7
1612,7,3.81096188953354e-7
1612,8,1.888563888324495e-6
1612,9,7.485045932149801e-6
1612,10,8.654298711920605e-6
1612,11,1.2541191882944959e-5
1612,12,1.1608203131410806e-5
1613,1,-1.0815407309529045e-5
1613,2,8.332042757645995e-7
1613,3,-1.1778242692281799e-7
1613,4,7.106640927377739e-6
1613,5,4.9093147183882045e-6
1613,6,-2.475239662968087e-6
1613,7,-7.482421038565197e-8
1613,8,9.228554778049255e-7
1613,9,5.867345388238573e-6
1613,10,7.051300847843349e-6
1613,11,1.068244466610179e-5
1613,12,-1.8064113845623208e-6
1614,1,1.3539056555912707e-5
1614,2,8.530704557386023e-6
1614,3,1.2994383903148144e-5
1614,4,7.89600681212153e-6
1614,5,5.891870578399245e-6
1614,6,1.8285078680132956e-6
1614,7,8.938931249322779e-7
1614,8,1.1117706531482838e-6
1614,9,8.91149777677075e-6
1614,10,8.373627212336972e-6
1614,11,8.83820770729015e-6
1614,12,6.168799057834468e-6
1615,1,1.193750307513239e-5
1615,2,1.5510306790394442e-5
1615,3,7.378330003125642e-6
1615,4,4.558111297655512e-6
1615,5,2.05062555699815e-6
1615,6,4.1115396384506244e-6
1615,7,1.0874546020469797e-6
1615,8,1.5417701056023697e-6
1615,9,6.6362814282368815e-6
1615,10,1.1844573270525553e-5
1615,11,-1.119972413330961e-6
1615,12,7.449440210327625e-6
1616,1,1.1857371881855153e-5
1616,2,6.683121231818091e-6
1616,3,4.215524611788389e-6
1616,4,5.2407427233195725e-6
1616,5,3.2479753873591545e-6
1616,6,3.6669824268048933e-6
1616,7,1.345632995240486e-6
1616,8,1.8626620105285564e-6
1616,9,2.0009087004792596e-5
1616,10,1.542582537411735e-5
1616,11,7.51553715258069e-6
1616,12,2.251021385222454e-6
1617,1,-1.3797266433608924e-6
1617,2,1.0474419985705813e-5
1617,3,-5.59411331129565e-7
1617,4,6.650388726459279e-6
1617,5,4.442998872146674e-6
1617,6,-2.6255136070043364e-6
1617,7,-4.85306410084332e-8
1617,8,1.8904916507690114e-6
1617,9,1.1398327935906522e-5
1617,10,1.106104677658622e-5
1617,11,6.00583557364656e-6
1617,12,9.170776664121449e-6
1618,1,9.565286202815486e-6
1618,2,2.566876871125496e-6
1618,3,-4.373290046862443e-7
1618,4,8.509581646937169e-6
1618,5,4.257827008431173e-7
1618,6,-3.2057095813863017e-06
1618,7,-1.9369127106087492e-7
1618,8,1.176788101843886e-6
1618,9,1.266639761888277e-6
1618,10,1.213327039632293e-5
1618,11,1.2666505734427342e-5
1618,12,3.99716896774959e-6
1619,1,7.081710710148851e-6
1619,2,2.18653234885601e-6
1619,3,8.3632513335612e-6
1619,4,4.2050720074918445e-6
1619,5,-2.036862536472043e-6
1619,6,-2.3614880307305144e-6
1619,7,7.894665579404624e-9
1619,8,1.331135987664777e-6
1619,9,1.0707817664152824e-5
1619,10,1.4308698248517581e-5
1619,11,1.5027222452096298e-5
1619,12,5.130282813081387e-6
1620,1,3.579197737450725e-6
1620,2,2.5738650207327197e-6
1620,3,2.6435818221196005e-6
1620,4,6.481918730517864e-6
1620,5,8.824538064358183e-7
1620,6,3.3788159100568885e-6
1620,7,3.992674734367092e-7
1620,8,2.0426858741243632e-6
1620,9,8.378841174860854e-6
1620,10,5.580127078001785e-6
1620,11,1.1225345913098875e-6
1620,12,6.326638672879955e-7
1621,1,8.99660986207865e-6
1621,2,6.092129770373534e-6
1621,3,4.252426111340961e-6
1621,4,6.730565927084091e-6
1621,5,3.411744715670483e-6
1621,6,-2.2063968179189125e-6
1621,7,-6.539915872258036e-7
1621,8,1.3120067299887797e-6
1621,9,5.215010401880236e-6
1621,10,4.823895472343761e-6
1621,11,7.327431987366762e-6
1621,12,8.66655045706124e-6
1622,1,9.244466245555444e-6
1622,2,7.90304792282888e-6
1622,3,6.534624647758125e-6
1622,4,6.801707012913919e-6
1622,5,-1.4900674020537424e-6
1622,6,-6.178795998405493e-7
1622,7,5.05328915363616e-7
1622,8,2.1342536170554652e-6
1622,9,7.891099644292105e-6
1622,10,3.6954569282625595e-6
1622,11,1.0634220633169088e-5
1622,12,1.4339723163549463e-6
1623,1,5.809029178655341e-6
1623,2,2.651403595885663e-6
1623,3,6.168296834643349e-6
1623,4,-1.0611330323278152e-6
1623,5,6.468912152779676e-6
1623,6,2.6545873564576306e-6
1623,7,1.609785666949439e-6
1623,8,1.635317525750333e-6
1623,9,8.730980794609011e-6
1623,10,7.256673757243223e-6
1623,11,4.2581282415837906e-6
1623,12,5.8288797726487435e-6
1624,1,2.6876024069189775e-5
1624,2,7.42492879425059e-6
1624,3,1.7701611919629557e-6
1624,4,2.3602727630445917e-6
1624,5,4.892317490243834e-6
1624,6,6.517550699470684e-7
1624,7,1.0614980754135747e-6
1624,8,8.211831525314623e-7
1624,9,8.584195631244183e-6
1624,10,1.2062761375366438e-5
1624,11,8.330192335568343e-6
1624,12,5.461819207110209e-6
1625,1,-4.847353394525466e-7
1625,2,6.37846762615127e-6
1625,3,4.029315740968181e-6
1625,4,-2.9424439340058525e-6
1625,5,-2.1750585270483424e-6
1625,6,-6.643405647599067e-7
1625,7,-6.432429461548852e-8
1625,8,6.951526232574348e-7
1625,9,6.817419798985768e-6
1625,10,1.660564067400272e-5
1625,11,8.232306709397656e-6
1625,12,1.4223554904938042e-5
1626,1,5.13440080129313e-6
1626,2,1.1172440528004508e-5
1626,3,6.079035400529814e-6
1626,4,5.1054830243316845e-6
1626,5,-8.89522114608729e-7
1626,6,-1.9676769341665794e-6
1626,7,1.2018601404907249e-6
1626,8,2.2535357162419872e-6
1626,9,6.835277430069326e-6
1626,10,1.843684823796304e-5
1626,11,1.5495677036024723e-5
1626,12,8.399852266042359e-6
1627,1,1.9981480256865337e-5
1627,2,9.681857847930635e-6
1627,3,1.0835251537672392e-5
1627,4,-2.9164898714040323e-6
1627,5,-1.1200349380641492e-6
1627,6,-2.1760601724798224e-7
1627,7,2.2005762619821163e-7
1627,8,8.063765005837268e-7
1627,9,1.0492074143212808e-5
1627,10,6.248693172757656e-6
1627,11,4.1245389437285944e-6
1627,12,1.0375177741260452e-5
1628,1,3.4720189237032564e-6
1628,2,-2.2072452457433056e-6
1628,3,4.511401900426136e-7
1628,4,-1.5006917772324373e-6
1628,5,2.3995187987693747e-6
1628,6,6.473619237788253e-7
1628,7,-1.6415510156210483e-7
1628,8,1.2060755530712256e-06
1628,9,5.790725376915171e-6
1628,10,1.1503506278939431e-5
1628,11,9.224843061354502e-6
1628,12,-8.889560796054752e-7
1629,1,1.1241473287931713e-5
1629,2,7.928515200857304e-6
1629,3,9.518394931662166e-6
1629,4,1.0471546850175608e-5
1629,5,6.822397995597106e-6
1629,6,1.6247679326176967e-6
1629,7,1.1504057539840973e-6
1629,8,9.985910509107501e-7
1629,9,1.4356752661363572e-5
1629,10,1.5809917436409473e-5
1629,11,9.86761720330609e-6
1629,12,1.1932902899957647e-5
1630,1,4.7402589946153975e-7
1630,2,4.517962356589399e-6
1630,3,2.867693038607302e-6
1630,4,1.964407224632494e-6
1630,5,1.2799687453064333e-6
1630,6,2.9808538403767113e-7
1630,7,5.420853330398563e-7
1630,8,1.4162536538863846e-6
1630,9,5.193159498685981e-6
1630,10,2.390212192091589e-5
1630,11,1.3702411208846286e-5
1630,12,5.7565551853690044e-6
1631,1,8.48201693618043e-6
1631,2,7.402142809884277e-6
1631,3,2.214169494275609e-6
1631,4,3.3176413306394243e-6
1631,5,4.829748992834658e-6
1631,6,2.613346993541494e-6
1631,7,2.0867546988638693e-6
1631,8,9.255503392931393e-7
1631,9,4.9975753775418065e-6
1631,10,2.255186788770367e-5
1631,11,6.395512712210762e-6
1631,12,9.965495762572766e-6
1632,1,6.710358436640264e-6
1632,2,2.0550633332912496e-6
1632,3,2.949194812223393e-6
1632,4,4.560813519960678e-6
1632,5,2.0202192891590285e-6
1632,6,1.1353430225013643e-6
1632,7,3.530207289354335e-7
1632,8,3.067064234298721e-7
1632,9,6.710252431955371e-6
1632,10,1.8743686888732728e-5
1632,11,1.2524306177593213e-5
1632,12,5.2321528335471544e-6
1633,1,3.5015759853170017e-6
1633,2,1.0383527931372238e-5
1633,3,1.0064336389579065e-5
1633,4,1.2481308559350608e-6
1633,5,1.02092041369623e-5
1633,6,6.1385621100743e-6
1633,7,1.4479025309020408e-6
1633,8,1.1621608451260553e-6
1633,9,6.211853212212961e-6
1633,10,3.971132263885833e-6
1633,11,3.229515493172776e-6
1633,12,1.8834996661345458e-6
1634,1,1.7165091826966952e-6
1634,2,7.996448459561476e-6
1634,3,2.018156438312307e-6
1634,4,5.731144531287172e-6
1634,5,-6.567405936803711e-7
1634,6,2.877638521350778e-6
1634,7,5.78189922580148e-7
1634,8,1.8743930447155635e-06
1634,9,9.874235885534234e-6
1634,10,1.0709367090256759e-5
1634,11,-2.333203400032884e-6
1634,12,7.2026114893823066e-6
1635,1,1.2174777445168937e-5
1635,2,3.5637092359731867e-6
1635,3,6.125220991621576e-6
1635,4,5.157096395100344e-6
1635,5,6.607056650721325e-6
1635,6,1.3807056361750602e-6
1635,7,3.814928154029036e-7
1635,8,1.1849764037737215e-6
1635,9,2.8282182232765952e-6
1635,10,4.7140185773788686e-6
1635,11,3.957051577043047e-6
1635,12,1.3816784631337589e-5
1636,1,1.6723745497858086e-5
1636,2,1.1616686732879832e-5
1636,3,4.151622134743796e-6
1636,4,9.687727287850042e-6
1636,5,6.8278354145785294e-6
1636,6,1.5730258597611107e-6
1636,7,6.458546501388825e-7
1636,8,8.418532123418651e-7
1636,9,4.731532140749147e-6
1636,10,7.751985653750154e-6
1636,11,8.891379222241435e-6
1636,12,2.505575719886021e-6
1637,1,1.282813394103713e-5
1637,2,3.919308987619372e-6
1637,3,9.146734930274642e-6
1637,4,6.0725872716488105e-6
1637,5,5.169040278036551e-6
1637,6,1.4705187264829933e-6
1637,7,4.3739742879906094e-7
1637,8,9.46483028980662e-7
1637,9,5.585270960943895e-6
1637,10,8.986606564010362e-6
1637,11,9.990299855830857e-6
1637,12,9.833933538286657e-6
1638,1,1.653353881503538e-5
1638,2,2.3458046634036135e-6
1638,3,6.417429280738879e-6
1638,4,5.915001474272899e-6
1638,5,3.939774323247422e-6
1638,6,-1.3707475496617469e-6
1638,7,1.082455994690124e-6
1638,8,9.80833924391947e-7
1638,9,2.9865345198874352e-6
1638,10,1.1891862204329253e-5
1638,11,9.444027382263176e-6
1638,12,5.164589138774117e-6
1639,1,3.473542832997283e-6
1639,2,3.56736875994599e-6
1639,3,8.873734359201441e-7
1639,4,1.180670028684824e-6
1639,5,-6.144019222282411e-7
1639,6,-3.0217703506792745e-6
1639,7,-5.992707699313556e-7
1639,8,1.211785736677988e-6
1639,9,6.635988888190308e-6
1639,10,1.15090536482453e-5
1639,11,7.619947798974104e-6
1639,12,1.1259500329961826e-5
1640,1,1.1121161787918053e-5
1640,2,1.9067466459777594e-6
1640,3,7.817945543670694e-6
1640,4,-3.369229930818193e-6
1640,5,3.159764662801196e-6
1640,6,-7.483963258793446e-7
1640,7,-2.315205040627651e-7
1640,8,6.923379945426198e-7
1640,9,4.406048838917864e-6
1640,10,1.9576401091954473e-5
1640,11,8.03567684619854e-6
1640,12,8.927220457476216e-6
1641,1,1.894133370580395e-5
1641,2,4.24801350314651e-6
1641,3,4.94539431215215e-6
1641,4,-3.3567416267444462e-6
1641,5,2.5649064715563813e-6
1641,6,2.755538715736828e-6
1641,7,4.797407330183163e-7
1641,8,1.5660546647099792e-6
1641,9,9.461475048190868e-6
1641,10,1.1485038596360052e-5
1641,11,6.121117573525336e-6
1641,12,1.5111666172550325e-5
1642,1,5.756355738426283e-6
1642,2,9.041243639129715e-6
1642,3,2.314572838369689e-6
1642,4,-6.044533871350378e-7
1642,5,6.510626641930966e-6
1642,6,1.4456755967871352e-6
1642,7,4.844192504857466e-7
1642,8,1.5721864119407966e-6
1642,9,1.0487369891493696e-5
1642,10,7.6772564968435e-6
1642,11,1.1932495676849513e-5
1642,12,4.592556093006932e-6
1643,1,8.99142523917145e-6
1643,2,1.3599682190839801e-5
1643,3,6.219215225497873e-6
1643,4,4.8701849071784774e-6
1643,5,1.109972499626901e-6
1643,6,2.124558941858831e-6
1643,7,1.3824136092815328e-6
1643,8,1.2451731330789555e-6
1643,9,7.789139726653782e-6
1643,10,7.106513495781573e-6
1643,11,6.524712743934785e-6
1643,12,6.7961533754748935e-6
1644,1,1.2829103385586186e-5
1644,2,8.429507109735543e-6
1644,3,7.955055396083241e-6
1644,4,2.2786213075980133e-6
1644,5,6.99364420120671e-6
1644,6,2.130214428332073e-6
1644,7,9.897179388934394e-7
1644,8,1.71040170351225e-6
1644,9,1.2494993029574485e-5
1644,10,1.541013001222544e-5
1644,11,1.0821215698539376e-5
1644,12,1.0833973021935874e-5
1645,1,1.92069007244508e-5
1645,2,1.8506980361717535e-6
1645,3,4.711073681186579e-6
1645,4,3.639019659668839e-6
1645,5,5.2060867932116785e-6
1645,6,1.5889778024495798e-6
1645,7,8.265032914766946e-7
1645,8,2.7512994336664686e-6
1645,9,1.1419103717154062e-5
1645,10,1.5387688023141383e-5
1645,11,1.078685872856371e-5
1645,12,5.9177316552430945e-6
1646,1,1.1735351271525016e-5
1646,2,8.127549270771216e-6
1646,3,1.1457156909107956e-5
1646,4,2.833602798305995e-6
1646,5,2.51201318739787e-6
1646,6,3.3703725706938447e-6
1646,7,1.4950060866582606e-6
1646,8,2.6135986647137973e-6
1646,9,1.0973347252909348e-5
1646,10,1.558286475131286e-5
1646,11,2.357489499731892e-6
1646,12,2.0154314653234556e-7
1647,1,2.236319072997012e-6
1647,2,4.05160485135684e-6
1647,3,3.158440525735221e-6
1647,4,-1.3845292307339077e-6
1647,5,7.599256675600986e-6
1647,6,2.51994899857541e-6
1647,7,6.044802493473747e-7
1647,8,2.2322276612319746e-6
1647,9,5.6812413141634965e-6
1647,10,1.5422817276208327e-5
1647,11,9.838354779288155e-6
1647,12,9.83298690052875e-6
1648,1,8.600650476608967e-6
1648,2,8.031271399944234e-6
1648,3,1.102967466528756e-6
1648,4,1.5495803062311827e-6
1648,5,5.408734252990438e-6
1648,6,-1.2112005294972929e-6
1648,7,-5.02167858734636e-7
1648,8,4.94740486404133e-7
1648,9,5.654977523443417e-6
1648,10,1.2371993648162415e-5
1648,11,7.284982226878518e-6
1648,12,1.6953253569876337e-5
1649,1,1.4342495439981683e-5
1649,2,1.4449427319025657e-5
1649,3,9.234531765494738e-6
1649,4,5.643166737164846e-6
1649,5,2.2780869790597164e-6
1649,6,2.6976354322159964e-6
1649,7,2.858791245781302e-7
1649,8,1.0178404189748357e-6
1649,9,5.949268871121356e-6
1649,10,9.045462380843597e-6
1649,11,7.149540454535192e-6
1649,12,4.616943104849966e-6
1650,1,2.249560799271255e-6
1650,2,3.1689340044473547e-7
1650,3,6.913243428200963e-6
1650,4,1.0494061097585773e-5
1650,5,7.836894034120886e-6
1650,6,4.1856993477952605e-6
1650,7,8.46228658526254e-7
1650,8,9.133417109383038e-7
1650,9,-5.97333512907194e-7
1650,10,1.0512257797700188e-5
1650,11,1.0892094468794583e-5
1650,12,3.8084167205453434e-6
1651,1,1.086119001683007e-5
1651,2,2.7882616787541746e-6
1651,3,6.753606535328025e-6
1651,4,6.135927482776139e-6
1651,5,9.315204458531286e-8
1651,6,1.967030382002518e-6
1651,7,2.1220180431314862e-7
1651,8,2.003101178401675e-6
1651,9,5.955478527285357e-6
1651,10,1.8500542072647263e-5
1651,11,1.2235886595929943e-5
1651,12,5.78162180821392e-6
1652,1,1.5380675196390174e-5
1652,2,5.542074956975473e-6
1652,3,9.778730877695385e-6
1652,4,3.917731420330272e-7
1652,5,2.1952055731187887e-6
1652,6,7.866388189920354e-7
1652,7,9.268522220635686e-7
1652,8,1.5957633938645802e-6
1652,9,7.275336533900025e-6
1652,10,1.6388633235102364e-5
1652,11,-1.3817556730850051e-6
1652,12,-3.8024415008456574e-6
1653,1,1.532602105757056e-5
1653,2,9.919775904423875e-7
1653,3,6.589820925845291e-6
1653,4,3.084727592744136e-6
1653,5,4.389711261811732e-6
1653,6,1.3200591204582146e-6
1653,7,1.1370388332558288e-06
1653,8,8.044856532492098e-7
1653,9,6.92406412669712e-6
1653,10,1.6660246626873993e-5
1653,11,7.231111046157567e-6
1653,12,1.22677273442161e-5
1654,1,6.038581734424099e-6
1654,2,7.157543922288205e-6
1654,3,7.287480919150608e-6
1654,4,7.139888378688151e-6
1654,5,3.5593388092671953e-6
1654,6,1.8805770713434314e-6
1654,7,2.3149596562735675e-7
1654,8,1.7034073104309184e-6
1654,9,5.1622519358954616e-6
1654,10,1.1079438322661157e-5
1654,11,4.759566171470473e-6
1654,12,3.7773935579645917e-6
1655,1,4.251692363336221e-6
1655,2,7.475985522493817e-6
1655,3,2.0787219311114324e-6
1655,4,8.137856731792189e-6
1655,5,2.747720337325719e-6
1655,6,1.5819448364245254e-6
1655,7,5.398192994333859e-7
1655,8,1.3669333756992058e-6
1655,9,9.027767692779423e-6
1655,10,3.731793735901069e-7
1655,11,3.707239709723161e-6
1655,12,5.199615196257597e-6
1656,1,6.764980295218622e-6
1656,2,3.4338188490845173e-7
1656,3,1.6917493406559737e-6
1656,4,3.211077908693557e-6
1656,5,3.4187454115734054e-6
1656,6,-3.549365059301117e-7
1656,7,1.0124695725561927e-6
1656,8,1.367232780060276e-6
1656,9,1.1394537488867138e-5
1656,10,8.322050848721774e-6
1656,11,7.5670759408648955e-6
1656,12,5.057975452769718e-6
1657,1,8.176098410328568e-6
1657,2,3.94164378387586e-6
1657,3,5.5139822131592335e-6
1657,4,7.0172029080701634e-6
1657,5,-4.620784605725802e-7
1657,6,7.443381073513447e-7
1657,7,1.2533150213666198e-7
1657,8,4.831446036312969e-8
1657,9,5.577127948521845e-6
1657,10,2.5562560320459525e-7
1657,11,8.4130245517386e-6
1657,12,1.2462716692080326e-6
1658,1,1.6310933506801012e-5
1658,2,7.68612515154884e-6
1658,3,7.842898795579746e-6
1658,4,6.258572600409645e-6
1658,5,1.9199122418555633e-6
1658,6,-5.649806892018787e-7
1658,7,9.416563041822915e-7
1658,8,7.711360225630013e-7
1658,9,3.0577350077010138e-6
1658,10,1.119483032127619e-5
1658,11,1.0204101905033507e-5
1658,12,2.0096672317661725e-6
1659,1,1.3413902388437023e-6
1659,2,1.0688105432231867e-5
1659,3,1.1410605183433988e-5
1659,4,9.072409718631547e-6
1659,5,-1.1092844410193118e-6
1659,6,2.2789193419637385e-6
1659,7,3.522054708699938e-7
1659,8,1.3029771600935127e-6
1659,9,4.799774230523425e-6
1659,10,8.25779848544748e-6
1659,11,-1.6762363075277856e-6
1659,12,1.161249204977744e-5
1660,1,1.0939881381321395e-5
1660,2,7.54016201311369e-6
1660,3,-1.0897043948306316e-6
1660,4,5.356760180486304e-6
1660,5,-3.165183612393838e-7
1660,6,-6.120855499645205e-7
1660,7,3.717093176238852e-7
1660,8,8.514042490473813e-7
1660,9,8.831036402729766e-6
1660,10,1.5306830592182203e-6
1660,11,6.9824357929988e-6
1660,12,9.059726664275233e-6
1661,1,2.423146003611684e-6
1661,2,8.35646786132759e-6
1661,3,-5.511583450020134e-7
1661,4,8.74596755803915e-6
1661,5,-2.5070705765477547e-6
1661,6,-7.05242120050709e-7
1661,7,1.0605994745183588e-6
1661,8,1.3489855683951215e-6
1661,9,4.08782035292386e-8
1661,10,7.053303058107157e-6
1661,11,-3.932613123331805e-7
1661,12,1.3642696925730948e-6
1662,1,4.650925433424438e-6
1662,2,1.2531538011095753e-5
1662,3,3.859256625674644e-6
1662,4,5.988924672575055e-6
1662,5,9.626694314543436e-6
1662,6,1.9476211526101927e-6
1662,7,4.2673777053037887e-7
1662,8,1.5913339310612287e-6
1662,9,6.051086698970899e-6
1662,10,-1.8927903871770922e-6
1662,11,6.298690676292319e-6
1662,12,3.863572102080215e-6
1663,1,8.626760288377677e-6
1663,2,-2.6489828365175146e-6
1663,3,6.347295983272258e-6
1663,4,6.679326619895328e-6
1663,5,3.0295210591365856e-6
1663,6,-1.8985671271142463e-6
1663,7,-1.0364769491817101e-7
1663,8,1.8295100024003303e-6
1663,9,4.331694626279364e-6
1663,10,2.2127791429083532e-6
1663,11,3.716373802161159e-6
1663,12,4.296385097498428e-6
1664,1,1.0780256317576706e-5
1664,2,5.8696352986230576e-6
1664,3,-2.843168510861133e-6
1664,4,4.488633756953017e-6
1664,5,6.230368095448981e-6
1664,6,-1.043920479724854e-6
1664,7,6.386464425133242e-7
1664,8,2.7440659456215863e-7
1664,9,4.678500383063335e-6
1664,10,9.53323952291834e-6
1664,11,1.0024790874062936e-5
1664,12,1.4423882047103326e-5
1665,1,1.1091621126330534e-5
1665,2,1.9903540446472062e-5
1665,3,1.0984823240332346e-5
1665,4,7.569176660370172e-6
1665,5,1.958797322612121e-6
1665,6,1.6841508157140423e-6
1665,7,4.294640124064575e-7
1665,8,1.0238876165466046e-6
1665,9,7.89952848319855e-6
1665,10,1.0575260737859993e-5
1665,11,5.62962283504525e-6
1665,12,8.66112975368354e-6
1666,1,2.149838773400456e-5
1666,2,9.98993190970321e-6
1666,3,9.079393867936098e-6
1666,4,1.0793616766753382e-5
1666,5,5.563617258355944e-6
1666,6,1.248582277622356e-6
1666,7,2.1029031763396148e-6
1666,8,2.1791540145515778e-6
1666,9,4.477303801758426e-6
1666,10,1.3298200818160455e-5
1666,11,1.5091799751250994e-5
1666,12,9.527787216321068e-6
1667,1,1.3102707194178256e-5
1667,2,2.6131305769464644e-6
1667,3,4.1929379552730435e-6
1667,4,-3.0061591375892326e-7
1667,5,-7.009920141769039e-7
1667,6,1.1239538453529564e-6
1667,7,5.102220001314849e-7
1667,8,1.5266410980220668e-6
1667,9,1.075197599527506e-5
1667,10,5.0442511851513415e-6
1667,11,1.1600785177178033e-5
1667,12,1.2569633963001308e-5
1668,1,6.95068374320768e-6
1668,2,-9.780169891152006e-7
1668,3,8.161423018906242e-6
1668,4,-9.957050840990777e-7
1668,5,-3.0312492024178814e-6
1668,6,1.0920441024057457e-6
1668,7,1.3275991811057136e-6
1668,8,9.001202808315375e-7
1668,9,4.0187652297456983e-7
1668,10,1.6927697992988175e-5
1668,11,1.4931442673091623e-6
1668,12,-5.783993698422352e-6
1669,1,1.0177419816299292e-5
1669,2,1.0057768324245987e-5
1669,3,3.80188525602135e-6
1669,4,2.0338965611902036e-5
1669,5,4.097309995780136e-6
1669,6,1.5783493921293483e-6
1669,7,7.232285358757967e-7
1669,8,3.0782234923006083e-6
1669,9,7.483551059968674e-6
1669,10,1.1830576533395083e-5
1669,11,8.451740781937156e-6
1669,12,2.635369830737728e-6
1670,1,5.804316696045142e-6
1670,2,1.5894951338127315e-5
1670,3,3.12066125131297e-6
1670,4,6.857141867282054e-6
1670,5,5.137172585733229e-6
1670,6,5.477292395697041e-7
1670,7,8.185160392853803e-7
1670,8,1.5686157549215605e-6
1670,9,5.7122183288176025e-6
1670,10,3.4232036004608944e-6
1670,11,5.924389095012503e-6
1670,12,4.050972694420678e-6
1671,1,3.1009386291861144e-7
1671,2,-8.409235546297416e-6
1671,3,7.677618726331174e-7
1671,4,8.00237704881234e-6
1671,5,7.462425445959294e-6
1671,6,-1.301412096789868e-6
1671,7,8.858820288970567e-7
1671,8,-1.8673535551591602e-7
1671,9,1.8699491034562465e-6
1671,10,1.0404394309105924e-5
1671,11,1.0297860335365745e-6
1671,12,3.4728179643295597e-6
1672,1,1.5506165539039904e-5
1672,2,1.7174495438342013e-5
1672,3,5.472406965914786e-6
1672,4,4.8637593853416985e-6
1672,5,6.0255032025555085e-6
1672,6,4.562362618363589e-7
1672,7,4.158244327472213e-7
1672,8,4.322393659099675e-7
1672,9,1.0100983125904482e-5
1672,10,1.2692402163421556e-5
1672,11,8.838656527725675e-6
1672,12,5.195060941917877e-6
1673,1,9.402035511101596e-6
1673,2,8.706776087568957e-6
1673,3,1.0041975065497366e-5
1673,4,2.3751884423521806e-6
1673,5,2.4418527713296578e-6
1673,6,-1.1932202770747664e-6
1673,7,1.6980031313336933e-8
1673,8,8.780288080206698e-7
1673,9,2.3649082583758994e-6
1673,10,1.205164498479893e-6
1673,11,-1.172374478297478e-6
1673,12,1.1828015166886398e-6
1674,1,1.8519080440380096e-05
1674,2,1.3852953589455411e-5
1674,3,5.634783931909373e-6
1674,4,4.721669865339269e-6
1674,5,3.958744346308975e-6
1674,6,2.3466725312845932e-6
1674,7,8.276352160939374e-7
1674,8,5.564093956659538e-7
1674,9,6.979684036122101e-6
1674,10,7.536306933284938e-6
1674,11,2.973781049591358e-6
1674,12,1.9199515752494423e-6
1675,1,1.2236528239647451e-5
1675,2,3.184626009309425e-6
1675,3,7.2310254685550865e-6
1675,4,1.7525501321347703e-6
1675,5,2.4474428459577105e-6
1675,6,7.670248500985851e-7
1675,7,-2.884304552865633e-7
1675,8,1.990917869774293e-6
1675,9,1.4149953935509768e-5
1675,10,9.26249604665279e-6
1675,11,3.445516895338771e-6
1675,12,5.511988642212858e-6
1676,1,4.211100304159516e-6
1676,2,-1.3996075871008126e-6
1676,3,-4.6456545752700285e-7
1676,4,1.228711099803278e-5
1676,5,3.983944514298658e-6
1676,6,8.944203674722914e-7
1676,7,6.051987674315883e-7
1676,8,2.4543093243546712e-6
1676,9,9.874965145998563e-6
1676,10,8.325358824392051e-6
1676,11,1.1475509111401994e-5
1676,12,2.798459865208667e-6
1677,1,4.157342385584222e-6
1677,2,1.2070263143628974e-5
1677,3,4.923394583281659e-6
1677,4,-4.16886699892966e-7
1677,5,2.7824938833986615e-6
1677,6,-1.3125441040466406e-6
1677,7,2.7567517210301774e-7
1677,8,1.5318860182872263e-6
1677,9,6.249061769718888e-6
1677,10,1.1307123107936082e-5
1677,11,8.749626028643067e-6
1677,12,5.670830103481335e-6
1678,1,9.467857537551196e-8
1678,2,6.629218406954679e-6
1678,3,1.0670734552210832e-5
1678,4,2.3217572856306833e-6
1678,5,3.6831753725633707e-6
1678,6,1.1767555944621632e-6
1678,7,5.638368632494662e-7
1678,8,1.816613036981542e-6
1678,9,7.458100623462357e-6
1678,10,1.9020572678130046e-5
1678,11,5.828725243802339e-6
1678,12,-6.15215614628308e-7
1679,1,1.5031577643176356e-5
1679,2,1.5246062687894466e-5
1679,3,1.2357178101353788e-5
1679,4,3.899256783604562e-6
1679,5,-7.919393183677837e-7
1679,6,-2.116303926834521e-6
1679,7,4.9336335572506e-7
1679,8,1.1543721705502072e-6
1679,9,1.416973466505439e-5
1679,10,1.0368010021720653e-5
1679,11,-7.320416625772987e-7
1679,12,5.115471841115364e-6
1680,1,1.595723767805491e-6
1680,2,6.5932867527911324e-6
1680,3,9.431579299602356e-6
1680,4,2.557932066856212e-6
1680,5,-6.721935661314986e-7
1680,6,-7.370092440235092e-7
1680,7,7.556265504871357e-7
1680,8,2.026978521518266e-6
1680,9,4.3209197417987274e-6
1680,10,3.0333892748484482e-6
1680,11,1.584757467689648e-6
1680,12,-2.39667704187378e-6
1681,1,1.053011381715132e-5
1681,2,9.216357437442279e-6
1681,3,7.126842926994609e-6
1681,4,6.478639253283471e-6
1681,5,4.738674238281616e-6
1681,6,1.0524894325868226e-6
1681,7,1.2520848829260627e-6
1681,8,1.7663242071360921e-6
1681,9,8.309763430644474e-6
1681,10,2.25690855135939e-5
1681,11,4.891000887546701e-6
1681,12,1.201788143676016e-5
1682,1,-8.490882546976466e-7
1682,2,-5.916186185709754e-7
1682,3,2.4191460525396147e-6
1682,4,3.107297532278261e-6
1682,5,4.817949799379928e-6
1682,6,1.537111852801038e-6
1682,7,-1.4977330619584595e-7
1682,8,8.439368460177026e-7
1682,9,6.22094184580734e-6
1682,10,6.944517600848326e-6
1682,11,2.018115630385328e-6
1682,12,-4.345546628653621e-6
1683,1,-7.564216213155519e-7
1683,2,6.5976458885180265e-6
1683,3,2.0806706569531036e-6
1683,4,4.673447014235841e-6
1683,5,6.434217906737723e-6
1683,6,3.4655804566463375e-6
1683,7,3.487229239804282e-7
1683,8,1.0127188023400281e-6
1683,9,4.629300188436524e-6
1683,10,9.434659731766418e-6
1683,11,5.374248918365828e-6
1683,12,7.773109603051192e-6
1684,1,1.7210632716896982e-5
1684,2,2.072272120229724e-5
1684,3,7.912191434225407e-6
1684,4,8.31974391376483e-6
1684,5,7.84957024377951e-7
1684,6,1.3862752435077728e-6
1684,7,1.6492374094853339e-6
1684,8,3.503776578930912e-6
1684,9,1.4225990844378446e-5
1684,10,9.024502689526846e-6
1684,11,1.640611043692275e-5
1684,12,8.79581640776674e-6
1685,1,2.1209553021062917e-5
1685,2,9.079900716472792e-6
1685,3,3.889981346202115e-6
1685,4,7.065653565343295e-6
1685,5,6.137749676848964e-6
1685,6,-1.4178031982241945e-6
1685,7,3.8995822927073927e-7
1685,8,1.2721176423006195e-6
1685,9,5.9524460445618e-6
1685,10,1.2542526769121256e-5
1685,11,4.234245919939015e-6
1685,12,8.903192833746776e-6
1686,1,3.9746502336643724e-6
1686,2,1.8820768260745744e-5
1686,3,1.7477520246565853e-7
1686,4,3.656776895876641e-6
1686,5,6.791330930535828e-6
1686,6,-1.3167561560010942e-6
1686,7,1.0507945259833389e-6
1686,8,8.587802936983934e-7
1686,9,1.0562622713503698e-7
1686,10,1.6440318714480546e-5
1686,11,1.103597909531458e-5
1686,12,5.419401234622618e-6
1687,1,1.762608228250474e-5
1687,2,1.4706230788191735e-5
1687,3,4.5205420061587495e-6
1687,4,6.584076878934146e-6
1687,5,-2.5067329208680098e-6
1687,6,1.5176106516622185e-6
1687,7,4.34028309758625e-7
1687,8,2.246896481462473e-6
1687,9,1.012156697780705e-5
1687,10,1.654610989098164e-5
1687,11,1.1123584749643636e-5
1687,12,8.344619198914749e-6
1688,1,1.4419333429188072e-5
1688,2,6.251498842620074e-6
1688,3,2.5498520055477358e-6
1688,4,9.086403415997043e-6
1688,5,4.428590132005063e-6
1688,6,-8.036921896905324e-7
1688,7,6.206825711100472e-7
1688,8,1.9150691554882015e-6
1688,9,7.070946885246257e-6
1688,10,9.434198043488367e-6
1688,11,8.702261311481533e-6
1688,12,2.0115340343292474e-6
1689,1,1.5145947954262767e-5
1689,2,7.049249350050417e-7
1689,3,6.160812601417291e-6
1689,4,5.604239372300672e-6
1689,5,4.980809380352895e-6
1689,6,3.406553127000007e-7
1689,7,3.2630317439305323e-7
1689,8,1.59697287964436e-6
1689,9,1.1568028889563149e-5
1689,10,1.0952485024852734e-5
1689,11,3.7575663403998907e-6
1689,12,1.1230172048755045e-6
1690,1,2.6883384221140144e-6
1690,2,8.243076321402508e-6
1690,3,8.489877051076207e-6
1690,4,5.810498394876405e-6
1690,5,5.587541154972113e-6
1690,6,3.934754335105e-6
1690,7,3.7123511601469237e-7
1690,8,4.0695015422742073e-7
1690,9,7.992675083424492e-6
1690,10,1.2523988115773068e-5
1690,11,4.62256591210319e-8
1690,12,8.953867867413961e-6
1691,1,1.3545650408391274e-5
1691,2,9.139590715105249e-6
1691,3,-8.709358795248053e-7
1691,4,3.7084199178911694e-7
1691,5,1.406794998692747e-6
1691,6,2.6848836265174516e-6
1691,7,5.135568075731747e-7
1691,8,9.688853884611498e-7
1691,9,9.583161580080892e-6
1691,10,2.165116473225693e-6
1691,11,5.2183187451875934e-6
1691,12,1.549665560248507e-5
1692,1,1.5171812521448499e-5
1692,2,4.060456778602794e-6
1692,3,8.736418290227131e-6
1692,4,5.022877394582405e-6
1692,5,5.356806837871159e-7
1692,6,1.9514896062894228e-7
1692,7,-1.3507517088984363e-7
1692,8,3.763367606303468e-7
1692,9,5.0800943352336e-6
1692,10,1.1900615240812514e-5
1692,11,1.3743791608488023e-6
1692,12,5.952796285427312e-6
1693,1,1.047454610131694e-5
1693,2,3.249300522516064e-6
1693,3,9.738617103088904e-7
1693,4,-3.2956512647433323e-6
1693,5,4.057838416047935e-6
1693,6,2.6555821586192653e-6
1693,7,8.262664603676855e-7
1693,8,6.098016970894478e-7
1693,9,4.165603672126001e-6
1693,10,5.970005831768911e-6
1693,11,1.0925784721648814e-5
1693,12,7.426514081017931e-6
1694,1,7.301294216716417e-6
1694,2,3.6598672495555583e-6
1694,3,9.776110362642025e-6
1694,4,8.505994690707782e-6
1694,5,4.461965455330273e-6
1694,6,7.987078708896572e-7
1694,7,5.144651363566643e-7
1694,8,7.401739578671767e-7
1694,9,3.241020341871852e-6
1694,10,2.6513454460001815e-6
1694,11,7.836957868857461e-6
1694,12,1.391535370331498e-5
1695,1,8.97646961670585e-6
1695,2,1.117896662623298e-5
1695,3,3.811938022419996e-6
1695,4,-1.1903598881486092e-6
1695,5,3.1685360281957e-7
1695,6,-1.5045717166767987e-6
1695,7,-2.9085176329225595e-8
1695,8,1.0812507267773407e-6
1695,9,1.337284207237619e-5
1695,10,1.0495812677454822e-5
1695,11,-2.1225579002027352e-7
1695,12,8.589814177667675e-6
1696,1,8.331145186273276e-6
1696,2,9.851434168705917e-6
1696,3,4.365561147340238e-6
1696,4,9.697436347412323e-6
1696,5,-1.1448537904560421e-7
1696,6,1.1235587834718319e-6
1696,7,4.373313239111392e-7
1696,8,5.674583813514492e-7
1696,9,9.08493152873702e-6
1696,10,2.1025040096481656e-5
1696,11,7.537420586288684e-6
1696,12,9.418140551962369e-6
1697,1,1.2618096441402177e-5
1697,2,7.105461022684454e-6
1697,3,8.805205243096755e-6
1697,4,9.801451851157083e-6
1697,5,1.9324637750231474e-6
1697,6,1.1482149355068081e-6
1697,7,5.841450646050369e-7
1697,8,1.2167054222024783e-6
1697,9,3.056852811217066e-6
1697,10,9.211379764148456e-6
1697,11,3.2141171831177944e-6
1697,12,8.026143749499843e-6
1698,1,1.3382615245507945e-5
1698,2,7.670273310088194e-6
1698,3,3.954202763503183e-6
1698,4,-4.841283623959564e-6
1698,5,6.17557911527693e-6
1698,6,3.1436160988717667e-6
1698,7,4.857237821052201e-7
1698,8,2.1967780009202485e-6
1698,9,1.6710148622069872e-5
1698,10,1.1102438059677523e-5
1698,11,2.8950152952473674e-6
1698,12,1.2468280487356404e-5
1699,1,5.45383524944295e-6
1699,2,1.5661480811100588e-5
1699,3,3.088067555250683e-6
1699,4,-4.375622466580486e-6
1699,5,3.7263192005307567e-7
1699,6,2.7706066070658663e-6
1699,7,6.366309730438039e-7
1699,8,2.2039398921578806e-6
1699,9,1.3629437192867986e-5
1699,10,1.4399749324969499e-5
1699,11,7.861710506055336e-7
1699,12,-4.265656777588323e-6
1700,1,9.428310403353556e-6
1700,2,5.265140512474575e-6
1700,3,2.8920715171349693e-6
1700,4,8.95828488360923e-6
1700,5,-3.2842028249428003e-7
1700,6,2.2880196316509902e-06
1700,7,3.211512091023933e-7
1700,8,1.701148828912341e-6
1700,9,1.2073551935619151e-5
1700,10,1.7776231953186785e-5
1700,11,7.465396611697567e-6
1700,12,-2.965951155612034e-6
1701,1,6.445253154761618e-6
1701,2,9.161640239404582e-6
1701,3,5.737160089252161e-6
1701,4,-7.746142082802985e-6
1701,5,-7.899436660314699e-7
1701,6,2.2500119190433895e-6
1701,7,6.153739276057868e-7
1701,8,1.5525914365279512e-6
1701,9,2.812326164299758e-6
1701,10,1.4539873207420184e-5
1701,11,1.9704988463644235e-5
1701,12,1.428501939172612e-5
1702,1,1.4910351391885808e-5
1702,2,7.528777645853171e-6
1702,3,-6.300789891668977e-7
1702,4,-1.4286238937583119e-6
1702,5,3.933538081301255e-6
1702,6,3.1960055957795656e-6
1702,7,6.226165687309903e-7
1702,8,9.933550009033305e-7
1702,9,6.846819602579583e-6
1702,10,6.794702142703165e-6
1702,11,1.0102695400373365e-5
1702,12,9.803441418887026e-6
1703,1,9.889959959481829e-6
1703,2,7.590513959618285e-6
1703,3,9.690998494850628e-6
1703,4,6.885284091938006e-6
1703,5,2.2055693718905913e-6
1703,6,1.5709548677583316e-6
1703,7,1.1311355963460003e-6
1703,8,8.516936005635904e-7
1703,9,3.5682964737968467e-6
1703,10,1.1939716056709648e-5
1703,11,-3.258988893011104e-7
1703,12,4.396172532280079e-6
1704,1,1.0900910960621146e-5
1704,2,1.0130453633683358e-5
1704,3,1.3581109162153159e-5
1704,4,2.279373286504468e-6
1704,5,8.076871875014714e-6
1704,6,-9.981104587006983e-9
1704,7,3.4900035060145487e-7
1704,8,7.445689324771051e-7
1704,9,3.6511187765226956e-6
1704,10,1.9508406547232538e-5
1704,11,8.876064471382237e-6
1704,12,1.1809755022980565e-5
1705,1,1.5405985394082045e-5
1705,2,1.1601779253789823e-5
1705,3,6.931917528773533e-6
1705,4,-2.353657362265744e-6
1705,5,4.207710077522594e-6
1705,6,4.5836626212165614e-6
1705,7,7.344275067774356e-7
1705,8,9.536149408116695e-7
1705,9,1.0102360963410293e-5
1705,10,1.3909223704882115e-5
1705,11,7.929875512131395e-6
1705,12,8.022126869117717e-6
1706,1,1.5980514698533827e-5
1706,2,9.069643591248374e-6
1706,3,4.183358420449739e-6
1706,4,-3.6862431123578228e-6
1706,5,1.4477717852017344e-6
1706,6,4.064031161995713e-6
1706,7,1.1451430356617167e-6
1706,8,9.928040078946043e-7
1706,9,1.7149066491046284e-6
1706,10,9.51642887683683e-6
1706,11,1.4718803225721467e-5
1706,12,8.327033823257798e-6
1707,1,1.3845884298752511e-6
1707,2,6.6643687868706204e-6
1707,3,8.93791506433567e-6
1707,4,9.013494859291592e-6
1707,5,1.180988396888943e-5
1707,6,-6.191951252061582e-7
1707,7,2.6790152490986704e-8
1707,8,1.5117068489002784e-6
1707,9,8.926719094796303e-6
1707,10,1.7125556175345412e-5
1707,11,7.842437211825382e-6
1707,12,1.2038392302354534e-5
1708,1,6.541634756416209e-6
1708,2,1.951045172192101e-5
1708,3,3.351066073454203e-6
1708,4,-1.636710855881728e-6
1708,5,2.7814545913373085e-6
1708,6,-3.42095090079408e-7
1708,7,6.40179473435824e-7
1708,8,9.53619494245994e-7
1708,9,-6.359233543543629e-7
1708,10,5.3063748038596655e-6
1708,11,7.03914247679581e-6
1708,12,8.632186185864521e-6
1709,1,2.257064437768572e-5
1709,2,1.2495405238518406e-5
1709,3,5.755987152463995e-6
1709,4,5.649993755912364e-6
1709,5,2.5439050232468597e-6
1709,6,3.7238908458406747e-7
1709,7,1.720563943193712e-7
1709,8,4.4581092911239616e-7
1709,9,6.507755453204078e-6
1709,10,1.4783662334532466e-5
1709,11,-4.6667066106515375e-6
1709,12,7.4878416634029875e-6
1710,1,4.379982166159457e-6
1710,2,8.473612602031418e-6
1710,3,-4.050529649488747e-6
1710,4,9.734645571903522e-6
1710,5,3.390843046960034e-6
1710,6,1.0866996866647722e-6
1710,7,1.2289860509440093e-6
1710,8,1.1531774933499468e-6
1710,9,3.2526409272969155e-6
1710,10,8.403764387767405e-6
1710,11,2.9847420803483564e-6
1710,12,-1.4357871508880235e-6
1711,1,5.959599036925789e-6
1711,2,9.566755877082266e-6
1711,3,3.679815791492081e-6
1711,4,1.6063222700626174e-6
1711,5,4.4445524085353e-6
1711,6,1.6405847879580313e-6
1711,7,4.45298546747685e-7
1711,8,6.250001560396879e-7
1711,9,5.993991209731216e-6
1711,10,1.2881784342214066e-5
1711,11,2.31125863000597e-6
1711,12,2.449322392653049e-6
1712,1,1.1538064935520377e-5
1712,2,2.428206536853322e-6
1712,3,5.337433424260964e-6
1712,4,5.769682863598805e-6
1712,5,4.9711562770274376e-6
1712,6,-1.526732851162755e-7
1712,7,8.823926122295102e-7
1712,8,1.5784605961649847e-6
1712,9,4.551269122555823e-6
1712,10,1.906358903472943e-5
1712,11,1.2449151003364549e-5
1712,12,7.327911763438847e-6
1713,1,1.0295201380406276e-5
1713,2,1.0172905605280136e-5
1713,3,5.4455803486791284e-6
1713,4,4.901335689819142e-6
1713,5,-2.2970070658398775e-6
1713,6,8.334191326984008e-7
1713,7,3.1141727628945925e-7
1713,8,3.9924146808031084e-7
1713,9,9.69158965578752e-6
1713,10,6.5082480149892495e-6
1713,11,3.213529769567927e-7
1713,12,6.357020755770792e-6
1714,1,-7.531199897221691e-7
1714,2,4.063773509709986e-6
1714,3,2.405474205507218e-6
1714,4,-1.9040378116329356e-6
1714,5,-2.081097746314818e-6
1714,6,-1.2426732881769501e-6
1714,7,3.8285859539210385e-7
1714,8,9.514645507255986e-7
1714,9,1.0665743739945028e-5
1714,10,4.586926487310273e-6
1714,11,-2.925964989838819e-7
1714,12,-2.2353853190517076e-6
1715,1,8.853890559234285e-6
1715,2,2.1397503138752183e-6
1715,3,1.1390198320466241e-5
1715,4,9.230182071114658e-6
1715,5,2.7472997839303435e-7
1715,6,-2.1290144030783583e-6
1715,7,1.5727705728531803e-6
1715,8,8.141358503547111e-7
1715,9,6.525869848930937e-8
1715,10,1.762737497173798e-6
1715,11,4.626534488203483e-6
1715,12,7.715908544215174e-6
1716,1,1.6687347893453145e-5
1716,2,1.1618648647523722e-5
1716,3,1.4905216331949986e-5
1716,4,-1.139011349892385e-6
1716,5,5.802168041590986e-6
1716,6,2.0862387497125943e-7
1716,7,5.03421315462257e-7
1716,8,1.1850771308890004e-6
1716,9,1.3137266465742995e-5
1716,10,5.53583656916559e-6
1716,11,-6.370383570591813e-6
1716,12,9.95339647823414e-6
1717,1,5.476546577194343e-6
1717,2,7.531205359881677e-6
1717,3,3.5373659299870723e-7
1717,4,3.945436765384805e-6
1717,5,-4.3979464189122345e-6
1717,6,3.7684068392276e-7
1717,7,1.4535809495143118e-6
1717,8,1.9040711830596683e-6
1717,9,3.7726449734645074e-6
1717,10,1.19424795171727e-5
1717,11,1.0775044044014055e-6
1717,12,3.6747925295902882e-6
1718,1,9.512791389414694e-6
1718,2,1.3915707011700399e-5
1718,3,-1.0221315471916663e-6
1718,4,-2.5272972435996652e-6
1718,5,-2.5649248700292985e-6
1718,6,3.493224911683559e-6
1718,7,1.6684701302486415e-6
1718,8,1.6650938420978643e-6
1718,9,3.7174923473359695e-6
1718,10,1.5165948178770755e-5
1718,11,2.7405949451676726e-6
1718,12,1.2487798082281469e-5
1719,1,1.4821287743117908e-5
1719,2,5.861820325448225e-6
1719,3,3.983087126389964e-6
1719,4,9.34855150175424e-7
1719,5,-3.104165258005215e-6
1719,6,1.8996378343189996e-6
1719,7,2.6763189342323775e-6
1719,8,1.1668185336916672e-6
1719,9,6.7256096757476955e-6
1719,10,1.672455233670671e-5
1719,11,-1.3672574716888413e-6
1719,12,3.830418878389852e-6
1720,1,3.5630613065145486e-6
1720,2,1.0190754891406494e-5
1720,3,3.4702868954350167e-6
1720,4,-1.0044200300633116e-6
1720,5,-5.235003337279771e-6
1720,6,-2.4995805165727656e-6
1720,7,2.672901741684852e-7
1720,8,5.62731450926536e-7
1720,9,2.7694618005230795e-7
1720,10,1.8017510108813264e-6
1720,11,-1.991909439028481e-6
1720,12,9.97855436392065e-6
1721,1,1.15847008294169e-5
1721,2,1.4208713224825967e-5
1721,3,1.5174069810592512e-5
1721,4,-9.367651998311234e-6
1721,5,2.4243907963295584e-7
1721,6,-5.725850427107918e-7
1721,7,1.7787459302839254e-6
1721,8,1.2881203858713387e-6
1721,9,5.90265880564913e-6
1721,10,3.6494425891441247e-6
1721,11,-8.79794731438088e-6
1721,12,3.8046164056519745e-6
1722,1,-5.101192228994937e-6
1722,2,8.36333215760163e-6
1722,3,1.8269027277018975e-6
1722,4,3.37300788229549e-6
1722,5,6.6238115101041635e-6
1722,6,5.5088751955292785e-6
1722,7,1.8426568742686265e-6
1722,8,1.1766852505068696e-6
1722,9,7.27664853180244e-6
1722,10,1.4715561163108783e-5
1722,11,8.759164477762043e-7
1722,12,4.690609733950712e-6
1723,1,6.445822072770032e-6
1723,2,9.900900792110093e-6
1723,3,-2.0734786179770283e-6
1723,4,-2.2765968852440026e-7
1723,5,4.120986647382726e-6
1723,6,7.533012700866019e-7
1723,7,1.2367276346833242e-6
1723,8,2.8453755594575467e-6
1723,9,1.120258421023813e-5
1723,10,5.4394010478924e-6
1723,11,-9.384705292726393e-6
1723,12,1.3563341691157889e-5
1724,1,7.8765053450355035e-06
1724,2,1.180495345926054e-5
1724,3,7.980532009112679e-6
1724,4,-1.976182689384887e-7
1724,5,-5.278771563999092e-6
1724,6,-7.885895909953976e-7
1724,7,1.8883572616839891e-6
1724,8,1.2961316977170783e-6
1724,9,8.488527805941965e-6
1724,10,3.774391336685672e-6
1724,11,7.229631002056934e-6
1724,12,-2.040539587741906e-7
1725,1,1.9442829365414676e-6
1725,2,2.993297740133749e-6
1725,3,7.934858741070622e-6
1725,4,1.0302003882788802e-5
1725,5,1.7740605416797486e-6
1725,6,1.0085875470262663e-6
1725,7,4.4601902114839945e-7
1725,8,1.3084489858292346e-6
1725,9,9.545419080827911e-6
1725,10,-6.989768713390576e-6
1725,11,-6.716805228607014e-7
1725,12,2.027800173546438e-7
1726,1,6.172720011143344e-6
1726,2,8.810058292951751e-6
1726,3,2.8829634092591077e-6
1726,4,1.0268854526801938e-5
1726,5,6.6066824616602355e-6
1726,6,4.359954292687488e-6
1726,7,2.6628526725433613e-6
1726,8,1.9586294561394105e-6
1726,9,6.903088022780234e-6
1726,10,1.523896894893632e-6
1726,11,1.5679190830822142e-6
1726,12,1.0506162499704049e-5
1727,1,1.9457987132517356e-5
1727,2,-2.4647725641129477e-6
1727,3,1.4767241426822808e-5
1727,4,3.0083871984012922e-6
1727,5,1.2429966270330645e-5
1727,6,1.32419956250152e-6
1727,7,5.070284093705146e-7
1727,8,2.6496581765917026e-6
1727,9,2.456833037382304e-5
1727,10,-3.677483633907962e-7
1727,11,-4.611677425037558e-6
1727,12,2.130194112501179e-5
1728,1,1.4495099684815537e-5
1728,2,-8.0818296973848e-6
1728,3,-7.691967250191364e-6
1728,4,-3.3155974037974867e-6
1728,5,-6.075417577703338e-6
1728,6,3.6863251475326707e-6
1728,7,2.709712986970269e-7
1728,8,6.247164499649907e-8
1728,9,1.6533939445629215e-5
1728,10,1.9758749951066244e-5
1728,11,-1.0370634063006488e-5
1728,12,1.96246112561736e-5
1729,1,1.4294393628983011e-5
1729,2,3.7473691274453985e-6
1729,3,1.4592371433759389e-5
1729,4,-1.2172639847695775e-6
1729,5,-7.55821239545761e-7
1729,6,2.9277549871014276e-6
1729,7,1.4967986957279175e-6
1729,8,1.0410552320923413e-6
1729,9,8.082220279929425e-6
1729,10,3.3786184323469634e-6
1729,11,3.179690413728373e-6
1729,12,-1.3284314382390915e-6
1730,1,1.9047654555966124e-6
1730,2,9.244769966372492e-7
1730,3,6.763997787152289e-7
1730,4,7.2248113078782295e-6
1730,5,4.073413136201032e-6
1730,6,2.8586489316925403e-6
1730,7,1.2049974845509035e-6
1730,8,3.792013344626879e-7
1730,9,7.735432106389555e-6
1730,10,-5.87400478460266e-6
1730,11,-1.0679708220420078e-5
1730,12,2.6965550847948776e-6
1731,1,6.448541118663153e-6
1731,2,1.345967580246492e-5
1731,3,-2.852651260693123e-6
1731,4,1.1596178366596363e-5
1731,5,1.7020151357086116e-6
1731,6,7.587598840140718e-7
1731,7,7.454061272131927e-7
1731,8,2.4704653932781424e-6
1731,9,-3.5557888489893134e-6
1731,10,-5.869414930556093e-6
1731,11,-2.1367219427705836e-6
1731,12,1.029781141389495e-5
1732,1,1.9736807821451827e-5
1732,2,-6.3983635587139325e-6
1732,3,-3.021271430363728e-6
1732,4,1.5460785457948094e-6
1732,5,-4.329189504678854e-6
1732,6,5.042942711260191e-6
1732,7,9.165044642221726e-7
1732,8,6.50235967798179e-7
1732,9,-3.838768809777404e-6
1732,10,-1.8974078528541903e-6
1732,11,-1.160253092368433e-6
1732,12,6.989622502549069e-6
1733,1,5.789841282504181e-6
1733,2,-1.0878763366276908e-5
1733,3,3.5571862229530745e-6
1733,4,-1.4925477101575892e-6
1733,5,3.2662021722966047e-6
1733,6,-5.406310026078902e-7
1733,7,8.95255517755106e-7
1733,8,9.473113911551976e-7
1733,9,5.993177710498412e-6
1733,10,2.791302809634335e-6
1733,11,-1.5774720828751785e-5
1733,12,-7.729219304760072e-6
1734,1,2.043855529734369e-6
1734,2,-9.04271791986527e-7
1734,3,-6.569078007264349e-6
1734,4,-2.2706892267611893e-6
1734,5,4.2395846794432295e-6
1734,6,-6.334857194065071e-7
1734,7,8.781232105365752e-7
1734,8,8.670889310369861e-7
1734,9,4.366993511289231e-6
1734,10,1.983279525988737e-5
1734,11,8.297728701579569e-6
1734,12,9.66662624510827e-6
1735,1,1.814917302801839e-5
1735,2,7.135988883943768e-6
1735,3,8.781444937736708e-8
1735,4,-1.8759778113026e-6
1735,5,6.743837112049345e-7
1735,6,-8.569799794105764e-7
1735,7,5.741730428425538e-7
1735,8,1.2246272444559577e-6
1735,9,2.8037395209880768e-6
1735,10,-2.907599285601745e-7
1735,11,-1.5510430899927226e-5
1735,12,-8.032630805834666e-6
1736,1,5.2851673618711364e-6
1736,2,2.055186931186009e-5
1736,3,1.1645430203565737e-5
1736,4,9.082021230717497e-7
1736,5,5.704811890002107e-6
1736,6,3.7303426770303765e-6
1736,7,-5.681185368018285e-8
1736,8,1.180521298803367e-6
1736,9,1.0821162923401267e-5
1736,10,6.38691510095166e-6
1736,11,5.355584464198708e-6
1736,12,2.621922294773024e-6
1737,1,1.1111023647385327e-5
1737,2,8.520660764460686e-6
1737,3,8.027114728637715e-7
1737,4,2.3774547704068237e-6
1737,5,-8.845154097368946e-7
1737,6,6.050656323914207e-7
1737,7,-4.667541285195109e-7
1737,8,7.807754067501354e-7
1737,9,2.263868435330344e-6
1737,10,3.443666490555111e-5
1737,11,-3.185757999954068e-6
1737,12,1.1389339896392377e-7
1738,1,-3.3872335833613463e-6
1738,2,9.183395037245156e-6
1738,3,1.4090413339674424e-5
1738,4,-2.782591568400338e-6
1738,5,-9.026248340344089e-7
1738,6,8.808084305024148e-7
1738,7,1.0741048607251117e-6
1738,8,-1.4498064023859633e-7
1738,9,7.890186022797261e-6
1738,10,1.2212266142129388e-6
1738,11,-9.329807143956293e-6
1738,12,-7.668595680431612e-6
1739,1,8.191139937171012e-6
1739,2,-6.393963330297071e-6
1739,3,5.165659608118177e-8
1739,4,7.391525715243317e-6
1739,5,2.621974899106185e-6
1739,6,3.126409382617751e-6
1739,7,9.954334757216158e-7
1739,8,1.4817057656068891e-6
1739,9,5.441054829713494e-6
1739,10,1.583493054863697e-5
1739,11,5.000819177521701e-6
1739,12,-1.2842821964563635e-5
1740,1,2.2522449854930527e-5
1740,2,2.5392861539851684e-5
1740,3,2.32360858909057e-5
1740,4,1.0484319563085204e-5
1740,5,7.304265757767204e-6
1740,6,5.092068083101456e-7
1740,7,2.3952708945602814e-7
1740,8,1.8344626112049891e-6
1740,9,4.7644517383540826e-6
1740,10,1.5510447837275312e-5
1740,11,1.5622758803924826e-5
1740,12,4.619983686016826e-6
1741,1,1.3233115070668445e-5
1741,2,3.536781831170681e-6
1741,3,1.4735019634579873e-5
1741,4,4.555719038644971e-6
1741,5,3.530183188987727e-6
1741,6,-1.3224437482434844e-6
1741,7,2.21707404312245e-7
1741,8,1.9116947000726726e-6
1741,9,1.142994307981527e-5
1741,10,7.815234924271423e-6
1741,11,1.0393945274510428e-6
1741,12,1.545919283403011e-5
1742,1,1.647923870829506e-5
1742,2,3.510390723518133e-6
1742,3,1.2854997196388507e-5
1742,4,1.1130225901742787e-5
1742,5,7.353181957700306e-7
1742,6,-5.010277405349199e-7
1742,7,1.866177818737131e-7
1742,8,1.4450144468070225e-6
1742,9,1.583382642728674e-5
1742,10,2.48011814459041e-5
1742,11,1.5999388471342491e-6
1742,12,2.3807634770659122e-5
1743,1,-3.4482909174351433e-6
1743,2,2.814245087845277e-6
1743,3,8.45893079637465e-6
1743,4,7.586702410534916e-6
1743,5,7.180690862970013e-7
1743,6,-1.1931317534198723e-7
1743,7,-1.5623312026026732e-8
1743,8,1.0393941882830092e-6
1743,9,5.332440288956611e-6
1743,10,1.4761910238530505e-5
1743,11,-2.699435980437319e-6
1743,12,-9.895073929196284e-6
1744,1,7.964174826051717e-6
1744,2,1.2235126249880397e-5
1744,3,5.624906296899011e-6
1744,4,1.7675139861183908e-6
1744,5,5.166125513450383e-6
1744,6,1.5344978196132973e-6
1744,7,3.763127870940098e-7
1744,8,1.13969063086092e-6
1744,9,8.583107927354378e-6
1744,10,6.51367944894643e-6
1744,11,-9.183457812419793e-7
1744,12,1.800752038968408e-6
1745,1,1.2806795807588138e-5
1745,2,1.4649815148068909e-5
1745,3,2.7505450464244862e-6
1745,4,-6.204151981134795e-6
1745,5,-1.2551600538273042e-7
1745,6,-9.387901343631291e-7
1745,7,6.640544529107847e-7
1745,8,1.1895781354382265e-6
1745,9,-2.7661575570162545e-6
1745,10,9.879691399415435e-6
1745,11,8.90873956119964e-6
1745,12,1.2878453100631936e-5
1746,1,7.8389646478537e-6
1746,2,7.92020044012386e-6
1746,3,6.9493019084493165e-6
1746,4,3.9149626386574864e-6
1746,5,-5.932809989035065e-6
1746,6,7.789841616259858e-7
1746,7,-5.751819913874676e-7
1746,8,9.725214422164335e-8
1746,9,5.408209483329226e-6
1746,10,1.8754233204348045e-5
1746,11,4.4950766907138534e-6
1746,12,8.971080779315734e-6
1747,1,4.628809048238042e-6
1747,2,-1.599476134600225e-6
1747,3,7.192570073646597e-6
1747,4,3.5951128485110824e-6
1747,5,-2.1988997460055777e-6
1747,6,-1.5368731809217503e-6
1747,7,6.882381910585249e-7
1747,8,1.7007020421008106e-6
1747,9,6.030715234544371e-6
1747,10,5.407770100849588e-6
1747,11,-1.1549037972907815e-5
1747,12,-4.688891978002843e-6
1748,1,4.919967714429295e-6
1748,2,7.60512455118809e-6
1748,3,5.679319638204441e-6
1748,4,2.8084458605663046e-6
1748,5,7.873744206501601e-7
1748,6,3.722008222578846e-7
1748,7,9.982077239755054e-7
1748,8,1.370449300498579e-6
1748,9,7.829473801023845e-6
1748,10,5.858225057175173e-6
1748,11,5.4024904119767946e-06
1748,12,-3.128160634889155e-7
1749,1,5.761441097648192e-6
1749,2,8.727478135530486e-6
1749,3,9.987130392080034e-7
1749,4,-4.3067132866038565e-6
1749,5,2.3599939238595605e-6
1749,6,5.630367430452789e-6
1749,7,-3.4705585702406483e-7
1749,8,1.9050454173697065e-6
1749,9,1.3581035468886772e-5
1749,10,1.8655559500265766e-6
1749,11,-9.3927099107004e-7
1749,12,1.0488185838229122e-5
1750,1,5.272124552931411e-6
1750,2,6.767717385857242e-6
1750,3,-6.173111786632474e-6
1750,4,6.837668412371373e-6
1750,5,5.281666169218201e-6
1750,6,2.735074436145075e-7
1750,7,6.968290080142189e-7
1750,8,7.370123794160171e-7
1750,9,1.1168196931846462e-6
1750,10,1.5255962003611505e-5
1750,11,8.036800244872747e-6
1750,12,1.516623877867491e-5
1751,1,1.3138862799105082e-5
1751,2,1.5052736097340492e-5
1751,3,-2.10892098068601e-6
1751,4,1.0886067991674655e-5
1751,5,2.1585625204458904e-6
1751,6,2.2540903462826105e-6
1751,7,2.9725714761438823e-7
1751,8,7.006995227137059e-7
1751,9,5.90316285810481e-6
1751,10,1.689132364576897e-5
1751,11,1.4451376780738067e-5
1751,12,5.936983126617356e-6
1752,1,1.197346221960669e-5
1752,2,2.915379144328957e-6
1752,3,2.546626438105803e-6
1752,4,2.4916753089356546e-6
1752,5,4.821643238841533e-6
1752,6,-1.3718297841850898e-6
1752,7,1.5905059389783925e-6
1752,8,2.4687273705091046e-6
1752,9,1.0225328747474127e-6
1752,10,-4.078675262919104e-6
1752,11,-1.1934849666253322e-6
1752,12,8.795738185806633e-6
1753,1,1.834253665070507e-5
1753,2,1.1010492110151255e-5
1753,3,1.2580865088212142e-6
1753,4,1.3504652190448584e-5
1753,5,8.616260572583603e-6
1753,6,1.1452335665738892e-6
1753,7,9.071058287061393e-7
1753,8,1.5459810739195192e-6
1753,9,1.0591557726509088e-5
1753,10,1.2588565698526004e-5
1753,11,1.2511302571737316e-5
1753,12,-3.5884609228480146e-6
1754,1,8.049150863398729e-6
1754,2,1.7795361774762846e-6
1754,3,8.975157295166416e-6
1754,4,-5.423666744102065e-6
1754,5,1.6016136363260801e-6
1754,6,1.2983093213869244e-6
1754,7,7.353186220738003e-7
1754,8,2.1760234534141655e-6
1754,9,4.061478897398794e-6
1754,10,1.007770660248552e-5
1754,11,6.331248045967202e-6
1754,12,-4.704009212300291e-6
1755,1,3.8524904315748665e-6
1755,2,1.6180660502455617e-5
1755,3,1.2176645678316028e-5
1755,4,-9.120414353853392e-6
1755,5,1.1944996314065643e-5
1755,6,-2.667128820800162e-6
1755,7,1.909332811992484e-6
1755,8,1.0866899413213996e-6
1755,9,7.330001483786394e-6
1755,10,1.544787878726555e-5
1755,11,2.6482517523561435e-5
1755,12,4.182905327288537e-6
1756,1,3.0922082016563745e-6
1756,2,-2.2440783622216087e-6
1756,3,4.001340848995091e-6
1756,4,3.6900246829237163e-6
1756,5,6.435684066942972e-6
1756,6,-2.123691698777723e-6
1756,7,1.3533804941320728e-6
1756,8,4.6285775028417923e-7
1756,9,1.4024296583455528e-5
1756,10,1.394371791861084e-5
1756,11,3.1955668086996427e-6
1756,12,8.476198124818961e-6
1757,1,2.4758064675238712e-5
1757,2,1.8911072784657082e-6
1757,3,4.4000951758516455e-6
1757,4,-4.5834341322822695e-7
1757,5,1.8506430933096817e-6
1757,6,5.343840292492107e-6
1757,7,4.123855628715017e-7
1757,8,8.051484330938603e-7
1757,9,7.148985441797913e-6
1757,10,1.286943669203422e-5
1757,11,-7.032601206433813e-6
1757,12,1.3714037903240325e-5
1758,1,1.4479946956538128e-5
1758,2,1.6320527650018838e-5
1758,3,7.657871884832322e-6
1758,4,-8.934888524323008e-7
1758,5,3.1899090473795945e-6
1758,6,2.8614124797870904e-6
1758,7,1.0049101388195607e-6
1758,8,1.497042964968574e-6
1758,9,8.66465779019664e-6
1758,10,1.7416173817012206e-5
1758,11,1.8672012828471002e-5
1758,12,1.27537388657399e-5
1759,1,-7.410920212711083e-9
1759,2,-3.0659685758711497e-6
1759,3,5.806741525915491e-6
1759,4,4.173715453277029e-6
1759,5,1.0040278942502416e-5
1759,6,5.110423941588052e-7
1759,7,6.589981397167088e-7
1759,8,1.8627820642989242e-6
1759,9,2.6370877438589044e-6
1759,10,-5.523689521467019e-6
1759,11,1.2809829196866139e-5
1759,12,1.2510909948941711e-5
1760,1,1.728509150774361e-5
1760,2,8.090216266103416e-6
1760,3,8.716709206052472e-7
1760,4,-3.523466575851892e-6
1760,5,5.3502283289421805e-6
1760,6,1.6135410810380944e-6
1760,7,1.3566435996365416e-6
1760,8,1.203941869979271e-6
1760,9,5.1782408221055775e-6
1760,10,1.4619762324820192e-5
1760,11,5.997342897441554e-6
1760,12,1.37336824020164e-5
1761,1,-7.320247907273864e-7
1761,2,2.504344111112075e-6
1761,3,7.847227216248049e-7
1761,4,9.60695476445935e-6
1761,5,-1.489992041116443e-6
1761,6,3.3020479226277724e-6
1761,7,1.562691062362624e-6
1761,8,3.2597088049020944e-6
1761,9,7.768356242050437e-6
1761,10,1.9341217627779875e-5
1761,11,2.2331258503344246e-5
1761,12,1.0652000763019607e-5
1762,1,-6.170215450428266e-6
1762,2,6.308711836244263e-6
1762,3,5.2179892064352715e-6
1762,4,-7.923074684157588e-6
1762,5,5.450928462523772e-7
1762,6,3.2826393500743893e-6
1762,7,-1.0823590600247043e-7
1762,8,1.3740495065728004e-6
1762,9,6.996737599815433e-6
1762,10,2.747461980826693e-5
1762,11,-9.520064931128462e-6
1762,12,-2.6160656057767977e-6
1763,1,-1.1578184323948807e-6
1763,2,1.2888545672616873e-5
1763,3,3.2216286700424963e-6
1763,4,-1.883331946024293e-6
1763,5,1.0562445291556493e-5
1763,6,4.569346381001738e-6
1763,7,9.623848572760854e-7
1763,8,9.215522138721216e-7
1763,9,8.783617504790467e-6
1763,10,4.221236682250576e-6
1763,11,-5.519203608912827e-6
1763,12,1.4160296200348659e-5
1764,1,4.301326795049265e-6
1764,2,3.6561141683000294e-6
1764,3,5.278847841851152e-6
1764,4,3.565933137695365e-6
1764,5,4.289002576614269e-6
1764,6,1.4646306752045635e-6
1764,7,1.920592105733958e-7
1764,8,2.567990154324123e-7
1764,9,1.1176970681358672e-5
1764,10,4.456354819389965e-6
1764,11,1.4127153981032611e-5
1764,12,1.4405649876522122e-5
1765,1,3.2135788959118854e-6
1765,2,8.579223111722955e-6
1765,3,7.249431324168132e-6
1765,4,-2.789486262411916e-6
1765,5,2.815639155780969e-6
1765,6,-1.8543512743539553e-7
1765,7,1.7227983333628393e-6
1765,8,1.0665428745756385e-6
1765,9,1.3666449243090625e-6
1765,10,6.970772850321061e-6
1765,11,2.5594882529106464e-6
1765,12,3.1561295347589986e-6
1766,1,5.4693200974828366e-6
1766,2,9.788532220656295e-6
1766,3,1.0354880095312925e-5
1766,4,3.1094484166374504e-6
1766,5,4.8119246012474635e-6
1766,6,2.4516100057217065e-6
1766,7,9.472318792327366e-7
1766,8,1.6650770332372801e-6
1766,9,1.9935534428781954e-6
1766,10,1.424939928297056e-5
1766,11,3.785095263923428e-6
1766,12,3.3464293286694075e-6
1767,1,2.1182785447940796e-5
1767,2,6.984382639561888e-6
1767,3,4.508376577126832e-6
1767,4,3.5008622054293244e-6
1767,5,6.32537589779097e-6
1767,6,1.4083168892329149e-6
1767,7,5.08313475672058e-7
1767,8,1.7471154730231556e-6
1767,9,1.742931000837429e-5
1767,10,7.903680935353866e-6
1767,11,-3.5307712046636963e-6
1767,12,5.30431081138911e-6
1768,1,1.9140985352209104e-5
1768,2,5.2601469969600225e-6
1768,3,-2.9663666845958842e-6
1768,4,5.9541506756514e-7
1768,5,5.519981012333207e-6
1768,6,-2.481031549247208e-7
1768,7,6.124624060734823e-7
1768,8,8.324791315225305e-7
1768,9,6.1579408587505505e-6
1768,10,1.9449199316627943e-5
1768,11,8.857470012475483e-6
1768,12,8.631620426940535e-6
1769,1,2.2579722213918194e-6
1769,2,1.7024299449392154e-5
1769,3,5.185493183721749e-6
1769,4,1.3236907977571171e-6
1769,5,1.8435022790885036e-6
1769,6,2.9719927016220773e-6
1769,7,1.4397279416021487e-6
1769,8,1.305537240644947e-6
1769,9,3.4604072893272406e-6
1769,10,1.2498153401193594e-5
1769,11,2.27759681065662e-6
1769,12,-6.274137154216091e-6
1770,1,4.048304357893362e-6
1770,2,3.05775599652811e-6
1770,3,7.35600763459893e-6
1770,4,3.6746547184931223e-6
1770,5,6.61407571976e-6
1770,6,-2.5233146807288974e-7
1770,7,3.287535908457189e-7
1770,8,1.6140876476711257e-6
1770,9,4.216311543132146e-6
1770,10,2.0575621938047106e-5
1770,11,9.606061371482966e-6
1770,12,-2.890018674773223e-6
1771,1,9.247409475830574e-6
1771,2,3.2615464692351405e-6
1771,3,1.3245951392040544e-5
1771,4,7.758899766279496e-6
1771,5,2.2102866181848656e-6
1771,6,8.202738312979903e-6
1771,7,1.8672467012896298e-6
1771,8,1.3741828357353608e-6
1771,9,7.542562057399756e-6
1771,10,-2.5664386231873e-6
1771,11,-1.9132103921658746e-6
1771,12,7.823576211023278e-6
1772,1,1.4761889855700325e-5
1772,2,5.72429700965722e-6
1772,3,3.6278324426312737e-6
1772,4,-2.702092620818586e-6
1772,5,6.3109551957366015e-6
1772,6,-1.5910172883510316e-7
1772,7,5.276286989403037e-7
1772,8,1.3908127168160204e-6
1772,9,3.5445729333482475e-7
1772,10,1.250075437241208e-5
1772,11,9.338227380806191e-6
1772,12,2.0945576507868683e-6
1773,1,3.423293140573051e-7
1773,2,8.851333849000015e-6
1773,3,5.472459200405766e-6
1773,4,8.244628494828873e-6
1773,5,6.785340378677504e-6
1773,6,4.0645067183004447e-7
1773,7,8.657291877387185e-7
1773,8,2.1332225388407196e-6
1773,9,1.1868564291924012e-5
1773,10,-6.087192190041838e-6
1773,11,7.781973006721417e-6
1773,12,1.2194844461381915e-5
1774,1,1.2973588097489243e-5
1774,2,5.7633704935009795e-6
1774,3,2.311382026333576e-6
1774,4,6.467356037645076e-6
1774,5,6.480743263148435e-6
1774,6,2.905301470974261e-6
1774,7,1.6956686458047767e-7
1774,8,1.2253660479802949e-6
1774,9,9.102213311034594e-6
1774,10,-1.420839871808111e-6
1774,11,-1.160936682298157e-6
1774,12,-7.262794069351431e-6
1775,1,1.4841566522187914e-6
1775,2,-2.8014265606935122e-6
1775,3,2.4136875504985647e-6
1775,4,1.530634971096021e-6
1775,5,3.2201767817130303e-6
1775,6,-2.1165856848130003e-7
1775,7,1.17246309238874e-6
1775,8,1.4433017120407934e-6
1775,9,4.463908926805688e-6
1775,10,1.5460275182545266e-5
1775,11,5.296686626029636e-6
1775,12,4.156891757765096e-6
1776,1,2.2810321614330006e-5
1776,2,1.5311263539919467e-5
1776,3,-2.8359534506202813e-6
1776,4,-1.856834599249532e-6
1776,5,3.7275992830943185e-6
1776,6,1.937793620338479e-6
1776,7,1.0536469324034195e-6
1776,8,1.1562178710656833e-6
1776,9,1.673575845498944e-5
1776,10,1.7307547864435817e-5
1776,11,-1.0031909432151382e-6
1776,12,-1.3256822702905394e-6
1777,1,1.8529924849485608e-5
1777,2,1.5547084990392584e-5
1777,3,1.7512745080743258e-6
1777,4,7.774306666486212e-7
1777,5,-3.180076239687029e-6
1777,6,4.2920415561612185e-6
1777,7,3.8203002152903567e-7
1777,8,-2.7097706190991656e-7
1777,9,5.0534452271896215e-6
1777,10,5.245724652189535e-6
1777,11,-4.614388609636205e-6
1777,12,2.0521415700667332e-5
1778,1,1.6172544652635716e-5
1778,2,1.7406446347327208e-5
1778,3,8.975267372947838e-6
1778,4,-2.842448858749118e-6
1778,5,-3.064919596994078e-7
1778,6,1.246184424574607e-6
1778,7,-9.440121282075758e-9
1778,8,8.483187903150267e-7
1778,9,8.803215344428724e-6
1778,10,2.1368199863936678e-6
1778,11,-5.328044569463694e-6
1778,12,-3.554471009202722e-6
1779,1,5.7195293629539984e-06
1779,2,-1.6253802542972303e-5
1779,3,-8.223626244331917e-6
1779,4,-1.2850969029602e-5
1779,5,-1.5249937649045122e-6
1779,6,-1.0908144289238576e-6
1779,7,5.574673730004537e-7
1779,8,1.270657911436598e-6
1779,9,4.809882917879596e-6
1779,10,-3.583772668117962e-6
1779,11,1.3357066348484533e-5
1779,12,-4.387661279385617e-6
1780,1,1.2170783862955746e-5
1780,2,1.3862625097332663e-6
1780,3,-7.116896349542359e-6
1780,4,9.486347265093709e-6
1780,5,-3.9660706648050247e-7
1780,6,8.952608559169061e-7
1780,7,3.8090723887500454e-7
1780,8,8.479774584711869e-7
1780,9,6.934352560645751e-6
1780,10,5.30276134351764e-6
1780,11,7.726757057098465e-6
1780,12,-1.293259291757195e-5
1781,1,1.3918089992158947e-5
1781,2,3.2032621900625264e-6
1781,3,-8.021487614964574e-6
1781,4,1.2939189121868265e-6
1781,5,-2.0381694813138971e-7
1781,6,3.400064167479809e-7
1781,7,-1.2474340805160494e-6
1781,8,1.0703827129179494e-6
1781,9,8.542769646287081e-6
1781,10,6.419038197975526e-6
1781,11,6.325081771672188e-6
1781,12,-7.861179411602731e-6
1782,1,-6.011863914478667e-6
1782,2,8.264072971461848e-6
1782,3,-7.888723908593412e-6
1782,4,9.000269980590603e-6
1782,5,-5.2729070592671875e-6
1782,6,1.2039046624886984e-6
1782,7,9.970787600218287e-7
1782,8,3.449221046749173e-7
1782,9,6.343855284333693e-6
1782,10,3.1230580480229386e-5
1782,11,1.5732770223638075e-5
1782,12,-1.0510817163051475e-5
1783,1,8.303475326013997e-6
1783,2,5.640304675494388e-6
1783,3,3.1660418550591853e-6
1783,4,-7.131078800110728e-6
1783,5,-9.046236713738534e-7
1783,6,8.48880886944423e-10
1783,7,-3.9380651851224495e-7
1783,8,1.982873759424496e-6
1783,9,1.544766631713898e-5
1783,10,-2.1009021668278223e-7
1783,11,-2.940315925807342e-5
1783,12,-7.517147490994245e-7
1784,1,8.64816392441417e-6
1784,2,1.363087182450412e-5
1784,3,-3.77275012479739e-6
1784,4,-7.1701050396738185e-6
1784,5,-2.9444617261134565e-6
1784,6,-1.5796650747094615e-7
1784,7,-1.4039191942123092e-6
1784,8,6.67343038552533e-7
1784,9,-1.25062743855684e-6
1784,10,9.431497802420946e-6
1784,11,-6.029905598488285e-6
1784,12,1.0196753128017106e-5
1785,1,4.946663250635454e-6
1785,2,1.1646799873395827e-5
1785,3,2.038245058357446e-6
1785,4,1.7697520762756364e-6
1785,5,-6.6797959319647135e-6
1785,6,-5.9778202071858745e-6
1785,7,-8.036175014184572e-7
1785,8,-1.1203944896692663e-6
1785,9,-3.301390388011576e-7
1785,10,-1.3958117241860777e-5
1785,11,1.1368707507806205e-6
1785,12,1.3215680561101568e-5
1786,1,9.990059118671172e-6
1786,2,7.628398606012967e-7
1786,3,6.615329931045774e-6
1786,4,1.3728645942678887e-6
1786,5,-3.4031063820356797e-6
1786,6,6.689569508174162e-6
1786,7,-1.5207976436312336e-7
1786,8,1.7664460401750615e-6
1786,9,4.6729124891520933e-7
1786,10,-1.1346382008194045e-5
1786,11,5.553464536617429e-6
1786,12,-3.6087146698586056e-6
1787,1,-1.0728789969746643e-6
1787,2,-1.7526432771594765e-6
1787,3,5.583256847544503e-6
1787,4,4.885975474569069e-6
1787,5,1.1692587653823138e-5
1787,6,-1.621297459391974e-6
1787,7,2.8380758664016974e-7
1787,8,2.663080470715448e-8
1787,9,9.248397769943318e-6
1787,10,-1.3856848474292476e-5
1787,11,1.4425266556549245e-5
1787,12,-9.632655868983407e-6
1788,1,7.241806100428846e-6
1788,2,5.570897261075945e-6
1788,3,-9.503493303742753e-7
1788,4,-8.405470488077708e-6
1788,5,3.2865372565482262e-6
1788,6,-2.651270053245476e-6
1788,7,-6.042508927664833e-7
1788,8,-1.6554944206776254e-7
1788,9,7.94244379596816e-6
1788,10,-6.134812274964795e-6
1788,11,5.400904765908081e-6
1788,12,1.5088093334880933e-5
1789,1,2.5943615703013826e-7
1789,2,3.0664384168060467e-6
1789,3,5.392550908118304e-6
1789,4,-2.977133689069666e-6
1789,5,1.499204655439088e-6
1789,6,-1.8909453912442013e-6
1789,7,-6.275882853403214e-7
1789,8,2.131647525148386e-6
1789,9,2.7123403981160694e-6
1789,10,1.1896152890416935e-5
1789,11,1.5905608158478483e-5
1789,12,-1.0950965267790769e-5
1790,1,2.8182602068744684e-6
1790,2,-4.578070841337946e-6
1790,3,2.4400115017061972e-6
1790,4,6.562306113149612e-6
1790,5,5.473186565571178e-6
1790,6,7.142551220783558e-6
1790,7,-4.427210386085354e-7
1790,8,1.2005782766226907e-6
1790,9,1.7961949314909265e-6
1790,10,-5.011880364681887e-6
1790,11,-2.131210647467033e-6
1790,12,9.295430419835785e-6
1791,1,1.3958700161528706e-5
1791,2,1.9753813855774667e-6
1791,3,2.48307835645648e-6
1791,4,-9.774034712970577e-6
1791,5,3.843372632555785e-6
1791,6,-3.4333841453375206e-7
1791,7,3.1432476182227336e-7
1791,8,2.681554755724129e-6
1791,9,1.589032232753143e-5
1791,10,2.800459156730383e-6
1791,11,-6.0004379637028535e-6
1791,12,4.460195586611203e-6
1792,1,1.085449572454899e-5
1792,2,-5.4555243658640285e-6
1792,3,5.487036480536593e-7
1792,4,-1.630941992424295e-5
1792,5,-7.965843135621263e-6
1792,6,-6.439428430216867e-7
1792,7,1.9601227482940228e-7
1792,8,3.033997478836891e-6
1792,9,2.2266642368648842e-6
1792,10,-4.85696389807376e-6
1792,11,-3.2599811342956294e-6
1792,12,-1.4445945015297797e-6
1793,1,6.490826518342812e-6
1793,2,5.5228231219408675e-6
1793,3,-1.140168413696162e-6
1793,4,1.2833930444670787e-5
1793,5,2.44625933391718e-6
1793,6,-6.660108489030248e-6
1793,7,-3.292191089329066e-7
1793,8,-7.657166705820769e-7
1793,9,1.2766472742746702e-5
1793,10,-1.3622692267356787e-5
1793,11,-6.748408523349518e-6
1793,12,6.233429040023037e-7
1794,1,4.1528228856314345e-06
1794,2,-1.1061166380920009e-5
1794,3,-9.721468249089406e-6
1794,4,-1.1310005781467151e-5
1794,5,2.9259035910420107e-7
1794,6,5.6319021776294784e-6
1794,7,6.8106665744255e-7
1794,8,-1.494541192276354e-7
1794,9,-1.904686556119364e-6
1794,10,-2.515942897962304e-6
1794,11,-1.194680148181921e-5
1794,12,4.123437873268022e-6
1795,1,1.639368722806243e-5
1795,2,2.0236529061636995e-6
1795,3,-4.414853469903212e-6
1795,4,-6.884485525578546e-6
1795,5,-1.0490213566172593e-5
1795,6,-9.370608396067105e-7
1795,7,-2.635017716000081e-7
1795,8,9.625445011985613e-7
1795,9,4.593778682920037e-6
1795,10,-1.0321311704546197e-5
1795,11,8.36435319246502e-6
1795,12,-6.035370338066144e-6
1796,1,-5.663167561107572e-6
1796,2,1.205206476819038e-5
1796,3,7.352881113405229e-7
1796,4,7.1224810396751585e-6
1796,5,-9.393019321637717e-6
1796,6,-3.3834403971863057e-6
1796,7,-2.5137493221218467e-6
1796,8,2.844789124400114e-6
1796,9,-2.5561257079796022e-6
1796,10,1.1321400611226987e-5
1796,11,-4.707152080093446e-6
1796,12,7.910405346366553e-6
1797,1,-2.902661225196554e-6
1797,2,-5.073680496230226e-6
1797,3,-3.5899771029566963e-6
1797,4,1.1351430738406233e-5
1797,5,-2.378900855038446e-6
1797,6,-1.280844244681889e-7
1797,7,-4.772299821145539e-7
1797,8,-1.601790923908789e-6
1797,9,3.2400133148757238e-6
1797,10,-1.6902276057519611e-6
1797,11,2.4646634111202323e-6
1797,12,-5.724571279600326e-6
1798,1,-7.053434875024995e-7
1798,2,-3.0939380068863244e-6
1798,3,9.689032460106742e-7
1798,4,5.76550808721441e-6
1798,5,-3.481646996837734e-6
1798,6,-1.0112960201189316e-6
1798,7,-7.08579839211522e-7
1798,8,2.3862368112580744e-6
1798,9,-6.689159702547293e-6
1798,10,-1.365414327944506e-5
1798,11,-5.8576783308551515e-06
1798,12,1.1796863330211208e-5
1799,1,-1.7527963295612916e-6
1799,2,-6.14034715205145e-6
1799,3,7.867747382824605e-6
1799,4,2.0880864577589837e-6
1799,5,-3.977061578202943e-6
1799,6,-4.5592647487071456e-7
1799,7,2.7730922199866515e-7
1799,8,9.436284567930204e-7
1799,9,-3.8360232272532026e-6
1799,10,-1.0062183663983856e-5
1799,11,-9.220124724334696e-6
1799,12,5.726891967597311e-6
1800,1,1.7065163717785975e-5
1800,2,1.4542499932733282e-5
1800,3,1.4901965005442087e-5
1800,4,-9.954393778100337e-6
1800,5,1.0903241921740319e-6
1800,6,2.1832846457554122e-7
1800,7,2.6484290550140696e-6
1800,8,1.149293111877016e-6
1800,9,-1.0991111001675501e-5
1800,10,-7.972212791339827e-6
1800,11,2.405895302065271e-6
1800,12,3.277138120279191e-6
1801,1,7.222482287962301e-6
1801,2,6.8558005223397666e-6
1801,3,-9.614162685274177e-6
1801,4,1.5529451001495893e-6
1801,5,3.2754651989856613e-6
1801,6,-2.8956958512327e-6
1801,7,-2.2163817099190986e-6
1801,8,1.5717925467296534e-6
1801,9,1.2247349583661913e-5
1801,10,-1.3240505605357885e-6
1801,11,-8.091531954232082e-6
1801,12,-3.4755075286881188e-6
1802,1,1.6293828474349987e-5
1802,2,6.845976530923121e-6
1802,3,-2.8442385213412875e-6
1802,4,-5.427517892497325e-6
1802,5,-9.057796185380856e-6
1802,6,-5.39281501826098e-6
1802,7,-1.25321720968956e-6
1802,8,-7.698880470946052e-7
1802,9,9.067765030670122e-6
1802,10,-1.0584825169311218e-5
1802,11,2.4155896884163943e-6
1802,12,3.108911236332793e-6
1803,1,7.635972244682326e-6
1803,2,9.184756199807901e-6
1803,3,4.524464066666811e-6
1803,4,-8.750027538181746e-6
1803,5,-2.0431782294226075e-6
1803,6,-4.3212627977069405e-6
1803,7,2.180488518266198e-6
1803,8,1.5483192810397322e-6
1803,9,1.1998092873782872e-5
1803,10,-1.4691615239681431e-5
1803,11,-9.804102894953516e-6
1803,12,2.6404604238232166e-6
1804,1,1.110700113101022e-5
1804,2,9.036756361042242e-6
1804,3,8.364968111935598e-6
1804,4,-2.9371162858526986e-6
1804,5,2.983731937720076e-7
1804,6,1.5491588526495148e-6
1804,7,1.6624991437982626e-6
1804,8,-1.3588416446398645e-7
1804,9,-1.7123294306902896e-5
1804,10,1.6093567106772475e-5
1804,11,-1.682570985333267e-5
1804,12,1.3116284931173944e-5
1805,1,2.151340781470469e-5
1805,2,1.540726454510466e-5
1805,3,1.1216152700571354e-6
1805,4,4.21846970874804e-6
1805,5,2.451523862347945e-6
1805,6,-5.298125456800043e-7
1805,7,1.1176017492334766e-6
1805,8,1.327207471549549e-6
1805,9,-2.817206971302854e-6
1805,10,1.6650958105955452e-5
1805,11,-1.5335695831775694e-5
1805,12,1.6340504638967667e-5
1806,1,1.9362317140926214e-5
1806,2,2.571115760223805e-6
1806,3,1.728868391474219e-5
1806,4,5.704585718040114e-6
1806,5,-4.775963479877389e-6
1806,6,-2.277461754167484e-6
1806,7,7.376695767191656e-7
1806,8,8.334897443221688e-7
1806,9,-1.7621135203703916e-6
1806,10,1.3641507532858361e-6
1806,11,3.006858409229188e-6
1806,12,4.176370297686023e-6
1807,1,3.823712227808571e-6
1807,2,1.5596274231614302e-6
1807,3,1.7047097490034852e-5
1807,4,-4.0786780033465275e-6
1807,5,-1.4032753738132378e-5
1807,6,-1.9055777482697143e-6
1807,7,6.481665506348891e-7
1807,8,5.880344422995361e-7
1807,9,-4.081938064607728e-6
1807,10,-5.896197817231653e-6
1807,11,-3.0169671574463448e-5
1807,12,-4.8942446922213615e-6
1808,1,1.1111523814610064e-5
1808,2,4.019977709553741e-6
1808,3,5.39432687126815e-6
1808,4,-1.3417889996104427e-6
1808,5,-9.451342359317867e-6
1808,6,-1.9037532174152167e-6
1808,7,-3.3420338633097586e-7
1808,8,-4.593906143186949e-7
1808,9,5.2662042391187205e-6
1808,10,2.135816839112485e-5
1808,11,1.2584224456483883e-5
1808,12,1.9758811078979654e-5
1809,1,2.4189377011085628e-5
1809,2,-1.1965326318526708e-6
1809,3,-3.390376409838605e-6
1809,4,8.096537963218658e-6
1809,5,-9.368716136997585e-7
1809,6,-3.1990604683562754e-6
1809,7,-3.828484980178915e-7
1809,8,-1.082491836509649e-6
1809,9,9.660124893391656e-7
1809,10,1.356475948946982e-5
1809,11,1.4055882439905304e-5
1809,12,1.1481646378204728e-5
1810,1,1.2191312243957297e-5
1810,2,1.775677161228778e-5
1810,3,-5.3916260823174406e-6
1810,4,-5.057543701591989e-6
1810,5,-9.738689362174585e-6
1810,6,1.1852970337573985e-6
1810,7,-8.219103267248892e-7
1810,8,5.68235586328305e-7
1810,9,-8.040835952422801e-6
1810,10,1.7035867339459838e-5
1810,11,1.9696518495429387e-5
1810,12,3.4865386382151796e-6
1811,1,1.1621054457938851e-5
1811,2,-1.005982195317418e-5
1811,3,-1.1753337553073162e-5
1811,4,-1.5361635049235556e-6
1811,5,-7.39009328939541e-6
1811,6,-8.655967183493385e-7
1811,7,1.941000377836112e-6
1811,8,2.2227567553734175e-6
1811,9,1.2024881298918807e-5
1811,10,-9.397221693139327e-6
1811,11,-1.5241076421713664e-5
1811,12,-1.1003349150682886e-5
1812,1,1.715571025796636e-5
1812,2,1.6609049934783996e-6
1812,3,1.6085945976152052e-5
1812,4,6.270903569910927e-6
1812,5,8.948715373316621e-6
1812,6,-3.1660370383871073e-6
1812,7,1.3333903781005117e-6
1812,8,1.519086015367546e-6
1812,9,1.0611052865388208e-5
1812,10,2.1174391412373532e-5
1812,11,-5.247614812581305e-7
1812,12,7.073128329635934e-6
1813,1,1.391369544063516e-5
1813,2,-2.7957442339236064e-6
1813,3,-1.606606084384686e-6
1813,4,-3.994525228924495e-6
1813,5,-4.262144304929266e-6
1813,6,3.364705262079754e-6
1813,7,3.317313516863252e-7
1813,8,2.587014226451848e-6
1813,9,1.406753548044728e-5
1813,10,1.906921403793387e-5
1813,11,1.1368015531264975e-5
1813,12,2.3402117208215644e-5
1814,1,2.663940264568797e-5
1814,2,-1.8390598171926485e-7
1814,3,9.354914514444684e-6
1814,4,-7.337847586305166e-6
1814,5,2.939638197044716e-6
1814,6,-1.5927793497707013e-6
1814,7,8.8287365304499395e-07
1814,8,1.972337471414335e-6
1814,9,4.808046286828437e-6
1814,10,2.6775055539279007e-5
1814,11,2.881717151427495e-6
1814,12,1.2207863036168694e-5
1815,1,2.0248976820376038e-5
1815,2,1.2268038992735367e-6
1815,3,-1.0008982026072246e-5
1815,4,5.309380088508538e-6
1815,5,7.981152648124264e-6
1815,6,7.603888184189094e-6
1815,7,2.7517696492774685e-6
1815,8,1.1670993207236515e-6
1815,9,1.128108795048324e-6
1815,10,-4.742177633135643e-6
1815,11,-4.643027459363693e-6
1815,12,4.177952639100151e-6
1816,1,2.3133940361814455e-5
1816,2,2.133541527040348e-6
1816,3,-1.0248275307778982e-6
1816,4,-9.745718934548823e-7
1816,5,1.2563934285226496e-5
1816,6,2.1756714630574417e-6
1816,7,-7.383052592645728e-7
1816,8,1.1046896563790944e-6
1816,9,2.6916710919603306e-6
1816,10,1.2356232493102424e-5
1816,11,1.768631179699246e-5
1816,12,1.05152345022109e-5
1817,1,-6.443679840549384e-6
1817,2,-1.3105127508545601e-5
1817,3,5.104710124027163e-6
1817,4,1.1890313754953846e-6
1817,5,-4.930126062218155e-7
1817,6,2.6733300909417803e-6
1817,7,2.9993305295106005e-7
1817,8,7.989307806375885e-7
1817,9,1.244678579685084e-6
1817,10,1.9973138026500223e-5
1817,11,-2.3499469051884505e-5
1817,12,2.3935974196059343e-5
1818,1,3.5779441027949592e-6
1818,2,-6.908476455867847e-7
1818,3,1.7308974741419866e-6
1818,4,-8.602092213418655e-6
1818,5,5.010188451765255e-6
1818,6,2.4900195101433994e-6
1818,7,1.3643425569051549e-6
1818,8,9.56660776520415e-7
1818,9,3.0711042948922004e-6
1818,10,3.8577547308669006e-6
1818,11,3.02275911754291e-6
1818,12,6.7682080140129345e-6
1819,1,6.390036689612596e-6
1819,2,9.334067276299729e-6
1819,3,1.1102428292060863e-6
1819,4,-7.031219530322004e-7
1819,5,5.072598379579078e-6
1819,6,1.7910232241041726e-6
1819,7,4.783231217295814e-7
1819,8,3.943303252486759e-6
1819,9,1.1623492301283032e-5
1819,10,-9.40428164977114e-7
1819,11,1.182043530934939e-5
1819,12,1.7503666839334491e-6
1820,1,1.9182672809041563e-5
1820,2,1.823683630936147e-6
1820,3,2.5533341751764515e-6
1820,4,-2.3260545432465175e-6
1820,5,-7.286725686741489e-6
1820,6,-1.443011279276947e-6
1820,7,-6.522203932866068e-8
1820,8,-1.9644808747717803e-6
1820,9,8.44088453027102e-6
1820,10,1.2632771403175704e-5
1820,11,1.4351279598077047e-8
1820,12,1.4053007814588158e-6
1821,1,1.3489994585382588e-5
1821,2,-3.9234095035703495e-6
1821,3,9.114273582285459e-6
1821,4,7.847702218199499e-6
1821,5,-5.693098342261117e-6
1821,6,3.1683467981750296e-6
1821,7,-3.0259883751777323e-10
1821,8,5.985700944937197e-8
1821,9,-4.218649330370513e-7
1821,10,1.4330345200147387e-5
1821,11,-2.343408838033642e-5
1821,12,-1.8695937984765708e-6
1822,1,7.842943920827283e-7
1822,2,-1.5421357664169935e-5
1822,3,-1.1427946524908574e-5
1822,4,1.1530894214207516e-5
1822,5,-8.383024785711077e-7
1822,6,5.953427638260156e-8
1822,7,-6.372327372384642e-8
1822,8,3.9076695527453684e-7
1822,9,-2.950137327408569e-7
1822,10,1.8536091052932917e-5
1822,11,-3.879580059281034e-6
1822,12,5.619676804996305e-6
1823,1,2.0306770292616623e-5
1823,2,2.4688175093409848e-5
1823,3,1.751383490463171e-5
1823,4,1.906777213877451e-7
1823,5,-9.261693167047874e-6
1823,6,1.4009903496007035e-6
1823,7,4.1343937188683473e-7
1823,8,-7.770681047132024e-8
1823,9,1.3347390780142159e-5
1823,10,7.22759276091634e-6
1823,11,-8.427308967625302e-6
1823,12,-1.1300482969545757e-6
1824,1,7.481542948408125e-6
1824,2,-4.0533564196264025e-6
1824,3,2.128036711778166e-5
1824,4,8.254237604633566e-6
1824,5,-1.0866255660853277e-5
1824,6,-3.0347106928810627e-6
1824,7,-8.667020037613001e-8
1824,8,7.932188435733083e-7
1824,9,1.7172421488943364e-6
1824,10,5.269384143564621e-7
1824,11,-1.0831557609847102e-5
1824,12,-5.073645049130603e-6
1825,1,-3.2965752806708446e-6
1825,2,-1.2356625068043408e-5
1825,3,3.6885477676946404e-6
1825,4,-4.720385151397839e-7
1825,5,-5.911163722757683e-6
1825,6,5.118563480613414e-6
1825,7,8.314836917855693e-7
1825,8,2.058008905453946e-6
1825,9,8.960446968152268e-6
1825,10,-5.510278605332312e-6
1825,11,-1.5047921067924077e-6
1825,12,1.112892680851099e-5
1826,1,1.9477839988159158e-5
1826,2,-1.8487006471720543e-6
1826,3,4.596246330135742e-6
1826,4,7.949861035490952e-7
1826,5,6.158430041143074e-6
1826,6,5.074639204163449e-6
1826,7,1.9397680967015207e-6
1826,8,1.0466492410913687e-6
1826,9,3.5493795634476543e-6
1826,10,1.0756911934338614e-5
1826,11,1.8294635157041387e-5
1826,12,-1.0696749305318033e-5
1827,1,1.8358984278050364e-5
1827,2,8.52852472366202e-6
1827,3,-6.8945254847552615e-6
1827,4,-1.1746466666335538e-5
1827,5,-2.7626564325278758e-6
1827,6,7.0461848954064584e-6
1827,7,1.1717312890321619e-6
1827,8,1.408414705893855e-6
1827,9,1.0591076980992211e-5
1827,10,1.6795299696280624e-6
1827,11,-1.2001338547163586e-7
1827,12,-1.4291191525032229e-5
1828,1,-1.0498748913340641e-5
1828,2,1.5772650866675806e-5
1828,3,-8.203934309751103e-7
1828,4,-8.114105803680996e-6
1828,5,-7.679413456530655e-6
1828,6,-3.0956459307368213e-6
1828,7,-1.6545528515037114e-6
1828,8,6.102101445969383e-7
1828,9,-5.878959440001177e-6
1828,10,-9.818578072164355e-6
1828,11,-6.31497512755245e-6
1828,12,-2.1324699639096374e-5
1829,1,2.0195023713071578e-5
1829,2,5.5981127338296384e-6
1829,3,-9.80066137449392e-7
1829,4,-4.997192978613768e-6
1829,5,4.349711400429015e-6
1829,6,1.7359234471081545e-6
1829,7,-7.734873797708295e-7
1829,8,1.1301955931888545e-6
1829,9,5.563106070797029e-6
1829,10,4.078542435891601e-6
1829,11,2.4679637346750326e-6
1829,12,1.2176985694204373e-5
1830,1,1.966554938579323e-5
1830,2,7.271241196120741e-6
1830,3,-1.9886663469560676e-5
1830,4,-1.3590255666257312e-5
1830,5,-8.093330085476702e-6
1830,6,-3.952117825489902e-6
1830,7,-7.408392353775284e-7
1830,8,4.196602917953735e-7
1830,9,1.2759402575772437e-5
1830,10,-1.7064825416963327e-5
1830,11,-9.967237884817284e-6
1830,12,2.247288886175169e-5
1831,1,1.6312397847238714e-5
1831,2,1.7279298033617115e-6
1831,3,-3.463928217114245e-6
1831,4,1.1974605015489748e-5
1831,5,-2.015876253913675e-7
1831,6,-9.955313593541152e-7
1831,7,2.016178547947241e-8
1831,8,1.9960658238837036e-6
1831,9,1.1923120497645442e-5
1831,10,-2.049664049784775e-5
1831,11,-1.824900895137082e-5
1831,12,-6.224396661437122e-6
1832,1,5.310876822502397e-6
1832,2,5.7378530766008184e-6
1832,3,5.803088580321784e-6
1832,4,6.116769866029209e-6
1832,5,5.607479556611171e-7
1832,6,3.3667945843988673e-6
1832,7,4.704294050865717e-7
1832,8,1.1119027531553819e-6
1832,9,-7.3360794127642205e-6
1832,10,-1.3858883921223203e-5
1832,11,1.2945158852395904e-6
1832,12,-6.11281679723745e-6
1833,1,-1.0043861792248205e-5
1833,2,4.282852441990638e-6
1833,3,-1.5564424563490263e-7
1833,4,6.2379160178310655e-6
1833,5,-1.0995387541945857e-5
1833,6,-3.577530828234721e-6
1833,7,1.9793663699107234e-6
1833,8,3.3081973044356404e-6
1833,9,2.3922889692634004e-5
1833,10,-2.918498469725009e-6
1833,11,-8.270465041588505e-6
1833,12,-1.6586311166980786e-5
1834,1,-4.21627582871657e-6
1834,2,-2.1468744338970033e-6
1834,3,-1.660544631496142e-5
1834,4,-5.105798045740383e-6
1834,5,1.2783576069651136e-6
1834,6,-6.303669375020394e-6
1834,7,-4.2898388767579003e-7
1834,8,1.0848314610107146e-6
1834,9,-7.792236258475863e-6
1834,10,-2.1461763995819404e-5
1834,11,-5.1776460520529726e-6
1834,12,-1.9405041946544008e-5
1835,1,-1.32491551791081e-5
1835,2,-6.178845109953287e-7
1835,3,2.534462660627342e-6
1835,4,-5.288551313230139e-7
1835,5,6.7538532399470685e-6
1835,6,3.870244318835584e-6
1835,7,-9.795884609261661e-7
1835,8,2.2331285465452083e-6
1835,9,1.0273029721776633e-5
1835,10,8.434583440236547e-6
1835,11,-4.654707598734825e-6
1835,12,-1.3363110118116102e-5
1836,1,-1.3231648797441964e-5
1836,2,2.1556574026474318e-5
1836,3,-3.361905051189056e-6
1836,4,7.811658763831235e-6
1836,5,3.6608921694644924e-6
1836,6,-5.144997464369175e-6
1836,7,-7.267697840721839e-7
1836,8,-1.203130701329282e-7
1836,9,5.948715045262639e-6
1836,10,-5.023942929922695e-6
1836,11,-3.728207118241287e-6
1836,12,-9.167692880706724e-6
1837,1,8.638725337870288e-8
1837,2,1.2121097975592462e-7
1837,3,2.7528550835315637e-6
1837,4,9.424757606086596e-6
1837,5,6.638956126085402e-6
1837,6,-5.002486233404456e-6
1837,7,8.966798991988734e-7
1837,8,-6.913845709332546e-8
1837,9,6.77656821750661e-6
1837,10,-1.4579184180478483e-5
1837,11,-8.903463090876107e-6
1837,12,-8.769872833529306e-6
1838,1,1.4796371169618299e-5
1838,2,1.792154205320028e-5
1838,3,7.866836515803184e-6
1838,4,5.885131029169665e-6
1838,5,-5.1602369740435195e-6
1838,6,-4.319168716786556e-6
1838,7,-6.255157055660012e-8
1838,8,1.2968113285719172e-7
1838,9,4.1391900993239095e-6
1838,10,-4.998629059763438e-6
1838,11,1.3488209799981454e-6
1838,12,6.441658884527075e-6
1839,1,-7.839366799709488e-6
1839,2,-7.98180948229584e-6
1839,3,3.850682269013496e-6
1839,4,7.709170928190638e-7
1839,5,-1.551093824237199e-6
1839,6,-5.4076226981021035e-6
1839,7,2.9465024834717356e-7
1839,8,1.723016956914551e-6
1839,9,9.15645370407581e-6
1839,10,3.0329174353599946e-6
1839,11,1.1595760726327848e-5
1839,12,4.5201968941120924e-06
1840,1,-1.2531848906486079e-5
1840,2,6.066521624164577e-6
1840,3,-4.505003258481332e-6
1840,4,1.2003488683179665e-5
1840,5,1.368003046446284e-6
1840,6,-4.929052709423573e-6
1840,7,4.8552208026635954e-8
1840,8,3.832456962714799e-7
1840,9,3.5569629735034415e-6
1840,10,-1.8094005920430148e-5
1840,11,-1.15941662644147e-5
1840,12,-5.470460684851612e-6
1841,1,1.1536350727170785e-5
1841,2,1.1473153148189856e-5
1841,3,-8.131833497093639e-6
1841,4,4.045416372630338e-6
1841,5,-7.949029928728283e-6
1841,6,1.2251530251217363e-6
1841,7,-7.356212314740284e-7
1841,8,2.5470222571533926e-8
1841,9,-1.1830964839660665e-6
1841,10,3.9209857318381495e-6
1841,11,-1.1514038615940291e-5
1841,12,6.402458957556703e-6
1842,1,1.1167467845324655e-5
1842,2,-1.15194022738585e-5
1842,3,-4.54770858415817e-7
1842,4,7.267126187790184e-7
1842,5,1.2661085995826342e-5
1842,6,1.5931642488275073e-6
1842,7,7.95040936220959e-8
1842,8,6.446217293922055e-7
1842,9,2.5749939883012107e-5
1842,10,7.00328411986095e-6
1842,11,5.469470283733029e-6
1842,12,-2.4337071634143422e-5
1843,1,-2.7429250196967556e-7
1843,2,1.2641839819777077e-5
1843,3,1.1652270146462965e-5
1843,4,-5.788637151929217e-6
1843,5,6.329826713792161e-7
1843,6,7.68140003080879e-7
1843,7,8.887379953315476e-7
1843,8,-1.074800860881942e-6
1843,9,-3.987768822571764e-6
1843,10,-5.648760693521846e-6
1843,11,-3.839797556804745e-6
1843,12,-3.125654991633168e-5
1844,1,-1.046853438177536e-5
1844,2,2.3002176914724536e-5
1844,3,-4.53475974498037e-6
1844,4,-9.854348745195067e-6
1844,5,8.18309961211214e-6
1844,6,-2.349725843497683e-6
1844,7,9.857754414418913e-7
1844,8,5.869820262328536e-7
1844,9,-5.3358257001775884e-8
1844,10,-2.2375659903692395e-6
1844,11,-3.3472892881419646e-6
1844,12,5.979455308216429e-6
1845,1,2.722556974885595e-5
1845,2,1.6547354875193304e-5
1845,3,9.412649086807092e-6
1845,4,4.655541902873759e-6
1845,5,9.053232458693619e-6
1845,6,3.0115469070066516e-6
1845,7,3.678158357469491e-7
1845,8,2.310544452835392e-6
1845,9,6.921754832628526e-6
1845,10,-1.2680583251710923e-5
1845,11,3.4573713955621214e-6
1845,12,-5.285436589900961e-6
1846,1,3.207690077794338e-6
1846,2,-8.64118966496949e-6
1846,3,-1.1985009550336617e-6
1846,4,-1.6117302704306763e-6
1846,5,-1.08767521795747e-6
1846,6,-1.5486595855603349e-6
1846,7,3.192471484596552e-7
1846,8,1.7658719668404215e-6
1846,9,1.3011715010518342e-5
1846,10,4.586817203606968e-5
1846,11,-2.501455954238837e-7
1846,12,1.8779841506792455e-5
1847,1,1.5558579559391386e-5
1847,2,5.264810885346658e-7
1847,3,4.997435584663413e-7
1847,4,-1.1961275377509415e-7
1847,5,-8.133620918999746e-6
1847,6,7.278731558162873e-6
1847,7,1.5938876461722744e-6
1847,8,2.274164561040516e-6
1847,9,-4.790715729251165e-6
1847,10,-2.833740061234024e-6
1847,11,-8.788122055998556e-6
1847,12,1.0926753618606513e-5
1848,1,5.552134004197598e-6
1848,2,1.8118516575852703e-5
1848,3,2.0154040478369145e-7
1848,4,6.124257583150984e-6
1848,5,3.210067582356103e-6
1848,6,-3.4348916427008362e-6
1848,7,1.0686206095904086e-6
1848,8,-8.670420572055761e-7
1848,9,6.245990895197662e-6
1848,10,1.1745809192650315e-5
1848,11,2.58429340577842e-7
1848,12,-1.0200976870253258e-5
1849,1,-4.2133432513360496e-6
1849,2,-2.1686864591487463e-5
1849,3,-4.407156999762518e-6
1849,4,1.5127762499907923e-5
1849,5,-1.5818008509250726e-6
1849,6,-1.9836286598292082e-6
1849,7,3.145839154992153e-7
1849,8,1.038584335758214e-6
1849,9,1.6721523501523287e-6
1849,10,4.94269643667304e-6
1849,11,1.9263950736058375e-6
1849,12,-7.579429499072836e-6
1850,1,3.1851200274355233e-6
1850,2,-9.200861247119716e-6
1850,3,-9.922272241527011e-6
1850,4,1.1493348791783724e-5
1850,5,4.9112424305011916e-6
1850,6,7.677633892734716e-6
1850,7,6.938289586474331e-7
1850,8,1.1960209889311139e-6
1850,9,9.736334262720653e-6
1850,10,1.6628499704078376e-5
1850,11,-1.436373964746724e-5
1850,12,-1.0395642986837715e-5
1851,1,-7.55013919759776e-6
1851,2,-9.233342783030257e-6
1851,3,1.0634778542299079e-5
1851,4,5.877884386635132e-6
1851,5,9.192053891109741e-6
1851,6,-6.173460351487249e-7
1851,7,2.2283131159158616e-7
1851,8,1.9794918240184008e-6
1851,9,9.822556546167776e-6
1851,10,-7.031673857371153e-6
1851,11,2.186304123594463e-5
1851,12,-2.5845407869121365e-5
1852,1,5.793329082203697e-7
1852,2,-1.9469038752450794e-6
1852,3,-8.240981279318787e-6
1852,4,2.695789598116512e-7
1852,5,-3.036232755508407e-6
1852,6,-3.619400918256176e-6
1852,7,1.047101445537091e-6
1852,8,2.4919479740368302e-6
1852,9,4.5227761264582556e-7
1852,10,-1.2862524512059633e-6
1852,11,-2.1741237740904336e-5
1852,12,-1.706668183688536e-5
1853,1,7.571794061523145e-6
1853,2,2.25213079539326e-5
1853,3,2.2620763053232725e-5
1853,4,9.453600109052013e-6
1853,5,-3.413821838099709e-6
1853,6,7.361660219846278e-6
1853,7,-3.29234209499103e-7
1853,8,-1.2179692570919928e-8
1853,9,6.047386251751037e-6
1853,10,-4.5169835840934437e-7
1853,11,4.4877743042535055e-6
1853,12,5.897367244053076e-6
1854,1,7.958046924159305e-6
1854,2,-1.0841353685614977e-5
1854,3,-1.0946973148015003e-5
1854,4,-8.601765151604044e-6
1854,5,1.3741034253649162e-5
1854,6,-1.1782663361733922e-6
1854,7,3.0684326160001547e-7
1854,8,5.694130469483615e-7
1854,9,-3.220724493114768e-6
1854,10,-7.381884088759833e-6
1854,11,6.664562105111144e-6
1854,12,1.876519742677824e-6
1855,1,4.892373849256741e-6
1855,2,-7.192429390545327e-8
1855,3,5.999426156934221e-6
1855,4,4.548247585726328e-6
1855,5,3.0453277738876814e-6
1855,6,4.930329021938892e-6
1855,7,-1.2130819752164964e-6
1855,8,-5.217808435442344e-7
1855,9,5.062094603119204e-6
1855,10,-1.0549453505076647e-5
1855,11,1.2138467906439094e-5
1855,12,-5.896939063945915e-6
1856,1,1.3203728304823243e-5
1856,2,-3.334837465706249e-6
1856,3,-2.6538619402650575e-6
1856,4,2.0541727986049784e-6
1856,5,9.625863491747035e-6
1856,6,-1.719754652575239e-6
1856,7,1.035586131547782e-6
1856,8,-7.432430862959985e-7
1856,9,2.9755986814182273e-6
1856,10,-2.626516430488476e-8
1856,11,-5.6219603208231845e-6
1856,12,1.551292824714702e-5
1857,1,1.0042417425788172e-5
1857,2,-5.947429330640615e-6
1857,3,-9.533356057652255e-7
1857,4,6.995327350793999e-6
1857,5,8.325146464185189e-6
1857,6,-2.5947333060599803e-6
1857,7,1.716166237915433e-7
1857,8,5.325099487799044e-7
1857,9,2.6435086842864576e-6
1857,10,3.496547051898451e-6
1857,11,-6.490074514488898e-6
1857,12,-4.0802307989567555e-6
1858,1,-6.767643733436027e-6
1858,2,3.8885277256153896e-6
1858,3,-6.515783754150163e-7
1858,4,-5.585910935321461e-6
1858,5,2.5470318930770507e-6
1858,6,3.0905206234265e-6
1858,7,7.110789939538425e-7
1858,8,2.416489332535319e-6
1858,9,-1.5538696093676725e-6
1858,10,1.3526330676058444e-5
1858,11,7.770550926083681e-7
1858,12,7.562528548175431e-6
1859,1,-1.1890370729958635e-5
1859,2,-5.906321796779842e-6
1859,3,-1.7742335442868973e-6
1859,4,-1.0725161011842285e-5
1859,5,1.0398177703324167e-5
1859,6,3.356774322820818e-6
1859,7,3.725134375779925e-7
1859,8,1.971066392793097e-6
1859,9,4.685497498182118e-7
1859,10,-2.8476192672415808e-6
1859,11,-2.036929601185348e-5
1859,12,1.7309379373782232e-6
1860,1,-9.370598703796714e-6
1860,2,1.2378788274097927e-5
1860,3,3.610019216631206e-7
1860,4,9.528354564596158e-6
1860,5,2.723607341334678e-6
1860,6,-7.74369382063823e-7
1860,7,-1.4077670771540978e-7
1860,8,-5.550383244109085e-7
1860,9,-4.1176313539472275e-6
1860,10,-1.5386586409103243e-05
1860,11,1.1417292711175131e-6
1860,12,2.0023576260423434e-5
1861,1,-1.669982950966702e-5
1861,2,-4.170862920060105e-6
1861,3,8.798635985702581e-7
1861,4,-1.4612756498765406e-6
1861,5,-6.076917751059045e-6
1861,6,2.0223475583764742e-7
1861,7,4.290052011885899e-7
1861,8,-1.8017925322520815e-6
1861,9,6.582967082199807e-6
1861,10,-8.047807764883464e-6
1861,11,-1.2961224309604375e-5
1861,12,-1.8487861011193333e-5
1862,1,3.5604841906864203e-6
1862,2,1.0343532643071486e-6
1862,3,-2.450382476836646e-6
1862,4,-9.87127795960435e-6
1862,5,4.5097842786784157e-7
1862,6,4.6835073221263394e-6
1862,7,-9.247817082328594e-7
1862,8,2.5976060327679304e-6
1862,9,6.065402325202987e-8
1862,10,-9.941558615655159e-6
1862,11,1.8307161358078103e-5
1862,12,-2.8073256469841725e-6
1863,1,-1.8806952304055432e-6
1863,2,-1.3744202810422532e-5
1863,3,1.2230318913956634e-5
1863,4,-1.782631019041698e-5
1863,5,-1.0143473653501771e-6
1863,6,-2.541560583406151e-6
1863,7,1.6323347039735666e-7
1863,8,-1.1293629986781282e-6
1863,9,-1.0748444849379602e-5
1863,10,1.1554299123077881e-5
1863,11,1.633616054159214e-5
1863,12,-7.975207532268703e-6
1864,1,-1.1520753503790262e-5
1864,2,2.2204627041645914e-5
1864,3,4.970604326792196e-6
1864,4,-9.722444008013366e-6
1864,5,9.628660920718202e-6
1864,6,-5.883918939667211e-7
1864,7,-7.541906157566883e-7
1864,8,-1.5463142431891806e-6
1864,9,5.552813523689685e-6
1864,10,-1.2562655214101199e-5
1864,11,1.1303986909149994e-5
1864,12,8.244437108667095e-6
1865,1,-5.38900804169729e-6
1865,2,1.5548152554647657e-5
1865,3,3.815513384527109e-5
1865,4,-8.769962904387447e-6
1865,5,-9.506781174268982e-6
1865,6,2.1764211000994815e-7
1865,7,8.516275139445032e-7
1865,8,-2.2913051396747547e-7
1865,9,-5.998702203540776e-6
1865,10,1.8590779723663582e-5
1865,11,-1.0102715336319753e-5
1865,12,-1.4897114865799638e-5
1866,1,-9.290279118766949e-6
1866,2,-1.0693490280919406e-5
1866,3,3.2859405654344405e-6
1866,4,-7.047294258393601e-6
1866,5,-1.6187566880364763e-6
1866,6,-1.7254804691242043e-6
1866,7,-1.326153124242423e-6
1866,8,4.919180030358263e-7
1866,9,2.1134677091867143e-6
1866,10,1.306525787353724e-6
1866,11,-9.271431162254229e-6
1866,12,-2.4569214629247363e-5
1867,1,5.5452320351456026e-6
1867,2,-1.0628931110951644e-5
1867,3,1.0452774955695819e-5
1867,4,-1.3770494530823266e-5
1867,5,-1.404263440628124e-5
1867,6,-3.091175268165365e-6
1867,7,1.9467354068141615e-6
1867,8,1.3890143876686567e-06
1867,9,1.3826199793104963e-6
1867,10,9.035795945720274e-6
1867,11,-2.5555838842608875e-5
1867,12,6.401990130505177e-6
1868,1,2.24706799231088e-5
1868,2,-1.9759270156655596e-5
1868,3,2.9313363626803934e-6
1868,4,-1.7916865761786316e-6
1868,5,-4.107374018321327e-6
1868,6,4.971693002693356e-6
1868,7,2.577293931797472e-6
1868,8,3.0974759428726173e-6
1868,9,1.0677662951006403e-5
1868,10,1.7362394911729583e-5
1868,11,9.802676488250209e-6
1868,12,-1.6761230792008173e-5
1869,1,-7.4038236566586295e-6
1869,2,-7.805979664873947e-6
1869,3,2.5495959158899677e-5
1869,4,5.454909449243938e-6
1869,5,-8.843550920110878e-6
1869,6,-2.6727804241759162e-6
1869,7,5.643283094924065e-7
1869,8,1.550600281587872e-6
1869,9,-8.906194082357055e-7
1869,10,8.915943424999869e-7
1869,11,-1.7558544633138444e-5
1869,12,2.4460972485698543e-5
1870,1,7.150405888821008e-6
1870,2,6.165371462649671e-6
1870,3,4.015075000411325e-6
1870,4,-7.201028890098253e-6
1870,5,-4.993447832501177e-6
1870,6,4.06667968255546e-6
1870,7,8.496800885827459e-7
1870,8,2.153104190209999e-6
1870,9,-8.812221438638381e-6
1870,10,-6.510745483455675e-6
1870,11,1.817472368521705e-5
1870,12,1.2020616662614696e-5
1871,1,2.1070189713888916e-5
1871,2,-2.674299664179204e-6
1871,3,1.977158424213878e-6
1871,4,-1.3167786920634852e-5
1871,5,-5.0677904157459324e-6
1871,6,2.3726611958087294e-6
1871,7,-3.9952885462647605e-7
1871,8,-1.1061421886276571e-7
1871,9,-7.110808236566641e-6
1871,10,-6.135450813913928e-6
1871,11,2.8746312660809934e-5
1871,12,-1.980197403343006e-5
1872,1,1.0685857770967159e-5
1872,2,1.6268961083837177e-7
1872,3,3.3077175460960468e-6
1872,4,-9.30715339525762e-6
1872,5,-4.207514328298655e-6
1872,6,4.28975610824469e-6
1872,7,2.3957402612716375e-7
1872,8,1.7411131547434165e-6
1872,9,1.6885687391980258e-7
1872,10,1.771361434727536e-5
1872,11,4.203951239843816e-6
1872,12,2.6790590608422676e-6
1873,1,7.53995659675762e-6
1873,2,1.582679890566474e-5
1873,3,-9.20536467248287e-6
1873,4,1.4771560939307005e-5
1873,5,4.963962153275822e-6
1873,6,-4.781647828510025e-7
1873,7,-1.2102228608284128e-6
1873,8,-1.7807576168212185e-6
1873,9,-3.219825947674981e-6
1873,10,-7.000469098022284e-6
1873,11,1.2787264815384129e-5
1873,12,-2.1520136861649113e-5
1874,1,-1.1320809435729853e-5
1874,2,5.76601738501695e-6
1874,3,-4.003494074588295e-6
1874,4,9.184150732512098e-6
1874,5,2.3107513645101096e-5
1874,6,2.2459870968690805e-7
1874,7,4.234819392305806e-7
1874,8,3.214289245832585e-6
1874,9,-5.4470568692018006e-6
1874,10,1.352219802210346e-6
1874,11,1.5091424065200705e-5
1874,12,2.7865279745137413e-5
1875,1,-1.0005473660031427e-5
1875,2,4.384170842061099e-6
1875,3,9.156645449505799e-6
1875,4,2.6299506336623575e-6
1875,5,-1.0119010995903663e-5
1875,6,3.867266704201694e-6
1875,7,-1.538396035177958e-7
1875,8,2.215981865288055e-6
1875,9,-1.7184826704036362e-7
1875,10,1.9339062710527268e-5
1875,11,7.841467942708631e-6
1875,12,-8.919593092093607e-6
1876,1,3.201099631166446e-6
1876,2,-4.0394934756181406e-7
1876,3,-7.582585214457458e-7
1876,4,-1.282050120202325e-6
1876,5,1.2699565696988676e-6
1876,6,3.952032491695314e-6
1876,7,2.0827662073069445e-6
1876,8,5.66695106411999e-7
1876,9,-4.063488918649325e-6
1876,10,-2.4868341172292372e-6
1876,11,6.050103043328571e-6
1876,12,6.066303443596935e-6
1877,1,-6.120532430332207e-6
1877,2,-5.050451305715976e-6
1877,3,1.2830821798886551e-5
1877,4,2.237262295978669e-6
1877,5,-5.2234544497314615e-6
1877,6,1.4149856650224328e-6
1877,7,-5.797046706974075e-7
1877,8,-2.4913723588755215e-6
1877,9,1.0278276923477334e-5
1877,10,1.2269569718473045e-5
1877,11,-2.051549223404782e-6
1877,12,1.1271032624769346e-5
1878,1,4.325288518355142e-6
1878,2,-1.4284136188701955e-5
1878,3,-2.9322798531985805e-6
1878,4,-7.277025391376196e-6
1878,5,-1.0229697785087027e-5
1878,6,-3.955932526103333e-6
1878,7,1.3366975854091244e-6
1878,8,5.192341364910688e-7
1878,9,1.6189607684857977e-5
1878,10,2.051847822366059e-6
1878,11,1.4574344042657993e-5
1878,12,2.1117319592171583e-5
1879,1,2.8568669133114835e-7
1879,2,1.3350580310598602e-5
1879,3,-1.1202475757202575e-5
1879,4,9.34823395248426e-6
1879,5,1.825069391388418e-5
1879,6,-7.623472413311466e-6
1879,7,-1.5825502471568685e-6
1879,8,-1.7892495921752906e-6
1879,9,3.135367216638753e-6
1879,10,-9.734813843592814e-6
1879,11,-1.0919319601231876e-5
1879,12,-2.263207813906256e-5
1880,1,-9.38809563919727e-6
1880,2,-7.4228722283656e-6
1880,3,-7.101559021700716e-6
1880,4,-2.2603037316564944e-6
1880,5,1.0618381079815784e-5
1880,6,-3.3869958827072683e-6
1880,7,-1.9850961063238935e-6
1880,8,4.4672703492710305e-6
1880,9,-5.399518685044598e-6
1880,10,-1.582712633370866e-5
1880,11,-2.2662111922480325e-5
1880,12,-2.9198219271754336e-5
1881,1,2.6326062384046034e-5
1881,2,-6.282200860483423e-6
1881,3,-4.638955835885629e-6
1881,4,-1.4629002894453874e-7
1881,5,7.643336489061147e-6
1881,6,3.8933435428462615e-06
1881,7,-1.934969737762761e-6
1881,8,-2.215555160086214e-6
1881,9,2.5250334067784654e-6
1881,10,1.4018265736518351e-5
1881,11,-2.8230879097728985e-5
1881,12,5.264725026740461e-7
1882,1,-5.123509029530455e-6
1882,2,-1.3332026913579482e-5
1882,3,-2.194200089890355e-6
1882,4,1.40053915182164e-6
1882,5,-4.534001613418007e-6
1882,6,-5.344746832928198e-6
1882,7,1.2940356325713484e-6
1882,8,1.2228814333934822e-7
1882,9,1.6088488075397602e-5
1882,10,1.0737917162581502e-5
1882,11,-1.669524514655887e-5
1882,12,-9.76891829268041e-6
1883,1,2.445416314203673e-6
1883,2,-6.311475012861526e-6
1883,3,1.673339547215654e-5
1883,4,4.874225881308325e-6
1883,5,-1.2664327523585263e-6
1883,6,2.3943827859779703e-6
1883,7,-3.1250560214928215e-6
1883,8,-3.1168055789879926e-7
1883,9,1.1767325141621988e-5
1883,10,-7.647987833478058e-6
1883,11,-7.244249255982183e-6
1883,12,-1.2101857886236945e-5
1884,1,-5.446200379151583e-6
1884,2,-9.924794135217725e-6
1884,3,-7.841647939019458e-7
1884,4,1.5716417008723925e-5
1884,5,2.330840872076961e-7
1884,6,1.2010422267044175e-5
1884,7,9.904515773519236e-7
1884,8,4.00485750321808e-6
1884,9,-2.1397810767644004e-6
1884,10,1.0420277445828072e-7
1884,11,-1.6882389340843828e-5
1884,12,1.0268213975711919e-5
1885,1,1.1295435876375984e-5
1885,2,-5.5541277252814936e-8
1885,3,-4.389414441967093e-6
1885,4,1.1652061742833227e-5
1885,5,-4.680629463931558e-6
1885,6,3.517427915431255e-6
1885,7,8.047934691657377e-7
1885,8,3.855445945440991e-6
1885,9,-1.937874914537745e-6
1885,10,-3.1017030310878767e-6
1885,11,2.2037700963326465e-5
1885,12,-2.714536631854931e-5
1886,1,2.4529604404634124e-5
1886,2,9.740602477237897e-6
1886,3,-3.7773266390051495e-6
1886,4,2.906601947830433e-6
1886,5,-2.939200202029471e-6
1886,6,1.264385773504829e-7
1886,7,-1.3582040144844687e-6
1886,8,3.080845927435407e-6
1886,9,-6.253058676163081e-6
1886,10,-8.623469657171035e-6
1886,11,-5.500975660098682e-6
1886,12,1.5018651894524978e-5
1887,1,1.0922302579226048e-5
1887,2,-3.3893327823317663e-6
1887,3,-6.56979120981353e-6
1887,4,2.9814129984595356e-6
1887,5,-2.1445291942569e-6
1887,6,-4.069719045395214e-6
1887,7,4.932646768637035e-7
1887,8,-6.637423283380113e-7
1887,9,1.115965835026391e-6
1887,10,1.3601719559516816e-5
1887,11,2.1694299237997932e-6
1887,12,1.196260828324887e-5
1888,1,-6.343250821897406e-6
1888,2,1.0714300778317804e-5
1888,3,-2.891311697369988e-6
1888,4,-8.439615758087133e-6
1888,5,-3.5305419343564545e-6
1888,6,-7.674668421698042e-6
1888,7,-1.0953427818983725e-6
1888,8,1.3995231044615195e-6
1888,9,4.54740373788603e-6
1888,10,-1.0725582867095314e-5
1888,11,-8.143233441836043e-6
1888,12,-2.4364801462808262e-5
1889,1,1.8247210610815497e-6
1889,2,1.2513314664800547e-5
1889,3,1.2412963045021546e-5
1889,4,4.753457520065288e-6
1889,5,-5.852096554030118e-7
1889,6,2.378424979142703e-6
1889,7,1.2936101229181001e-6
1889,8,-2.066092527579794e-6
1889,9,8.68509606557878e-6
1889,10,8.846580527275887e-6
1889,11,-6.127148969989421e-6
1889,12,7.643788120793742e-6
1890,1,-7.428065388410267e-6
1890,2,-1.3765480299777575e-5
1890,3,1.2807618703932506e-5
1890,4,3.7627733311785864e-6
1890,5,2.1836431446917243e-6
1890,6,-1.4137129501808827e-6
1890,7,-5.256924113208879e-8
1890,8,-3.5580724510001804e-6
1890,9,-2.1117227158603466e-6
1890,10,-2.227643492884381e-6
1890,11,1.780760899574223e-5
1890,12,-2.112277705262982e-6
1891,1,1.3363424868950915e-5
1891,2,-1.3599067316200424e-5
1891,3,-8.19384348022637e-6
1891,4,2.183043989147587e-6
1891,5,-2.5024355348342803e-6
1891,6,-1.5993272308910104e-6
1891,7,-1.0672841675708657e-6
1891,8,-1.947506518506499e-6
1891,9,1.845492150264168e-6
1891,10,-2.446983208643783e-6
1891,11,4.334442453135349e-6
1891,12,-6.19419796525892e-6
1892,1,1.1461667354135309e-5
1892,2,9.783950274266161e-6
1892,3,1.2830753875089518e-5
1892,4,3.7262868864081685e-6
1892,5,-7.324706412282122e-7
1892,6,-4.567523754225363e-6
1892,7,3.5803549321599404e-7
1892,8,-1.4370920354181953e-7
1892,9,7.12735142607675e-6
1892,10,7.318769054602766e-6
1892,11,-1.5164778012325367e-5
1892,12,6.409232513177616e-6
1893,1,5.472704406461266e-6
1893,2,5.245477610941122e-6
1893,3,-1.4345035656036875e-5
1893,4,-2.0405711605787125e-5
1893,5,-2.381442905455562e-6
1893,6,-2.7442698533836205e-7
1893,7,2.708407753026243e-6
1893,8,-8.082608208874154e-7
1893,9,-7.403002128182552e-6
1893,10,-1.4623364373983414e-5
1893,11,3.9509735766876154e-5
1893,12,6.965683897808521e-6
1894,1,1.4910934603624604e-5
1894,2,-2.3467338886886788e-5
1894,3,-1.4827392864260266e-7
1894,4,3.147495072689581e-6
1894,5,2.1673943168343185e-6
1894,6,-4.839226676737954e-6
1894,7,-2.2412991831965923e-6
1894,8,-6.359116574830959e-7
1894,9,-2.390294459600766e-6
1894,10,-1.4099911689742204e-5
1894,11,-1.8083005110504193e-5
1894,12,1.6400762903710931e-6
1895,1,2.488097478395642e-5
1895,2,1.4027549632515121e-5
1895,3,1.4440928460045748e-6
1895,4,9.154933214329395e-6
1895,5,1.1893681725200921e-5
1895,6,4.578821925253458e-7
1895,7,-6.445449467176846e-7
1895,8,-9.302898087182119e-7
1895,9,-1.5055203487682295e-5
1895,10,-1.0011846988225617e-5
1895,11,-1.3142535799624663e-5
1895,12,1.2069519962003982e-5
1896,1,-1.3521492028020879e-5
1896,2,-2.2950994493071277e-6
1896,3,-5.971854409704209e-6
1896,4,8.611988300019579e-6
1896,5,2.208723132614764e-6
1896,6,7.224185233218193e-7
1896,7,-5.531133755126064e-7
1896,8,5.068172838203042e-6
1896,9,-7.0405543295952835e-6
1896,10,2.101396630857048e-5
1896,11,3.129104974003161e-5
1896,12,7.30283653490001e-6
1897,1,1.6278713817435945e-5
1897,2,-8.005421378655448e-6
1897,3,1.6318252412855605e-7
1897,4,-1.0034568260953745e-6
1897,5,8.73220989134661e-6
1897,6,-3.1129261662358124e-6
1897,7,8.355872685243225e-7
1897,8,-8.329575999862063e-7
1897,9,3.5126846108344597e-6
1897,10,-4.111255390398999e-6
1897,11,-2.4747633569072733e-5
1897,12,-8.876770456621014e-6
1898,1,-1.7493170438458272e-5
1898,2,6.562446067013563e-6
1898,3,9.573511024773445e-6
1898,4,-7.644399824617767e-6
1898,5,-1.3368569202381614e-6
1898,6,-5.123019975828503e-6
1898,7,1.8498225312468724e-6
1898,8,1.3583397348069875e-6
1898,9,-1.5056723137265166e-6
1898,10,-1.3938540219833662e-6
1898,11,8.027852737853694e-6
1898,12,-2.446571339346597e-6
1899,1,-2.5804943270989482e-6
1899,2,-8.616578417258179e-6
1899,3,-1.3221995260566075e-5
1899,4,-4.650239279037648e-6
1899,5,-6.96388777305233e-7
1899,6,6.795925320865402e-6
1899,7,3.007990660068936e-7
1899,8,8.715637394171234e-7
1899,9,1.1743256744487611e-5
1899,10,-4.154987364394695e-6
1899,11,-1.6798037224669518e-5
1899,12,1.92392268714325e-5
1900,1,9.699452559248509e-6
1900,2,4.871803448385445e-6
1900,3,5.588955195125854e-6
1900,4,1.1795232495454895e-5
1900,5,1.4460525487829603e-5
1900,6,5.856787849477232e-6
1900,7,2.0090629624211025e-6
1900,8,2.5562591934906583e-6
1900,9,-7.90629072772965e-6
1900,10,6.080153403631752e-7
1900,11,3.5031187485576215e-5
1900,12,-5.145426117305387e-6
1901,1,-1.1437932605233845e-5
1901,2,9.39279300816224e-6
1901,3,6.79388949531704e-7
1901,4,-1.0369433463193092e-5
1901,5,6.538876020712024e-6
1901,6,2.280526313464101e-6
1901,7,-3.443157060476211e-7
1901,8,-1.9130798770567957e-8
1901,9,1.6303385684318558e-5
1901,10,2.4714385896291353e-5
1901,11,-7.319397353124847e-6
1901,12,7.255762582706184e-6
1902,1,-8.598006983111448e-6
1902,2,1.3669296637541691e-5
1902,3,3.4183795648819935e-6
1902,4,4.065386281584787e-6
1902,5,9.460017635819784e-6
1902,6,-2.0529673093019185e-6
1902,7,-6.097403813001893e-8
1902,8,-1.855489418167227e-6
1902,9,-1.0243305577382757e-6
1902,10,2.1376255827352195e-5
1902,11,2.8924032859489966e-6
1902,12,-8.904570965877896e-6
1903,1,-1.2587513011679768e-5
1903,2,-3.112140755472357e-6
1903,3,1.8855449346292715e-6
1903,4,2.774486481033688e-6
1903,5,-2.4705175627559298e-6
1903,6,5.7055998397819215e-6
1903,7,7.375013471222618e-7
1903,8,-2.0285593151916872e-6
1903,9,-1.144741334694249e-5
1903,10,-7.164418236227691e-7
1903,11,-6.370298054022462e-8
1903,12,1.3734830714472516e-5
1904,1,-1.4745895213631622e-7
1904,2,4.925371706045176e-6
1904,3,1.07696217901332e-6
1904,4,-1.9415349562291996e-6
1904,5,-6.516439337471491e-6
1904,6,3.242713673649188e-7
1904,7,-7.11208822661021e-7
1904,8,1.3633931888736567e-6
1904,9,1.2446869260988574e-5
1904,10,1.023494061961124e-5
1904,11,-5.132404295133955e-6
1904,12,-2.9143286142698258e-6
1905,1,1.918130731779538e-6
1905,2,1.4211922886243517e-5
1905,3,5.391373229703975e-6
1905,4,-4.535301035896462e-6
1905,5,5.390165786134235e-6
1905,6,5.370603223949117e-6
1905,7,3.1620119556260105e-6
1905,8,6.604270563182143e-7
1905,9,-4.895902393993678e-6
1905,10,1.702921524504464e-5
1905,11,2.875831489542478e-6
1905,12,-2.173293042461136e-5
1906,1,4.2998717117757067e-7
1906,2,1.2464434268203608e-5
1906,3,2.8817876334185973e-6
1906,4,-9.6076529032531e-6
1906,5,3.7983276284730027e-6
1906,6,3.167681828842296e-6
1906,7,-1.9718090052094353e-8
1906,8,3.758028501199862e-7
1906,9,-1.0517863336877496e-6
1906,10,-2.6772709115668614e-6
1906,11,-1.305329458635128e-5
1906,12,1.2448146897206547e-5
1907,1,2.0046196959380185e-6
1907,2,-6.575582887031063e-7
1907,3,-3.1950269100158835e-6
1907,4,1.2502452165485357e-5
1907,5,-5.748072072852281e-6
1907,6,1.8718821723072662e-6
1907,7,-3.462014648174301e-7
1907,8,-2.106387044344259e-6
1907,9,-5.047181632747097e-6
1907,10,5.8295767871358935e-6
1907,11,-1.1262541894392987e-5
1907,12,6.948404647207875e-6
1908,1,-4.714959431148754e-6
1908,2,-5.561976164262345e-6
1908,3,8.242234576549371e-6
1908,4,8.77375063152723e-6
1908,5,-1.4084893607044392e-5
1908,6,-7.691204055657183e-6
1908,7,2.5448204681119467e-6
1908,8,-3.037924321096763e-8
1908,9,-1.3417439632692047e-5
1908,10,-6.446506088052535e-6
1908,11,7.063617718820701e-7
1908,12,1.0432181503789147e-5
1909,1,-7.165820052122913e-6
1909,2,4.147458048119886e-6
1909,3,1.1528802503753768e-5
1909,4,-8.520777710487084e-6
1909,5,-3.5754049374073544e-6
1909,6,-1.7582128833812764e-6
1909,7,-1.7733285564420435e-6
1909,8,2.3271793066577495e-6
1909,9,9.459035678008012e-6
1909,10,-6.01900002249224e-6
1909,11,-3.589955870388271e-6
1909,12,-6.794979638486978e-6
1910,1,2.5423629940103057e-6
1910,2,8.19415374583557e-6
1910,3,-6.044000920645967e-7
1910,4,4.776037321621107e-6
1910,5,2.4175551635816533e-6
1910,6,4.263946971499426e-6
1910,7,7.442155816531208e-7
1910,8,-5.315403830290717e-7
1910,9,9.340724780058373e-6
1910,10,1.4404500956252581e-5
1910,11,-8.735410067679837e-7
1910,12,8.633261260247016e-6
1911,1,-6.236949251220096e-6
1911,2,-1.3953081958975949e-5
1911,3,-8.263307120167546e-6
1911,4,4.629282166487759e-6
1911,5,1.2342011241984284e-5
1911,6,-9.010686009043991e-7
1911,7,-3.0490323173565257e-7
1911,8,8.867941381080855e-7
1911,9,1.1833396132208633e-5
1911,10,-1.4138065939861059e-5
1911,11,-6.117369797938842e-7
1911,12,1.233703786604542e-6
1912,1,1.1504216983699482e-6
1912,2,-5.291185178829474e-6
1912,3,-1.2991675209726048e-06
1912,4,1.564512720282314e-6
1912,5,-3.3264150384792974e-7
1912,6,-2.4638226397801797e-6
1912,7,6.6287953500908e-7
1912,8,-1.0366478548532037e-6
1912,9,1.3961989438908771e-5
1912,10,-3.030262962022043e-6
1912,11,-2.2990182344679724e-6
1912,12,-2.3674499300711268e-5
1913,1,3.5555154561033883e-6
1913,2,8.058401380636131e-7
1913,3,-1.2265549648772305e-5
1913,4,-2.691265061733008e-6
1913,5,-2.203851175188267e-6
1913,6,9.517162304962738e-7
1913,7,3.67726223396717e-6
1913,8,1.4921587907278807e-6
1913,9,-3.8265330529744154e-6
1913,10,-1.119177907391179e-5
1913,11,-5.899238841379055e-6
1913,12,-2.389879019032555e-6
1914,1,1.090320077830582e-5
1914,2,-6.829458782889584e-6
1914,3,4.785211159510738e-6
1914,4,-1.366117838584274e-5
1914,5,3.256178222447239e-6
1914,6,1.986741808327803e-6
1914,7,2.3029598511155564e-6
1914,8,4.1391627729342284e-7
1914,9,-1.992008536265754e-6
1914,10,9.590115151620747e-6
1914,11,1.2392304262819988e-5
1914,12,2.13202766666207e-6
1915,1,2.5136592225595795e-5
1915,2,1.3652983296838949e-5
1915,3,8.052427472980997e-6
1915,4,3.5162926016868364e-6
1915,5,3.300298631993376e-6
1915,6,1.4303079235031246e-5
1915,7,1.7195052129938507e-6
1915,8,1.916056944227647e-6
1915,9,1.0253342836001208e-5
1915,10,2.3406827782063746e-5
1915,11,7.5078152203423505e-6
1915,12,-1.307795033475917e-6
1916,1,-1.9194702407104305e-5
1916,2,-3.2344171659195506e-6
1916,3,3.849839020258607e-6
1916,4,-6.346525515710306e-7
1916,5,-4.079333185536318e-6
1916,6,-5.922629572854546e-6
1916,7,2.0583702606058776e-8
1916,8,3.0985429419582868e-6
1916,9,2.168730264181496e-5
1916,10,1.5833866224672142e-7
1916,11,1.5524556129262103e-5
1916,12,1.2388544650360303e-5
1917,1,1.625833168703669e-5
1917,2,5.855611875454462e-6
1917,3,3.800692148973959e-6
1917,4,-1.0616316986818638e-5
1917,5,-5.938354575909225e-6
1917,6,-3.5022533225000258e-6
1917,7,7.306318090362826e-8
1917,8,2.2888738329812306e-7
1917,9,-1.3290915532232408e-5
1917,10,2.294384796457712e-6
1917,11,6.295279916983375e-6
1917,12,6.654285520296016e-6
1918,1,-1.533812139079062e-5
1918,2,-1.336944030709205e-5
1918,3,2.144086295242847e-6
1918,4,3.5815217163955664e-6
1918,5,2.2395981276857598e-6
1918,6,-3.1796368014596435e-7
1918,7,-2.0815167720168004e-7
1918,8,1.8767868211719078e-6
1918,9,-8.642286600020286e-6
1918,10,3.128859420509213e-5
1918,11,-8.892693073280579e-6
1918,12,-1.1602178599545253e-5
1919,1,1.595228731264567e-5
1919,2,5.0131740822696355e-6
1919,3,1.835161593766349e-6
1919,4,8.431245872490988e-6
1919,5,9.966007857122104e-7
1919,6,-4.953220421637717e-6
1919,7,9.768628786101048e-7
1919,8,-1.423538516488552e-6
1919,9,-1.3841651481592774e-6
1919,10,1.6899397200214724e-5
1919,11,-4.6475772386877924e-6
1919,12,-1.5368686807110562e-5
1920,1,-2.4685249255814765e-6
1920,2,-1.2159753169186457e-5
1920,3,-2.935709289823846e-6
1920,4,-1.0943733325086057e-6
1920,5,-7.493116502970132e-6
1920,6,5.9609804763538566e-6
1920,7,1.2579261694465855e-7
1920,8,4.690733855782498e-7
1920,9,-7.706258243112054e-6
1920,10,1.5286880282578312e-5
1920,11,-3.870686484841235e-6
1920,12,5.370647505373088e-6
1921,1,-7.93706207005981e-6
1921,2,-1.863418845461934e-6
1921,3,1.5453079259896802e-6
1921,4,7.283048565781458e-6
1921,5,7.5105537370609965e-6
1921,6,7.098873973079849e-6
1921,7,-4.7461885544060793e-7
1921,8,1.6208755443241578e-6
1921,9,-3.818217423910302e-6
1921,10,-1.1193068637965065e-5
1921,11,-7.289812771393998e-6
1921,12,-8.274300953521238e-6
1922,1,1.0214837449361973e-5
1922,2,-7.576813398268458e-6
1922,3,-9.749759312492073e-7
1922,4,2.7568039611395553e-6
1922,5,-7.373158975471162e-6
1922,6,8.308653492449996e-7
1922,7,-2.508654567226937e-6
1922,8,-7.665079025614817e-7
1922,9,1.2563292489502722e-5
1922,10,1.4869058548740794e-5
1922,11,-1.3874685719690095e-5
1922,12,-6.61543533475291e-6
1923,1,4.461123494532422e-6
1923,2,1.1617001756698617e-5
1923,3,5.408941923733228e-7
1923,4,6.099866649487099e-6
1923,5,-1.1089460986436518e-5
1923,6,-4.4094991308228776e-7
1923,7,-1.5967593247522285e-6
1923,8,5.498040087734816e-7
1923,9,1.473571718462142e-7
1923,10,-1.8647661088814326e-5
1923,11,2.190042970745837e-6
1923,12,8.26684010814476e-6
1924,1,1.534444549444727e-6
1924,2,1.4374115931597648e-5
1924,3,6.304222491255152e-6
1924,4,-3.265935107074204e-6
1924,5,-8.097687820168647e-6
1924,6,1.427070870489263e-6
1924,7,9.795853226591393e-7
1924,8,1.845250057060155e-6
1924,9,-4.846261208069377e-6
1924,10,2.9372290531151557e-6
1924,11,-1.799137297189953e-5
1924,12,-1.0166490848650364e-5
1925,1,-1.6860452397392345e-5
1925,2,3.6552923107228006e-6
1925,3,4.291623301262085e-6
1925,4,1.1145178744435953e-6
1925,5,6.223664674618438e-6
1925,6,-1.104277604244966e-6
1925,7,-2.401987938990426e-7
1925,8,5.456778039413325e-7
1925,9,7.234471218023586e-6
1925,10,-1.0444765844431612e-5
1925,11,2.0577437117352036e-5
1925,12,-8.741184055021747e-6
1926,1,-7.569436829589009e-6
1926,2,-1.402369049532872e-5
1926,3,-1.39117900471447e-6
1926,4,-8.597051840148001e-6
1926,5,-1.9991619383273474e-6
1926,6,3.914166344931025e-6
1926,7,1.7938689211585206e-6
1926,8,-2.9885391094876096e-8
1926,9,3.990318671282878e-6
1926,10,-9.796297629443156e-6
1926,11,6.41589435991294e-6
1926,12,2.9881138223182224e-6
1927,1,4.104756684198345e-6
1927,2,-5.407405070225886e-6
1927,3,1.8561684696688477e-6
1927,4,-1.3814602033554341e-5
1927,5,9.751065490495511e-7
1927,6,-4.607359414351127e-6
1927,7,-2.1651002778318265e-6
1927,8,2.4947766993602863e-7
1927,9,-4.146898988193923e-6
1927,10,8.402404969721172e-6
1927,11,-1.0198180911513827e-5
1927,12,2.4569828147814103e-5
1928,1,-1.6280126595683297e-7
1928,2,-1.471440041635551e-5
1928,3,2.031466793437486e-5
1928,4,5.850795066411391e-7
1928,5,2.7011989786816705e-6
1928,6,-5.301969449906559e-6
1928,7,-3.6858337914707134e-6
1928,8,-1.2236967410005124e-6
1928,9,1.756716058964235e-5
1928,10,-3.6221096008650245e-6
1928,11,6.885066113843951e-6
1928,12,2.014416421308363e-6
1929,1,1.9944656532116116e-6
1929,2,-3.7792763520049447e-6
1929,3,-5.409168480008084e-6
1929,4,1.5574395953919264e-7
1929,5,-4.584935112403898e-6
1929,6,3.1253040447843426e-6
1929,7,-1.1835921096158934e-6
1929,8,2.327532463704208e-6
1929,9,-2.8113323394428845e-6
1929,10,4.810401500598466e-6
1929,11,2.7934800774035054e-5
1929,12,3.167563157063529e-6
1930,1,-1.3904590389730921e-6
1930,2,1.2532518122045518e-5
1930,3,-5.882031887022788e-6
1930,4,1.215604222172368e-6
1930,5,3.0312908707296903e-6
1930,6,5.760119049038819e-6
1930,7,5.235109093232498e-7
1930,8,1.1349479160156308e-6
1930,9,-3.8678457477381054e-7
1930,10,-2.687989863158806e-6
1930,11,-2.6599017316382947e-5
1930,12,2.3495427286828642e-5
1931,1,1.0293158402125986e-5
1931,2,1.8972421200054748e-5
1931,3,1.5902768194340453e-5
1931,4,9.345361487587405e-6
1931,5,-1.6948988531912967e-6
1931,6,-3.280958221401224e-6
1931,7,-1.5946992512613057e-6
1931,8,-5.304260759667286e-7
1931,9,1.0235595349825158e-5
1931,10,-9.82700708685015e-6
1931,11,1.3554913115432187e-5
1931,12,2.4776169966655553e-6
1932,1,-1.3255185056713467e-5
1932,2,-1.283383792778853e-6
1932,3,1.4165603870095978e-5
1932,4,3.504462987858381e-6
1932,5,-6.6103782534604506e-06
1932,6,2.6444608172455857e-6
1932,7,1.5966934898716034e-6
1932,8,-6.327357484056176e-7
1932,9,1.8322585545902695e-6
1932,10,3.3462692122697666e-6
1932,11,7.993371419560707e-6
1932,12,-7.953915919135366e-6
1933,1,1.3886758885683819e-5
1933,2,2.275883253044277e-6
1933,3,-8.183226642064413e-8
1933,4,-5.551098886196369e-6
1933,5,-2.8769106037028383e-6
1933,6,4.327811057820539e-6
1933,7,-1.0027263652272631e-7
1933,8,-1.082850433505983e-6
1933,9,-6.756142236470301e-7
1933,10,7.23759317443793e-6
1933,11,1.410660684109041e-5
1933,12,2.771826936359652e-5
1934,1,4.307070125445324e-6
1934,2,2.711936249943111e-6
1934,3,1.5525124385057157e-5
1934,4,-7.775558141172306e-7
1934,5,6.494859382776188e-8
1934,6,1.7692949877138026e-6
1934,7,6.886843101062545e-7
1934,8,1.6933205879879066e-6
1934,9,2.997667656098385e-6
1934,10,3.020770417583739e-6
1934,11,-2.0977084972587707e-6
1934,12,4.391748530652363e-6
1935,1,1.180108466054719e-5
1935,2,4.664073087284936e-7
1935,3,-1.7873219581869491e-6
1935,4,-1.1130041358885074e-5
1935,5,-4.955726900262441e-6
1935,6,-4.94120055818986e-6
1935,7,-1.260585050567809e-7
1935,8,8.988120494863472e-7
1935,9,-9.395205115282712e-6
1935,10,2.5160351085691646e-6
1935,11,1.6348290175193115e-5
1935,12,1.8099337147383407e-5
1936,1,-3.370909083048522e-6
1936,2,1.6438152356045068e-5
1936,3,5.882473634792531e-6
1936,4,-2.578525889456626e-7
1936,5,7.329644645026714e-6
1936,6,3.606741761978597e-6
1936,7,-5.014626639419102e-7
1936,8,-3.418179787598617e-6
1936,9,-2.559013363146638e-7
1936,10,7.168147189476084e-6
1936,11,-4.138126014904752e-6
1936,12,-1.7512393936661282e-6
1937,1,-2.7783504459138504e-6
1937,2,5.265421044086085e-6
1937,3,8.346888524952417e-6
1937,4,6.0583761511059866e-6
1937,5,3.560087092743346e-6
1937,6,-3.357633216677348e-8
1937,7,6.922006661821928e-7
1937,8,2.741309216122111e-6
1937,9,1.5196264581464922e-5
1937,10,9.84358485892333e-6
1937,11,9.288172902089667e-6
1937,12,2.637266272114528e-6
1938,1,-1.8007703003768958e-6
1938,2,7.354871750212031e-8
1938,3,-1.314173459913605e-5
1938,4,4.327664966265682e-6
1938,5,3.463055127739987e-6
1938,6,-4.78937965518604e-6
1938,7,-1.3614912112652498e-6
1938,8,3.7126964794060215e-6
1938,9,-4.3940803744026297e-7
1938,10,-1.255162757909278e-6
1938,11,-1.4406256168311738e-5
1938,12,4.403417054120282e-6
1939,1,8.021141124367173e-6
1939,2,-5.990994459602814e-6
1939,3,1.686790110444408e-5
1939,4,3.357405720037042e-7
1939,5,1.811612948127133e-5
1939,6,2.9363079851167133e-6
1939,7,-1.0378016594880246e-6
1939,8,1.7408429502085057e-6
1939,9,2.187432145056256e-5
1939,10,1.7212956421198906e-5
1939,11,-7.036487964820826e-6
1939,12,1.5042777970890906e-5
1940,1,1.5670729224092922e-5
1940,2,-9.444590714002778e-7
1940,3,-3.2641024505644763e-6
1940,4,1.358501772845661e-5
1940,5,2.87592790442376e-6
1940,6,4.029217479322552e-6
1940,7,-2.671320575429863e-7
1940,8,1.9492753619875303e-6
1940,9,-7.780607865212936e-6
1940,10,1.5623851333911834e-05
1940,11,1.5082083555069682e-6
1940,12,1.6735849477868615e-6
1941,1,7.844888709084129e-6
1941,2,1.8074148370375874e-5
1941,3,-3.65744166339518e-6
1941,4,8.704898711098933e-6
1941,5,5.711802948449294e-6
1941,6,6.241106335408096e-7
1941,7,2.2549473209330322e-7
1941,8,-7.625585602812688e-7
1941,9,-4.3658344868438715e-6
1941,10,7.693646009134454e-6
1941,11,5.45331550979475e-6
1941,12,-1.2651974307720167e-5
1942,1,1.5965888666359904e-5
1942,2,1.804904972096003e-5
1942,3,6.372732447682051e-6
1942,4,3.1991383573511464e-7
1942,5,3.15616136220228e-7
1942,6,5.084945351329117e-7
1942,7,-1.8416840206420284e-7
1942,8,-1.3582635606662252e-6
1942,9,-9.603987126073623e-6
1942,10,-1.5246030228715054e-5
1942,11,-3.65129183106212e-7
1942,12,6.428639850524065e-7
1943,1,2.4679717095133313e-6
1943,2,-7.863433503694248e-6
1943,3,1.9688024250743897e-6
1943,4,-8.407811546830259e-6
1943,5,4.498326402963608e-7
1943,6,9.007812468188438e-7
1943,7,-6.644238211087977e-7
1943,8,-1.3625862728721192e-6
1943,9,-1.8888626645635674e-6
1943,10,2.1771043721467682e-5
1943,11,1.1818019487089555e-5
1943,12,2.060954063550723e-6
1944,1,-2.073519392816365e-5
1944,2,-1.209646008417046e-6
1944,3,4.099000483402827e-6
1944,4,-7.113018572511371e-6
1944,5,-1.350625611584609e-6
1944,6,2.7554874789578264e-6
1944,7,6.130174662551373e-7
1944,8,-1.8969860570169999e-6
1944,9,3.6698605595739686e-6
1944,10,9.11901838621385e-6
1944,11,-5.47090335861391e-6
1944,12,-8.726011044900179e-6
1945,1,1.67716954058771e-5
1945,2,-2.6287198372012868e-5
1945,3,-1.797570406112985e-5
1945,4,-1.3672957553244728e-5
1945,5,-8.642859686711262e-6
1945,6,-6.479533983998568e-6
1945,7,-9.228085535523695e-7
1945,8,-9.576644080237159e-7
1945,9,-4.510408632618865e-6
1945,10,-1.3877493541872236e-5
1945,11,8.150780685238118e-6
1945,12,6.5234510389151386e-6
1946,1,-2.6812642917211137e-6
1946,2,-1.5085814989028643e-5
1946,3,1.859402438183996e-7
1946,4,-5.593847220247731e-6
1946,5,-1.046158697167654e-6
1946,6,-3.89619696453143e-6
1946,7,-1.0257511538134995e-6
1946,8,-1.7503216455895841e-6
1946,9,-1.0090435592158934e-5
1946,10,7.145756154367978e-6
1946,11,1.3627456318135626e-6
1946,12,4.392935750072391e-6
1947,1,4.254306868063085e-6
1947,2,2.2503353943278557e-5
1947,3,-7.795520966356527e-6
1947,4,-1.058306286131773e-5
1947,5,-8.003144769332568e-7
1947,6,-1.6729351339527784e-6
1947,7,-1.5638646990175928e-6
1947,8,1.405512495921211e-6
1947,9,-6.199662626192205e-6
1947,10,1.8051849857812394e-6
1947,11,-1.3899268370296025e-5
1947,12,9.558475819603212e-6
1948,1,7.577426449499337e-6
1948,2,-3.073519736101529e-6
1948,3,-2.0542882955529635e-5
1948,4,1.4698052328923575e-6
1948,5,2.9478543711058494e-6
1948,6,2.8563946348571195e-6
1948,7,1.2017267490478597e-6
1948,8,3.120193991015348e-7
1948,9,6.6484798567468905e-6
1948,10,8.415623005415997e-6
1948,11,-8.782018783289584e-6
1948,12,-1.6959576270817074e-5
1949,1,-9.669853647627283e-6
1949,2,-1.390170267754892e-5
1949,3,-4.349905435082526e-6
1949,4,-1.709980876496559e-5
1949,5,5.4461846382018564e-6
1949,6,1.7846668390890928e-7
1949,7,-7.870731962855788e-7
1949,8,-1.6673582631529925e-8
1949,9,-1.139620703343395e-6
1949,10,-3.300385962644342e-6
1949,11,2.1693426604393084e-5
1949,12,-9.306125868654797e-6
1950,1,1.1786538304233922e-6
1950,2,-5.025648063099777e-6
1950,3,-5.214990334159646e-6
1950,4,2.7615437187145127e-6
1950,5,-8.172421509772353e-6
1950,6,-3.801851748195155e-6
1950,7,-2.6430858095194538e-6
1950,8,-3.3893124364017796e-6
1950,9,2.1211947131025536e-6
1950,10,-4.040276085968899e-6
1950,11,-4.142880860190225e-6
1950,12,2.711977757978332e-5
1951,1,1.2698224177143302e-5
1951,2,1.0901909517221195e-5
1951,3,6.4988733353197635e-6
1951,4,-6.880197732383307e-6
1951,5,1.5650053698044985e-6
1951,6,-5.037241794774398e-6
1951,7,1.8954554479353405e-6
1951,8,-2.331179873090445e-6
1951,9,1.2695717368617183e-5
1951,10,-4.078458593316392e-6
1951,11,-1.4410822866357822e-5
1951,12,-1.1020686476868112e-5
1952,1,1.1386525105331862e-6
1952,2,-2.798292452280791e-6
1952,3,-1.3673334353042844e-5
1952,4,-1.1724301230799878e-5
1952,5,9.338904429358623e-7
1952,6,-7.596966425380206e-6
1952,7,4.373664391272894e-7
1952,8,-3.302896306105359e-6
1952,9,1.8451595447301694e-6
1952,10,-8.73602104799529e-6
1952,11,-6.624691405494334e-6
1952,12,8.856592753560965e-6
1953,1,1.3804035890172225e-6
1953,2,-4.1784909701650935e-6
1953,3,-2.8813757642413857e-5
1953,4,-4.020466371425519e-6
1953,5,1.0127162393056138e-5
1953,6,5.164140363824659e-6
1953,7,2.5183087849900795e-8
1953,8,1.887500337913606e-6
1953,9,-2.2014932513786993e-6
1953,10,1.2764593993430179e-5
1953,11,-2.6189742015779993e-5
1953,12,-7.117824121285725e-6
1954,1,7.4189844070209805e-6
1954,2,1.4417100261738556e-5
1954,3,-3.445639758702619e-6
1954,4,5.196953118627157e-6
1954,5,9.207859229368362e-6
1954,6,-2.815304859838123e-6
1954,7,4.6366993948949985e-8
1954,8,-6.263876137653827e-8
1954,9,-1.366239596419728e-5
1954,10,-7.5490348259815e-6
1954,11,-4.5214855342653535e-6
1954,12,-2.8405315390455184e-5
1955,1,1.617366239240797e-6
1955,2,1.5182975311068162e-5
1955,3,-3.166147747387009e-7
1955,4,-1.2538183106527398e-5
1955,5,-1.3928048187031022e-5
1955,6,-1.956544442749558e-6
1955,7,7.629758821744796e-7
1955,8,1.777223394318949e-6
1955,9,1.5659037012656385e-5
1955,10,1.29254017754556e-5
1955,11,7.750764208622056e-8
1955,12,-1.4885659480631866e-5
1956,1,5.5891286422524284e-6
1956,2,2.554043467258913e-5
1956,3,2.108960209049796e-6
1956,4,1.358436958774973e-6
1956,5,-1.780231488241328e-6
1956,6,6.404623264052048e-6
1956,7,-5.399101170126973e-7
1956,8,-3.2815215711045135e-6
1956,9,-1.2587429147062804e-5
1956,10,2.9980122033067926e-6
1956,11,1.6012300834240733e-5
1956,12,-1.0554317470284e-5
1957,1,4.7578527503893435e-6
1957,2,-1.6612923157899187e-5
1957,3,-1.801166791279605e-5
1957,4,2.1592855787985935e-7
1957,5,8.657951533759726e-6
1957,6,-5.71246164653982e-6
1957,7,4.4152533483499303e-7
1957,8,4.591007306277174e-7
1957,9,-1.0346553259150113e-5
1957,10,3.253417581714248e-6
1957,11,1.054521061750092e-5
1957,12,-1.3257687378933602e-6
1958,1,-3.6994221287053865e-6
1958,2,-1.2182666414149002e-5
1958,3,1.7489035284282116e-5
1958,4,1.803223578221406e-5
1958,5,-4.055914796202229e-6
1958,6,-4.320267192993643e-7
1958,7,-1.950659261536999e-6
1958,8,-1.6435060449093266e-6
1958,9,-1.146064165453056e-5
1958,10,-8.153002094362206e-6
1958,11,2.0655790452010766e-5
1958,12,1.1892799769297594e-5
1959,1,-1.8844244818080793e-6
1959,2,-3.3297636387459036e-5
1959,3,-1.2242952722407955e-7
1959,4,7.0011563083982904e-06
1959,5,3.526066436353936e-6
1959,6,3.5479288682910664e-6
1959,7,-4.7137738355261696e-7
1959,8,2.2965909791687643e-6
1959,9,5.266573044860385e-6
1959,10,-5.88000622068615e-6
1959,11,6.264184002447249e-6
1959,12,1.1163880848266587e-5
1960,1,1.0055398394318302e-5
1960,2,7.646908989552266e-6
1960,3,1.254741183576e-5
1960,4,8.877012574268575e-6
1960,5,-2.2126113917178707e-6
1960,6,-3.3603059101181326e-6
1960,7,2.0771202629169043e-6
1960,8,-2.6830998006336203e-6
1960,9,9.162562094360123e-6
1960,10,1.965798488407317e-6
1960,11,1.050568062801536e-5
1960,12,2.243542726254732e-5
1961,1,1.8889545101838452e-5
1961,2,-1.8160450806147182e-5
1961,3,-1.325126345939112e-5
1961,4,2.388146569257899e-6
1961,5,-1.4544448526375211e-6
1961,6,-5.299550615167208e-7
1961,7,1.3404979391962471e-6
1961,8,-5.162821167570139e-6
1961,9,-2.146514170335286e-5
1961,10,1.786082946620842e-5
1961,11,2.221631680707191e-5
1961,12,-6.5944024876699185e-6
1962,1,-5.853770265979696e-6
1962,2,-8.275628498150904e-6
1962,3,1.4862570868662234e-5
1962,4,-5.734727443533014e-6
1962,5,-1.7480570730570162e-6
1962,6,-4.293883982270034e-6
1962,7,-3.1781861268465707e-7
1962,8,-6.541252193277241e-6
1962,9,2.68450450570621e-6
1962,10,-9.090320898559115e-6
1962,11,2.596806351607273e-5
1962,12,7.571439997503392e-6
1963,1,4.606299327701873e-6
1963,2,1.7510027400420955e-5
1963,3,-3.567563833377502e-6
1963,4,-1.1524457711400606e-6
1963,5,5.883466396835941e-6
1963,6,2.918736238957954e-8
1963,7,1.2026181966557518e-6
1963,8,7.357196882145992e-7
1963,9,9.133760311255929e-6
1963,10,-3.3672601151927205e-6
1963,11,-1.6190099413103203e-5
1963,12,1.4308332994875959e-5
1964,1,-2.3681163956246914e-5
1964,2,-5.828596379247829e-6
1964,3,7.295794616289246e-6
1964,4,-6.356399893212924e-6
1964,5,-4.782260242675753e-6
1964,6,1.894208531862076e-6
1964,7,8.583947114873483e-7
1964,8,1.7102462708610754e-6
1964,9,-8.840902326094475e-6
1964,10,2.6124687792728495e-5
1964,11,-5.592609003481113e-6
1964,12,1.594406929128631e-5
1965,1,4.665223734948042e-6
1965,2,4.8773581519211945e-6
1965,3,-9.279598993017942e-6
1965,4,8.72254105494109e-6
1965,5,-4.202050633821829e-6
1965,6,-4.044821193682946e-6
1965,7,-1.2156147785826893e-6
1965,8,1.7262802443486153e-6
1965,9,9.570692100055033e-6
1965,10,-4.073557707823196e-5
1965,11,-1.4354040785305065e-6
1965,12,-2.1579674653388483e-6
1966,1,9.275546128674236e-6
1966,2,-9.932729248835156e-6
1966,3,-8.013580363226174e-6
1966,4,-9.554938223413488e-6
1966,5,8.463319628393116e-6
1966,6,-3.20445348303457e-6
1966,7,2.01398543457409e-6
1966,8,2.220544660203092e-6
1966,9,-6.867402798041272e-6
1966,10,2.935867379500825e-5
1966,11,2.168174089358223e-5
1966,12,3.8573675932357104e-7
1967,1,-3.884956471219402e-6
1967,2,-1.6741977464669038e-5
1967,3,-1.750544474626243e-5
1967,4,3.7036850781449808e-6
1967,5,-3.5630859287705395e-6
1967,6,3.4838944258226996e-6
1967,7,-7.526164515294789e-7
1967,8,-1.8347780698182467e-6
1967,9,8.56500462992168e-6
1967,10,-3.5680731512087006e-5
1967,11,-1.6933364617667983e-5
1967,12,1.2464992674235625e-5
1968,1,-1.8904521676625832e-6
1968,2,1.9708105896411675e-6
1968,3,-1.086814210675949e-5
1968,4,-1.3951937388825718e-5
1968,5,-2.3559077796961761e-7
1968,6,5.115962436435539e-6
1968,7,-5.3401269377857215e-8
1968,8,4.065540518133954e-6
1968,9,-1.097430670557956e-5
1968,10,-2.5906111788169378e-5
1968,11,5.278908918924069e-6
1968,12,1.5861824550711617e-5
1969,1,-2.5499703627741678e-6
1969,2,1.97013210908874e-5
1969,3,2.1372812711101018e-5
1969,4,-2.2449181983134204e-6
1969,5,-2.6950823682041085e-6
1969,6,-1.0325652637411728e-7
1969,7,6.380508440533474e-7
1969,8,1.0791015148263244e-6
1969,9,7.35297011623764e-6
1969,10,-4.193860939218616e-5
1969,11,3.2924240057028613e-7
1969,12,2.1002636374857202e-5
1970,1,1.0429466464068341e-5
1970,2,2.4645308575174036e-6
1970,3,2.595130890754874e-6
1970,4,-4.822713316881553e-6
1970,5,1.6035048289398645e-6
1970,6,-9.233836116389715e-7
1970,7,-5.352408734267908e-7
1970,8,1.1143499008377677e-6
1970,9,-1.6366083804952112e-5
1970,10,-1.74240728673849e-5
1970,11,-1.7734414401806595e-5
1970,12,3.8856501938695517e-7
1971,1,1.0407253255347775e-5
1971,2,-4.72799122707587e-6
1971,3,1.5112004600745678e-5
1971,4,-2.495504599801952e-6
1971,5,-3.532860722476036e-6
1971,6,-2.996894872097403e-6
1971,7,-1.3106028662035363e-6
1971,8,-1.971479906866361e-6
1971,9,1.3651995445555983e-5
1971,10,-9.701890175104021e-6
1971,11,7.112407914005224e-6
1971,12,-1.228898764148139e-5
1972,1,1.3154764528845e-5
1972,2,1.5801235222465393e-5
1972,3,-2.068255835839036e-6
1972,4,9.458968577212829e-6
1972,5,-2.3281074392739586e-7
1972,6,-5.409933418263695e-6
1972,7,2.174439071113255e-6
1972,8,1.1636904191451322e-6
1972,9,4.395629837447626e-6
1972,10,-9.09518539076342e-6
1972,11,-2.7065135147999802e-5
1972,12,-2.694087444905597e-5
1973,1,1.2224390163202494e-5
1973,2,1.3290398611720346e-5
1973,3,4.720472246441881e-6
1973,4,1.1072595822115205e-6
1973,5,-1.4153391001837268e-5
1973,6,8.206038006325122e-7
1973,7,8.230730525818689e-7
1973,8,-9.913509687932338e-8
1973,9,7.843132952879899e-6
1973,10,-1.940712913946657e-5
1973,11,-2.8661846775060083e-5
1973,12,-3.4726533331387654e-6
1974,1,-2.7860225928468816e-6
1974,2,1.0381073330801368e-5
1974,3,-7.551129226683971e-6
1974,4,1.7935941055870074e-5
1974,5,8.744889994361514e-7
1974,6,-1.6237688979365285e-6
1974,7,-6.031900160647281e-7
1974,8,7.398029562877433e-7
1974,9,1.6451357070600142e-6
1974,10,9.623506100203816e-6
1974,11,-5.1686737431403494e-6
1974,12,-2.4195678004871296e-5
1975,1,-2.627760830295602e-5
1975,2,-4.2028713554245875e-6
1975,3,3.7039207786396852e-6
1975,4,-9.521679913696199e-6
1975,5,9.02204212722643e-6
1975,6,-1.8949421016525067e-6
1975,7,-1.4636026891093547e-6
1975,8,3.0628123018439923e-6
1975,9,-7.138143775585821e-6
1975,10,3.5903993967251295e-6
1975,11,9.315481212141025e-6
1975,12,-1.4352804521713163e-5
1976,1,-1.8974488380684592e-5
1976,2,-2.5414789681835674e-6
1976,3,6.734755616272858e-7
1976,4,6.033216823965975e-6
1976,5,5.768357178079254e-6
1976,6,1.6176494497232546e-6
1976,7,6.377744148335685e-6
1976,8,1.943910186823805e-6
1976,9,-6.41327994717303e-6
1976,10,1.4913826817441096e-5
1976,11,1.8108851526648134e-5
1976,12,3.608349247375771e-6
1977,1,2.3942536879620265e-6
1977,2,-4.997501079134778e-6
1977,3,-1.6093344103581495e-5
1977,4,-1.0633129904610474e-5
1977,5,-6.81892438068812e-6
1977,6,1.2584098704115588e-6
1977,7,4.2504477971237924e-7
1977,8,2.2194461517020354e-6
1977,9,-2.194158969226143e-6
1977,10,-2.2394203056707356e-5
1977,11,-1.7888158470691253e-5
1977,12,-1.7188015728815693e-5
1978,1,1.499952270885379e-5
1978,2,9.9259963018295e-6
1978,3,7.296240255011874e-6
1978,4,1.9465783810149778e-5
1978,5,1.0983899541927196e-5
1978,6,1.003809099094456e-6
1978,7,-8.281519514530143e-7
1978,8,-1.2073458650514417e-6
1978,9,-1.1231079661830662e-6
1978,10,-1.9159063373111626e-5
1978,11,-1.8155009498849764e-5
1978,12,2.464378597579919e-7
1979,1,5.947709665841812e-6
1979,2,2.3680685894356015e-5
1979,3,-9.960457066330454e-7
1979,4,1.8748635775390573e-5
1979,5,-6.195012450624859e-6
1979,6,2.6460518766271257e-6
1979,7,4.4173965305487074e-7
1979,8,2.3440643084000874e-6
1979,9,-6.113971313058889e-7
1979,10,1.7009769957685082e-5
1979,11,-2.1729880133865035e-6
1979,12,-2.249615194801031e-6
1980,1,2.2003374092461224e-5
1980,2,-2.0364541344250748e-5
1980,3,1.2282758459466207e-5
1980,4,6.419869447017261e-7
1980,5,1.6348598765037328e-5
1980,6,-1.1817618678725415e-6
1980,7,-1.505025606157535e-6
1980,8,1.5528191042610577e-6
1980,9,-1.7419397600304118e-5
1980,10,1.9114302523531224e-5
1980,11,1.0709183762483029e-5
1980,12,-6.824762016141731e-7
1981,1,1.412855679067225e-6
1981,2,3.28185733865006e-6
1981,3,-1.1561242404747181e-5
1981,4,-4.556136270254247e-6
1981,5,2.306066244428197e-6
1981,6,6.997616579451426e-7
1981,7,-6.781900742643736e-7
1981,8,-1.5384825647301432e-7
1981,9,4.449276233894946e-6
1981,10,2.5456414366081165e-6
1981,11,-1.786667294476772e-5
1981,12,1.6122709550793408e-5
1982,1,-2.702504709336572e-5
1982,2,-6.7251612696054604e-6
1982,3,1.2678471040857794e-5
1982,4,-6.6520798807322414e-6
1982,5,-5.397046265112559e-6
1982,6,-6.374610493587816e-6
1982,7,5.898535488505234e-7
1982,8,-4.7012146184071195e-7
1982,9,4.389505333835958e-7
1982,10,1.891581631217761e-5
1982,11,7.22739093151777e-7
1982,12,2.0933063549544924e-5
1983,1,-2.598378192520951e-5
1983,2,3.879612000437039e-6
1983,3,-3.4583861006627632e-6
1983,4,-1.2231188910661405e-5
1983,5,-2.537777612878344e-6
1983,6,-3.1777354456797684e-7
1983,7,-1.141783930962938e-6
1983,8,6.283458050218255e-7
1983,9,-4.489223722919827e-6
1983,10,-1.0634451634929965e-5
1983,11,-1.420435795417674e-5
1983,12,3.106635291762895e-6
1984,1,4.645380899744995e-6
1984,2,1.8838447437078536e-5
1984,3,6.9663638797054004e-06
1984,4,8.219291893661142e-6
1984,5,1.5752938882012726e-6
1984,6,-2.3291695228377993e-6
1984,7,-3.4788618948989348e-6
1984,8,8.036038167806648e-7
1984,9,8.183676721132076e-6
1984,10,-5.719734624457226e-6
1984,11,6.165609196471508e-6
1984,12,-2.182453208689099e-5
1985,1,1.2948439941637438e-5
1985,2,-2.1955090863511606e-5
1985,3,2.899545813697532e-5
1985,4,-5.719693909897948e-6
1985,5,-3.482149086221065e-6
1985,6,-5.460135388841544e-6
1985,7,-2.1823884509953695e-6
1985,8,-4.6988501060254534e-7
1985,9,-2.0520810421348153e-5
1985,10,-1.500303128173237e-5
1985,11,2.3000571880760693e-5
1985,12,-2.172353836786038e-5
1986,1,3.906185262829877e-6
1986,2,3.174940353078112e-5
1986,3,6.535500160185335e-6
1986,4,-5.086430055614326e-6
1986,5,-6.8891190482378785e-6
1986,6,1.61972093397564e-6
1986,7,1.0017168816224627e-6
1986,8,-2.7367156866431275e-6
1986,9,-4.788946021856067e-6
1986,10,-1.2392087620320443e-5
1986,11,-1.127311410795707e-5
1986,12,-1.5908940221484247e-5
1987,1,4.36560855073089e-6
1987,2,1.558631567208386e-5
1987,3,-3.267814369760642e-7
1987,4,-1.483586885680433e-5
1987,5,7.473461094163389e-6
1987,6,-1.0953660264637183e-6
1987,7,4.011727396946772e-8
1987,8,-8.391348610208259e-7
1987,9,-2.0607018029981284e-5
1987,10,-8.149807299816512e-7
1987,11,1.0943292557926357e-5
1987,12,-1.988400799734249e-5
1988,1,2.335588198331939e-6
1988,2,4.916875990646047e-7
1988,3,-4.726864980993871e-6
1988,4,-1.4431282182588023e-6
1988,5,-1.4162770294184894e-6
1988,6,4.740047611937237e-6
1988,7,-3.1449398229474055e-6
1988,8,-1.6403928086258565e-6
1988,9,-4.6942440137424913e-7
1988,10,-1.3839847273855033e-5
1988,11,-1.840081084746987e-5
1988,12,-1.9018026986245242e-5
1989,1,-2.9385673377427607e-5
1989,2,-1.912350298282589e-5
1989,3,-1.7737714212229725e-5
1989,4,-6.103703480227932e-7
1989,5,-4.771163943163072e-6
1989,6,2.640861523839873e-6
1989,7,1.8634871114248776e-6
1989,8,-3.0001101561340816e-7
1989,9,4.247903326226903e-6
1989,10,-2.427580923106482e-6
1989,11,-1.0153438424891141e-5
1989,12,-2.8723753160725846e-5
1990,1,-2.5722240710612794e-5
1990,2,-3.038481389188759e-5
1990,3,-1.073521314836738e-5
1990,4,1.5971688271211197e-5
1990,5,-4.930920472818149e-6
1990,6,-5.266671170466825e-6
1990,7,-7.730855346852675e-7
1990,8,-6.977790397563838e-9
1990,9,-1.1456966444045255e-5
1990,10,6.063188634036321e-6
1990,11,-4.3363540990802523e-7
1990,12,2.1057602774592953e-5
1991,1,-2.6717772991044588e-5
1991,2,-7.359438190103262e-7
1991,3,-6.2044543929942695e-6
1991,4,1.3916675876292725e-5
1991,5,7.649890346056031e-6
1991,6,-3.2395186412235746e-6
1991,7,8.976375422111877e-7
1991,8,-2.8550864732582836e-6
1991,9,-2.452105772099584e-6
1991,10,-1.8965926450038342e-6
1991,11,1.0629590293785292e-5
1991,12,-1.1856822346794823e-5
1992,1,-1.5478128595350016e-5
1992,2,-3.22036474982945e-5
1992,3,-6.675660411965085e-6
1992,4,9.072856790553484e-6
1992,5,-5.855012168049468e-6
1992,6,1.1116863922488825e-5
1992,7,1.2899836675829843e-6
1992,8,-2.6509385181338978e-6
1992,9,-5.194041297250262e-6
1992,10,1.972687555943994e-5
1992,11,-1.61142186823923e-5
1992,12,-5.612573487168686e-6
1993,1,-2.8092802861428444e-5
1993,2,-1.8497794814132014e-5
1993,3,5.064394728247548e-6
1993,4,-1.40867944286526e-6
1993,5,-6.989885508625639e-7
1993,6,-2.7298675875685177e-6
1993,7,-1.091906511360432e-6
1993,8,-2.4143332730464663e-6
1993,9,1.020102940742805e-6
1993,10,-2.224528468048262e-5
1993,11,3.100954367904028e-5
1993,12,-8.334942647839526e-6
1994,1,3.3048560382771474e-6
1994,2,2.282797432203884e-6
1994,3,-2.290587918279151e-5
1994,4,1.0355919544232139e-5
1994,5,-2.3726352139572862e-6
1994,6,3.7410135857057215e-6
1994,7,-5.501659374902898e-7
1994,8,-1.3095950332585896e-6
1994,9,-8.098680956266898e-6
1994,10,-5.646366804771251e-6
1994,11,-1.6221732081393004e-5
1994,12,-3.516212698854522e-6
1995,1,3.186200491413815e-6
1995,2,-1.0960054358058506e-5
1995,3,7.1154817957480445e-6
1995,4,-2.010441798792753e-6
1995,5,5.053911386757527e-7
1995,6,1.1991443540022627e-6
1995,7,-5.439317569069354e-7
1995,8,2.8747077930191306e-6
1995,9,1.3829562412927328e-5
1995,10,-4.127699964679073e-5
1995,11,-1.0504658234854152e-5
1995,12,1.8829715159569672e-5
1996,1,9.914028200282994e-6
1996,2,1.6889525105940823e-5
1996,3,7.308842505297893e-6
1996,4,3.549870647091651e-6
1996,5,2.2175247573813193e-6
1996,6,-4.01539052548876e-7
1996,7,-2.2405534465683643e-6
1996,8,2.2043235828870413e-6
1996,9,1.6061842821575237e-5
1996,10,2.0690823609182237e-6
1996,11,1.123292158004892e-6
1996,12,9.292546526234848e-6
1997,1,6.430044432112663e-7
1997,2,-1.922926738141396e-5
1997,3,-1.4435278544234136e-5
1997,4,2.5246242378060167e-6
1997,5,-6.520339519280492e-7
1997,6,-9.9315161111395345e-07
1997,7,9.272725345920423e-7
1997,8,-8.965730176429166e-8
1997,9,-1.1058502134703383e-5
1997,10,-1.3102475371355017e-6
1997,11,7.426327182283163e-6
1997,12,8.18028073657698e-6
1998,1,3.882923594446331e-6
1998,2,-1.0409017527894726e-05
1998,3,-1.6373519991433068e-5
1998,4,1.9822329860181564e-6
1998,5,6.883360986104224e-7
1998,6,-7.095431965464345e-7
1998,7,-1.035965928273154e-8
1998,8,-2.0552094030955e-6
1998,9,1.138802629824943e-5
1998,10,8.704570451834597e-6
1998,11,1.4283816357356838e-5
1998,12,-1.7428154851830623e-6
1999,1,-4.10840139213356e-7
1999,2,1.6332005990063176e-6
1999,3,1.7847966107561688e-6
1999,4,7.003203044168664e-6
1999,5,-3.5132804640556236e-6
1999,6,-2.2760932169746423e-6
1999,7,2.133140448477117e-6
1999,8,-1.2221468974850575e-7
1999,9,4.433313785261242e-6
1999,10,-5.318946087466573e-6
1999,11,1.4163376404555932e-5
1999,12,5.285257816209497e-6
2000,1,-1.1067515254878988e-5
2000,2,-9.282993600153189e-6
2000,3,-1.4018236823551699e-5
2000,4,2.252580539979771e-6
2000,5,-1.6418894267919604e-6
2000,6,-2.009459854570559e-6
2000,7,5.911382152658125e-7
2000,8,-1.3676938381246423e-6
2000,9,-8.116838543143835e-6
2000,10,1.7059805022505075e-5
2000,11,1.1648439204892713e-5
2000,12,4.493985337769737e-6
2001,1,2.4756818953869473e-5
2001,2,-3.16492984863318e-6
2001,3,3.34729657059804e-6
2001,4,6.938122845160803e-6
2001,5,2.2524179432130197e-6
2001,6,-1.7020573903944874e-6
2001,7,-3.239947327432361e-7
2001,8,-1.2358718987710666e-6
2001,9,9.327314190278126e-6
2001,10,-3.040133655965416e-5
2001,11,6.431264064936805e-6
2001,12,-1.5845502973473684e-5
2002,1,-8.37048015972782e-6
2002,2,-2.038692491029743e-5
2002,3,-1.0592036966420166e-5
2002,4,-5.909197910682663e-6
2002,5,1.6571415011069643e-5
2002,6,1.8519528797060584e-6
2002,7,2.5259958556472983e-6
2002,8,3.5891089986155963e-6
2002,9,1.4631522373885277e-5
2002,10,7.145771917492749e-7
2002,11,-7.867392176810342e-6
2002,12,1.8618145845691745e-5
2003,1,2.1918954338393876e-5
2003,2,-8.359305524215838e-6
2003,3,-1.4201282738556267e-5
2003,4,4.604327153976051e-7
2003,5,-4.409877827107719e-7
2003,6,1.5241576943531427e-6
2003,7,-1.5953150924984305e-6
2003,8,-2.9388982194707286e-7
2003,9,4.290721934535998e-6
2003,10,1.8561150153235424e-5
2003,11,-9.024479346285077e-6
2003,12,1.1941202770269074e-5
2004,1,1.0792254865929777e-5
2004,2,2.7096866459633e-6
2004,3,1.0339436670862847e-5
2004,4,1.1633183541039731e-5
2004,5,5.6708281582862106e-8
2004,6,2.1405786390943828e-6
2004,7,-5.994658800770349e-7
2004,8,-9.416073445282906e-7
2004,9,-6.605079762016949e-6
2004,10,-6.983356908711531e-6
2004,11,7.023471498789391e-6
2004,12,7.690155834962928e-6
2005,1,-7.983916918937993e-6
2005,2,1.345781122746347e-5
2005,3,-8.40618370912351e-6
2005,4,-1.7193473649621325e-6
2005,5,-2.5900269435324023e-6
2005,6,-5.301073422329855e-6
2005,7,1.7159720851039022e-6
2005,8,4.541447810267989e-6
2005,9,6.56568310770838e-7
2005,10,7.630200630207382e-6
2005,11,1.3164608627005956e-5
2005,12,5.867315157493458e-6
2006,1,4.261907839151916e-6
2006,2,7.2497341276032866e-6
2006,3,6.252504294862322e-6
2006,4,-3.520412121380099e-6
2006,5,-1.995030630156085e-6
2006,6,-2.107472036624317e-6
2006,7,5.267382910031326e-7
2006,8,2.5582849497315113e-6
2006,9,3.5528979823940867e-6
2006,10,-2.6800767627280585e-5
2006,11,-2.837744197413145e-5
2006,12,-2.6133026546725656e-5
2007,1,-2.1155418010803187e-5
2007,2,1.1915799738415818e-5
2007,3,1.9365973551220775e-5
2007,4,-1.0600867633523265e-5
2007,5,1.011691375049632e-5
2007,6,-2.8263374879544923e-6
2007,7,-1.818907535310391e-6
2007,8,-2.534682367673982e-7
2007,9,8.764425356232602e-7
2007,10,4.645274167931872e-6
2007,11,-1.5082217772255933e-5
2007,12,-7.52922638887769e-6
2008,1,-5.581648184992482e-6
2008,2,-2.0498514228565656e-5
2008,3,1.1518400472251061e-5
2008,4,4.0274433287115265e-6
2008,5,-6.48364417418886e-7
2008,6,5.065215230494945e-6
2008,7,-9.822001706609636e-7
2008,8,-1.7401475224198659e-6
2008,9,7.523234476776311e-6
2008,10,-2.8601770530496483e-5
2008,11,3.4374314420367035e-6
2008,12,2.241756976046583e-5
