year,month,value
1421,1,1.5482453674341297e-5
1421,2,1.3923623784818185e-5
1421,3,1.388342443583549e-5
1421,4,1.3640454194761237e-5
1421,5,9.184444453600069e-6
1421,6,4.466650297572345e-6
1421,7,1.156957389665508e-6
1421,8,1.5911408760343694e-6
1421,9,1.2657846372784247e-5
1421,10,2.0285759098499062e-5
1421,11,2.090217595583523e-5
1421,12,1.604461578919434e-5
1422,1,1.676668543254618e-5
1422,2,1.2323530918417774e-5
1422,3,1.4979170587259484e-5
1422,4,1.5142051682466414e-5
1422,5,1.139526116683126e-5
1422,6,7.384050044068755e-6
1422,7,2.205767501481445e-6
1422,8,1.6074961393158532e-6
1422,9,9.782909176188723e-6
1422,10,1.8582528432641475e-5
1422,11,1.8782477056178534e-5
1422,12,1.5939753864972296e-5
1423,1,1.6602265198018823e-5
1423,2,2.0269894216592516e-5
1423,3,1.5789248553511737e-5
1423,4,1.3876513412061472e-5
1423,5,1.2273669859573639e-5
1423,6,5.690231547141151e-6
1423,7,1.7496885631571696e-6
1423,8,1.8554311157582363e-6
1423,9,1.0645630276955075e-5
1423,10,2.0784532415960138e-5
1423,11,2.0685199935304108e-5
1423,12,2.0105694532237526e-5
1424,1,1.807250499655593e-5
1424,2,1.6833915378051475e-5
1424,3,1.840722320004852e-5
1424,4,1.7283098479150612e-5
1424,5,9.645389893394061e-6
1424,6,5.374496020807473e-6
1424,7,1.2138422149236794e-6
1424,8,4.22247979043541e-6
1424,9,9.604533118690637e-6
1424,10,2.2496444748096318e-5
1424,11,1.7609200587431373e-5
1424,12,1.6062040717658852e-5
1425,1,1.8562860526344165e-5
1425,2,1.3970913818944536e-5
1425,3,1.5234502342299936e-5
1425,4,1.7961986346157903e-5
1425,5,1.5114424629069613e-5
1425,6,6.4315563691401086e-6
1425,7,1.3956847531169792e-6
1425,8,1.7839178955971961e-6
1425,9,9.476215482740052e-6
1425,10,2.1386192478589502e-5
1425,11,1.702989377695098e-5
1425,12,1.6767596145363933e-5
1426,1,1.5965265567558e-5
1426,2,1.6380968995744987e-5
1426,3,1.551024397588674e-5
1426,4,1.777748415075512e-5
1426,5,1.3979760937422766e-5
1426,6,7.872008322478838e-6
1426,7,1.6172349122479227e-6
1426,8,1.5039550714974977e-6
1426,9,9.486128548726124e-6
1426,10,1.8583773378613298e-5
1426,11,2.4862961332170095e-5
1426,12,1.2587097925123761e-5
1427,1,1.4912320492315093e-5
1427,2,1.7585221597703154e-5
1427,3,1.487537566229673e-5
1427,4,1.8103613176361732e-5
1427,5,1.0509708915516615e-5
1427,6,6.697608880458452e-6
1427,7,1.3532200385968578e-6
1427,8,1.9580194047102526e-6
1427,9,9.48459987861711e-6
1427,10,2.0399855223145617e-5
1427,11,1.7189683486441165e-5
1427,12,2.0990082082915633e-5
1428,1,2.018992274031026e-5
1428,2,1.72006398195556e-5
1428,3,1.7498886825422363e-5
1428,4,1.4722029587685921e-5
1428,5,1.3524273692446795e-5
1428,6,5.505481280381977e-6
1428,7,1.1947626054024655e-6
1428,8,1.5012493253119277e-6
1428,9,1.0388066785331113e-5
1428,10,2.2827880196319446e-5
1428,11,1.9827824485076957e-5
1428,12,1.8072421987744734e-5
1429,1,1.724547291260424e-5
1429,2,1.5991788765869836e-5
1429,3,1.386915111302277e-5
1429,4,1.3398215215090547e-5
1429,5,1.0004075567378202e-5
1429,6,4.3218795601693825e-6
1429,7,1.2167056290846666e-6
1429,8,2.0532229126152587e-6
1429,9,1.0371538381310949e-5
1429,10,1.9352739714179884e-5
1429,11,1.9091518699386395e-5
1429,12,1.841120754918881e-5
1430,1,1.3372776979004371e-5
1430,2,1.944581302095161e-5
1430,3,1.8701558034218453e-5
1430,4,1.5498890159318157e-5
1430,5,1.9103630034017392e-5
1430,6,5.238045737266674e-6
1430,7,1.3958376797318357e-6
1430,8,8.112827381420405e-7
1430,9,9.624381114776048e-6
1430,10,1.9712811042394184e-5
1430,11,1.6037631187336324e-5
1430,12,1.6807305039280504e-5
1431,1,1.404383039385863e-5
1431,2,1.8603841687646058e-5
1431,3,1.6776397226596773e-5
1431,4,1.7746085477169155e-5
1431,5,1.5126554147904712e-5
1431,6,3.249296372316435e-6
1431,7,1.2732116940492294e-6
1431,8,1.1529956173947103e-6
1431,9,9.913086574148944e-6
1431,10,1.966513435499559e-5
1431,11,1.7629138648568853e-5
1431,12,1.4342407235602137e-5
1432,1,2.0237659299187947e-5
1432,2,1.6022886628959497e-5
1432,3,1.519875130058315e-5
1432,4,1.4187774508080271e-5
1432,5,9.781693651406081e-6
1432,6,5.645977082589187e-6
1432,7,1.4829026260679863e-6
1432,8,2.1693741922457674e-6
1432,9,1.1540382969086486e-5
1432,10,1.6330517440474858e-5
1432,11,2.000233733205891e-5
1432,12,1.492252619580531e-5
1433,1,1.946815245994775e-5
1433,2,1.3981238305470372e-5
1433,3,1.589099239951318e-5
1433,4,1.527779153748766e-5
1433,5,1.6598001640187795e-5
1433,6,5.556061678690603e-6
1433,7,2.205287747833001e-6
1433,8,9.104888061862224e-7
1433,9,9.720669458886969e-6
1433,10,2.5945016168869354e-5
1433,11,2.0608718065863528e-5
1433,12,2.03152916232293e-5
1434,1,1.6175446480215917e-5
1434,2,1.598673323546714e-5
1434,3,1.750755233544475e-5
1434,4,1.3957948310955833e-5
1434,5,1.2895605612428898e-5
1434,6,5.223483132006472e-6
1434,7,8.297854211763417e-7
1434,8,2.005548429339654e-6
1434,9,1.2468098378400742e-5
1434,10,2.075171211111515e-5
1434,11,2.1268348172238945e-5
1434,12,1.8934487798144314e-5
1435,1,1.4382771922719655e-5
1435,2,1.805791006502824e-5
1435,3,1.3964003956078714e-5
1435,4,1.2357606956358905e-5
1435,5,1.191299106731265e-5
1435,6,4.6799091797658925e-6
1435,7,9.648466467713106e-7
1435,8,1.494373787050288e-6
1435,9,9.050586681545645e-6
1435,10,2.5233866226344777e-5
1435,11,1.765177387211368e-5
1435,12,1.5761721794447935e-5
1436,1,1.5365446918233628e-5
1436,2,1.841727731042502e-5
1436,3,1.5340402275817667e-5
1436,4,1.5952468034076704e-5
1436,5,1.0610221849866973e-5
1436,6,8.64031134385472e-6
1436,7,1.3443929203213346e-6
1436,8,3.313330897453941e-6
1436,9,9.369645991464749e-6
1436,10,2.072844625407667e-5
1436,11,1.7349433586348956e-5
1436,12,1.2638385392707991e-5
1437,1,1.9734374150389108e-5
1437,2,1.903579695237587e-5
1437,3,1.5583679317132622e-5
1437,4,1.4102136147055531e-5
1437,5,1.188759645226468e-5
1437,6,5.659755394864234e-6
1437,7,1.6704259285876943e-6
1437,8,9.017311925795205e-7
1437,9,9.663281432592693e-6
1437,10,2.5468740031321386e-5
1437,11,2.227483792623618e-5
1437,12,1.965932167040952e-5
1438,1,1.587035104375472e-5
1438,2,1.9037006019821964e-5
1438,3,1.325338265998704e-5
1438,4,1.2346744492916467e-5
1438,5,9.891679163225954e-6
1438,6,3.6957241394387136e-6
1438,7,7.805834159509288e-7
1438,8,1.7624111531179696e-6
1438,9,1.2774465860202721e-5
1438,10,2.6082556784654046e-5
1438,11,1.4759288059587765e-5
1438,12,1.545759471211891e-5
1439,1,1.7861826119144532e-5
1439,2,1.741418602999156e-5
1439,3,1.5203688914930406e-5
1439,4,1.2365269563295684e-5
1439,5,1.0913607783418763e-5
1439,6,6.991397306969357e-6
1439,7,8.424263125178257e-7
1439,8,1.661670154263191e-6
1439,9,8.962458795697336e-6
1439,10,1.9194776172952777e-5
1439,11,1.8465661447862635e-5
1439,12,1.9630888290878764e-5
1440,1,1.7351255008007614e-5
1440,2,2.038883252337603e-5
1440,3,1.6896187175450543e-5
1440,4,1.4411243859528238e-5
1440,5,1.2194489281976987e-5
1440,6,5.993502287909462e-6
1440,7,3.7101898451893987e-6
1440,8,1.3324579644134524e-6
1440,9,1.2145037053402823e-5
1440,10,2.4391559381576437e-5
1440,11,1.9418610625505047e-5
1440,12,1.1185190691454545e-5
1441,1,1.7664819914067002e-5
1441,2,1.8002911037209588e-5
1441,3,1.1903042543538704e-5
1441,4,1.5710623057571665e-5
1441,5,1.2101495134903121e-5
1441,6,8.60780970221896e-6
1441,7,7.263381846675094e-7
1441,8,1.0533762677914578e-6
1441,9,8.8757107387065e-6
1441,10,1.8995840911402713e-5
1441,11,1.741378421953249e-5
1441,12,1.9814334522002042e-5
1442,1,1.4784376906321599e-5
1442,2,1.4073213611482537e-5
1442,3,1.930101260468082e-5
1442,4,1.719256588361728e-5
1442,5,1.2025098256695026e-5
1442,6,6.3527469113042235e-6
1442,7,1.0351104670396935e-6
1442,8,3.6873149978433656e-6
1442,9,1.2301075958017121e-5
1442,10,2.2749586274113223e-5
1442,11,2.3791473002882863e-5
1442,12,2.3826928001646297e-5
1443,1,1.9259105032233995e-5
1443,2,2.146852721676633e-5
1443,3,1.5592541368917542e-5
1443,4,1.6494302598343045e-5
1443,5,1.2571532930099355e-5
1443,6,7.051862322219958e-6
1443,7,2.584548264442907e-6
1443,8,1.5691843678207956e-6
1443,9,8.86652640323376e-6
1443,10,1.8260357107785157e-5
1443,11,1.6074725654576835e-5
1443,12,1.7231570587848645e-5
1444,1,1.4012980657945467e-5
1444,2,1.7428426699714614e-5
1444,3,1.659749207464888e-5
1444,4,1.3566157004868235e-5
1444,5,1.3156365410465875e-5
1444,6,5.774259019038776e-6
1444,7,1.0115485273962208e-6
1444,8,2.0104654935917687e-6
1444,9,1.4033288179538209e-5
1444,10,2.057237278430944e-5
1444,11,2.053748286899398e-5
1444,12,1.5463272124726877e-5
1445,1,1.7616045585884814e-5
1445,2,1.7522824195283626e-5
1445,3,1.773205606844722e-5
1445,4,1.3395723112121408e-5
1445,5,1.0802730055464171e-5
1445,6,4.728103155978973e-6
1445,7,1.8510473741180826e-6
1445,8,1.3291896669677012e-6
1445,9,1.2906776200398804e-5
1445,10,2.045717405246167e-5
1445,11,1.9296525466734787e-5
1445,12,1.7553077272315546e-5
1446,1,1.681634840925181e-5
1446,2,1.615787552280662e-5
1446,3,1.6412829754538466e-5
1446,4,1.3247063462860672e-5
1446,5,1.0200881149059937e-5
1446,6,4.588627386820563e-6
1446,7,1.4848041182669425e-6
1446,8,1.3863733155268158e-6
1446,9,1.0392042473838853e-5
1446,10,1.5901658820866184e-5
1446,11,1.7873862631683637e-5
1446,12,1.959691433942716e-5
1447,1,1.7154343502007124e-5
1447,2,2.1378626417189934e-5
1447,3,1.4969562657741879e-5
1447,4,1.7896258828874816e-5
1447,5,1.1515148034544516e-5
1447,6,4.710789284512261e-6
1447,7,1.9550056487997923e-6
1447,8,2.41349399239495e-6
1447,9,1.4970945732451374e-5
1447,10,2.275542495852477e-5
1447,11,2.0585425048736832e-5
1447,12,1.65703208653112e-5
1448,1,1.977152888486502e-5
1448,2,1.4955029892655334e-5
1448,3,1.613835178766632e-5
1448,4,1.211628551262178e-5
1448,5,9.55253815169678e-6
1448,6,5.95188709420845e-6
1448,7,1.4436232583895957e-6
1448,8,1.6468721933965538e-6
1448,9,1.5035500465285591e-5
1448,10,1.918037525784095e-5
1448,11,1.3061137152639017e-5
1448,12,2.4064382161723984e-5
1449,1,1.5502422025800877e-5
1449,2,2.1391575528980145e-5
1449,3,1.3299654516115176e-5
1449,4,1.2413334937848333e-5
1449,5,1.3721231786751225e-5
1449,6,6.935306791253891e-6
1449,7,1.1304124512674792e-6
1449,8,8.068612235357381e-7
1449,9,8.18350120704788e-6
1449,10,1.861576960954563e-5
1449,11,1.7394734090501714e-5
1449,12,1.7865779098702734e-5
1450,1,1.4464836840601624e-5
1450,2,1.9668559289926365e-5
1450,3,1.689708881044834e-5
1450,4,1.4204354250069412e-5
1450,5,9.520820600924543e-6
1450,6,6.722839425269678e-6
1450,7,1.4854030656377152e-6
1450,8,3.1858032216897853e-6
1450,9,1.149359779059893e-5
1450,10,2.7021341450622453e-5
1450,11,1.653218950008014e-5
1450,12,1.844673799727392e-5
1451,1,1.7096551154921693e-5
1451,2,1.5666552455903556e-5
1451,3,1.1908653819538342e-5
1451,4,1.7727167485862257e-5
1451,5,1.607706703029328e-5
1451,6,1.002885765993073e-5
1451,7,2.0456439630673004e-6
1451,8,2.43524588329906e-6
1451,9,9.724114407802312e-6
1451,10,1.907285698695199e-5
1451,11,1.8349783081589722e-5
1451,12,1.6107475677013837e-5
1452,1,1.6052796642952355e-5
1452,2,1.4286630471863127e-5
1452,3,1.2215207802697624e-5
1452,4,1.357547484159931e-5
1452,5,1.1528115446128633e-5
1452,6,6.590058604630986e-6
1452,7,6.029191463621239e-7
1452,8,1.4543381400869749e-6
1452,9,8.437398734144875e-6
1452,10,2.2926772569514774e-5
1452,11,2.154568154453058e-5
1452,12,2.1163155055695724e-5
1453,1,2.374261449295003e-5
1453,2,1.8525694245630557e-5
1453,3,1.4294456064956532e-5
1453,4,1.72608777131385e-5
1453,5,9.113544448262755e-6
1453,6,4.601070513775922e-6
1453,7,9.393213653604289e-7
1453,8,3.453538800359126e-6
1453,9,9.505534510896991e-6
1453,10,1.9237249091237514e-5
1453,11,2.2827195082921107e-5
1453,12,2.167992947420487e-5
1454,1,1.8668251575233083e-5
1454,2,1.8285001283335365e-5
1454,3,1.4983457532667337e-5
1454,4,2.2100566307283797e-5
1454,5,1.0505962373086124e-5
1454,6,5.799454370628907e-6
1454,7,1.730773479811886e-6
1454,8,1.9348100696033417e-6
1454,9,7.817778738087563e-6
1454,10,2.1021282221999704e-5
1454,11,1.9481992155460184e-5
1454,12,1.904675297895572e-5
1455,1,2.0264122714534837e-5
1455,2,1.6369379267984957e-5
1455,3,1.5738454674232337e-5
1455,4,1.2361345361490083e-5
1455,5,9.367815682185395e-6
1455,6,7.168109896848724e-6
1455,7,1.4520758796365585e-6
1455,8,1.8891329313786415e-6
1455,9,1.070156229842683e-5
1455,10,1.9433719766243238e-5
1455,11,1.626215409366624e-5
1455,12,2.3744107600180666e-5
1456,1,2.1908618059397692e-5
1456,2,1.7984260289717588e-5
1456,3,1.4878720492035922e-5
1456,4,1.3967559602744227e-5
1456,5,8.006134358734204e-6
1456,6,5.0833999103780064e-6
1456,7,2.23792178722704e-6
1456,8,1.9538355759306133e-6
1456,9,1.505864284759494e-5
1456,10,1.9381458365421603e-5
1456,11,2.4171468602236166e-5
1456,12,1.734718783127219e-5
1457,1,2.5095942484199337e-5
1457,2,2.1197834295889956e-5
1457,3,1.683927104308589e-5
1457,4,1.722565071504478e-5
1457,5,1.4764963963880164e-5
1457,6,6.156183584964183e-6
1457,7,1.1259209369128927e-6
1457,8,1.11664235962864e-6
1457,9,8.689121789641293e-6
1457,10,2.3504026000462207e-5
1457,11,2.0163541011688658e-5
1457,12,1.758912282965122e-5
1458,1,2.2429836228761778e-5
1458,2,1.617473762222117e-5
1458,3,1.3779825866514998e-5
1458,4,1.6107823989628536e-5
1458,5,9.954418136371718e-6
1458,6,8.689536550276527e-6
1458,7,2.3770976494740995e-6
1458,8,2.4211477698185586e-6
1458,9,9.80421396896147e-6
1458,10,1.3636932533753325e-5
1458,11,1.8504222160490814e-5
1458,12,1.4119717128553031e-5
1459,1,1.8095873614672474e-5
1459,2,1.5058910442481663e-5
1459,3,6.415473160026444e-6
1459,4,1.5018813562233379e-5
1459,5,1.2092049310336663e-5
1459,6,7.158702570999946e-6
1459,7,1.6601511127458882e-6
1459,8,1.5049197634216759e-6
1459,9,1.3670952923155494e-5
1459,10,2.0972979644042392e-5
1459,11,2.212293957434437e-5
1459,12,1.8860461066137186e-5
1460,1,1.4170004342247128e-5
1460,2,1.4321331158754526e-5
1460,3,1.243049466215527e-5
1460,4,1.5730572935674584e-5
1460,5,1.1027541575331156e-5
1460,6,4.712440920635552e-6
1460,7,1.5643022694929076e-6
1460,8,2.6820641211835087e-6
1460,9,1.1821518402014184e-5
1460,10,1.7504890606198145e-5
1460,11,2.242654771838225e-5
1460,12,1.482518248824878e-5
1461,1,1.6444905204579757e-5
1461,2,1.5967932397874578e-5
1461,3,1.5202947919622107e-5
1461,4,1.527755136203429e-5
1461,5,1.2510066032309983e-5
1461,6,5.274235402679185e-6
1461,7,1.0628378735362496e-6
1461,8,1.0231734393966315e-6
1461,9,1.0043203217048185e-5
1461,10,2.1997714944796216e-5
1461,11,1.7526029635130986e-5
1461,12,2.093535014566116e-5
1462,1,1.8390341331337047e-5
1462,2,1.838874129397936e-5
1462,3,1.136284610079862e-5
1462,4,1.4246269978322188e-5
1462,5,7.925319750326842e-6
1462,6,5.429541011730644e-6
1462,7,1.7026945862126039e-6
1462,8,1.1521006007138247e-6
1462,9,7.85001258506892e-6
1462,10,2.5136518880973935e-5
1462,11,1.8825246147091066e-5
1462,12,1.3393441619296037e-5
1463,1,1.9407565947330496e-5
1463,2,1.4835054506851177e-5
1463,3,1.9559599917832988e-5
1463,4,1.501548460957039e-5
1463,5,9.713033038841523e-6
1463,6,6.271379849082906e-6
1463,7,3.922749786367286e-6
1463,8,7.757032979395491e-7
1463,9,1.1601805234312657e-5
1463,10,2.205993958138692e-5
1463,11,1.9469526777126042e-5
1463,12,1.471783583327809e-5
1464,1,1.716477525237478e-5
1464,2,1.3525237005213146e-5
1464,3,1.478246563753864e-5
1464,4,1.4452948534745676e-5
1464,5,1.3691101246813557e-5
1464,6,5.436352692993381e-6
1464,7,9.537779545222487e-7
1464,8,2.349671392643556e-6
1464,9,9.014529531306077e-6
1464,10,1.8247444875830378e-5
1464,11,1.578798262453901e-5
1464,12,2.0589682143518818e-5
1465,1,1.7582454379741297e-5
1465,2,2.0965380066789316e-5
1465,3,1.1964626980925565e-5
1465,4,1.8425082525832153e-5
1465,5,1.0823044935502188e-5
1465,6,5.794266886124988e-6
1465,7,3.0572330859967026e-6
1465,8,1.3990727879440563e-6
1465,9,1.133828018652568e-5
1465,10,1.940706041440172e-5
1465,11,2.3244348085543956e-5
1465,12,1.538754837837936e-5
1466,1,1.3504780627813321e-5
1466,2,1.4642138340274916e-5
1466,3,1.3723283185579215e-5
1466,4,1.5623608964475e-5
1466,5,8.79329066863991e-6
1466,6,8.895495566999323e-6
1466,7,9.500439395395367e-7
1466,8,1.5089819162131697e-6
1466,9,1.0503433933383284e-5
1466,10,2.3680958418990723e-5
1466,11,2.000716553410384e-5
1466,12,1.8645581299460717e-5
1467,1,1.4349963859686104e-5
1467,2,1.6445957688259048e-5
1467,3,1.5250253486445306e-5
1467,4,1.396376560551216e-5
1467,5,1.1354363883845067e-5
1467,6,9.093801648992242e-6
1467,7,1.870873956355848e-6
1467,8,1.9555996120678624e-6
1467,9,1.1833321374889876e-5
1467,10,2.3086390933375965e-5
1467,11,2.1234129654080665e-5
1467,12,2.096153906709274e-5
1468,1,2.3261097558668893e-5
1468,2,2.4280439788739746e-5
1468,3,1.5328631458761724e-5
1468,4,1.652449598743997e-5
1468,5,1.2508615891950874e-5
1468,6,3.6032012524221044e-6
1468,7,1.7438967695416437e-6
1468,8,9.457569285998388e-7
1468,9,1.1068963239347974e-5
1468,10,2.044810399743774e-5
1468,11,1.7759266721929777e-5
1468,12,1.559168695779306e-5
1469,1,1.936929417346673e-5
1469,2,1.3864241945775072e-5
1469,3,1.2026314108160722e-5
1469,4,1.5168561359549232e-5
1469,5,1.4690173027779235e-5
1469,6,9.360654862533136e-6
1469,7,2.213773307697748e-6
1469,8,2.257950702184724e-6
1469,9,7.475300472726181e-6
1469,10,1.4886415692017317e-5
1469,11,1.696970438386414e-5
1469,12,1.2283098411848404e-5
1470,1,1.695216660841045e-5
1470,2,1.69968828778322e-5
1470,3,1.8618622833844934e-5
1470,4,1.0570577390918723e-5
1470,5,1.4377285325377841e-5
1470,6,4.9042707181615085e-6
1470,7,3.5082601007071095e-7
1470,8,1.990735477165306e-6
1470,9,9.5926230903955e-6
1470,10,1.8058143333760492e-5
1470,11,1.608387667418118e-5
1470,12,1.5261126620918566e-5
1471,1,1.6970025808912314e-5
1471,2,1.9413378056318786e-5
1471,3,1.4181608709774765e-5
1471,4,1.3036260594993886e-5
1471,5,1.2805951724768664e-5
1471,6,5.8030473735128005e-6
1471,7,6.721024244522787e-7
1471,8,2.3907714514128036e-6
1471,9,1.3385017914034986e-5
1471,10,2.1596909331229213e-5
1471,11,2.144461180709034e-5
1471,12,1.455237336720018e-5
1472,1,1.9110882233944243e-5
1472,2,1.7657466228319776e-5
1472,3,1.500695070721714e-5
1472,4,1.9193490260755072e-5
1472,5,1.5090838777688181e-5
1472,6,8.428357593649856e-6
1472,7,3.318368214671337e-6
1472,8,2.0116645374838817e-6
1472,9,9.042239864685093e-6
1472,10,2.159995829900315e-5
1472,11,1.9129700895355195e-5
1472,12,1.9514140398785605e-5
1473,1,1.878572819535722e-5
1473,2,1.536495843419478e-5
1473,3,1.1286705681397931e-5
1473,4,1.2630943264137696e-5
1473,5,1.0606681329365457e-5
1473,6,8.280337187273191e-6
1473,7,2.105603682668927e-6
1473,8,1.009248391167701e-6
1473,9,7.74835173364336e-6
1473,10,2.6865329751935977e-5
1473,11,2.3439688830248118e-5
1473,12,1.8042019559631134e-5
1474,1,2.129601177198556e-5
1474,2,1.585083012566372e-5
1474,3,1.570893356068988e-5
1474,4,1.434142668652708e-5
1474,5,1.1848544836304805e-5
1474,6,6.0788584253020475e-6
1474,7,1.4171166952050007e-6
1474,8,1.9084535474914762e-6
1474,9,1.1455351680049233e-5
1474,10,1.919111985034175e-5
1474,11,1.7859724404607707e-5
1474,12,2.217027845767593e-5
1475,1,1.4561204007640445e-5
1475,2,1.8351947931673065e-5
1475,3,1.5694799066412155e-5
1475,4,1.5020821763670051e-5
1475,5,1.0912677138237022e-5
1475,6,4.394579748134284e-6
1475,7,1.9276328700028126e-6
1475,8,1.0327933816999373e-6
1475,9,1.0262657082053284e-5
1475,10,2.5218640728610605e-5
1475,11,2.0293507539664505e-5
1475,12,2.0027463809460005e-5
1476,1,1.6478264483515174e-5
1476,2,1.609431712819851e-5
1476,3,1.3473877865736719e-5
1476,4,1.1504736838346215e-5
1476,5,9.477859985648575e-6
1476,6,6.556218546805029e-6
1476,7,5.68072300924902e-7
1476,8,1.925398048101534e-6
1476,9,1.1931660558560329e-5
1476,10,2.2604422728364766e-5
1476,11,2.3283495004350877e-5
1476,12,1.6401505578783606e-5
1477,1,1.708221664873982e-5
1477,2,2.0659446737947585e-5
1477,3,1.5001877189220315e-5
1477,4,1.442282931485245e-5
1477,5,1.1061824133783994e-5
1477,6,7.291091096356702e-6
1477,7,2.0901993283424605e-6
1477,8,1.993642196408331e-6
1477,9,1.3343118390654438e-5
1477,10,2.1535425358658658e-5
1477,11,2.427411316850245e-5
1477,12,1.7353701849745823e-5
1478,1,1.7427779536483386e-5
1478,2,1.9671921821136326e-5
1478,3,1.4787435974753805e-5
1478,4,1.4786716578660291e-5
1478,5,1.570736598863722e-5
1478,6,6.7042487476701615e-6
1478,7,2.2978360898395835e-6
1478,8,2.0409690861802155e-6
1478,9,1.5227422121550838e-5
1478,10,1.775543356819822e-5
1478,11,1.600189500205951e-5
1478,12,1.8384521294545235e-5
1479,1,1.55548767297367e-5
1479,2,1.874558406786555e-5
1479,3,1.604157393864727e-5
1479,4,1.3857969384021892e-5
1479,5,1.0135193838713822e-5
1479,6,5.315348404518797e-6
1479,7,1.8883115196046517e-6
1479,8,7.628791911044203e-7
1479,9,1.2788977504772286e-5
1479,10,2.1521172591058605e-5
1479,11,1.5345703461515225e-5
1479,12,1.9604658585861462e-5
1480,1,1.360284391694833e-5
1480,2,1.9998947182638235e-5
1480,3,1.4401429535020931e-5
1480,4,1.2671269417983451e-5
1480,5,8.825340419328478e-6
1480,6,5.0809644198899885e-6
1480,7,1.0633625727565745e-6
1480,8,7.139239545917809e-7
1480,9,1.6550203256980768e-5
1480,10,2.067720943034652e-5
1480,11,2.5144545425942904e-5
1480,12,1.845687926012339e-5
1481,1,2.0672268690976567e-5
1481,2,1.3375401655226426e-5
1481,3,1.2499116378551061e-5
1481,4,1.4416882881009426e-5
1481,5,9.206412827760495e-6
1481,6,7.850004719081416e-6
1481,7,2.9635670552644622e-6
1481,8,1.2353149964944415e-6
1481,9,1.0128770639293185e-5
1481,10,2.296168042223078e-5
1481,11,2.154500536114884e-5
1481,12,2.0634142956311007e-5
1482,1,1.623321069329324e-5
1482,2,1.9651704978182566e-5
1482,3,1.3909368737895168e-5
1482,4,1.5414395925329087e-5
1482,5,1.1857146248415298e-5
1482,6,9.625208728916923e-6
1482,7,6.995858999720302e-7
1482,8,1.693122650173896e-6
1482,9,8.669635325033383e-6
1482,10,2.104887001819727e-5
1482,11,1.7215987128580547e-5
1482,12,1.8642506075467444e-5
1483,1,1.9797608242483134e-5
1483,2,1.5531411815700834e-5
1483,3,1.4470530963252175e-5
1483,4,1.306929504006968e-5
1483,5,9.96697030937386e-6
1483,6,5.16649500607169e-6
1483,7,5.526531430627863e-7
1483,8,1.4054232294445106e-6
1483,9,1.2236229513823255e-5
1483,10,1.6741799362083736e-5
1483,11,1.8908783715562806e-5
1483,12,2.1963023185549956e-5
1484,1,1.3923745124607264e-5
1484,2,1.808925367633954e-5
1484,3,2.0912918596200556e-5
1484,4,1.3246584637378668e-5
1484,5,9.446485710684913e-6
1484,6,2.9453621615466277e-6
1484,7,1.017161044263395e-6
1484,8,1.7053412104587867e-6
1484,9,1.4315229746855867e-5
1484,10,2.030354067837853e-5
1484,11,2.1352223776985435e-5
1484,12,2.246094517628307e-5
1485,1,1.8269629044296826e-5
1485,2,1.1626754573027746e-5
1485,3,1.2759696573264589e-5
1485,4,1.6042084829710124e-5
1485,5,1.2103824284328692e-5
1485,6,6.3038034172468835e-6
1485,7,1.7832732477401996e-6
1485,8,1.926340156859502e-6
1485,9,9.86529273416404e-6
1485,10,1.935749783464923e-5
1485,11,2.3278169519378545e-5
1485,12,2.324667209865785e-5
1486,1,1.875253387272671e-5
1486,2,1.5958270191816815e-5
1486,3,1.0306483908053262e-5
1486,4,1.5058600142417315e-5
1486,5,1.0625912302310943e-5
1486,6,4.811321566521032e-6
1486,7,3.394515845515262e-7
1486,8,2.234455809548555e-6
1486,9,9.991752818533531e-6
1486,10,1.9868326698131323e-5
1486,11,1.6191641679233035e-5
1486,12,1.4298653575997645e-5
1487,1,1.6171088472088377e-5
1487,2,1.7420738010575787e-5
1487,3,1.7793191767120504e-5
1487,4,1.6846710645638623e-5
1487,5,1.2750951993061729e-5
1487,6,6.6886000923524535e-6
1487,7,1.5834624476147553e-6
1487,8,6.020291216467312e-7
1487,9,1.3325921286149097e-5
1487,10,2.1612132909626592e-5
1487,11,2.084144193508398e-5
1487,12,2.012706517398702e-5
1488,1,1.5442698966573584e-5
1488,2,1.9131890567362907e-5
1488,3,1.8487530910098247e-5
1488,4,1.389727694133111e-5
1488,5,1.4163778307830565e-5
1488,6,5.360071897867198e-6
1488,7,3.1425523441943455e-6
1488,8,2.128761946517448e-6
1488,9,1.0546638798347092e-5
1488,10,2.2959680632085145e-5
1488,11,2.359386794131794e-5
1488,12,1.8518476386786753e-5
1489,1,1.4535785445444012e-5
1489,2,1.835343110049933e-5
1489,3,1.6662132349464095e-5
1489,4,1.5239497726370048e-5
1489,5,1.1626482564876388e-5
1489,6,6.045445858555771e-6
1489,7,2.0831811535457996e-6
1489,8,1.8885256454711015e-6
1489,9,8.411979432869296e-6
1489,10,2.2552952216903855e-5
1489,11,1.5544225622048556e-5
1489,12,2.2707926402555865e-5
1490,1,1.8940479864919957e-5
1490,2,1.4766945575169404e-5
1490,3,1.4975666239681349e-5
1490,4,1.3228679910472009e-5
1490,5,1.3832850205083245e-5
1490,6,5.4824011257852325e-6
1490,7,2.093193191817403e-6
1490,8,2.902421588583966e-6
1490,9,1.344520725321168e-5
1490,10,1.9444352757780376e-5
1490,11,1.9237643157317896e-5
1490,12,1.2687038946158556e-5
1491,1,1.9891341273614748e-5
1491,2,1.4281756123209588e-5
1491,3,1.2812781080799056e-5
1491,4,1.6759068759351985e-5
1491,5,1.1513136722189905e-5
1491,6,4.7470285419123025e-6
1491,7,2.728096436191123e-6
1491,8,1.2650490145629333e-6
1491,9,9.901122503971118e-6
1491,10,2.132828834193088e-5
1491,11,2.087256629396091e-5
1491,12,1.8785115898130737e-5
1492,1,1.9057814456940364e-5
1492,2,1.4887744410678341e-5
1492,3,1.4341151185030473e-5
1492,4,1.6868446589837493e-5
1492,5,1.2461101324827878e-5
1492,6,7.0632996005710205e-6
1492,7,1.6492539403839389e-6
1492,8,2.3334982596223828e-6
1492,9,9.724944058397487e-6
1492,10,1.9344795561339957e-5
1492,11,1.7710396812016925e-5
1492,12,2.1514347710726688e-5
1493,1,1.5346183220654918e-5
1493,2,1.262091895247713e-5
1493,3,1.4598532283540508e-5
1493,4,1.8198445412729863e-5
1493,5,1.2405879695349531e-5
1493,6,4.835420938460868e-6
1493,7,1.2356909111432253e-6
1493,8,9.067067086416294e-7
1493,9,8.533741213964424e-6
1493,10,2.4473067523339216e-5
1493,11,1.8761184286113102e-5
1493,12,2.0246077869993865e-5
1494,1,1.4252383426590722e-5
1494,2,1.375881442842679e-5
1494,3,1.3075407977997376e-5
1494,4,1.6462428900729446e-5
1494,5,1.4566604759467467e-5
1494,6,5.769044368366152e-6
1494,7,1.5600636735941122e-6
1494,8,8.354536035375065e-7
1494,9,1.3279704990052053e-5
1494,10,2.328583696520696e-5
1494,11,2.1450031605640688e-5
1494,12,1.589731564872974e-5
1495,1,2.1165806731921905e-5
1495,2,1.720831297435119e-5
1495,3,1.809206907879679e-5
1495,4,1.2575337887713723e-5
1495,5,1.090743627759835e-5
1495,6,8.725901893643915e-6
1495,7,1.99684264682934e-6
1495,8,1.2547106680789746e-6
1495,9,1.1821629526775897e-5
1495,10,1.945697576198635e-5
1495,11,2.5651120024241945e-5
1495,12,2.081238385173382e-5
1496,1,1.7155861480849e-5
1496,2,1.8303327139927754e-5
1496,3,1.669284193793319e-5
1496,4,1.2762930269697055e-5
1496,5,8.604209935987966e-6
1496,6,5.238583851596633e-6
1496,7,1.3150900945987995e-6
1496,8,2.078963040852833e-6
1496,9,1.0133376330007375e-5
1496,10,2.2601756345621966e-5
1496,11,2.0272488433856164e-5
1496,12,2.2303438060959265e-5
1497,1,1.9916292932690204e-5
1497,2,1.5155186252627206e-5
1497,3,1.0669701871886578e-5
1497,4,1.1712860816613422e-5
1497,5,1.1583351727708247e-5
1497,6,4.257849736173534e-6
1497,7,1.202310326830679e-6
1497,8,3.734827153125871e-6
1497,9,8.798004421251505e-6
1497,10,2.728255821239532e-5
1497,11,2.1252025375210094e-5
1497,12,1.7863885630383352e-5
1498,1,1.336247191037316e-5
1498,2,1.902791725836561e-5
1498,3,1.4264185155975719e-5
1498,4,1.464647699294058e-5
1498,5,1.0095092446311064e-5
1498,6,5.553817767020093e-6
1498,7,6.31136655632901e-7
1498,8,8.856290139725155e-7
1498,9,1.0496004112855885e-5
1498,10,1.9380578581495852e-5
1498,11,2.1649100660206166e-5
1498,12,1.835340176481903e-5
1499,1,1.620628853731373e-5
1499,2,1.6074342568166744e-5
1499,3,1.3139503993450692e-5
1499,4,1.4231195485239871e-5
1499,5,1.1102157347699618e-5
1499,6,3.67282812636368e-6
1499,7,2.5277955779282436e-6
1499,8,1.012229614381275e-6
1499,9,6.584889873179563e-6
1499,10,2.0348551413451425e-5
1499,11,2.2608293637231268e-5
1499,12,1.630194771819569e-5
1500,1,1.703114335264538e-5
1500,2,1.263047185269512e-5
1500,3,1.0160580518866962e-5
1500,4,1.2437733591821542e-5
1500,5,1.2695447685847547e-5
1500,6,5.027678912321858e-6
1500,7,1.676447840633279e-6
1500,8,1.1682988452087109e-6
1500,9,9.228312187046215e-6
1500,10,2.2968200794354096e-5
1500,11,1.9310386927408025e-5
1500,12,1.2522828077239516e-5
1501,1,1.6505589951560743e-5
1501,2,1.777879191478738e-5
1501,3,1.6692238533992504e-5
1501,4,1.6426048908276817e-5
1501,5,9.617087415835876e-6
1501,6,6.749084640248011e-6
1501,7,9.423436919702517e-7
1501,8,9.0914293527705e-7
1501,9,8.810214553848443e-6
1501,10,2.0907183071234843e-5
1501,11,1.4487997165046886e-5
1501,12,1.6594687226939076e-5
1502,1,2.049313828794666e-5
1502,2,1.3781176868673982e-5
1502,3,1.562997553352285e-5
1502,4,1.7453539642753047e-5
1502,5,1.0572136624046806e-5
1502,6,4.426480347972635e-6
1502,7,8.942576722075481e-7
1502,8,1.7793118284097498e-6
1502,9,1.0606021976878655e-5
1502,10,1.7618293619256492e-5
1502,11,1.9926753085073504e-5
1502,12,1.7929647375068968e-5
1503,1,1.4438625864515832e-5
1503,2,1.7540027707954625e-5
1503,3,1.8054370147571482e-5
1503,4,1.4820991877048957e-5
1503,5,1.3109763652457068e-5
1503,6,4.068638664248418e-6
1503,7,1.2691503608068645e-6
1503,8,1.3749736384219582e-6
1503,9,6.0296007901419555e-6
1503,10,2.2045065247080715e-5
1503,11,1.8986674658450082e-5
1503,12,1.6033782496752067e-5
1504,1,1.6744893187715603e-5
1504,2,1.8745903657588812e-5
1504,3,1.1294967807194937e-5
1504,4,1.3671648096972343e-5
1504,5,8.912119196648254e-6
1504,6,5.7091486118976545e-6
1504,7,7.362043020038723e-7
1504,8,9.173188604401357e-7
1504,9,1.2767287557190902e-5
1504,10,2.030739435652747e-5
1504,11,1.641495711248911e-5
1504,12,1.8726780336354612e-5
1505,1,2.212769600664235e-5
1505,2,1.748920337838594e-5
1505,3,1.2906646840994838e-5
1505,4,1.3777953993114164e-5
1505,5,1.157468369077839e-5
1505,6,6.340791824357019e-6
1505,7,1.295121117571089e-6
1505,8,2.2051228242661243e-6
1505,9,1.364939436214189e-5
1505,10,1.811004795551433e-5
1505,11,1.8820000534590885e-5
1505,12,2.0883762722185164e-5
1506,1,1.913986825913845e-5
1506,2,1.6361623570020003e-5
1506,3,1.3974202901117434e-5
1506,4,1.4517702417019304e-5
1506,5,1.3224107095192058e-5
1506,6,6.743855034762939e-6
1506,7,9.642765161604437e-7
1506,8,5.159415494074194e-6
1506,9,1.262160755815572e-5
1506,10,2.1919702875493117e-5
1506,11,2.1455141293421387e-5
1506,12,1.5343382594167778e-5
1507,1,2.0226387221397337e-5
1507,2,1.2842885430907586e-5
1507,3,1.3062546174673374e-5
1507,4,1.786780228704379e-5
1507,5,1.0635458879752541e-5
1507,6,7.787473750288041e-6
1507,7,1.7807804558107083e-6
1507,8,2.5027101297303927e-6
1507,9,1.1280537078864743e-5
1507,10,2.0686300684783592e-5
1507,11,1.9857284532684817e-5
1507,12,2.026330305866095e-5
1508,1,1.6330696343977466e-5
1508,2,1.552045916591185e-5
1508,3,1.5859771293445838e-5
1508,4,1.3805252364459732e-5
1508,5,1.2972841739355476e-5
1508,6,4.969333109390458e-6
1508,7,1.874196960806971e-6
1508,8,2.1244087944573367e-6
1508,9,1.2330309548979493e-5
1508,10,2.2312046632110553e-5
1508,11,1.921550718951138e-5
1508,12,1.9822111004988307e-5
1509,1,1.4227254989882717e-5
1509,2,1.6148437747836513e-5
1509,3,1.2037088700601524e-5
1509,4,1.4362742524774067e-5
1509,5,1.273607260355094e-5
1509,6,5.5123510106593905e-6
1509,7,3.7614355854102163e-6
1509,8,8.727501780639054e-7
1509,9,8.393928056966502e-6
1509,10,1.723107582255303e-5
1509,11,1.780338059553546e-5
1509,12,1.7993628627005023e-5
1510,1,1.552831923860991e-5
1510,2,1.5009477078472828e-5
1510,3,1.5589367634623657e-5
1510,4,1.49992769105169e-5
1510,5,1.0364221048260135e-5
1510,6,5.625677277446202e-6
1510,7,2.8683467682102496e-6
1510,8,1.367899369258911e-6
1510,9,1.005183836870616e-5
1510,10,1.7802111161833715e-5
1510,11,2.0996124634766145e-05
1510,12,1.4888975438328279e-5
1511,1,1.7812458266928072e-5
1511,2,1.790631756773728e-5
1511,3,1.1140277397040785e-5
1511,4,1.071876874423436e-5
1511,5,8.089530628943783e-6
1511,6,3.5089031046858432e-6
1511,7,1.2324299707415927e-6
1511,8,1.9226081349021944e-6
1511,9,8.488836307485493e-6
1511,10,1.8956723975402333e-5
1511,11,1.3873339879974907e-5
1511,12,1.8984434128873847e-5
1512,1,1.551098989494739e-5
1512,2,1.799366048250359e-5
1512,3,1.3662149363750581e-5
1512,4,1.169970631148487e-5
1512,5,1.2252565146117205e-5
1512,6,4.986344082210165e-6
1512,7,9.938434077815805e-7
1512,8,1.7288953225072112e-6
1512,9,1.2565137439270013e-5
1512,10,2.1594643670426726e-5
1512,11,1.995108235572617e-5
1512,12,2.0273403878101258e-5
1513,1,1.7518970644992134e-5
1513,2,1.504294876089533e-5
1513,3,9.71458675262586e-6
1513,4,9.742099864411058e-6
1513,5,1.1714112253961379e-5
1513,6,5.17278391661876e-6
1513,7,1.3385016702118073e-6
1513,8,1.4535367560903615e-6
1513,9,1.0948466989504298e-5
1513,10,2.3486709723303824e-5
1513,11,1.695338941186133e-5
1513,12,1.4921984031464397e-5
1514,1,1.3449471801378582e-5
1514,2,1.8209845105801035e-5
1514,3,1.531942104426714e-5
1514,4,1.232361154705222e-5
1514,5,1.1697589509199367e-5
1514,6,7.807957782374118e-6
1514,7,9.946525350062122e-7
1514,8,1.4139241760489803e-6
1514,9,8.581171942629993e-6
1514,10,2.258836577126228e-5
1514,11,2.0816376114062013e-5
1514,12,1.5786504945345032e-5
1515,1,2.0245888945457592e-5
1515,2,1.553992331486722e-5
1515,3,1.199178980988381e-5
1515,4,1.4143839422168797e-5
1515,5,1.0195225851804977e-5
1515,6,3.27241060124655e-6
1515,7,1.1034006788729683e-6
1515,8,1.3713185497058503e-6
1515,9,8.45204273912929e-6
1515,10,1.9529786974801016e-5
1515,11,1.601906725869344e-5
1515,12,1.80327273927078e-5
1516,1,1.8075806547877753e-5
1516,2,9.849447120515878e-6
1516,3,1.459060314696539e-5
1516,4,9.620595304856997e-6
1516,5,1.233200414306913e-5
1516,6,8.078586790337062e-6
1516,7,1.96115773962986e-6
1516,8,1.2551750821268981e-6
1516,9,8.06483520535361e-6
1516,10,2.0534076465224903e-5
1516,11,1.549962746616602e-5
1516,12,1.636640419717138e-5
1517,1,1.4107605078309811e-5
1517,2,1.640983757025076e-5
1517,3,1.3976779316118975e-5
1517,4,1.2679399445258446e-5
1517,5,1.0289109200604985e-5
1517,6,4.509769036730285e-6
1517,7,1.645444569166368e-6
1517,8,8.143698848757095e-7
1517,9,1.1009065050566842e-5
1517,10,2.276705001974454e-5
1517,11,1.4735611048252572e-5
1517,12,1.9990316449755248e-5
1518,1,2.275218679496845e-5
1518,2,1.6126049894509203e-5
1518,3,1.550824489423808e-5
1518,4,1.230276563781314e-5
1518,5,1.147633163672326e-5
1518,6,5.610955800921966e-6
1518,7,1.0231646747559013e-6
1518,8,8.933565715972373e-7
1518,9,8.884938871857793e-6
1518,10,1.9131783802600247e-5
1518,11,1.8708253666154828e-5
1518,12,1.18098944740525e-5
1519,1,1.5374529102634494e-5
1519,2,1.1704585983704758e-5
1519,3,1.2437650181920442e-5
1519,4,1.3952618389506588e-5
1519,5,1.0891862098338187e-5
1519,6,4.566727711324167e-6
1519,7,1.4546331339105035e-6
1519,8,1.5804119084103607e-6
1519,9,8.806417672471194e-6
1519,10,1.8515695290348433e-5
1519,11,1.593280939960307e-5
1519,12,1.1778954590809805e-5
1520,1,1.2835935911678081e-5
1520,2,1.3133517433888269e-5
1520,3,1.3766643844121665e-5
1520,4,1.3695801225859136e-5
1520,5,1.2271155126224242e-5
1520,6,7.167548408673612e-6
1520,7,1.4762535178021036e-6
1520,8,2.1998856499896223e-6
1520,9,1.2933468421705676e-5
1520,10,2.1652477395487303e-5
1520,11,1.8690705768295855e-5
1520,12,1.754833808696551e-5
1521,1,1.503579689143089e-5
1521,2,1.679091266916337e-5
1521,3,1.2967436204227977e-5
1521,4,1.5036785243162744e-5
1521,5,1.0396332658399054e-5
1521,6,4.500172317647773e-6
1521,7,8.900325269067278e-7
1521,8,2.4136504598920835e-6
1521,9,1.1060204959435694e-5
1521,10,1.7294243095012938e-5
1521,11,1.8622341161906948e-5
1521,12,2.00379414515184e-5
1522,1,1.6157674611260735e-5
1522,2,1.3189877262775195e-5
1522,3,1.5754850497024467e-5
1522,4,1.4167727942488841e-5
1522,5,8.301525031721326e-6
1522,6,7.186187059391755e-6
1522,7,2.5419917677063423e-6
1522,8,1.9985693494443923e-6
1522,9,1.204043948727754e-5
1522,10,1.793667288165641e-5
1522,11,2.3299637904365234e-5
1522,12,1.500891317670493e-5
1523,1,1.5063096594870997e-5
1523,2,1.3570492375160486e-5
1523,3,1.3018997752125901e-5
1523,4,1.3769733181260543e-5
1523,5,1.0845284749836168e-5
1523,6,5.228374293134045e-6
1523,7,4.3924406259542035e-7
1523,8,1.8967136994273008e-6
1523,9,9.303871407420901e-6
1523,10,2.3238026529565796e-5
1523,11,1.9780321273257947e-5
1523,12,2.0476294965501113e-5
1524,1,1.1578127107643102e-5
1524,2,1.7821682496189698e-5
1524,3,1.2299711599953288e-5
1524,4,1.3421709984214423e-5
1524,5,1.0609698031975005e-5
1524,6,6.041056592525747e-6
1524,7,2.9752492265586364e-6
1524,8,1.701590232728597e-6
1524,9,1.4084415779784646e-5
1524,10,2.575952723032948e-5
1524,11,1.759216323232091e-5
1524,12,1.645669305993747e-5
1525,1,1.859523739226832e-5
1525,2,1.3672403969685755e-5
1525,3,1.1810913222161727e-5
1525,4,1.6353254848506746e-5
1525,5,1.001266292675354e-5
1525,6,5.42680636792981e-6
1525,7,1.5945949761203616e-6
1525,8,2.52760178847543e-6
1525,9,1.0279603072308943e-5
1525,10,1.9025395994889052e-5
1525,11,1.9812516529162893e-5
1525,12,1.6226450753461605e-5
1526,1,1.4157196946315556e-5
1526,2,1.5218650767579312e-5
1526,3,1.505939237005198e-5
1526,4,1.1976026266206333e-5
1526,5,1.0107632016311024e-5
1526,6,5.391236432205648e-6
1526,7,8.208772600174513e-7
1526,8,1.4402440701333977e-6
1526,9,7.686489750144502e-6
1526,10,1.917148078230207e-5
1526,11,1.7293708618971652e-05
1526,12,1.6341174943499386e-5
1527,1,1.4905469134709757e-5
1527,2,9.25071156498222e-6
1527,3,1.44101854465881e-5
1527,4,1.1491108682201595e-5
1527,5,8.575931937301874e-6
1527,6,6.2542334417535475e-6
1527,7,1.632446971613069e-6
1527,8,8.713323386430393e-7
1527,9,1.0013390985169553e-5
1527,10,1.6558150918787554e-5
1527,11,1.844000315317689e-5
1527,12,1.8735513379247766e-5
1528,1,1.6209461940408587e-5
1528,2,1.9155940812578358e-5
1528,3,1.4677676778036372e-5
1528,4,1.209421945027854e-5
1528,5,1.0730300961726966e-5
1528,6,7.0521906682218875e-6
1528,7,1.2253449540549781e-6
1528,8,1.269734001914774e-6
1528,9,1.0000572279570101e-5
1528,10,2.1713259171313236e-5
1528,11,1.5240449042333485e-5
1528,12,1.329299444600241e-5
1529,1,1.562336727951149e-5
1529,2,1.7306900028701923e-5
1529,3,1.3196562509149898e-5
1529,4,1.4476716234791096e-5
1529,5,1.0189688558256887e-5
1529,6,5.132674698798325e-6
1529,7,3.1778505043689215e-6
1529,8,2.43205931640845e-6
1529,9,1.0956481464450924e-5
1529,10,1.58523428956508e-5
1529,11,1.8064929552990586e-5
1529,12,1.2860553435045092e-5
1530,1,1.5957232670768784e-5
1530,2,1.3791919466869864e-5
1530,3,1.3410189227607245e-5
1530,4,1.3550143076595946e-5
1530,5,1.0214171369933746e-5
1530,6,7.0189731927689215e-6
1530,7,1.0445191429199814e-6
1530,8,2.145731921421547e-6
1530,9,8.86525327041494e-6
1530,10,2.242856731428906e-5
1530,11,1.9642424522902128e-5
1530,12,1.424442194679668e-5
1531,1,1.6382758308275832e-5
1531,2,1.0948421603224735e-5
1531,3,1.0302707233354702e-5
1531,4,1.3283378043900044e-5
1531,5,1.1480835973672148e-5
1531,6,4.849367395250501e-6
1531,7,6.841341242249171e-7
1531,8,1.8938951944980964e-6
1531,9,8.700541049203908e-6
1531,10,1.8867856568532877e-5
1531,11,1.959097315298606e-5
1531,12,1.8659172936554622e-5
1532,1,1.5922148356109482e-5
1532,2,1.682219761684602e-5
1532,3,1.4103619789021358e-5
1532,4,1.1397768370536196e-5
1532,5,1.0082263427222126e-5
1532,6,4.4130230587636116e-6
1532,7,1.4275908663296345e-6
1532,8,1.8003567448397366e-6
1532,9,9.25844835551029e-6
1532,10,2.2134750662419718e-5
1532,11,2.554959323406013e-5
1532,12,1.7897483929799284e-5
1533,1,1.6270088550058072e-5
1533,2,1.751142214776213e-5
1533,3,1.1208301267389364e-5
1533,4,1.2331523034942291e-5
1533,5,1.0791859938059514e-5
1533,6,7.788530792431749e-6
1533,7,6.265657006891182e-7
1533,8,1.6947318739495753e-6
1533,9,1.00071861686767e-5
1533,10,1.45408537338363e-5
1533,11,1.8414579513460436e-5
1533,12,1.9186282991231647e-5
1534,1,1.5291470252240898e-5
1534,2,1.85887454668288e-5
1534,3,1.3563042743047188e-5
1534,4,1.3112843181873944e-5
1534,5,1.225239317676904e-5
1534,6,4.300417400453287e-6
1534,7,8.269550800428188e-7
1534,8,1.6594894664986238e-6
1534,9,9.24224938823855e-6
1534,10,1.8423280994777962e-5
1534,11,1.8808804478915708e-5
1534,12,1.612897981310512e-5
1535,1,1.7410687012989545e-5
1535,2,1.699233237238293e-5
1535,3,1.6189107770215587e-5
1535,4,1.3519556008635058e-5
1535,5,9.728513300894254e-6
1535,6,5.13900985658935e-6
1535,7,1.667471818999475e-6
1535,8,1.1133077168208698e-6
1535,9,8.847144377981903e-6
1535,10,1.8566797276714203e-5
1535,11,2.233235793662514e-5
1535,12,1.4700073966827868e-5
1536,1,1.3637674398024103e-5
1536,2,1.2860479485423255e-5
1536,3,1.4350375621633313e-5
1536,4,1.1452887336639968e-5
1536,5,1.2724454345508867e-5
1536,6,5.273705918868198e-6
1536,7,1.3282491305384995e-6
1536,8,1.2490359046304818e-6
1536,9,1.1053271888507377e-5
1536,10,2.0221957731511747e-5
1536,11,2.1824169265935103e-5
1536,12,1.7507152563623698e-5
1537,1,1.8691057300184753e-5
1537,2,1.525407862680496e-5
1537,3,1.534359945375222e-5
1537,4,1.4015388303194083e-5
1537,5,1.0647526301857362e-5
1537,6,3.834038792865954e-6
1537,7,1.218594272000553e-6
1537,8,1.0629260211455282e-6
1537,9,1.0010110209222205e-5
1537,10,2.417194204819028e-5
1537,11,1.9015096800128006e-5
1537,12,1.6879220717004815e-5
1538,1,1.8848053688710338e-5
1538,2,1.4145530242218101e-5
1538,3,1.2276208934995958e-5
1538,4,9.360337786423034e-6
1538,5,8.746451590138487e-6
1538,6,5.323108752743854e-6
1538,7,1.200809488994599e-6
1538,8,2.0636553680119463e-6
1538,9,8.269606231956826e-6
1538,10,2.134162876209645e-5
1538,11,1.767671544553633e-5
1538,12,1.5300121457352757e-5
1539,1,1.2177981533697587e-5
1539,2,1.3896050056594375e-5
1539,3,1.5660304117799217e-5
1539,4,1.4510577877087126e-5
1539,5,1.0622024762525126e-5
1539,6,5.060361065454422e-6
1539,7,1.3532929151172652e-6
1539,8,1.6263251032359397e-6
1539,9,1.1276155483047995e-5
1539,10,1.6615617604961702e-5
1539,11,2.1276517829610433e-5
1539,12,1.68946508217547e-5
1540,1,1.4153140741965159e-5
1540,2,1.6575148652521617e-5
1540,3,1.3640936119736728e-5
1540,4,1.1958496699358662e-5
1540,5,9.925898676442897e-6
1540,6,2.8971816112415876e-6
1540,7,8.473556833429789e-7
1540,8,2.449112653557213e-6
1540,9,1.2754606978703753e-5
1540,10,1.7779046695866263e-5
1540,11,1.5574691341991674e-5
1540,12,1.6479119078340497e-5
1541,1,1.906705990466509e-5
1541,2,2.0134088463517023e-5
1541,3,1.3662270220996196e-5
1541,4,1.4914308902249272e-5
1541,5,1.1191179103159922e-5
1541,6,6.281504861279142e-6
1541,7,2.1112854869993495e-6
1541,8,1.3768980560546235e-6
1541,9,9.672199671315013e-6
1541,10,1.8158492051148305e-5
1541,11,1.664761840460149e-5
1541,12,1.811676250431301e-5
1542,1,1.6421300938016105e-5
1542,2,1.7129355807540293e-5
1542,3,1.4129868311712084e-5
1542,4,1.1858492128039543e-5
1542,5,1.197547457212491e-5
1542,6,4.407471431153589e-6
1542,7,1.0211094937860685e-6
1542,8,2.0912556104168816e-6
1542,9,1.0559417955608557e-5
1542,10,1.822929709880519e-5
1542,11,1.693127540355683e-5
1542,12,1.4674428049772218e-5
1543,1,1.966800495384284e-5
1543,2,1.4077938643286646e-5
1543,3,1.3748901314705158e-5
1543,4,1.1766350607699844e-5
1543,5,7.980468282724194e-6
1543,6,4.4569996277876e-6
1543,7,4.4792516353764484e-7
1543,8,1.737085291390562e-6
1543,9,9.076566654097084e-6
1543,10,1.9355776373247707e-5
1543,11,1.750343310724134e-5
1543,12,2.457769306916525e-5
1544,1,1.5933434759258025e-5
1544,2,1.9517022992741103e-5
1544,3,1.33143287096972e-5
1544,4,1.3376672546968653e-5
1544,5,1.0134077213731863e-5
1544,6,5.82125979326914e-6
1544,7,3.9915793586425827e-7
1544,8,1.7857241923508057e-6
1544,9,1.0178575896894344e-5
1544,10,2.2713532177864847e-5
1544,11,1.958064004786987e-5
1544,12,1.705919566547071e-5
1545,1,1.4831438980663517e-5
1545,2,1.3042964096825683e-5
1545,3,1.2261050513315966e-5
1545,4,1.0904154782833299e-5
1545,5,1.1426697408982476e-5
1545,6,5.740040918778005e-6
1545,7,1.1583201087423266e-6
1545,8,1.1549294616694612e-6
1545,9,6.9824865362941796e-6
1545,10,1.7482947659482523e-5
1545,11,1.8981146415057927e-5
1545,12,1.6069055289410557e-5
1546,1,1.6181067993677915e-5
1546,2,1.91779135339429e-5
1546,3,1.4588881670380123e-5
1546,4,1.3765167011492514e-5
1546,5,9.88143112612545e-6
1546,6,3.890104145722248e-6
1546,7,1.0251488112848638e-6
1546,8,1.6955912809354287e-6
1546,9,8.955691682073532e-6
1546,10,2.530637556044636e-5
1546,11,2.4849241197608563e-5
1546,12,1.7628090097604122e-5
1547,1,1.2724945746216769e-5
1547,2,1.2733841825114539e-5
1547,3,1.1447121692278024e-5
1547,4,1.3071533502799461e-5
1547,5,1.0765073897622779e-5
1547,6,3.941081030427937e-6
1547,7,1.3713572732467081e-6
1547,8,1.294395697315096e-6
1547,9,1.1293650668948451e-5
1547,10,2.2432298856362944e-5
1547,11,1.9084881621965064e-5
1547,12,1.3212376921950426e-5
1548,1,1.684301052507577e-5
1548,2,1.491539925008788e-5
1548,3,1.3764609320148145e-5
1548,4,1.2738732445842197e-5
1548,5,8.495820766972336e-6
1548,6,3.257496815569496e-6
1548,7,9.653077974451047e-7
1548,8,1.8832688611908474e-6
1548,9,1.1750967367550897e-5
1548,10,2.3503346796089338e-5
1548,11,1.857432394509667e-5
1548,12,1.405231187234149e-5
1549,1,1.8246798479328373e-5
1549,2,1.2325338168422685e-5
1549,3,1.2096177994761002e-5
1549,4,1.529416266892865e-5
1549,5,1.301562049441734e-5
1549,6,6.5429998804163254e-6
1549,7,2.55393393843451e-6
1549,8,1.4375327323557874e-6
1549,9,8.540240616224546e-6
1549,10,1.5714852332534306e-5
1549,11,1.7145354361059857e-5
1549,12,1.78493251187717e-5
1550,1,1.5134119785142252e-5
1550,2,1.7215711514889643e-5
1550,3,1.3811319301827526e-5
1550,4,1.0796266898653004e-5
1550,5,1.1942195646960208e-5
1550,6,5.735768316480006e-6
1550,7,2.8355136612622673e-6
1550,8,6.894711458312224e-7
1550,9,7.980260415114353e-6
1550,10,2.416781826698212e-5
1550,11,1.6414493206218442e-5
1550,12,1.8059324315874765e-5
1551,1,1.3469840109996543e-5
1551,2,1.7440830388173244e-5
1551,3,1.57546222494394e-5
1551,4,1.0635966235551179e-5
1551,5,1.1685715284408175e-5
1551,6,5.952791269370972e-6
1551,7,1.5810283032059508e-6
1551,8,1.1192537734267805e-6
1551,9,1.0118454433641018e-5
1551,10,2.2927898329679957e-5
1551,11,1.7057472228285487e-5
1551,12,1.4986760752744302e-5
1552,1,1.5007192433245075e-5
1552,2,1.4996404368457772e-5
1552,3,1.5954573255200996e-5
1552,4,1.412665827216547e-5
1552,5,1.8387198484592144e-5
1552,6,7.208249015282367e-6
1552,7,1.2049854672899117e-6
1552,8,1.2699522743648582e-6
1552,9,1.059644836176027e-5
1552,10,2.0907774291381396e-5
1552,11,1.820572083628714e-5
1552,12,2.0806028537460684e-5
1553,1,1.5054341699131997e-5
1553,2,1.299775253562364e-5
1553,3,1.1900621962435826e-5
1553,4,1.0115580361518653e-5
1553,5,1.0381221749882487e-5
1553,6,4.759945999061417e-6
1553,7,2.003829786205414e-6
1553,8,2.013406717160522e-6
1553,9,1.181967589002142e-5
1553,10,1.7771727978196584e-5
1553,11,1.4938932137531262e-5
1553,12,1.8277131196248782e-5
1554,1,1.4781282041499994e-5
1554,2,1.6281514140941998e-5
1554,3,1.3959142368912815e-5
1554,4,1.150342245205945e-5
1554,5,8.718454269897937e-6
1554,6,4.409792285113237e-6
1554,7,1.7732477637684005e-6
1554,8,1.1762751179802428e-6
1554,9,1.4409481835945768e-5
1554,10,1.888652777236003e-5
1554,11,2.0563390081135155e-5
1554,12,1.360703768208439e-5
1555,1,1.660790812098623e-5
1555,2,1.2790918354379577e-5
1555,3,1.1404501846555592e-5
1555,4,1.0939069168462233e-5
1555,5,6.153479097371872e-6
1555,6,5.835931297755236e-6
1555,7,1.1171918101958148e-6
1555,8,1.7192589163011806e-6
1555,9,9.402697852236175e-6
1555,10,2.335338498659833e-5
1555,11,1.7767744734231096e-5
1555,12,1.561376484678591e-5
1556,1,1.5352971092396435e-5
1556,2,1.321069957677951e-5
1556,3,1.442948207642126e-5
1556,4,1.586528127798969e-5
1556,5,1.0363174548462971e-5
1556,6,6.270518972630498e-6
1556,7,8.458903456017267e-7
1556,8,1.187805019962237e-6
1556,9,1.2930414076401712e-5
1556,10,1.770992870670904e-5
1556,11,2.0557666071749052e-5
1556,12,1.55339791182526e-5
1557,1,2.1560239277364802e-5
1557,2,1.6424868366625914e-5
1557,3,1.2930519836099835e-5
1557,4,1.1502514002244445e-5
1557,5,1.005496326244642e-5
1557,6,6.0596063096397296e-6
1557,7,1.2274908360698075e-6
1557,8,1.1798949657459156e-6
1557,9,9.247638712761498e-6
1557,10,2.4888733866886384e-5
1557,11,2.3161457440526865e-5
1557,12,1.8557703980367238e-5
1558,1,1.2947022534459565e-5
1558,2,1.2485062667889378e-5
1558,3,1.643338500348757e-5
1558,4,1.4117233212186046e-5
1558,5,1.0543211261394213e-5
1558,6,4.029525421613739e-6
1558,7,3.5104362302109987e-7
1558,8,1.4561600715442164e-6
1558,9,9.943388028406957e-6
1558,10,1.8981245663618134e-5
1558,11,1.88193929019639e-5
1558,12,1.7208394682172993e-5
1559,1,1.895740405176838e-5
1559,2,1.2599355855709912e-5
1559,3,1.613920961493472e-5
1559,4,1.3696150461337964e-5
1559,5,1.371056491064186e-5
1559,6,3.36432478189248e-6
1559,7,1.29441674422814e-6
1559,8,1.5547075664165327e-6
1559,9,1.4217625487817607e-5
1559,10,2.3430067338899726e-5
1559,11,1.9709162338665325e-5
1559,12,1.7458990001486864e-5
1560,1,2.080898660695824e-5
1560,2,1.6940712566567177e-5
1560,3,1.3757669995646066e-5
1560,4,9.804807733662602e-6
1560,5,1.1108508447235845e-5
1560,6,4.7768919860510374e-6
1560,7,1.2274083262587298e-6
1560,8,1.6584966124156038e-6
1560,9,1.0793140666892478e-5
1560,10,1.873816801258008e-5
1560,11,1.3697738332929273e-5
1560,12,1.4084500593526302e-5
1561,1,1.626413053069802e-5
1561,2,1.4085415315098811e-5
1561,3,1.29792178292568e-5
1561,4,9.89317265990763e-6
1561,5,7.669655927483436e-6
1561,6,6.4747297375318094e-6
1561,7,1.612345706587894e-6
1561,8,1.7021987702957263e-6
1561,9,1.2740491088429306e-5
1561,10,2.1867724415220494e-5
1561,11,2.29087388723084e-5
1561,12,1.8761695737048236e-5
1562,1,1.753797131558057e-5
1562,2,1.594895593578694e-5
1562,3,1.400203185242695e-5
1562,4,1.1480506277197457e-5
1562,5,9.030073341275984e-6
1562,6,4.821157201477515e-6
1562,7,1.8643107497419331e-6
1562,8,2.4915378908980635e-6
1562,9,1.2184087333731608e-5
1562,10,2.1247684217581283e-5
1562,11,1.8408572233916966e-5
1562,12,1.4929397094057122e-5
1563,1,1.2151948142762656e-5
1563,2,1.3347001888078757e-5
1563,3,1.47093281566614e-5
1563,4,1.0696478080549599e-5
1563,5,7.923342962616928e-6
1563,6,5.193901113369112e-6
1563,7,1.7274013917192579e-6
1563,8,1.8304923235063322e-6
1563,9,1.03741277731595e-5
1563,10,1.5882111839282608e-5
1563,11,1.5212128020304716e-5
1563,12,1.713517238656783e-5
1564,1,1.4140272755987935e-5
1564,2,1.736263701519846e-5
1564,3,9.907068478462537e-6
1564,4,1.2212810894278914e-5
1564,5,9.426885477057328e-6
1564,6,3.603351127748587e-6
1564,7,1.029204613022452e-6
1564,8,2.0558330120977677e-6
1564,9,1.0038398295592948e-5
1564,10,2.1186130395182536e-5
1564,11,1.7002744007887665e-5
1564,12,1.6266462641921727e-5
1565,1,1.5504810763609684e-5
1565,2,1.2748423284402697e-5
1565,3,1.5591849931692656e-5
1565,4,1.1576237249905223e-5
1565,5,1.155680373820449e-5
1565,6,5.790481656844731e-6
1565,7,1.7691885646977586e-6
1565,8,2.0357437430222437e-6
1565,9,7.517794567006248e-6
1565,10,2.1630192761013638e-5
1565,11,1.7993157023191018e-5
1565,12,1.708076669766369e-5
1566,1,1.403630595554941e-5
1566,2,1.5374048545375018e-5
1566,3,1.6043619225471157e-5
1566,4,1.1487049975583607e-5
1566,5,1.0186416040564091e-5
1566,6,5.933694339644679e-6
1566,7,1.458458210719684e-6
1566,8,1.3460887334800892e-6
1566,9,1.0664486741919141e-5
1566,10,2.1135981648557515e-5
1566,11,1.906632591507421e-5
1566,12,1.586536541582521e-5
1567,1,1.6488614439686134e-5
1567,2,1.2928989822143724e-5
1567,3,1.708541882672193e-5
1567,4,1.1365604124124395e-5
1567,5,9.880139959881887e-6
1567,6,6.3482645090089775e-6
1567,7,1.8539701841388209e-6
1567,8,2.839065277127614e-6
1567,9,1.2747593988168213e-5
1567,10,2.0937373935443976e-5
1567,11,2.122995682576647e-5
1567,12,1.720127688809483e-5
1568,1,1.4321107238133908e-5
1568,2,1.4436083719960874e-5
1568,3,1.461245837482164e-5
1568,4,1.1848464624788248e-5
1568,5,1.1078523727839701e-5
1568,6,3.893539299714247e-6
1568,7,6.014852144806876e-7
1568,8,1.925997664374438e-6
1568,9,1.140472412306545e-5
1568,10,1.9725408576508115e-5
1568,11,1.716965688842296e-5
1568,12,1.754449498448958e-5
1569,1,1.8014049529586867e-5
1569,2,1.5999953839607363e-5
1569,3,1.3877905155477073e-5
1569,4,1.3870784393612127e-5
1569,5,8.919559979407354e-6
1569,6,4.76030007413853e-6
1569,7,7.898154063772228e-7
1569,8,1.654639895470086e-6
1569,9,6.963951112839821e-6
1569,10,1.7211811330273715e-5
1569,11,1.7630109413961017e-5
1569,12,1.475268283568088e-5
1570,1,1.4185974054754447e-5
1570,2,1.4293392368838328e-5
1570,3,1.298096630796111e-5
1570,4,1.059164418003773e-5
1570,5,1.135253322853227e-5
1570,6,5.060186527164427e-6
1570,7,1.3282297712862975e-6
1570,8,2.5659029319776116e-6
1570,9,9.898037084620418e-6
1570,10,1.8326818771969963e-5
1570,11,2.0909191786325996e-5
1570,12,1.4251310419008599e-5
1571,1,1.2097303516490921e-5
1571,2,1.628919046371472e-5
1571,3,1.2723497233376162e-5
1571,4,1.2761911474413512e-5
1571,5,1.237583726077485e-5
1571,6,4.793889052589761e-6
1571,7,1.1364259576453176e-6
1571,8,1.687665319288536e-6
1571,9,1.0854261868178695e-5
1571,10,1.6549392991597608e-5
1571,11,1.7981362437086246e-5
1571,12,1.8158188551848998e-5
1572,1,1.496942867137147e-5
1572,2,1.6280391876621078e-5
1572,3,1.4268172046036781e-5
1572,4,1.3212106353627517e-5
1572,5,8.308414343616572e-6
1572,6,4.678955407618173e-6
1572,7,5.899946629528106e-7
1572,8,2.3126238517554495e-6
1572,9,5.825154251878772e-6
1572,10,2.2542879225071873e-5
1572,11,1.8982558475991542e-5
1572,12,1.6759275967243537e-5
1573,1,1.753876484699862e-5
1573,2,1.524640340778362e-5
1573,3,1.2121808137190333e-5
1573,4,1.1180590915399587e-5
1573,5,1.4025289255953715e-5
1573,6,6.200156627329706e-6
1573,7,1.3817209774655221e-6
1573,8,2.3804666243590975e-6
1573,9,7.117205734054028e-6
1573,10,2.1794143604411025e-5
1573,11,2.2536650277657895e-5
1573,12,1.296805786754027e-5
1574,1,1.4802160642277907e-5
1574,2,1.95938010747023e-5
1574,3,1.290921390153737e-5
1574,4,1.1225936610876542e-5
1574,5,1.3075915258316227e-5
1574,6,5.386262457289938e-6
1574,7,1.2037468255442624e-6
1574,8,1.6432758453952122e-6
1574,9,7.95510231379889e-6
1574,10,1.9924927853387907e-5
1574,11,1.7095645564446228e-5
1574,12,2.196426963231359e-5
1575,1,1.3675752070794794e-5
1575,2,1.517340329543629e-5
1575,3,1.3127274326767436e-5
1575,4,1.3978672646497715e-5
1575,5,9.301770769002423e-6
1575,6,4.6555772790824724e-6
1575,7,1.6446387303856054e-6
1575,8,2.7281773947259533e-6
1575,9,1.0611590475136335e-5
1575,10,2.4566806916551197e-5
1575,11,1.8849737558043315e-5
1575,12,1.3546542520653253e-5
1576,1,1.3379779862080433e-5
1576,2,1.44742145510165e-5
1576,3,1.4211009477252816e-5
1576,4,1.4933225790548155e-5
1576,5,9.235436407122376e-6
1576,6,5.811445262355e-6
1576,7,2.0111565748259504e-6
1576,8,3.6487420849327316e-6
1576,9,6.624065918292068e-6
1576,10,1.6740611982489386e-5
1576,11,1.953147244334148e-5
1576,12,1.9508151618767082e-5
1577,1,1.4335019348649304e-5
1577,2,1.400336060593313e-5
1577,3,1.3536572768034618e-5
1577,4,1.300634435909329e-5
1577,5,1.276389090729903e-5
1577,6,5.756822087611518e-6
1577,7,1.6247961570478985e-6
1577,8,2.297065895741333e-6
1577,9,8.197965120029383e-6
1577,10,1.9892379757962244e-5
1577,11,1.90589326346101e-5
1577,12,1.7604660358412073e-5
1578,1,1.0509556069774928e-5
1578,2,1.571705732065639e-5
1578,3,1.640217936546817e-5
1578,4,1.1663402993277132e-5
1578,5,9.74467435307154e-6
1578,6,3.946203910358124e-6
1578,7,8.094943126351485e-7
1578,8,1.4417181218156947e-6
1578,9,1.3818041174212213e-5
1578,10,2.4467663385242038e-5
1578,11,2.1259925473931344e-5
1578,12,2.1202614988159035e-5
1579,1,2.0077021375420942e-5
1579,2,1.1472513010792004e-5
1579,3,1.4167990409996e-5
1579,4,1.1697862399382092e-5
1579,5,8.734623059031856e-6
1579,6,6.114161390990996e-6
1579,7,1.0569690085723247e-6
1579,8,1.179502930903681e-6
1579,9,9.945679731623617e-6
1579,10,2.5284972367898816e-5
1579,11,1.771305285305619e-5
1579,12,1.5238079246722454e-5
1580,1,1.4631369555681527e-5
1580,2,1.2245407192360383e-5
1580,3,1.490454634366712e-5
1580,4,9.675200336569455e-6
1580,5,8.616257225344464e-6
1580,6,3.2117983224688454e-6
1580,7,2.885872135483212e-6
1580,8,1.4752802241440152e-6
1580,9,8.450908194699236e-6
1580,10,1.8032286328378582e-5
1580,11,1.7852714076267217e-5
1580,12,1.9068555266944933e-5
1581,1,1.3204927686210153e-5
1581,2,1.5024815882620926e-5
1581,3,1.2370737693063477e-5
1581,4,1.293575474575165e-5
1581,5,9.23849357750645e-6
1581,6,4.6399465504220595e-6
1581,7,1.0375003777491467e-6
1581,8,2.6038809944851877e-6
1581,9,8.195679370156738e-6
1581,10,2.345434827158459e-5
1581,11,1.5146897997725154e-5
1581,12,1.4726119574474179e-5
1582,1,1.8258067691631167e-5
1582,2,1.986608226863142e-5
1582,3,1.5438020993876614e-5
1582,4,9.680599987865835e-6
1582,5,1.0134263608028287e-5
1582,6,5.989193781629706e-6
1582,7,2.17947755556457e-6
1582,8,2.9312726455906733e-6
1582,9,8.08139860029245e-6
1582,10,2.781322186756726e-5
1582,11,2.277373267041237e-5
1582,12,1.573415924465298e-5
1583,1,1.63090505523721e-5
1583,2,1.4274745032908789e-5
1583,3,1.1365587028026578e-5
1583,4,1.2033890484015769e-5
1583,5,1.0894239386805564e-5
1583,6,5.362896251228505e-6
1583,7,8.76843119763774e-7
1583,8,8.668944335799498e-7
1583,9,1.3311083322181188e-5
1583,10,2.0333387933671274e-5
1583,11,2.2997147214865512e-5
1583,12,1.8400846197697274e-5
1584,1,1.3170687723307136e-5
1584,2,1.4572381623626523e-5
1584,3,1.6430949240033246e-5
1584,4,1.0509237783696229e-5
1584,5,1.2054793194404628e-5
1584,6,3.0874386973205905e-6
1584,7,1.1192695841545744e-6
1584,8,1.6789732179700245e-6
1584,9,8.144668094156849e-6
1584,10,2.2205728388554287e-5
1584,11,1.7096886392911974e-5
1584,12,1.4443315479814358e-5
1585,1,1.246935360993268e-5
1585,2,1.5839709407744742e-5
1585,3,1.5241351894260059e-5
1585,4,1.3113425372301796e-5
1585,5,9.785278900569566e-6
1585,6,7.622530401731044e-6
1585,7,3.2176751663418308e-6
1585,8,1.1662079908068318e-6
1585,9,1.3523783923240686e-5
1585,10,1.8546475475535445e-5
1585,11,2.0333788390768837e-5
1585,12,1.5155748826660144e-5
1586,1,1.5336077686814464e-5
1586,2,1.2631678451735732e-5
1586,3,1.4720310094195372e-5
1586,4,1.1397185554467697e-5
1586,5,1.0850016683090938e-5
1586,6,4.78108766964641e-6
1586,7,6.854459856947779e-7
1586,8,6.77978284623814e-7
1586,9,8.018481783140872e-6
1586,10,1.6339732847257553e-5
1586,11,1.946486704404558e-5
1586,12,1.4471540846310779e-5
1587,1,1.3862737143715817e-5
1587,2,1.3816491668941247e-5
1587,3,1.2105514321203184e-5
1587,4,1.0869524680591899e-5
1587,5,9.53211082042935e-6
1587,6,4.517333168226524e-6
1587,7,1.3496425499669532e-6
1587,8,2.3052783787872857e-6
1587,9,9.749932248940602e-6
1587,10,2.229640550232295e-5
1587,11,2.3193390039852975e-5
1587,12,2.0353166806218086e-5
1588,1,1.5755399162626123e-5
1588,2,2.0472759230770555e-5
1588,3,1.0846959476494543e-5
1588,4,1.1313703391758755e-5
1588,5,1.1521927746791825e-5
1588,6,2.9768751930160864e-6
1588,7,1.2073626836807785e-6
1588,8,2.4275958667623024e-6
1588,9,1.0664164621019744e-5
1588,10,1.9922266904918465e-5
1588,11,2.094067065812772e-5
1588,12,1.4489461776240155e-5
1589,1,1.3169890745964342e-5
1589,2,1.2402672724658151e-5
1589,3,1.5856233403568623e-5
1589,4,1.3522340807839466e-5
1589,5,7.868539852088278e-6
1589,6,4.693311262795355e-6
1589,7,2.895468798187359e-6
1589,8,2.216726235949524e-6
1589,9,1.0215025522467362e-5
1589,10,2.7349211999681047e-05
1589,11,1.8328146731779235e-5
1589,12,1.3654484285827994e-5
1590,1,1.4806219751889649e-5
1590,2,1.4435864909429026e-5
1590,3,1.4947564498040447e-5
1590,4,9.89725219399139e-6
1590,5,1.0869118657411527e-5
1590,6,5.295353404977641e-6
1590,7,1.8573024043183478e-6
1590,8,1.412830384977313e-6
1590,9,1.139926889544186e-5
1590,10,2.1336887182513042e-5
1590,11,1.5529317038568182e-5
1590,12,1.4018962473792052e-5
1591,1,1.3337205068357211e-5
1591,2,1.2734446850981612e-5
1591,3,1.3565966558469013e-5
1591,4,1.8504167170944985e-5
1591,5,9.447103453557074e-6
1591,6,4.510373537192604e-6
1591,7,9.75023568314821e-7
1591,8,7.496165842564418e-7
1591,9,7.6001298396658134e-6
1591,10,1.887615444190026e-5
1591,11,1.5150989089031651e-5
1591,12,1.6954836222308795e-5
1592,1,1.8998316862489728e-5
1592,2,1.7940631908560316e-5
1592,3,1.6135091431184435e-5
1592,4,1.1960428958704017e-5
1592,5,8.721948611190182e-6
1592,6,7.151443378969103e-6
1592,7,9.474294406610682e-7
1592,8,1.1974279587607094e-6
1592,9,9.75118609869652e-6
1592,10,2.0597568022633554e-5
1592,11,1.4787949059848284e-5
1592,12,1.2025379675995068e-5
1593,1,1.6006544132525837e-5
1593,2,1.4642946767878461e-5
1593,3,1.3163718114548626e-5
1593,4,9.85032909146031e-6
1593,5,1.102857475578691e-5
1593,6,4.289279347075147e-6
1593,7,1.4084218411905497e-6
1593,8,1.4374300296791861e-6
1593,9,1.2097012297980145e-5
1593,10,1.7495586515705348e-5
1593,11,1.8579435156330626e-5
1593,12,1.5381393225138775e-5
1594,1,1.586683874697838e-5
1594,2,1.773583617301429e-5
1594,3,1.234252410158965e-5
1594,4,1.0461333841533458e-5
1594,5,8.921720995734708e-6
1594,6,4.275986863782151e-6
1594,7,1.2820758741302266e-6
1594,8,2.4541465313315345e-6
1594,9,7.794584612609777e-6
1594,10,2.1824817877717252e-5
1594,11,1.5581605984306292e-5
1594,12,1.8771017568189664e-5
1595,1,1.7519243105644505e-5
1595,2,1.6907267670083705e-5
1595,3,1.2795358725688272e-5
1595,4,1.2032772512457096e-5
1595,5,9.546173762888104e-6
1595,6,4.805940143902291e-6
1595,7,1.603137598654302e-6
1595,8,9.949567273647312e-7
1595,9,9.737963203716234e-6
1595,10,2.256219049779644e-5
1595,11,1.7114214278919233e-5
1595,12,1.531717817298374e-5
1596,1,1.5744961259735266e-5
1596,2,1.9355692410127197e-5
1596,3,1.4965638483833465e-5
1596,4,1.6543372423319804e-5
1596,5,1.0503666800776264e-5
1596,6,8.42858470709035e-6
1596,7,1.3736842010371795e-6
1596,8,2.538862664808999e-6
1596,9,1.0901709021731414e-5
1596,10,1.755005402339027e-5
1596,11,1.7191803074994266e-5
1596,12,1.8064755666151952e-5
1597,1,1.9499280255392577e-5
1597,2,2.0990649641709673e-5
1597,3,1.1610894179948778e-5
1597,4,1.5562306350308447e-5
1597,5,1.0071642408577496e-5
1597,6,5.636788547899096e-6
1597,7,1.045741794335074e-6
1597,8,1.3878238777453392e-6
1597,9,1.0773266741326741e-5
1597,10,1.820414747212973e-5
1597,11,1.7213036814383437e-5
1597,12,1.7119977789521432e-5
1598,1,1.562645923827996e-5
1598,2,1.9800578021934346e-5
1598,3,1.2722435863164691e-5
1598,4,1.3633048716250365e-5
1598,5,9.657295850329135e-6
1598,6,6.108863657428545e-6
1598,7,8.398183422651059e-7
1598,8,2.7030662577441704e-6
1598,9,1.250886839547342e-5
1598,10,2.775745326130527e-5
1598,11,1.9508351128672955e-5
1598,12,1.3799044143906092e-5
1599,1,1.5709931243838124e-5
1599,2,1.2985042432757003e-5
1599,3,1.2209013243111402e-5
1599,4,1.2062412801383419e-5
1599,5,7.955016346258739e-6
1599,6,3.951396836518183e-6
1599,7,1.96502241714539e-6
1599,8,1.6219773381776534e-6
1599,9,1.1428394724545004e-5
1599,10,1.864523135281278e-5
1599,11,1.7808952531924494e-5
1599,12,2.0327952761042916e-5
1600,1,1.3964428621676692e-5
1600,2,1.1793150701187302e-5
1600,3,1.7906163553907814e-5
1600,4,1.3871512562423045e-5
1600,5,1.0222409372662886e-5
1600,6,5.602958636358865e-6
1600,7,2.13629314840632e-6
1600,8,1.8673013384160184e-6
1600,9,1.4694082919078862e-5
1600,10,1.437479319779947e-5
1600,11,1.5794424683570498e-5
1600,12,1.8456235332999152e-5
1601,1,1.3024281854092672e-5
1601,2,1.2502562159239708e-5
1601,3,7.477498877417975e-6
1601,4,1.1348932417920591e-5
1601,5,1.0484837062657752e-5
1601,6,4.585819259197128e-6
1601,7,2.863829996661236e-6
1601,8,3.18791488781883e-6
1601,9,1.271042827584114e-5
1601,10,2.4365880520598682e-5
1601,11,1.588789966334555e-5
1601,12,1.8617851310147805e-5
1602,1,1.6048071915188302e-5
1602,2,1.353252048562996e-5
1602,3,1.60918259871808e-5
1602,4,1.5825224953285144e-5
1602,5,1.2982331707050823e-5
1602,6,6.930648770745394e-6
1602,7,2.4360118111473946e-6
1602,8,1.8070607236200742e-6
1602,9,1.3388380358915264e-5
1602,10,1.841873220473487e-5
1602,11,1.9837504079274056e-5
1602,12,1.5978488973379516e-5
1603,1,1.711146577291238e-5
1603,2,1.3013575847835008e-5
1603,3,1.2033423598619255e-5
1603,4,1.1541928241095255e-5
1603,5,1.2219858565324825e-5
1603,6,4.78513155290566e-6
1603,7,1.5738940904594618e-6
1603,8,7.8135545439154e-7
1603,9,1.2068536367530615e-5
1603,10,2.1591317855318215e-5
1603,11,1.8939375341423828e-5
1603,12,1.622498294636542e-5
1604,1,1.5739812433427756e-5
1604,2,1.5002436423209538e-5
1604,3,1.3195749260212903e-5
1604,4,1.2812531591612718e-5
1604,5,1.0648835040533824e-5
1604,6,8.161934192350334e-6
1604,7,5.611155110634908e-7
1604,8,1.3521433869978071e-6
1604,9,1.0098331184667283e-5
1604,10,1.859155258953189e-5
1604,11,1.8262755904444228e-5
1604,12,1.578837041403524e-5
1605,1,1.9882926344405765e-5
1605,2,1.3142016550383386e-5
1605,3,1.9433864173092452e-5
1605,4,8.640703500098476e-6
1605,5,1.0629171672924895e-5
1605,6,5.521504757102253e-6
1605,7,6.057748435613268e-7
1605,8,2.035193425963089e-6
1605,9,9.341633032634457e-6
1605,10,2.364251720501715e-5
1605,11,1.896197491192726e-5
1605,12,1.805436466590143e-5
1606,1,2.0985220980302707e-5
1606,2,1.6991583996260673e-5
1606,3,1.476883494904555e-5
1606,4,1.0758685006750973e-5
1606,5,6.901811670604801e-6
1606,6,4.892887229487256e-6
1606,7,2.83982137032721e-6
1606,8,9.54181863397764e-7
1606,9,1.0552667546683185e-5
1606,10,2.681347919333554e-5
1606,11,1.8861013986352456e-5
1606,12,1.7057290264988914e-5
1607,1,1.884924486495665e-5
1607,2,1.513032427657378e-5
1607,3,1.4960877722756576e-5
1607,4,1.7612448513799817e-5
1607,5,1.0327198805720294e-5
1607,6,5.622416242761449e-6
1607,7,1.6478766613047306e-6
1607,8,1.2641726460050168e-6
1607,9,5.593015964792272e-6
1607,10,2.008265737957898e-5
1607,11,1.806657106055386e-5
1607,12,1.7641983791566707e-5
1608,1,1.7721304194905202e-5
1608,2,9.712614940583963e-6
1608,3,1.5869274330560638e-5
1608,4,1.4527653978641406e-5
1608,5,9.583162147519654e-6
1608,6,9.072050011213189e-6
1608,7,7.868597683983129e-7
1608,8,1.148478022837837e-6
1608,9,1.0796427443777072e-5
1608,10,1.651266021362057e-5
1608,11,1.7894978464426048e-5
1608,12,1.5305740646862247e-5
1609,1,1.4114768705272305e-5
1609,2,1.592298257484994e-5
1609,3,1.2571042717093933e-5
1609,4,1.1673110131369607e-5
1609,5,1.1016528793837437e-5
1609,6,6.330866636332032e-6
1609,7,1.8491412648105336e-6
1609,8,1.3966375719679383e-6
1609,9,1.118655327123394e-5
1609,10,1.668108875153488e-5
1609,11,2.5920958663562226e-5
1609,12,1.3733318208431366e-5
1610,1,1.8033087154961208e-5
1610,2,2.0014396758215585e-5
1610,3,1.6858048190042323e-5
1610,4,1.5503698451240858e-5
1610,5,1.0287403963558017e-5
1610,6,5.130972421395435e-6
1610,7,1.4816224668654677e-6
1610,8,2.3825197079896137e-6
1610,9,1.1587050457022244e-5
1610,10,2.155695887977319e-5
1610,11,2.489036824702727e-5
1610,12,1.4590823798508485e-5
1611,1,1.6671137403892883e-5
1611,2,1.995972022987101e-5
1611,3,1.4059494007265534e-5
1611,4,1.3434246838921475e-5
1611,5,1.1359531137327646e-5
1611,6,6.277159129010661e-6
1611,7,1.0677952451269209e-6
1611,8,2.850557837784866e-6
1611,9,6.236906142421207e-6
1611,10,1.5364015095966788e-5
1611,11,1.7575546629555673e-5
1611,12,1.3904215557985413e-5
1612,1,1.5792622852619125e-5
1612,2,1.4978311714052568e-5
1612,3,1.3204289835824099e-5
1612,4,1.4509890905759284e-5
1612,5,1.146230566046113e-5
1612,6,4.839874920298736e-6
1612,7,7.360442624603715e-7
1612,8,2.730402455978994e-6
1612,9,8.921848341693946e-6
1612,10,1.77342888597575e-5
1612,11,2.1985103209283192e-5
1612,12,1.2925196064530648e-5
1613,1,1.6150292544463178e-5
1613,2,1.4895918962870168e-5
1613,3,1.133765733789795e-5
1613,4,1.2041122952435006e-5
1613,5,1.1729831444169707e-5
1613,6,5.336866723969572e-6
1613,7,1.5584786650173699e-6
1613,8,1.1440066346322014e-6
1613,9,8.724882183825752e-6
1613,10,2.3734237989623322e-5
1613,11,1.5931686246261647e-5
1613,12,1.329611008423621e-5
1614,1,1.560703025815513e-5
1614,2,1.9624309380119715e-5
1614,3,1.707386136312141e-5
1614,4,1.3894634783962515e-5
1614,5,1.0481505209825418e-5
1614,6,5.949227600995607e-6
1614,7,1.6611004455419532e-6
1614,8,2.2356709622232067e-6
1614,9,1.3265084063108145e-5
1614,10,1.9196391067522292e-5
1614,11,2.018685509450561e-5
1614,12,1.1355387778534444e-5
1615,1,1.6592788196525317e-5
1615,2,1.812977958022538e-5
1615,3,1.49902094432083e-5
1615,4,1.3156268631346125e-5
1615,5,8.296971156814143e-6
1615,6,6.375270827006102e-6
1615,7,1.5204601083333865e-6
1615,8,1.3538840390454978e-6
1615,9,1.1815829201993474e-5
1615,10,2.0755791854546754e-5
1615,11,2.222022437864565e-5
1615,12,1.9313240107424004e-5
1616,1,1.3428803148898942e-5
1616,2,1.4703011355273843e-5
1616,3,1.5499726856811713e-5
1616,4,1.6376593966579392e-5
1616,5,1.142791471097475e-5
1616,6,6.178899788381648e-6
1616,7,1.369072371271156e-6
1616,8,2.1167276756640147e-6
1616,9,1.4609780472136547e-5
1616,10,2.334219498055051e-5
1616,11,1.7650636038034485e-5
1616,12,1.8205598299136667e-5
1617,1,1.8230107706960612e-5
1617,2,1.8381999736932845e-5
1617,3,1.2006645348672918e-5
1617,4,1.1989888319020983e-5
1617,5,1.0320629763987648e-5
1617,6,5.234317011563637e-6
1617,7,1.3198369226967635e-6
1617,8,2.5760649499152983e-6
1617,9,1.1112850420961358e-5
1617,10,2.1003794381965832e-5
1617,11,1.6305275987587514e-5
1617,12,1.663269397960959e-5
1618,1,1.4478371525602928e-5
1618,2,1.5806800411492562e-5
1618,3,1.2395755561819221e-5
1618,4,1.2539837656923166e-5
1618,5,1.075626836191941e-5
1618,6,3.930816035295758e-6
1618,7,8.395102390726118e-7
1618,8,3.0939719597277207e-6
1618,9,7.708497259228288e-6
1618,10,1.855181590453698e-5
1618,11,2.271570765262985e-5
1618,12,1.5825851558145855e-5
1619,1,1.655073872974847e-5
1619,2,1.27430241242961e-5
1619,3,1.7099055694981884e-5
1619,4,1.531687031561444e-5
1619,5,1.1565908541929126e-5
1619,6,4.69016284836393e-6
1619,7,9.767510956053163e-7
1619,8,8.319542744884157e-7
1619,9,1.1004846939122946e-5
1619,10,2.1393429753400526e-5
1619,11,2.128680035528629e-5
1619,12,1.4571925819217685e-5
1620,1,1.30950821658232e-5
1620,2,1.3214106811937346e-5
1620,3,1.5039837482686786e-5
1620,4,1.5473065118371428e-5
1620,5,1.0691356206905628e-5
1620,6,6.432941487700787e-6
1620,7,7.288975939107281e-7
1620,8,1.6146168021212944e-6
1620,9,1.2244087796842953e-5
1620,10,2.0215979337364763e-5
1620,11,1.7747143214575756e-5
1620,12,1.5477543876412122e-5
1621,1,1.4267884696874045e-5
1621,2,1.78123573654703e-5
1621,3,1.3826970814703983e-5
1621,4,1.1013202517234212e-5
1621,5,1.3228399585066767e-5
1621,6,4.982563577170154e-6
1621,7,8.045743806814503e-7
1621,8,1.348363372163499e-6
1621,9,1.1584932921623931e-5
1621,10,2.0902111378358804e-5
1621,11,2.1067841436888556e-5
1621,12,1.3208960915694433e-5
1622,1,1.4799244641062052e-5
1622,2,1.5850399407503957e-5
1622,3,1.4468957012332216e-5
1622,4,1.3218933733857599e-5
1622,5,5.7935786215985755e-6
1622,6,4.341379468203067e-6
1622,7,1.3527952597052579e-6
1622,8,2.5764710898567716e-6
1622,9,1.003279157173457e-5
1622,10,1.6920607964466846e-5
1622,11,2.081661211407368e-5
1622,12,1.2798051223074842e-5
1623,1,1.3274618251570604e-5
1623,2,1.2575524879985576e-5
1623,3,1.636392872797695e-5
1623,4,1.2490620074333248e-5
1623,5,1.0130618459686793e-5
1623,6,4.6060787107969215e-6
1623,7,1.5712865511711762e-6
1623,8,1.6617729481785063e-6
1623,9,1.0866572839769e-5
1623,10,1.8363007689311685e-5
1623,11,2.1698122189917718e-5
1623,12,1.559096857112684e-5
1624,1,2.0657933626738998e-5
1624,2,1.2806422421941213e-5
1624,3,1.5188290137546686e-5
1624,4,1.3623688024449893e-5
1624,5,1.1127270758346816e-5
1624,6,4.3940160713039164e-06
1624,7,2.3106250246882266e-6
1624,8,4.867584542926603e-7
1624,9,1.2822311412863267e-5
1624,10,1.7053355393973728e-5
1624,11,1.925282285689711e-5
1624,12,1.7695369447508992e-5
1625,1,1.6214541106848853e-5
1625,2,1.4710380861874067e-5
1625,3,1.3446644916134408e-5
1625,4,1.0594306112791176e-5
1625,5,1.1782569255590935e-5
1625,6,5.3351710066134994e-6
1625,7,1.147693291693949e-6
1625,8,1.7033310947377392e-6
1625,9,1.0458964743318195e-5
1625,10,2.156859543772035e-5
1625,11,1.8478133526859364e-5
1625,12,1.6627086480686424e-5
1626,1,1.1867966631517485e-5
1626,2,1.971136659267944e-5
1626,3,1.3444700192236049e-5
1626,4,1.1891724210224046e-5
1626,5,8.59488640761839e-6
1626,6,3.67501994154128e-6
1626,7,1.9456593746160022e-6
1626,8,3.0387317343208543e-6
1626,9,1.1699108262358704e-5
1626,10,1.8758347276677188e-5
1626,11,1.7883053086431753e-5
1626,12,1.712284871700581e-5
1627,1,1.4051919847890574e-5
1627,2,1.3311984651329807e-5
1627,3,1.4468535831882941e-5
1627,4,1.225268551520687e-5
1627,5,1.0869118255541807e-5
1627,6,6.195633007630238e-6
1627,7,1.8755726549336493e-6
1627,8,1.0911800568407705e-6
1627,9,9.509853252586255e-6
1627,10,2.0401221183807543e-5
1627,11,1.2021516395148467e-5
1627,12,1.7588298837410047e-5
1628,1,1.3485528088097649e-5
1628,2,1.3921715387673844e-5
1628,3,1.2870399053985555e-5
1628,4,1.3046099097173386e-5
1628,5,1.1425450640750097e-5
1628,6,5.583716987786293e-6
1628,7,9.254541117545492e-7
1628,8,1.7371899698964484e-6
1628,9,8.605153115505135e-6
1628,10,1.8747046149511752e-5
1628,11,2.468257084878389e-5
1628,12,1.837827662984954e-5
1629,1,1.8449406737218263e-5
1629,2,2.049246529597541e-5
1629,3,1.1414853884923678e-5
1629,4,1.4272312309748312e-5
1629,5,1.1457880989796274e-5
1629,6,5.339523944113853e-6
1629,7,1.4494881213000638e-6
1629,8,1.2905715269460255e-6
1629,9,1.2106130353431829e-5
1629,10,1.750480961380759e-5
1629,11,1.9848998190780226e-5
1629,12,2.0772893603590494e-5
1630,1,1.8362028677070062e-5
1630,2,1.8229554872892782e-5
1630,3,1.4948505321509673e-5
1630,4,1.2613302758236309e-5
1630,5,1.0114204131626697e-5
1630,6,6.334907590840975e-6
1630,7,1.3392797768563329e-6
1630,8,2.2505039886314863e-6
1630,9,7.983846010252482e-6
1630,10,2.1266248095604376e-5
1630,11,1.6900536526832555e-5
1630,12,1.5007447519710587e-5
1631,1,1.5609257679490944e-5
1631,2,1.4880113146050939e-5
1631,3,1.5609266108910893e-5
1631,4,1.1369313059780567e-5
1631,5,1.1503550460136131e-5
1631,6,6.641418724317743e-6
1631,7,2.4965203939093537e-6
1631,8,2.238765499626138e-6
1631,9,9.751766908795399e-6
1631,10,2.643505297578689e-5
1631,11,1.7322645419646044e-5
1631,12,1.321546046960339e-5
1632,1,1.786614622421266e-5
1632,2,1.7407457243875586e-5
1632,3,1.2521658098165978e-5
1632,4,1.0762858659415251e-5
1632,5,1.0560598902231861e-5
1632,6,5.103613719239094e-6
1632,7,1.0333474057911635e-6
1632,8,1.8111748383908806e-6
1632,9,9.723064296549315e-6
1632,10,2.1085848490633994e-5
1632,11,2.1361395062473316e-5
1632,12,1.664747860237609e-5
1633,1,1.642598852373056e-5
1633,2,1.4842627262217548e-5
1633,3,1.4394104789529274e-5
1633,4,1.4173013365193151e-5
1633,5,1.2514148705301934e-5
1633,6,9.534294285928241e-6
1633,7,2.8818609658636577e-6
1633,8,2.5945211041976532e-6
1633,9,8.636741584823799e-6
1633,10,1.926935134105772e-5
1633,11,1.8034033119483095e-5
1633,12,1.793337075002892e-5
1634,1,1.4164197164428717e-5
1634,2,1.2721582048067464e-5
1634,3,1.3163171555602023e-5
1634,4,1.1401006856375881e-5
1634,5,7.675663093771765e-6
1634,6,4.47325631272338e-6
1634,7,6.397314017300875e-7
1634,8,1.5605147432412658e-6
1634,9,1.0586894153336242e-5
1634,10,2.000463038126087e-5
1634,11,1.668749701640693e-5
1634,12,1.754969348920188e-5
1635,1,1.447588117713862e-5
1635,2,1.3152605930541367e-5
1635,3,1.1497671080270213e-5
1635,4,1.091014247495281e-5
1635,5,1.151750006980262e-5
1635,6,5.451119513067456e-6
1635,7,1.2562167198965612e-6
1635,8,2.0986178569779276e-6
1635,9,8.069083096889023e-6
1635,10,1.9141479393738375e-5
1635,11,1.501548091488128e-5
1635,12,1.8255836914472468e-5
1636,1,2.2871660960090613e-5
1636,2,1.2871280763187113e-5
1636,3,1.510998651142751e-5
1636,4,1.250157461592849e-5
1636,5,9.204657334525014e-6
1636,6,5.67333674859219e-6
1636,7,1.1271948854903878e-6
1636,8,1.0032362090247388e-6
1636,9,1.1243747575861222e-5
1636,10,1.9224013478696723e-5
1636,11,2.040634840052441e-5
1636,12,1.4486382146751905e-5
1637,1,1.712390489776098e-5
1637,2,1.5389493751002396e-5
1637,3,1.5006030187841654e-5
1637,4,1.4255986274398745e-5
1637,5,1.0291937454820257e-5
1637,6,5.954830972451106e-6
1637,7,1.0426328337256978e-6
1637,8,2.1478238302168348e-6
1637,9,9.364940565540021e-6
1637,10,2.099294944421302e-5
1637,11,2.0406361354227012e-5
1637,12,1.4752224881917203e-5
1638,1,1.606658669419191e-5
1638,2,1.4933103256708974e-5
1638,3,1.6435362028452377e-5
1638,4,1.1687082553137257e-5
1638,5,8.373151077771605e-6
1638,6,4.6083126203536e-6
1638,7,1.5773450917638474e-6
1638,8,1.8847583231039727e-6
1638,9,6.998406689417318e-6
1638,10,1.9762034482830506e-5
1638,11,2.0924064956778886e-5
1638,12,1.4936760041967975e-5
1639,1,1.2093233788101399e-5
1639,2,1.988616694387519e-5
1639,3,1.2877408081598661e-5
1639,4,1.3875285064743937e-5
1639,5,1.0102358066831284e-5
1639,6,4.353443671661946e-6
1639,7,1.1439857334246513e-6
1639,8,1.4723156657076082e-6
1639,9,1.381026052517634e-5
1639,10,1.84211386443203e-5
1639,11,1.7754623125540018e-5
1639,12,1.4898544841244555e-5
1640,1,1.5065609341338616e-5
1640,2,1.3386397479868042e-5
1640,3,1.309514071632804e-5
1640,4,9.351996305396408e-6
1640,5,1.0144420799171454e-5
1640,6,3.0061734113920877e-6
1640,7,7.648811503056265e-7
1640,8,1.3335226670624358e-6
1640,9,7.68915124223491e-6
1640,10,2.0060572037882138e-5
1640,11,2.138018461804931e-5
1640,12,2.0534752748770902e-5
1641,1,1.904134449960845e-5
1641,2,1.2014775974642607e-5
1641,3,1.6437026372115455e-5
1641,4,1.355235218860373e-5
1641,5,1.0609592051109576e-5
1641,6,7.043096296175133e-6
1641,7,2.370111597713688e-6
1641,8,1.755231139240037e-6
1641,9,1.0957130429256273e-5
1641,10,2.0019758685536032e-5
1641,11,1.9855489064965275e-5
1641,12,1.6908288464049632e-5
1642,1,1.555617155750999e-5
1642,2,1.3382014285757871e-5
1642,3,1.1626293081150617e-5
1642,4,1.2475011110478275e-5
1642,5,1.1695647023549519e-5
1642,6,5.047878850597635e-6
1642,7,2.4279226514484842e-6
1642,8,2.315811391727755e-6
1642,9,1.1175396762354844e-5
1642,10,1.667056492297029e-5
1642,11,1.8164905157605557e-5
1642,12,1.6391406671741224e-5
1643,1,1.63130317919007e-5
1643,2,1.582272786667906e-5
1643,3,1.2311231208032711e-5
1643,4,1.4875960796105368e-5
1643,5,1.0941318338435184e-5
1643,6,4.868237598062035e-6
1643,7,1.9229401271455484e-6
1643,8,1.3579566768442423e-6
1643,9,8.914183083127709e-6
1643,10,2.5344309275850335e-5
1643,11,2.133441400477106e-5
1643,12,1.5059627506922849e-5
1644,1,1.875159389506241e-5
1644,2,1.7800626158618396e-5
1644,3,1.1364496552668954e-5
1644,4,1.3572437085997887e-5
1644,5,9.271398853989898e-6
1644,6,5.791026364357442e-6
1644,7,1.52568987626237e-6
1644,8,1.845133657571271e-6
1644,9,1.064346716460269e-5
1644,10,2.154258244204288e-5
1644,11,1.7912681784628476e-5
1644,12,2.0348927451253162e-5
1645,1,1.7568001884322385e-5
1645,2,1.666302912011188e-5
1645,3,1.6491033720412322e-5
1645,4,1.209590987603552e-5
1645,5,8.502289179176177e-6
1645,6,4.227024329834587e-6
1645,7,5.569833165755639e-7
1645,8,2.7091550453367923e-6
1645,9,1.0879369809730966e-5
1645,10,2.2657051565630404e-5
1645,11,2.24711700297677e-5
1645,12,1.2077002763785453e-5
1646,1,1.585846370898104e-5
1646,2,2.07959821009095e-5
1646,3,1.49989347986213e-5
1646,4,1.2023432447765097e-5
1646,5,1.0135556732412786e-5
1646,6,4.927592958012102e-6
1646,7,2.40281169439288e-6
1646,8,2.279084445887215e-6
1646,9,1.0365527196247418e-5
1646,10,1.7607273267821226e-5
1646,11,1.66483060995523e-5
1646,12,1.6107076734524266e-5
1647,1,1.3326755103102593e-5
1647,2,1.5090324900681164e-5
1647,3,1.526899859593288e-5
1647,4,1.1984145149005566e-5
1647,5,1.1131607806702144e-5
1647,6,7.137015171988197e-6
1647,7,7.639899232688172e-7
1647,8,2.4921714432956123e-6
1647,9,9.929110877887437e-6
1647,10,2.0474931516525944e-5
1647,11,1.9235932730944924e-5
1647,12,1.5105514973942696e-5
1648,1,1.4672580954488883e-5
1648,2,1.3811035084937914e-5
1648,3,1.3749610421433073e-5
1648,4,1.2877992624098195e-5
1648,5,1.5115557246064739e-5
1648,6,4.43404535406557e-6
1648,7,7.675513085669055e-7
1648,8,2.0012247192763483e-6
1648,9,1.2829373769214108e-5
1648,10,1.8235311937463684e-5
1648,11,1.672391332594068e-5
1648,12,2.0113689482933917e-5
1649,1,1.5989531538344947e-5
1649,2,2.3455742707206244e-5
1649,3,1.345273750499702e-5
1649,4,1.0521101664007768e-5
1649,5,7.629238924834672e-6
1649,6,6.16110300868769e-6
1649,7,7.25143886076042e-7
1649,8,1.5285512040825968e-6
1649,9,6.688356415271672e-6
1649,10,2.4676644192825127e-5
1649,11,2.1980192397654625e-5
1649,12,1.5030341204612157e-5
1650,1,1.6455745547121886e-5
1650,2,1.7390311572800493e-5
1650,3,1.2849304582367322e-5
1650,4,1.3218482240509203e-5
1650,5,1.3212081128836715e-5
1650,6,4.937055740463884e-6
1650,7,1.3797735631054258e-6
1650,8,1.5620866425477797e-6
1650,9,6.471606213035386e-6
1650,10,2.1420067721624026e-05
1650,11,1.9163795205346103e-5
1650,12,1.4878263334700863e-5
1651,1,2.1668145727810593e-5
1651,2,1.363683506714598e-5
1651,3,1.1474448453059236e-5
1651,4,1.2568938547610366e-5
1651,5,1.005044724357769e-5
1651,6,4.8564368820257155e-6
1651,7,7.119237106499667e-7
1651,8,2.4851302389943387e-6
1651,9,1.3361828014749e-5
1651,10,1.82614843592653e-5
1651,11,2.022947385710837e-5
1651,12,1.412452322672537e-5
1652,1,1.747644967479134e-5
1652,2,1.4447895612268344e-5
1652,3,1.3142343450930716e-5
1652,4,1.148449675672466e-5
1652,5,8.606407101473853e-6
1652,6,5.936993905894217e-6
1652,7,9.956670968214857e-7
1652,8,2.270920556182906e-6
1652,9,8.33567312216469e-6
1652,10,1.829073470340348e-5
1652,11,2.0825382302831358e-5
1652,12,1.3368554288783949e-5
1653,1,2.2210818159574075e-5
1653,2,1.4321356811486364e-5
1653,3,1.424375761119507e-5
1653,4,1.219982039066761e-5
1653,5,1.0285375357279164e-5
1653,6,5.76047349745259e-6
1653,7,1.4098299619557558e-6
1653,8,2.606491701841483e-6
1653,9,1.2458352266280419e-5
1653,10,2.031723675417188e-5
1653,11,1.435767040800181e-5
1653,12,1.5875322137072103e-5
1654,1,1.307841232997801e-5
1654,2,1.3261844642517262e-5
1654,3,1.591799095013123e-5
1654,4,1.4292710783752573e-5
1654,5,1.054693869326636e-5
1654,6,6.399812409800637e-6
1654,7,1.2439135342248994e-6
1654,8,2.0981570589100306e-6
1654,9,9.257182585714583e-6
1654,10,2.0251437958207917e-5
1654,11,2.0822958176262683e-5
1654,12,1.4037099888638213e-5
1655,1,1.244208572440856e-5
1655,2,1.8602946893875337e-5
1655,3,1.0907791219776911e-5
1655,4,1.0876176537190237e-5
1655,5,1.2337786031322361e-5
1655,6,7.491491893594978e-6
1655,7,1.6591056251138564e-6
1655,8,1.9824873615426414e-6
1655,9,1.1404991325591491e-5
1655,10,2.443199327353716e-5
1655,11,1.3902556593091732e-5
1655,12,1.2718193618077249e-5
1656,1,1.574350129656564e-5
1656,2,1.467157216295598e-5
1656,3,1.0969380284903397e-5
1656,4,1.5447449574077896e-5
1656,5,1.4649670906475301e-5
1656,6,5.7158755083873315e-6
1656,7,2.6327916750715302e-6
1656,8,2.1224776686689666e-6
1656,9,1.1060530919135184e-5
1656,10,1.7983801026871366e-5
1656,11,1.4676306668561823e-5
1656,12,1.5729623585148943e-5
1657,1,1.6904428700014133e-5
1657,2,1.2481929562415975e-5
1657,3,1.4198766995378758e-5
1657,4,1.2378712622222656e-5
1657,5,8.426025759776286e-6
1657,6,6.1941770248010564e-6
1657,7,1.8334131149602425e-6
1657,8,1.2513572173878027e-6
1657,9,1.014105823680396e-5
1657,10,1.4543101875111226e-5
1657,11,1.9494060677166755e-5
1657,12,1.6025283400129024e-5
1658,1,1.3677479049929651e-5
1658,2,1.265340360648068e-5
1658,3,1.4578657792190107e-5
1658,4,1.7892353060936082e-5
1658,5,1.2815023709189765e-5
1658,6,7.088065225926049e-6
1658,7,2.0889025592627827e-06
1658,8,1.5517201766192976e-6
1658,9,9.113202756505003e-6
1658,10,1.904888570260784e-5
1658,11,1.7087280696839518e-5
1658,12,1.8533161334824996e-5
1659,1,1.668496252419284e-5
1659,2,1.6861271682061156e-5
1659,3,1.5071677826547537e-5
1659,4,1.3419783073910584e-5
1659,5,9.219693160798663e-6
1659,6,6.771012420590247e-6
1659,7,1.1867712847723808e-6
1659,8,1.4550222161652097e-6
1659,9,6.734362575982901e-6
1659,10,1.6406925229689567e-5
1659,11,1.3947135759399525e-5
1659,12,1.4652412621747316e-5
1660,1,1.4473707948268949e-5
1660,2,1.416277813034268e-5
1660,3,1.1536747697633543e-5
1660,4,1.0034969685247072e-5
1660,5,8.826197817446915e-6
1660,6,4.776225425085116e-6
1660,7,8.327233293870107e-7
1660,8,1.0554537263388682e-6
1660,9,1.1501165246010984e-5
1660,10,1.789418209069215e-5
1660,11,1.974207694790809e-5
1660,12,1.5499306718333174e-5
1661,1,1.3493028280521667e-5
1661,2,1.7352298786109395e-5
1661,3,1.644978366607965e-5
1661,4,1.623888597960527e-5
1661,5,8.167728772657383e-6
1661,6,4.435751931082407e-6
1661,7,1.8640556516118166e-6
1661,8,2.0143156343113343e-6
1661,9,9.456626434514415e-6
1661,10,1.4635130435051528e-5
1661,11,2.2558097809195086e-5
1661,12,1.9384882508920077e-5
1662,1,1.3781972652201113e-5
1662,2,1.8132970967541563e-5
1662,3,1.6075099276577367e-5
1662,4,1.5720217799825184e-5
1662,5,1.2310038880141056e-5
1662,6,6.3559335898506e-6
1662,7,1.4363637040966767e-6
1662,8,2.333157596474823e-6
1662,9,9.08542079430792e-6
1662,10,1.537333404100969e-5
1662,11,1.8780373095372054e-5
1662,12,1.5293377848305372e-5
1663,1,1.4026373763165994e-5
1663,2,1.5691997736019013e-5
1663,3,1.6564691643925505e-5
1663,4,1.2452394449108381e-5
1663,5,1.1432120501386811e-5
1663,6,6.821958794508355e-6
1663,7,1.1097334725882572e-6
1663,8,2.1402654984266476e-6
1663,9,9.082749556019792e-6
1663,10,1.670416622957311e-5
1663,11,1.9388089252754436e-5
1663,12,2.316139968071214e-5
1664,1,1.5284980797870862e-5
1664,2,1.4324160639082172e-5
1664,3,1.4571868453598548e-5
1664,4,1.5609332243370923e-5
1664,5,1.2925443751542069e-5
1664,6,4.765730892887426e-6
1664,7,1.7160117303234024e-6
1664,8,9.543302113552824e-7
1664,9,1.6369538008790064e-5
1664,10,2.11520341015744e-5
1664,11,1.8109725713740728e-5
1664,12,1.66739942586213e-5
1665,1,1.3123629507893275e-5
1665,2,1.2422810992415625e-5
1665,3,1.1623627722970346e-5
1665,4,1.0049901069768884e-5
1665,5,8.104220222377264e-6
1665,6,6.029223283929084e-6
1665,7,8.689912108911034e-7
1665,8,1.7368572181977037e-6
1665,9,8.600356905959987e-6
1665,10,2.181914284066477e-5
1665,11,1.4455933630959029e-5
1665,12,1.6996302078847265e-5
1666,1,1.95227167482176e-5
1666,2,1.4678391224198702e-5
1666,3,1.7668704410367195e-5
1666,4,1.8632547066665237e-5
1666,5,1.2479584997427733e-5
1666,6,4.009269401321385e-6
1666,7,2.7176361408052957e-6
1666,8,2.9905786021645725e-6
1666,9,8.941496127172134e-6
1666,10,1.833435504212669e-5
1666,11,2.6154351760474275e-5
1666,12,1.3033572222488523e-5
1667,1,1.7441011264557305e-5
1667,2,1.5280197064351216e-5
1667,3,1.3080340487959716e-5
1667,4,1.34861149840217e-5
1667,5,8.56427515894869e-6
1667,6,5.036595624741017e-6
1667,7,2.7836033871666982e-6
1667,8,1.0085360498492727e-6
1667,9,8.387087779189414e-6
1667,10,1.6884693742808195e-5
1667,11,1.926162435249879e-5
1667,12,1.8299518161784413e-05
1668,1,1.689911008785933e-5
1668,2,1.3139725767892196e-5
1668,3,1.2441737170595686e-5
1668,4,1.1182614756779624e-5
1668,5,9.155583534623445e-6
1668,6,6.8741611547312585e-6
1668,7,1.7713781927386777e-6
1668,8,1.8433258751285975e-6
1668,9,1.0905195674169513e-5
1668,10,1.7792721968441016e-5
1668,11,1.5318399465897387e-5
1668,12,1.4978725091285179e-5
1669,1,1.404625016482836e-5
1669,2,2.0407520297088694e-5
1669,3,1.447257835780889e-5
1669,4,1.3849107084331112e-5
1669,5,9.233449561834331e-6
1669,6,3.1001522503738683e-6
1669,7,3.8946093490094595e-7
1669,8,1.3669887096761953e-6
1669,9,1.0448602826560397e-5
1669,10,1.970080914285356e-5
1669,11,2.3048807502519136e-5
1669,12,1.9869972403892266e-5
1670,1,1.4404940609390333e-5
1670,2,1.54861949796327e-5
1670,3,1.8140112607372055e-5
1670,4,1.5310310123793986e-5
1670,5,1.0835874688909902e-5
1670,6,3.6166783837399422e-6
1670,7,1.5452024513291663e-6
1670,8,1.381311298616972e-6
1670,9,1.0346372562659426e-5
1670,10,1.56155373814122e-5
1670,11,1.8353926213089612e-05
1670,12,1.7288532931447488e-5
1671,1,1.7036575671817477e-5
1671,2,1.5179215643779263e-5
1671,3,1.5178594522155011e-5
1671,4,1.1941154745063729e-5
1671,5,1.0013343349573935e-5
1671,6,3.6634014873591533e-6
1671,7,1.0943606919700934e-6
1671,8,1.569284048901995e-6
1671,9,1.1337589871401663e-5
1671,10,2.3109094847708594e-5
1671,11,1.535348646786818e-5
1671,12,1.4280615062300325e-5
1672,1,1.3560514706688887e-5
1672,2,1.6951440671038587e-5
1672,3,1.6229276913295588e-5
1672,4,1.2960168725817275e-5
1672,5,1.0534386858392749e-5
1672,6,5.835392033877617e-6
1672,7,1.1250076989420124e-6
1672,8,7.769163170674417e-7
1672,9,1.0947152113487308e-5
1672,10,1.9661568497076807e-5
1672,11,1.913520473534149e-5
1672,12,1.934813939269991e-5
1673,1,1.614185573560074e-5
1673,2,1.7057793460433448e-5
1673,3,1.7686961663918466e-5
1673,4,1.2193117031428819e-5
1673,5,1.0725865502429506e-5
1673,6,5.836158276278507e-6
1673,7,1.6041924163166165e-6
1673,8,1.203826361058383e-6
1673,9,7.663220510461422e-6
1673,10,1.4063454660984545e-5
1673,11,1.7755933755387073e-5
1673,12,1.3595257218421527e-5
1674,1,1.4096903922771976e-5
1674,2,1.8647892560788523e-5
1674,3,1.4535010071222975e-5
1674,4,1.2122105828648274e-5
1674,5,9.784431906096682e-6
1674,6,6.631322685338539e-6
1674,7,1.392751843534102e-6
1674,8,1.8516260350679755e-6
1674,9,9.884554628517987e-6
1674,10,1.943071505380824e-5
1674,11,2.0900355776643734e-5
1674,12,1.7523779241491742e-5
1675,1,1.473167513975361e-5
1675,2,1.6063818865985926e-5
1675,3,1.6725519421808164e-5
1675,4,1.1842170228054083e-5
1675,5,8.057591000148897e-6
1675,6,6.342642071454974e-6
1675,7,1.0541264599923954e-6
1675,8,1.5939841333077879e-6
1675,9,1.2197504493393348e-5
1675,10,1.9781879677679057e-5
1675,11,1.7781242984664898e-5
1675,12,1.3666733411851386e-5
1676,1,1.1600983469360454e-5
1676,2,1.2750859731833144e-5
1676,3,1.3608786479136425e-5
1676,4,1.341542387937752e-5
1676,5,1.0608914532979352e-5
1676,6,4.197797294508103e-6
1676,7,7.045080946097821e-7
1676,8,1.8504332432461483e-6
1676,9,8.323890524193545e-6
1676,10,2.113220361108235e-5
1676,11,2.0305908389122515e-5
1676,12,1.3436300024720918e-5
1677,1,1.4018504610849362e-5
1677,2,1.7610851917259226e-5
1677,3,1.918603851676129e-5
1677,4,1.2532423692161072e-5
1677,5,9.342851665272946e-6
1677,6,4.47315183313778e-6
1677,7,9.657262352199966e-7
1677,8,1.7488469597742073e-6
1677,9,8.206279273486483e-6
1677,10,2.3353675274289294e-5
1677,11,1.4043933730303301e-5
1677,12,1.5701985699910296e-5
1678,1,1.7727348201730617e-5
1678,2,1.761779981193255e-5
1678,3,1.2456322072657326e-5
1678,4,1.4027729972145474e-5
1678,5,9.741971182301389e-6
1678,6,7.467724019484748e-6
1678,7,7.176678378520614e-7
1678,8,8.939899490605118e-7
1678,9,6.272026473173329e-6
1678,10,2.3144245536836015e-5
1678,11,1.960948816478611e-5
1678,12,1.1269158936866172e-5
1679,1,1.572656034674877e-5
1679,2,1.5999283515560428e-5
1679,3,1.2715899358772553e-5
1679,4,1.0125387538756865e-5
1679,5,8.605698770974445e-6
1679,6,4.369763326052031e-6
1679,7,1.093744336879099e-6
1679,8,1.2930345595028553e-6
1679,9,1.321098690848464e-5
1679,10,2.4234810326325353e-5
1679,11,1.9521636610746972e-5
1679,12,1.7475770004540602e-5
1680,1,2.1253856773712572e-5
1680,2,2.1546841760239725e-5
1680,3,1.3719645625291861e-5
1680,4,1.1542597322415492e-5
1680,5,9.973821790542148e-6
1680,6,4.5476568034406805e-6
1680,7,1.5823122806557754e-6
1680,8,1.6284273553401646e-6
1680,9,1.0267479948641605e-5
1680,10,1.583389264419793e-5
1680,11,1.740425088886174e-5
1680,12,1.652803241812703e-5
1681,1,1.2616380097933135e-5
1681,2,1.7384836361216287e-5
1681,3,1.168882711883924e-5
1681,4,1.1537704664704576e-5
1681,5,9.55251611453674e-6
1681,6,4.107215597808542e-6
1681,7,1.4222324604389555e-6
1681,8,1.2451236707272255e-6
1681,9,8.840122754325436e-6
1681,10,2.1686766746975656e-5
1681,11,1.6700487674237892e-5
1681,12,1.3283461694530599e-5
1682,1,1.4770175583495964e-5
1682,2,1.4947853649121979e-5
1682,3,1.4417778944415769e-5
1682,4,1.1483729982723864e-5
1682,5,1.0978133921871868e-5
1682,6,9.752834909412579e-6
1682,7,2.577769145612592e-6
1682,8,9.289516499768563e-7
1682,9,1.4031016661814169e-5
1682,10,2.3606774196146418e-5
1682,11,1.8182739738465514e-5
1682,12,1.4852618553848136e-5
1683,1,1.3466621109180016e-5
1683,2,1.7957116473215486e-5
1683,3,1.2984835759997666e-5
1683,4,1.1590845656134334e-5
1683,5,1.0617754166192217e-5
1683,6,7.241987616738332e-6
1683,7,6.187764938674173e-7
1683,8,2.0946516160493522e-6
1683,9,9.981925772783474e-6
1683,10,1.6706918137052265e-5
1683,11,2.073273725722161e-5
1683,12,1.8170521822387882e-5
1684,1,1.508294916688598e-5
1684,2,1.5866467170052345e-5
1684,3,1.2051792158491726e-5
1684,4,1.3564337261542743e-5
1684,5,8.559025314970922e-6
1684,6,6.2022969214566525e-6
1684,7,2.332023167438221e-6
1684,8,1.9143607741986725e-6
1684,9,9.307665640801441e-6
1684,10,1.9719195996883025e-5
1684,11,1.6483153305688773e-5
1684,12,1.8811630366553874e-5
1685,1,1.8538915803962868e-5
1685,2,1.3717604669096688e-5
1685,3,1.2910101139369385e-5
1685,4,1.1644132464401612e-5
1685,5,1.0858194229857295e-5
1685,6,3.843218857554164e-6
1685,7,9.656557374034488e-7
1685,8,2.0408729948898224e-6
1685,9,7.20560510348254e-6
1685,10,2.5082450344225054e-5
1685,11,2.0032396945774838e-5
1685,12,1.2446219829691498e-5
1686,1,1.3370767575366713e-5
1686,2,1.8281903105668878e-5
1686,3,1.351707834515752e-5
1686,4,1.1075365558057876e-5
1686,5,9.409806083113808e-6
1686,6,3.956715517091612e-6
1686,7,1.6710694327986399e-6
1686,8,8.921408265923314e-7
1686,9,8.26078328744512e-6
1686,10,1.922260374021337e-5
1686,11,1.7010016973162257e-5
1686,12,1.716525602645438e-5
1687,1,1.3802224383399694e-5
1687,2,1.441543980586791e-5
1687,3,1.16604272607108e-5
1687,4,1.258419639396699e-5
1687,5,9.465841433557262e-6
1687,6,5.07372685740451e-6
1687,7,1.6629701387694705e-06
1687,8,1.9394051297352838e-6
1687,9,1.1195741954142104e-5
1687,10,1.706931625282085e-5
1687,11,2.158101446541499e-5
1687,12,1.212741584413391e-5
1688,1,1.1945243817255255e-5
1688,2,1.737192825429528e-5
1688,3,1.117994687584397e-5
1688,4,1.2274616212517493e-5
1688,5,1.0484476463002675e-5
1688,6,4.540496548703771e-6
1688,7,1.5038184553664443e-6
1688,8,1.7916011731754047e-6
1688,9,8.132617984694569e-6
1688,10,2.2749317890310174e-5
1688,11,1.550572215344368e-5
1688,12,1.4175335386189834e-5
1689,1,1.691105230637977e-5
1689,2,1.3946006028138675e-5
1689,3,1.5227111192285151e-5
1689,4,1.4760099100655592e-5
1689,5,1.081420502467852e-5
1689,6,5.4462479899625614e-6
1689,7,1.065757644577522e-6
1689,8,1.6921954476447015e-6
1689,9,1.0738990726278088e-5
1689,10,2.175353884964964e-5
1689,11,1.8809463876853635e-5
1689,12,2.1784729262283197e-5
1690,1,1.290537883724493e-5
1690,2,1.967219535227682e-5
1690,3,1.4046349532653996e-5
1690,4,1.1799619677941878e-5
1690,5,1.0466578845471517e-5
1690,6,7.781786930593328e-6
1690,7,7.381575650022425e-7
1690,8,6.662045929928025e-7
1690,9,1.0288671402268082e-5
1690,10,2.2006032490876945e-5
1690,11,1.3646133122345767e-5
1690,12,1.812055359950393e-5
1691,1,1.6195969949968115e-5
1691,2,1.4773323693585847e-5
1691,3,1.3006832501817588e-5
1691,4,1.2359123870097232e-5
1691,5,1.1916573427077397e-5
1691,6,5.764564211647337e-6
1691,7,5.723830101539928e-7
1691,8,1.1502557072425781e-6
1691,9,1.272931283691137e-5
1691,10,1.982763210520124e-5
1691,11,2.4376332216632966e-5
1691,12,1.2919066111731608e-5
1692,1,1.1460078562458085e-5
1692,2,1.2853457813786076e-5
1692,3,1.370496121772387e-5
1692,4,1.3258460136688718e-5
1692,5,1.300113203258282e-5
1692,6,5.058144721014943e-6
1692,7,1.3519509117588325e-6
1692,8,1.4442412028485418e-6
1692,9,7.230914203906945e-6
1692,10,2.2771986435997592e-5
1692,11,1.8377855145168975e-5
1692,12,1.603954137619384e-5
1693,1,1.8727139927727393e-5
1693,2,1.6818088892260337e-5
1693,3,1.3330949302251112e-5
1693,4,1.110307118133283e-5
1693,5,1.5167405897224842e-5
1693,6,4.873725786316505e-6
1693,7,1.3913377676865477e-6
1693,8,7.891557107208941e-7
1693,9,9.108928238929367e-6
1693,10,2.4454637590696125e-5
1693,11,1.885796060817351e-5
1693,12,1.59262080325613e-5
1694,1,1.2119740855834576e-5
1694,2,1.1829096893581308e-5
1694,3,1.202466839629479e-5
1694,4,1.5563129788070655e-5
1694,5,1.0762053285779387e-5
1694,6,5.3865629298109535e-6
1694,7,9.555358704171191e-7
1694,8,1.6537763221212774e-6
1694,9,9.419888882503409e-6
1694,10,1.7928178742361524e-5
1694,11,1.5911598766119064e-5
1694,12,1.4969131336455968e-5
1695,1,1.804655021390443e-5
1695,2,1.6858423414301068e-5
1695,3,1.5758682523074063e-5
1695,4,1.5353304338055503e-5
1695,5,8.357210956051233e-6
1695,6,3.423806181910525e-6
1695,7,9.990511377442836e-7
1695,8,1.6613262157823385e-6
1695,9,1.2599791392456514e-5
1695,10,1.53674009738883e-5
1695,11,1.9690584993787118e-5
1695,12,1.1842801308704043e-5
1696,1,1.71638832886954e-5
1696,2,1.648348703609153e-5
1696,3,1.3816862847287126e-5
1696,4,1.6874288467048257e-5
1696,5,7.556815968505511e-6
1696,6,5.285118758803328e-6
1696,7,1.4080410954797256e-6
1696,8,1.5010752912030018e-6
1696,9,1.2468828001865639e-5
1696,10,2.3532593612727073e-5
1696,11,1.657774638467933e-5
1696,12,1.413096967501454e-5
1697,1,1.2498398663720149e-5
1697,2,1.6926850108676704e-5
1697,3,1.5504551049190947e-5
1697,4,1.2609869691381291e-5
1697,5,8.743963204382452e-6
1697,6,4.692133088788791e-6
1697,7,2.004534064083133e-6
1697,8,1.7850262082454103e-6
1697,9,1.0919191789395509e-5
1697,10,1.8689504757178888e-5
1697,11,1.6474731659876913e-5
1697,12,1.5384762500381324e-5
1698,1,1.4125148656005646e-5
1698,2,1.5890687344016588e-5
1698,3,1.5882268114352258e-5
1698,4,1.2559911491206619e-5
1698,5,1.1876366892841203e-5
1698,6,8.748187488758248e-6
1698,7,2.83441256496992e-6
1698,8,2.7710639885528608e-6
1698,9,1.1307089550058024e-5
1698,10,1.740040225088841e-5
1698,11,1.4770740381239004e-5
1698,12,1.973372952934898e-5
1699,1,1.2380419031334608e-5
1699,2,1.915673843195981e-5
1699,3,1.2323159141709854e-5
1699,4,1.311209151955304e-5
1699,5,8.516788608141624e-6
1699,6,5.890763625087977e-6
1699,7,1.0047765480116458e-6
1699,8,1.0838843855999694e-6
1699,9,1.339824337733126e-5
1699,10,2.3969878048565707e-5
1699,11,1.361227606358659e-5
1699,12,1.3787762047676283e-5
1700,1,1.4667294003803488e-5
1700,2,1.557097458512271e-5
1700,3,1.1058065250947347e-5
1700,4,1.237637295020118e-5
1700,5,1.1970555772491744e-5
1700,6,7.601506297223362e-6
1700,7,1.499643076358426e-6
1700,8,1.96847845309066e-6
1700,9,9.728232093806548e-6
1700,10,1.8523594887688174e-5
1700,11,1.7482870744326577e-5
1700,12,1.4833971437296703e-5
1701,1,1.9433402979377696e-5
1701,2,1.7103938515942325e-5
1701,3,1.433956034808378e-5
1701,4,9.552631856750657e-6
1701,5,9.318538381933283e-6
1701,6,6.548245430214834e-6
1701,7,2.5154589092037095e-6
1701,8,1.7101703196719633e-6
1701,9,9.906895836831933e-6
1701,10,2.3347814981718594e-5
1701,11,1.7961873031591924e-5
1701,12,1.9680656928432582e-5
1702,1,1.747063567131129e-5
1702,2,1.243564931818046e-5
1702,3,1.1609934619269906e-5
1702,4,1.3995495873705904e-5
1702,5,1.0570802409288091e-5
1702,6,6.485212634522401e-6
1702,7,1.7673812071381777e-6
1702,8,2.84382182790751e-6
1702,9,1.0841702091996493e-5
1702,10,2.1785278273473162e-5
1702,11,2.4487884883281962e-5
1702,12,1.555839720646461e-5
1703,1,1.342250753883934e-5
1703,2,1.1545331457475547e-5
1703,3,1.5733530455832037e-5
1703,4,1.4082850322015096e-5
1703,5,9.966085852065095e-6
1703,6,8.655293806948616e-6
1703,7,2.1630537620307755e-6
1703,8,1.0505952718911736e-6
1703,9,9.828424619861826e-6
1703,10,2.2879761041768574e-5
1703,11,1.650772728377906e-5
1703,12,1.611398902186337e-5
1704,1,1.759588769754871e-5
1704,2,1.6211250577636133e-5
1704,3,1.5673757414673132e-5
1704,4,1.1881758404370307e-5
1704,5,1.0868038450992744e-5
1704,6,5.712984158709123e-6
1704,7,1.8855507251276335e-6
1704,8,1.4144683849554666e-6
1704,9,9.495371975977167e-6
1704,10,2.5452942911217055e-5
1704,11,2.0744383399695706e-5
1704,12,2.305604977682558e-5
1705,1,1.4974492087834943e-5
1705,2,1.523424410781783e-5
1705,3,1.3076322046728357e-5
1705,4,1.3354235540731441e-5
1705,5,1.1489346106905364e-5
1705,6,5.336276938858203e-6
1705,7,5.78002780783151e-7
1705,8,5.643547842279251e-7
1705,9,1.056885846847034e-5
1705,10,2.351401945331198e-5
1705,11,1.9071837885231884e-5
1705,12,1.4642868725728743e-5
1706,1,1.6317732307858447e-5
1706,2,1.279322171789515e-5
1706,3,1.058003573240837e-5
1706,4,9.29184504644638e-6
1706,5,7.7844403621263e-6
1706,6,5.248310247366672e-6
1706,7,1.955950639711584e-6
1706,8,2.683529386446216e-6
1706,9,7.206022909614988e-6
1706,10,1.7377184957322945e-05
1706,11,2.1864614553543626e-5
1706,12,1.7044824157498213e-5
1707,1,1.2219456404044547e-5
1707,2,1.7621942547947206e-5
1707,3,1.5173370578128285e-5
1707,4,1.1707247041882354e-5
1707,5,1.0993353865108847e-5
1707,6,6.49191255691321e-6
1707,7,1.4856095387382115e-6
1707,8,2.2532348519614127e-6
1707,9,1.1920232123169211e-5
1707,10,2.2422864682456634e-5
1707,11,1.678575093713996e-5
1707,12,1.243155458840908e-5
1708,1,1.8135875591908675e-5
1708,2,1.5300503493587317e-5
1708,3,1.5766186565847092e-5
1708,4,8.846951078558224e-6
1708,5,9.085847596183603e-6
1708,6,4.8551558880230645e-6
1708,7,2.00068626727989e-6
1708,8,1.672230048831202e-6
1708,9,6.804763602468526e-6
1708,10,2.0490016102821224e-5
1708,11,1.6781835457423207e-5
1708,12,1.6040464835445833e-5
1709,1,1.6815223228979763e-5
1709,2,1.53431145175568e-5
1709,3,1.8619678364455293e-5
1709,4,1.566671865447829e-5
1709,5,1.0219180160823026e-5
1709,6,4.256586419315691e-6
1709,7,9.931392777306501e-7
1709,8,1.3272706061928549e-6
1709,9,1.1742104190221994e-5
1709,10,2.3821682222965347e-5
1709,11,1.3928946612878857e-5
1709,12,1.5573796477125127e-5
1710,1,1.4846547760166992e-5
1710,2,1.6566508050861963e-5
1710,3,1.3221645914378293e-5
1710,4,1.4743952476112573e-5
1710,5,1.1410086348709511e-5
1710,6,4.162193369256752e-6
1710,7,1.5353305251410522e-6
1710,8,1.7590004996317369e-6
1710,9,1.0297674162925212e-5
1710,10,1.6566572577133642e-5
1710,11,1.751407748608608e-5
1710,12,1.5774686246994345e-5
1711,1,1.587663894752503e-5
1711,2,1.1911699459514504e-5
1711,3,1.5252372226230017e-5
1711,4,1.3472760123152354e-5
1711,5,9.450541823517811e-6
1711,6,6.831571405465984e-6
1711,7,1.460081047631855e-6
1711,8,1.6048806326356183e-6
1711,9,7.760499647250904e-6
1711,10,2.1219752280831787e-5
1711,11,1.338493933408392e-5
1711,12,1.1403335502965547e-5
1712,1,1.587053181823291e-5
1712,2,1.522990823505848e-5
1712,3,1.0887740039718998e-5
1712,4,1.2970863197061656e-5
1712,5,1.0460305686758487e-5
1712,6,4.224957415300547e-6
1712,7,4.784917858498401e-7
1712,8,2.166332851540986e-6
1712,9,9.325622831157931e-6
1712,10,2.3068788194013085e-5
1712,11,1.5868871083283763e-5
1712,12,1.1956106143409517e-5
1713,1,1.5115760971639106e-5
1713,2,2.4493304379360936e-5
1713,3,1.391455382613497e-5
1713,4,1.2485537689647133e-5
1713,5,8.0065378098172e-6
1713,6,5.753979825825035e-6
1713,7,2.585884394466206e-6
1713,8,2.5733169624896874e-6
1713,9,1.2788743282759709e-5
1713,10,2.0655865549379902e-5
1713,11,1.5584298932696097e-5
1713,12,1.8676756296463622e-5
1714,1,1.4208290584108815e-5
1714,2,1.2452399447123919e-5
1714,3,1.1493633556788099e-5
1714,4,1.1600814925204355e-5
1714,5,9.680071469334876e-6
1714,6,3.4190753591409616e-6
1714,7,1.0914427211860462e-6
1714,8,1.1032793460458413e-6
1714,9,1.5154454633247648e-5
1714,10,1.7938005818043397e-5
1714,11,1.5836178395520784e-5
1714,12,8.205648253711788e-6
1715,1,1.3847962205872621e-5
1715,2,1.7177339565302815e-5
1715,3,1.1364502414787626e-5
1715,4,1.1832641540541575e-5
1715,5,8.037500090654923e-6
1715,6,5.193876831480119e-6
1715,7,3.4993926749021975e-6
1715,8,1.061858933555092e-6
1715,9,7.537309112609359e-6
1715,10,2.432252185261446e-5
1715,11,1.725578746976003e-5
1715,12,1.654049547812864e-5
1716,1,1.2561463494105117e-5
1716,2,1.7348118856689336e-5
1716,3,1.716767293646322e-5
1716,4,1.18384149765201e-5
1716,5,1.233715823626705e-5
1716,6,5.393626159860106e-6
1716,7,1.181794692667279e-6
1716,8,1.6349342837877243e-6
1716,9,9.486831397543393e-6
1716,10,2.223637705579575e-5
1716,11,1.3838602093230493e-5
1716,12,1.448363628263139e-5
1717,1,1.0414318208002082e-5
1717,2,1.5523357032968e-5
1717,3,1.260260054904854e-5
1717,4,1.4760566639229317e-5
1717,5,1.0506948984170716e-5
1717,6,6.669808596764514e-6
1717,7,8.81555448207722e-7
1717,8,1.5358616291705048e-6
1717,9,8.312985567445487e-6
1717,10,2.007954013393798e-5
1717,11,2.11016712274006e-5
1717,12,1.548957084983462e-5
1718,1,1.6851612815031527e-5
1718,2,1.4514098005826707e-5
1718,3,1.1688270768647013e-5
1718,4,1.104897274698443e-5
1718,5,7.100724437427376e-6
1718,6,5.995513165280903e-6
1718,7,1.083908543526252e-6
1718,8,1.1421845647387162e-6
1718,9,7.963390708233812e-6
1718,10,2.3591818583303184e-5
1718,11,1.8966814282700605e-5
1718,12,1.595189981191304e-5
1719,1,1.5491547244502102e-5
1719,2,1.0996657566181435e-5
1719,3,1.3254659717434479e-5
1719,4,1.1863385027175586e-5
1719,5,8.642164228977647e-6
1719,6,5.17833162526824e-6
1719,7,1.913188111143695e-6
1719,8,8.021949723436805e-7
1719,9,8.074390668306693e-6
1719,10,2.0916441590929074e-5
1719,11,1.8906451680143542e-5
1719,12,1.5841529724655308e-5
1720,1,1.1769833115628204e-5
1720,2,1.188636065264328e-5
1720,3,1.2828469924648344e-5
1720,4,1.2321798172627999e-5
1720,5,1.03608851745994e-5
1720,6,5.279396006939083e-6
1720,7,2.1243414653855915e-6
1720,8,1.6379209445196521e-6
1720,9,7.143407809413726e-6
1720,10,1.9584748857481065e-5
1720,11,1.889876701710413e-5
1720,12,1.8710490890844777e-5
1721,1,1.8275951231878304e-5
1721,2,1.3544389126052669e-5
1721,3,1.6690496849768316e-5
1721,4,1.3444924876638729e-5
1721,5,1.2115051691356617e-5
1721,6,5.147391714456361e-6
1721,7,1.5282061180999363e-6
1721,8,1.807672198344328e-6
1721,9,1.1398998648305359e-5
1721,10,1.8371278749250767e-5
1721,11,1.5396176427974826e-5
1721,12,1.4331456717678934e-5
1722,1,1.0157074392276611e-5
1722,2,1.2271735442512323e-5
1722,3,1.3768455869003405e-5
1722,4,1.4331923680267695e-5
1722,5,1.3859052684477509e-5
1722,6,8.855290624706129e-6
1722,7,2.3860496967106644e-6
1722,8,1.7133469148590565e-6
1722,9,1.0410700420922222e-5
1722,10,1.9328127446345776e-5
1722,11,1.847254591090358e-5
1722,12,1.2723575001718985e-5
1723,1,1.501430417862185e-5
1723,2,1.251685769722944e-5
1723,3,1.0528893328449766e-5
1723,4,9.612983658987756e-6
1723,5,8.450488699157946e-6
1723,6,4.702642606711715e-6
1723,7,1.1321291546911622e-6
1723,8,2.3772700775954827e-6
1723,9,9.268950598196215e-6
1723,10,1.5568547255495217e-5
1723,11,1.6933189513506452e-5
1723,12,2.0949831829708036e-5
1724,1,1.7719972701078762e-5
1724,2,1.4289312549047751e-5
1724,3,1.1454684020474392e-5
1724,4,1.4828419614880273e-5
1724,5,7.4546656218428965e-6
1724,6,4.586804811048327e-6
1724,7,1.1578236072951913e-6
1724,8,1.8123721725502757e-6
1724,9,1.013437501716351e-5
1724,10,2.0703089624956228e-5
1724,11,1.634314193132424e-5
1724,12,1.1689204121301617e-5
1725,1,1.416701708329464e-5
1725,2,1.3036818837069525e-5
1725,3,1.4066969251281692e-5
1725,4,1.0195506442349659e-5
1725,5,9.99322519934643e-6
1725,6,7.64115078991124e-6
1725,7,9.664940474834204e-7
1725,8,9.609381938784519e-7
1725,9,9.515741954598805e-6
1725,10,2.018880085047871e-5
1725,11,1.5433288203819357e-5
1725,12,1.6712189341700896e-5
1726,1,1.1073176315823257e-5
1726,2,1.1996164616133254e-5
1726,3,1.1380777696615518e-5
1726,4,1.158015070646655e-5
1726,5,1.0304644084331952e-5
1726,6,5.5350289093244645e-6
1726,7,2.2379228995364424e-6
1726,8,1.0181441175689735e-6
1726,9,6.95009308167683e-6
1726,10,1.832193681139627e-5
1726,11,1.5011851573962272e-5
1726,12,1.5406577907359843e-5
1727,1,1.0387446940343417e-5
1727,2,7.5430288696847025e-6
1727,3,1.0250272409660318e-5
1727,4,8.142637221797776e-6
1727,5,9.485050225941432e-6
1727,6,4.937158040294638e-6
1727,7,1.0045717973108502e-6
1727,8,1.3500311951885482e-6
1727,9,1.1432345184924618e-5
1727,10,1.345863146177022e-5
1727,11,1.0605119620883277e-5
1727,12,1.1893419815275387e-5
1728,1,1.2985859977315944e-5
1728,2,9.4943239443434e-6
1728,3,7.208500674787182e-6
1728,4,8.29374165505888e-6
1728,5,7.82142559204957e-6
1728,6,5.2776948737649095e-6
1728,7,5.844646968741038e-7
1728,8,1.009780953118004e-6
1728,9,8.633416847112573e-6
1728,10,1.5678589834067454e-5
1728,11,1.0095501522777572e-5
1728,12,1.1277152246586781e-5
1729,1,1.176021825412252e-5
1729,2,1.5567645156240482e-5
1729,3,1.2052919134808434e-5
1729,4,1.0648435256459957e-5
1729,5,7.956561858782595e-6
1729,6,5.42974017848211e-6
1729,7,1.4793687027159058e-6
1729,8,1.5876157435818732e-6
1729,9,8.270494496227766e-6
1729,10,1.472123307671421e-5
1729,11,1.1907257415215863e-5
1729,12,1.3604837068621717e-5
1730,1,8.374583801741648e-6
1730,2,7.2816598872582976e-6
1730,3,8.062651655098928e-6
1730,4,8.664004641070162e-6
1730,5,7.722077428256811e-6
1730,6,3.979388625319404e-6
1730,7,1.0728955526833192e-6
1730,8,1.52484308494893e-6
1730,9,7.186051335019069e-6
1730,10,1.2292989213894504e-5
1730,11,1.1691050816946324e-5
1730,12,1.1584895331275419e-5
1731,1,7.86834830541316e-6
1731,2,1.0418562989934088e-5
1731,3,8.25545444479943e-6
1731,4,9.505564794930657e-6
1731,5,7.849306891183524e-6
1731,6,4.108846150277886e-6
1731,7,2.294627782356079e-6
1731,8,1.8549526578022344e-6
1731,9,6.66677186757798e-6
1731,10,1.3157909978878687e-5
1731,11,1.3973271613842603e-5
1731,12,1.2994583968637986e-5
1732,1,1.025977346834296e-5
1732,2,7.386123497485186e-6
1732,3,7.421524156535781e-6
1732,4,8.580480936717796e-6
1732,5,7.830777682904173e-6
1732,6,5.14237633144556e-6
1732,7,1.4950750192746725e-6
1732,8,8.980917113167668e-7
1732,9,7.037766196565738e-6
1732,10,1.1389419003297081e-5
1732,11,9.903038809456322e-6
1732,12,9.051834113578128e-6
1733,1,1.4206710284306908e-5
1733,2,1.258248754570505e-5
1733,3,8.900354371972762e-6
1733,4,1.1097389106844488e-5
1733,5,8.936592647623814e-6
1733,6,4.188493431307709e-6
1733,7,1.4596562852411398e-6
1733,8,1.2771111147918508e-6
1733,9,1.006632198884224e-5
1733,10,1.6746482771641727e-5
1733,11,1.2764781319915293e-5
1733,12,1.3807751120263797e-5
1734,1,1.2741901434425482e-5
1734,2,1.054360344039558e-5
1734,3,1.0111633578911232e-5
1734,4,1.0011469821038894e-5
1734,5,1.0585509973667483e-5
1734,6,5.2843149121586055e-6
1734,7,1.0346553437176454e-6
1734,8,1.4072335918136453e-6
1734,9,7.137451417438793e-6
1734,10,1.8782110215619187e-5
1734,11,1.8251013403166352e-5
1734,12,1.3085383141422818e-5
1735,1,1.717695422966588e-5
1735,2,1.1828410841559103e-5
1735,3,1.1471351534608359e-5
1735,4,1.0058299281449335e-5
1735,5,8.766194917817998e-6
1735,6,4.701159439928852e-6
1735,7,1.9718985698757426e-6
1735,8,1.5115512709966284e-6
1735,9,8.496074427915389e-6
1735,10,1.1224295456952684e-5
1735,11,1.2644590383857397e-5
1735,12,1.0976129673390962e-5
1736,1,1.1672684094395578e-5
1736,2,1.2108624857819909e-5
1736,3,1.3439004884265816e-5
1736,4,1.1973125190067702e-5
1736,5,1.0116779506258516e-5
1736,6,6.42411059868175e-6
1736,7,9.225614453917001e-7
1736,8,1.238330705627122e-6
1736,9,9.764326479562182e-6
1736,10,2.037998029420999e-5
1736,11,1.8181750838817296e-5
1736,12,1.209926864023412e-5
1737,1,1.5069054443583979e-5
1737,2,1.2127886032223205e-5
1737,3,1.0990033945622002e-5
1737,4,9.638001400290794e-6
1737,5,9.013269688892381e-6
1737,6,6.125005833554265e-6
1737,7,1.4840574891384812e-6
1737,8,1.794434929496979e-6
1737,9,7.954814077272548e-6
1737,10,1.979259496602366e-5
1737,11,1.2407955062123493e-5
1737,12,1.3932513280960803e-5
1738,1,1.1874093978279475e-5
1738,2,1.9328592987811464e-5
1738,3,1.0121829303105395e-5
1738,4,1.1822966466994626e-5
1738,5,8.69960550841619e-6
1738,6,5.6037144967222085e-6
1738,7,8.086182046911701e-7
1738,8,6.452012986253505e-7
1738,9,7.339185700877677e-6
1738,10,1.9077690391292177e-5
1738,11,1.2164750125571383e-5
1738,12,1.4782987420064725e-5
1739,1,1.3462320884178508e-5
1739,2,1.1593103673691237e-5
1739,3,1.0034645080704737e-5
1739,4,1.0409161429999063e-5
1739,5,9.270029563016471e-6
1739,6,1.0706279308785633e-5
1739,7,2.5499945108016954e-6
1739,8,8.844456536524081e-7
1739,9,8.491216359421617e-6
1739,10,1.508991799560343e-5
1739,11,1.4812234275490276e-5
1739,12,1.201544509304604e-5
1740,1,1.3655511000842481e-5
1740,2,1.3602108100121922e-5
1740,3,1.4623345418031026e-5
1740,4,1.375700578780864e-5
1740,5,1.1586650377864044e-5
1740,6,6.293415513830671e-6
1740,7,1.5534715412168972e-6
1740,8,3.280005208180935e-6
1740,9,1.0758083138718369e-5
1740,10,2.1613388553784414e-5
1740,11,1.322702176042344e-5
1740,12,1.141593830149904e-5
1741,1,9.69496269506284e-6
1741,2,1.5836618654510814e-5
1741,3,1.1706233968528897e-5
1741,4,9.465387799917697e-6
1741,5,1.0220850707318555e-5
1741,6,4.507726533599556e-6
1741,7,1.749819445791917e-6
1741,8,4.88120244152823e-6
1741,9,1.1279210458281233e-5
1741,10,1.645954403143475e-5
1741,11,1.3604353801227689e-5
1741,12,1.503045752448586e-5
1742,1,1.4161537953893856e-5
1742,2,1.4970702738625904e-5
1742,3,1.240470156575177e-5
1742,4,9.040460523219953e-6
1742,5,9.256640516509532e-6
1742,6,5.546740679907519e-6
1742,7,1.6651207007322094e-6
1742,8,1.5016067193464886e-6
1742,9,1.0391265954503145e-5
1742,10,1.9596131643142673e-5
1742,11,1.399225432404688e-5
1742,12,1.4778617262990699e-5
1743,1,1.1691165181721624e-5
1743,2,1.1135634451346377e-5
1743,3,1.2687693077446389e-5
1743,4,1.186991929378665e-5
1743,5,9.135405759866822e-6
1743,6,6.703242973624929e-6
1743,7,1.2994900750648362e-6
1743,8,1.8337533222063476e-6
1743,9,7.503965141868033e-6
1743,10,1.7285320433039902e-5
1743,11,1.6656068251232338e-5
1743,12,1.3869685030404322e-5
1744,1,1.2089893516609869e-5
1744,2,1.2946776501887493e-5
1744,3,9.992060505353022e-6
1744,4,1.2590609014340047e-5
1744,5,1.01310478465512e-5
1744,6,6.229462803840873e-6
1744,7,9.850111966314066e-7
1744,8,1.06294779285523e-6
1744,9,8.875290574703451e-6
1744,10,1.8199582159349705e-5
1744,11,1.6991157332390023e-5
1744,12,1.6209680769462524e-5
1745,1,1.442675632854421e-5
1745,2,1.2495595614928141e-5
1745,3,1.0026435334150305e-5
1745,4,8.877847728098744e-6
1745,5,9.108446039771461e-6
1745,6,4.326624748829011e-6
1745,7,9.890107906710122e-7
1745,8,1.233747249969328e-6
1745,9,8.220425171279225e-6
1745,10,2.261136432580672e-5
1745,11,1.4594000141952259e-5
1745,12,1.0151817387898238e-5
1746,1,1.5646576250402114e-5
1746,2,1.2433003782843726e-5
1746,3,1.1048630536958825e-5
1746,4,9.786763613020544e-6
1746,5,9.56214559164597e-6
1746,6,4.997975563657919e-6
1746,7,1.0952337550884439e-6
1746,8,1.637470895544657e-6
1746,9,8.656420756695574e-6
1746,10,1.9039699568916127e-5
1746,11,1.3945118247187557e-5
1746,12,1.1582742958750933e-5
1747,1,1.2032877589183906e-5
1747,2,9.974859748845941e-6
1747,3,1.052247692716739e-5
1747,4,1.041245027739203e-5
1747,5,1.0422202318137898e-5
1747,6,3.619122203186932e-6
1747,7,1.3727306681814513e-6
1747,8,2.3041142256287144e-6
1747,9,7.018597811776184e-6
1747,10,1.815305083291423e-5
1747,11,1.4421957225069638e-5
1747,12,1.1014165518899398e-5
1748,1,1.1879294978058394e-5
1748,2,1.0813771826581308e-5
1748,3,1.0563655410673894e-5
1748,4,1.3674081138742941e-5
1748,5,1.2489071256007109e-5
1748,6,5.0279244346278675e-6
1748,7,1.4880359107253374e-6
1748,8,1.6241817332015826e-6
1748,9,7.1757177353063e-6
1748,10,2.0353089142016092e-5
1748,11,1.2164154753739816e-5
1748,12,1.1783876439517397e-5
1749,1,1.264780625214772e-5
1749,2,1.1582127031065554e-5
1749,3,1.141024163420943e-5
1749,4,1.2414162941001444e-5
1749,5,1.2017837271979103e-5
1749,6,6.045560638648597e-6
1749,7,9.173277770988989e-7
1749,8,1.5230836695389514e-6
1749,9,1.0536712387891728e-5
1749,10,1.7459515165707873e-5
1749,11,1.2422291466065946e-5
1749,12,1.776401405369219e-5
1750,1,1.4073928080120503e-5
1750,2,1.1350090036615716e-5
1750,3,1.3257696271188405e-5
1750,4,9.864829281236226e-6
1750,5,8.757003563051016e-6
1750,6,6.1062583003520195e-6
1750,7,1.388902019474746e-6
1750,8,1.090204793535981e-6
1750,9,9.789216370432627e-6
1750,10,1.9307248930542595e-5
1750,11,1.497551706274297e-5
1750,12,1.4998587237283951e-5
1751,1,1.1509477379405763e-5
1751,2,1.1536568682120553e-5
1751,3,1.1445359029905852e-5
1751,4,1.0183661910693354e-5
1751,5,8.726418932960145e-6
1751,6,4.468949345427931e-6
1751,7,6.492625888542437e-7
1751,8,1.7286172081158944e-6
1751,9,1.0738844514095158e-5
1751,10,1.7598571303982383e-5
1751,11,2.16258206865388e-5
1751,12,1.4299005417802286e-5
1752,1,1.2928152508358104e-5
1752,2,1.0442893235233666e-5
1752,3,1.2457952821583882e-5
1752,4,1.0858736102335785e-5
1752,5,9.756280813586866e-6
1752,6,4.898602142092069e-6
1752,7,3.554423251003688e-6
1752,8,3.279610887123599e-6
1752,9,1.2072696918711218e-5
1752,10,1.877945779738897e-5
1752,11,1.798061979697838e-5
1752,12,1.5353866460634104e-5
1753,1,1.5113310189486424e-5
1753,2,1.107707004632226e-5
1753,3,9.754119798520738e-6
1753,4,1.0241356106178844e-5
1753,5,1.113671087381539e-5
1753,6,4.666497863632039e-6
1753,7,1.2026978924763782e-6
1753,8,1.5058882371708544e-6
1753,9,1.0350819544125002e-5
1753,10,1.533262649619032e-5
1753,11,1.5877576611882313e-5
1753,12,1.1578909169170531e-5
1754,1,1.1564993230480842e-5
1754,2,8.855676443518831e-6
1754,3,9.857558234077752e-6
1754,4,1.0907668043156034e-5
1754,5,1.0489690853922694e-5
1754,6,4.927889219469438e-6
1754,7,7.473374629256578e-7
1754,8,2.685605563157212e-6
1754,9,8.2523782847357925e-06
1754,10,1.613363755741421e-5
1754,11,1.8907010636101317e-5
1754,12,1.1782475773557616e-5
1755,1,1.0663123391067938e-5
1755,2,1.3939435265789974e-5
1755,3,1.13575597451414e-5
1755,4,8.890870931816259e-6
1755,5,1.0054193390120445e-5
1755,6,3.078634563130375e-6
1755,7,2.1829036768204963e-6
1755,8,1.307461180585683e-6
1755,9,7.665602848292203e-6
1755,10,1.7909764985114497e-5
1755,11,1.538718729985851e-5
1755,12,1.2435525417114209e-5
1756,1,1.3036558014725768e-5
1756,2,1.155096841038596e-5
1756,3,1.05355838921509e-5
1756,4,1.2774372120653732e-5
1756,5,1.0066024384365083e-5
1756,6,2.9724799916388745e-6
1756,7,9.052386973531561e-7
1756,8,1.3325290926728072e-6
1756,9,8.717138900297514e-6
1756,10,1.994978279975592e-5
1756,11,1.3630337392100943e-5
1756,12,1.0943829555262153e-5
1757,1,1.638233531027597e-5
1757,2,1.1844202073171832e-5
1757,3,1.3277627852786105e-5
1757,4,9.443418629178924e-6
1757,5,9.004990238191787e-6
1757,6,5.4021797247777375e-6
1757,7,1.3948340687822194e-6
1757,8,3.0608501447307173e-6
1757,9,1.114584938498596e-5
1757,10,1.8273432769710008e-5
1757,11,1.37866046084684e-5
1757,12,1.2134242456051803e-5
1758,1,9.471784646686481e-6
1758,2,1.049504417496566e-5
1758,3,1.2294426629126805e-5
1758,4,1.1463244020967676e-5
1758,5,1.0334193977418298e-5
1758,6,4.415495925865891e-6
1758,7,1.3426204945575807e-6
1758,8,2.175878245209852e-6
1758,9,9.025659224501494e-6
1758,10,1.904057799819924e-5
1758,11,1.8712898029544936e-5
1758,12,1.1589439533623118e-5
1759,1,1.5321036303161518e-5
1759,2,1.2616985975546763e-5
1759,3,1.2746038982790006e-5
1759,4,9.062697786831018e-6
1759,5,8.775525567615571e-6
1759,6,4.614802217658232e-6
1759,7,1.556714490947448e-6
1759,8,1.5724540368684835e-6
1759,9,4.882867809845667e-6
1759,10,1.339051583915686e-5
1759,11,1.6708881198223233e-5
1759,12,1.1381523732913657e-5
1760,1,1.4067399440877384e-5
1760,2,1.3812776622255091e-5
1760,3,9.493507847102257e-6
1760,4,1.2272248026237929e-5
1760,5,1.0175806393267153e-5
1760,6,4.289217843932699e-6
1760,7,1.8453132855459684e-6
1760,8,1.450040393357099e-6
1760,9,7.146468631051808e-6
1760,10,1.953021405142171e-5
1760,11,1.597882943246632e-5
1760,12,1.726105596447607e-5
1761,1,1.663388329036945e-5
1761,2,1.2461105459593525e-5
1761,3,1.0644350890909416e-5
1761,4,1.26456064774985e-5
1761,5,8.472122598345986e-6
1761,6,5.062181887343067e-6
1761,7,3.0499551831969125e-6
1761,8,3.140870072119263e-6
1761,9,1.1397571756930066e-5
1761,10,2.131173654202772e-5
1761,11,1.7573843504677892e-5
1761,12,1.1484305610176004e-5
1762,1,7.95574393099467e-6
1762,2,1.3086935416386973e-5
1762,3,8.92978782607837e-6
1762,4,9.749702735477205e-6
1762,5,9.711779065829056e-6
1762,6,5.775547516302158e-6
1762,7,1.151646806577463e-6
1762,8,1.8536913898326047e-6
1762,9,7.556688732427532e-6
1762,10,1.8107654879305187e-5
1762,11,1.1389590422739054e-5
1762,12,1.106140093288843e-5
1763,1,8.633709898728233e-6
1763,2,1.2892342044631596e-5
1763,3,1.5060073204352812e-5
1763,4,1.1042106969349542e-5
1763,5,1.0135571781828973e-5
1763,6,7.318390796023896e-6
1763,7,1.7769799916442237e-6
1763,8,1.3956488480911287e-6
1763,9,6.827964888419554e-6
1763,10,1.6618157064022242e-5
1763,11,1.3220254746555248e-5
1763,12,1.2926113280694396e-5
1764,1,1.1732079495727908e-5
1764,2,9.869221454493616e-6
1764,3,1.1716412220209967e-5
1764,4,1.1109570826757717e-5
1764,5,1.1193541048038092e-5
1764,6,5.0910864271792595e-6
1764,7,5.781012937327113e-7
1764,8,5.232039334325156e-6
1764,9,1.3539103111051195e-5
1764,10,1.3858791950933189e-5
1764,11,1.976479842964996e-5
1764,12,1.3021718930222747e-5
1765,1,1.2385043226553887e-5
1765,2,1.1356499534168602e-5
1765,3,1.3381066355523633e-5
1765,4,9.77391247558214e-6
1765,5,9.422454984444833e-6
1765,6,4.383435031422832e-6
1765,7,1.4143279194912553e-6
1765,8,9.007181027424783e-7
1765,9,7.457323349339535e-6
1765,10,1.6750320462090977e-5
1765,11,1.7045200406042608e-5
1765,12,1.2405999954098606e-5
1766,1,1.1720325139763725e-5
1766,2,1.1395564878403715e-5
1766,3,1.2887402912355442e-5
1766,4,1.2269047156076489e-5
1766,5,1.0145105814939158e-5
1766,6,4.777925547458153e-6
1766,7,8.994597588790151e-7
1766,8,1.383686066619733e-6
1766,9,1.03194891697937e-5
1766,10,1.9761435859597332e-5
1766,11,1.4466440237181726e-5
1766,12,1.2497382776308445e-5
1767,1,8.367534478689635e-6
1767,2,1.3520409120690455e-5
1767,3,9.71474340272437e-6
1767,4,1.0330366936725909e-5
1767,5,8.383790512783987e-6
1767,6,4.70238436708336e-6
1767,7,1.7638520973071087e-6
1767,8,1.428248582202294e-6
1767,9,1.2946724436434356e-5
1767,10,1.816042851030426e-5
1767,11,1.3624077929189086e-5
1767,12,1.0953423794767354e-5
1768,1,1.6358304310446567e-5
1768,2,9.115749236647557e-6
1768,3,6.892147309187783e-6
1768,4,8.769186359511638e-6
1768,5,9.691281420673085e-6
1768,6,3.1296048141675918e-6
1768,7,1.842577974951823e-6
1768,8,1.8537638576134768e-6
1768,9,1.226918547828761e-5
1768,10,2.0266560962788687e-5
1768,11,1.8316257962086505e-5
1768,12,1.2933440789814969e-5
1769,1,7.877744933203069e-6
1769,2,1.648698579746407e-5
1769,3,1.0618242103329825e-5
1769,4,9.08387660572537e-6
1769,5,8.468554401749165e-6
1769,6,6.33654413230759e-6
1769,7,2.6957172480321087e-6
1769,8,3.172745881389863e-6
1769,9,1.0477047185665238e-5
1769,10,1.6851425786299714e-5
1769,11,1.4592029237144734e-5
1769,12,1.3037716916712689e-5
1770,1,1.3066206383187988e-5
1770,2,9.842439080214799e-6
1770,3,9.089787176669131e-6
1770,4,1.1368616131946678e-5
1770,5,1.3243052939043494e-5
1770,6,5.526573152408763e-6
1770,7,1.3525895047897934e-6
1770,8,1.291628333064604e-6
1770,9,1.098392037217388e-5
1770,10,1.941661647615448e-5
1770,11,1.3256540750908794e-5
1770,12,1.2182193492112689e-5
1771,1,1.6290657621936115e-5
1771,2,1.2536393428355646e-5
1771,3,1.2929095512267235e-5
1771,4,1.47072504456809e-5
1771,5,1.1342434859673265e-5
1771,6,8.907310771049482e-6
1771,7,2.1995885468571917e-6
1771,8,1.5832846696027767e-6
1771,9,8.757916489233887e-6
1771,10,1.3652827301632572e-5
1771,11,1.3674346889357559e-5
1771,12,9.971112956292452e-6
1772,1,1.2389189537579861e-5
1772,2,1.4719283811646086e-5
1772,3,1.0519746029883559e-5
1772,4,9.500989081998226e-6
1772,5,9.788760308979609e-6
1772,6,4.047795162007817e-6
1772,7,1.725178680649875e-6
1772,8,2.1126359979514543e-6
1772,9,5.969193193469399e-6
1772,10,1.7320749405044636e-5
1772,11,1.5383987840066113e-5
1772,12,1.593501880956254e-5
1773,1,1.3380769891393903e-5
1773,2,7.4371097634358606e-6
1773,3,1.1063683888808216e-5
1773,4,1.019278244206314e-5
1773,5,9.875527991583066e-6
1773,6,3.2319051633317702e-6
1773,7,1.1304573351055544e-6
1773,8,1.1471315785914191e-6
1773,9,1.454804124911703e-5
1773,10,1.3046486002774364e-5
1773,11,1.6138141185910175e-5
1773,12,1.3671077975308439e-5
1774,1,1.298764375773098e-5
1774,2,1.0396997366366026e-5
1774,3,9.256198044853724e-6
1774,4,1.1587965960107793e-5
1774,5,8.669665895294879e-6
1774,6,4.861148459582366e-6
1774,7,7.442871923777999e-7
1774,8,1.5573384344170983e-6
1774,9,9.307588751322313e-6
1774,10,1.8194536725769344e-5
1774,11,2.0461049464614092e-5
1774,12,1.2066110949228863e-5
1775,1,9.329206606841991e-6
1775,2,1.0995733965596812e-5
1775,3,9.933778168938959e-6
1775,4,1.1984731497568555e-5
1775,5,1.2189989605517467e-5
1775,6,7.253615411863823e-6
1775,7,1.756405916013127e-6
1775,8,2.4079248705008096e-6
1775,9,8.160562285894047e-6
1775,10,1.9607632888646723e-5
1775,11,1.3548538276643835e-5
1775,12,1.0047243118129031e-5
1776,1,1.3609051810016709e-5
1776,2,1.5479446545532432e-5
1776,3,9.875595541554916e-6
1776,4,8.242205470844788e-6
1776,5,7.340313285803849e-6
1776,6,4.444387033918897e-6
1776,7,4.16740711137358e-6
1776,8,2.665351110102958e-6
1776,9,1.294663212458875e-5
1776,10,1.806901393974792e-5
1776,11,1.2919517762332758e-5
1776,12,1.2336233971213987e-5
1777,1,1.38690826391582e-5
1777,2,1.4437926154255056e-5
1777,3,1.1886586737447583e-5
1777,4,1.286108573408994e-5
1777,5,7.2659173799089365e-6
1777,6,7.507615775984078e-6
1777,7,1.0591436721929198e-6
1777,8,8.583413975936103e-7
1777,9,8.848636251965932e-6
1777,10,1.3872275636900425e-5
1777,11,1.5531554284732517e-5
1777,12,1.3448847491903231e-5
1778,1,8.363210999515187e-6
1778,2,9.552068022252167e-6
1778,3,9.730200483378444e-6
1778,4,8.776556598845195e-6
1778,5,8.531773808185165e-6
1778,6,4.164447060865196e-6
1778,7,9.893923921974334e-7
1778,8,2.099617807806673e-6
1778,9,9.635095582581111e-6
1778,10,1.8667431301773263e-5
1778,11,1.346151715194822e-5
1778,12,1.2795563443590252e-5
1779,1,9.718247348705143e-6
1779,2,1.1801364171889684e-5
1779,3,1.2212555331160274e-5
1779,4,1.2188749337509771e-5
1779,5,8.119008595161154e-6
1779,6,4.317470452295075e-6
1779,7,2.1408365627549725e-6
1779,8,1.1130805889964047e-6
1779,9,7.543125474593109e-6
1779,10,1.267771757469663e-5
1779,11,1.30657042527894e-5
1779,12,1.182710669655937e-5
1780,1,6.777505241945571e-6
1780,2,8.966826442410151e-6
1780,3,9.450336630927658e-6
1780,4,1.382016726013279e-5
1780,5,9.278966368191047e-6
1780,6,5.586583061202469e-6
1780,7,2.229250979965232e-6
1780,8,5.820208052393214e-7
1780,9,8.850255488069973e-6
1780,10,1.98060684937279e-5
1780,11,1.290000314907173e-5
1780,12,1.0922621322743565e-5
1781,1,1.1956515703439227e-5
1781,2,8.171586479060666e-6
1781,3,9.145328363091842e-6
1781,4,9.661764669354283e-6
1781,5,9.422626598550043e-6
1781,6,5.9336724554197135e-6
1781,7,1.104542962687518e-6
1781,8,1.6351404539903597e-6
1781,9,1.1033031981538665e-5
1781,10,1.621963784382501e-5
1781,11,1.3241906593833197e-5
1781,12,1.2198644834416882e-5
1782,1,7.394579342752237e-6
1782,2,7.502550519226436e-6
1782,3,8.40478877095004e-6
1782,4,8.8453247678587e-6
1782,5,6.753725893108236e-6
1782,6,4.584392586794052e-6
1782,7,2.0368207693641204e-6
1782,8,1.7938134812677604e-6
1782,9,9.263533674543602e-6
1782,10,1.5267761598094602e-5
1782,11,1.384190780274051e-5
1782,12,1.3960258618116494e-5
1783,1,1.13820889002718e-5
1783,2,1.0139822142926511e-05
1783,3,9.452494816477325e-6
1783,4,8.041554805966037e-6
1783,5,6.767272910071521e-6
1783,6,3.6405586479731226e-6
1783,7,2.9297891407615566e-6
1783,8,2.981158994213006e-6
1783,9,1.0333171792017255e-5
1783,10,1.5111752012863336e-5
1783,11,9.748297800705e-6
1783,12,9.298202258783528e-6
1784,1,7.468093829680612e-6
1784,2,7.299089659272405e-6
1784,3,8.000170335265842e-6
1784,4,4.914893197796874e-6
1784,5,5.932398787424732e-6
1784,6,4.635457876709965e-6
1784,7,2.4340393552033456e-6
1784,8,2.2935903590175804e-6
1784,9,5.717220936767338e-6
1784,10,8.044418339413086e-6
1784,11,7.749830155304687e-6
1784,12,6.237066245894144e-6
1785,1,7.574221752748412e-6
1785,2,6.291625544596682e-6
1785,3,5.749672620373656e-6
1785,4,5.5059681217175015e-6
1785,5,6.67868938170653e-6
1785,6,4.204212656439239e-6
1785,7,2.1043751204132175e-6
1785,8,1.96965627521714e-6
1785,9,5.646379614608464e-6
1785,10,8.087782108870532e-6
1785,11,8.744441427583087e-6
1785,12,7.870759420900542e-6
1786,1,8.087744472636827e-6
1786,2,7.445067795021241e-6
1786,3,6.010655861050518e-6
1786,4,6.23217834817635e-6
1786,5,4.564227974869455e-6
1786,6,5.281224732580358e-6
1786,7,1.2326623508723057e-6
1786,8,2.046950786268946e-6
1786,9,5.789158594311396e-6
1786,10,1.3038623721052858e-5
1786,11,1.0047912949256068e-5
1786,12,6.920251541557066e-6
1787,1,6.858478681271736e-6
1787,2,7.936630603116457e-6
1787,3,7.314513239242221e-6
1787,4,9.571841692874537e-6
1787,5,5.8648264845714805e-6
1787,6,4.198730379706168e-6
1787,7,2.1441623389541057e-6
1787,8,1.947148257123254e-6
1787,9,6.801214826075739e-6
1787,10,1.1789832529315865e-5
1787,11,1.1847500662909355e-5
1787,12,6.5988550382710245e-6
1788,1,7.7690166061083e-6
1788,2,7.66406736529439e-6
1788,3,5.581619172100281e-6
1788,4,5.211090313924716e-6
1788,5,7.71626227452567e-6
1788,6,2.9795433994618964e-6
1788,7,8.672213430335609e-7
1788,8,1.7018838702264317e-6
1788,9,6.964267867531968e-6
1788,10,1.1041584232921503e-5
1788,11,1.0398616031451193e-5
1788,12,9.368694165960296e-6
1789,1,5.182078009250625e-6
1789,2,4.7712384818714075e-6
1789,3,5.718316980539171e-6
1789,4,4.989075940331287e-6
1789,5,6.55438430584414e-6
1789,6,3.6450121871589463e-6
1789,7,1.109483085573057e-6
1789,8,1.2686782195964352e-6
1789,9,3.834220411087391e-6
1789,10,1.1252454741230711e-5
1789,11,9.196097885477772e-6
1789,12,4.996026157408578e-6
1790,1,5.899666665471343e-6
1790,2,5.596839214814427e-6
1790,3,6.091612694535372e-6
1790,4,7.735623054043869e-6
1790,5,6.07335484097464e-6
1790,6,3.993539426132946e-6
1790,7,1.3491679959152443e-6
1790,8,1.5621560396579487e-6
1790,9,5.213024632808003e-6
1790,10,6.501868064198369e-6
1790,11,7.5866837669898845e-6
1790,12,7.881511137286242e-6
1791,1,6.542115649346052e-6
1791,2,5.843408473343528e-6
1791,3,7.089653489479709e-6
1791,4,5.336047446450406e-6
1791,5,5.631136117471831e-6
1791,6,4.574789288202517e-6
1791,7,1.0524700938064604e-6
1791,8,1.5120260958716005e-6
1791,9,6.89449189276119e-6
1791,10,1.0085333776867733e-5
1791,11,7.679976240575392e-6
1791,12,7.758261853394703e-6
1792,1,6.9372597920402505e-6
1792,2,5.481526987180942e-6
1792,3,6.490373314152774e-6
1792,4,5.274185474887623e-6
1792,5,4.6514775106080996e-6
1792,6,3.7181285961282967e-6
1792,7,1.0807211040093027e-6
1792,8,1.9254074648596412e-6
1792,9,4.728727226271062e-6
1792,10,8.838980368625808e-6
1792,11,7.522847476917666e-6
1792,12,6.705970481577773e-6
1793,1,7.771781542486371e-6
1793,2,7.6633198854471165e-06
1793,3,5.2829636184995e-6
1793,4,7.599137411695044e-6
1793,5,6.456136379514532e-6
1793,6,2.730132900890739e-6
1793,7,1.2552855621172444e-6
1793,8,1.7060157095716384e-6
1793,9,6.486181724255506e-6
1793,10,8.86178566330434e-6
1793,11,5.525313336035453e-6
1793,12,6.911617909809488e-6
1794,1,7.345148872292896e-6
1794,2,7.799819200943931e-6
1794,3,5.746636697471341e-6
1794,4,6.603564440524379e-6
1794,5,6.652931943628908e-6
1794,6,4.359617494662443e-6
1794,7,1.8135447838465154e-6
1794,8,1.1006336878837463e-6
1794,9,6.804784873062659e-6
1794,10,9.387712349317957e-6
1794,11,8.142847352806297e-6
1794,12,7.671761333925338e-6
1795,1,7.808425650955008e-6
1795,2,5.937154263735036e-6
1795,3,4.93912041363557e-6
1795,4,5.45549601592861e-6
1795,5,4.11190516975066e-6
1795,6,2.7223169341023766e-6
1795,7,8.036571152354404e-7
1795,8,9.082977066646458e-7
1795,9,5.161296568895965e-6
1795,10,8.079932269936686e-6
1795,11,8.238269847499638e-6
1795,12,5.8929079922414604e-6
1796,1,7.35525702092025e-6
1796,2,8.386499924803336e-6
1796,3,6.689833845352986e-6
1796,4,8.408551799162625e-6
1796,5,6.0039993717038284e-6
1796,6,4.385728822710183e-6
1796,7,1.10196567594631e-6
1796,8,2.13451036254118e-6
1796,9,5.19807520127885e-6
1796,10,1.300984313285441e-5
1796,11,1.1010440620653006e-5
1796,12,9.575678055930082e-6
1797,1,5.777135422825255e-6
1797,2,6.894408118319914e-6
1797,3,5.557263216497407e-6
1797,4,6.6064157750682456e-6
1797,5,4.540242359775333e-6
1797,6,3.8026038415808906e-6
1797,7,1.2279880444790793e-6
1797,8,2.5172058685435676e-6
1797,9,5.5614090701949e-6
1797,10,8.857323726366531e-6
1797,11,9.936071904630946e-6
1797,12,5.693643986305292e-6
1798,1,6.264248322449888e-6
1798,2,7.1000466746858395e-6
1798,3,6.549699624881613e-6
1798,4,6.223426795587442e-6
1798,5,4.361037676721793e-6
1798,6,3.7103473028234563e-6
1798,7,1.1164586631681863e-6
1798,8,2.306860530238023e-6
1798,9,5.45758088442408e-6
1798,10,1.0891429314833044e-5
1798,11,7.825019571594373e-6
1798,12,7.105460779629137e-6
1799,1,5.70880943425024e-6
1799,2,6.925720085331535e-6
1799,3,9.285357544225975e-6
1799,4,7.0675723940433345e-6
1799,5,3.5502427279633623e-6
1799,6,3.725321839996097e-6
1799,7,9.462234995931257e-7
1799,8,1.2080286944522208e-6
1799,9,4.7333260964026725e-6
1799,10,1.1097543426611111e-5
1799,11,8.309280798963875e-6
1799,12,7.6392701593643e-6
1800,1,7.238018012644403e-6
1800,2,7.64228915753692e-6
1800,3,7.933487605381419e-6
1800,4,5.76932408690165e-6
1800,5,5.969800921703852e-6
1800,6,3.3928668138008416e-6
1800,7,1.3294870779522499e-6
1800,8,9.835223431520825e-7
1800,9,6.491851655645915e-6
1800,10,1.1870036672349114e-5
1800,11,9.011100469670956e-6
1800,12,7.346212653803701e-6
1801,1,8.017731412557542e-6
1801,2,5.792421989564836e-6
1801,3,4.965865698995986e-6
1801,4,6.474854256306844e-6
1801,5,7.398079056366758e-6
1801,6,3.424974260698431e-6
1801,7,9.683046767675748e-7
1801,8,1.1164741765027021e-6
1801,9,6.480051663216595e-6
1801,10,8.372882444751767e-6
1801,11,1.0651474119146631e-5
1801,12,8.86256203141075e-6
1802,1,7.878701900188018e-6
1802,2,7.330432635855168e-6
1802,3,7.767456064784108e-6
1802,4,6.686950365121215e-6
1802,5,5.226119827185672e-6
1802,6,2.348727655936185e-6
1802,7,1.0999247278220237e-6
1802,8,1.7882250849732474e-6
1802,9,6.75787576832569e-6
1802,10,1.0061036292175402e-5
1802,11,1.0197705400734573e-5
1802,12,8.923972219681364e-6
1803,1,6.746892448565628e-6
1803,2,6.5211425902447695e-6
1803,3,7.331809855173311e-6
1803,4,7.455093261935852e-6
1803,5,6.1859714938692485e-6
1803,6,3.2594299617414285e-6
1803,7,1.8295955466928373e-6
1803,8,1.5146311022537753e-6
1803,9,7.3642210595272585e-6
1803,10,9.606487096744017e-6
1803,11,9.367106327585286e-6
1803,12,6.515433107282764e-6
1804,1,1.0460189845151027e-5
1804,2,1.194446062384901e-5
1804,3,9.3933295247666e-6
1804,4,7.4622087400597415e-6
1804,5,8.512953943873695e-6
1804,6,4.90181071068867e-6
1804,7,1.2542997431838604e-6
1804,8,1.0898565771314066e-6
1804,9,5.472748182282055e-6
1804,10,1.60189976830233e-5
1804,11,1.0963216640322607e-5
1804,12,1.2389917966557327e-5
1805,1,1.205312236218492e-5
1805,2,1.2603947002509559e-5
1805,3,1.0131067140992364e-5
1805,4,9.69994968828961e-6
1805,5,8.929801063010437e-6
1805,6,4.638340891765974e-6
1805,7,1.158634166919247e-6
1805,8,2.2331775727480686e-6
1805,9,5.928929791514623e-6
1805,10,1.9196552140897894e-5
1805,11,1.078086832770576e-5
1805,12,1.2139926077575204e-5
1806,1,1.3137188733356554e-5
1806,2,9.158980993300633e-6
1806,3,1.0745846445975732e-5
1806,4,7.906955666829443e-6
1806,5,7.265613046622207e-6
1806,6,3.9086617398077465e-6
1806,7,1.2476878784442391e-6
1806,8,1.6034269114427165e-6
1806,9,7.305832977651092e-6
1806,10,1.33842550824943e-5
1806,11,1.532511705903773e-5
1806,12,1.1823833789219663e-5
1807,1,1.0910095165816608e-5
1807,2,1.3595216577757306e-5
1807,3,9.98487402135357e-6
1807,4,1.2455530536482825e-5
1807,5,1.3292278309521849e-5
1807,6,4.883180300222789e-6
1807,7,1.0972610540309955e-6
1807,8,8.798374399609889e-7
1807,9,9.055942692765572e-6
1807,10,2.0306820958829585e-5
1807,11,1.141519829261161e-5
1807,12,1.2920603037769265e-5
1808,1,1.116481847463818e-5
1808,2,1.0397640910199734e-5
1808,3,9.975430868481141e-6
1808,4,1.1062556308430128e-5
1808,5,6.150233780125586e-6
1808,6,3.8502991495464874e-6
1808,7,1.2727805113577105e-6
1808,8,2.7080370378583393e-6
1808,9,7.561840313185236e-6
1808,10,1.4358297762379453e-5
1808,11,1.5137820571104627e-5
1808,12,1.3849165901839788e-5
1809,1,1.3340265025484566e-5
1809,2,1.1923878378358693e-5
1809,3,8.8474982917706e-6
1809,4,7.844188735408041e-6
1809,5,8.452389857568133e-6
1809,6,4.56966683814811e-6
1809,7,1.1508484182811264e-6
1809,8,1.3746301462361522e-6
1809,9,8.623896852518722e-6
1809,10,1.9894676040420198e-5
1809,11,1.5386946169673773e-5
1809,12,1.0416997923870949e-5
1810,1,1.3222660341841053e-5
1810,2,1.2184681161722939e-5
1810,3,9.276062166723039e-6
1810,4,9.240437230905647e-6
1810,5,7.949493806767928e-6
1810,6,6.267784054281259e-6
1810,7,1.5835477364317337e-6
1810,8,1.4247828386297113e-6
1810,9,6.3814893942478055e-6
1810,10,1.953750043585117e-5
1810,11,1.2302288412728194e-5
1810,12,1.093445630816505e-5
1811,1,1.0379993251751551e-5
1811,2,9.39050507583154e-6
1811,3,1.0599764625420352e-5
1811,4,8.514955374451186e-6
1811,5,7.386054493474979e-6
1811,6,4.3422223351951885e-6
1811,7,2.331544968689793e-6
1811,8,2.669745565797655e-6
1811,9,8.567629682866424e-6
1811,10,1.18271272671468e-5
1811,11,1.2197937547892247e-5
1811,12,9.528030188003645e-6
1812,1,1.0586958551455285e-5
1812,2,8.278084770803222e-6
1812,3,9.394539955039209e-6
1812,4,8.094129891061517e-6
1812,5,7.03279478294754e-6
1812,6,4.982254580144381e-6
1812,7,8.634631310817434e-7
1812,8,1.7271956686716718e-6
1812,9,8.06226557066078e-6
1812,10,1.325438685930002e-5
1812,11,1.3226122639923048e-5
1812,12,9.946062592377044e-6
1813,1,9.653954187049937e-6
1813,2,1.2014030581640416e-5
1813,3,1.0526847412054951e-5
1813,4,9.527179368413904e-6
1813,5,6.192864219776523e-6
1813,6,4.267275681660052e-6
1813,7,9.969213399982473e-7
1813,8,2.0656242406849803e-6
1813,9,9.411200085296171e-6
1813,10,1.6666359506017176e-5
1813,11,1.194869451526155e-5
1813,12,1.0509572140574427e-5
1814,1,1.6457606778272862e-5
1814,2,9.865488538918534e-6
1814,3,8.624318517129944e-6
1814,4,6.867557636378133e-6
1814,5,6.16937854897241e-6
1814,6,4.942251737894356e-6
1814,7,1.3432770289288682e-6
1814,8,1.5988527858524268e-6
1814,9,6.986138114323322e-6
1814,10,1.5915452194335432e-5
1814,11,1.2909332390365462e-5
1814,12,1.3382454317350889e-5
1815,1,9.608615745125294e-6
1815,2,1.1767379062903988e-5
1815,3,6.763621136824883e-6
1815,4,9.794732084931764e-6
1815,5,8.335330234867413e-6
1815,6,4.916478427690411e-6
1815,7,1.4415604358293203e-6
1815,8,1.561429462388276e-6
1815,9,8.30223129616724e-6
1815,10,1.3348425895534529e-5
1815,11,1.1336457967895404e-5
1815,12,1.0870133770086206e-5
1816,1,1.2063988203630033e-5
1816,2,1.1337701884994322e-5
1816,3,8.508276886104455e-6
1816,4,8.217085004232097e-6
1816,5,7.81356670201251e-6
1816,6,3.966738208784736e-6
1816,7,2.4519786387838314e-6
1816,8,2.214006922338245e-6
1816,9,9.964672146527799e-6
1816,10,1.714481320275651e-5
1816,11,1.664765862762344e-5
1816,12,1.4991789628757069e-5
1817,1,1.0459524212176074e-5
1817,2,8.18052048944989e-6
1817,3,9.884036310631062e-6
1817,4,9.094726042385002e-6
1817,5,6.929480689994972e-6
1817,6,5.218359973703904e-6
1817,7,1.7685596013606152e-6
1817,8,1.7753572271030123e-6
1817,9,8.060836063962176e-6
1817,10,1.3990491846337926e-5
1817,11,7.648615444235329e-6
1817,12,8.553831894612088e-6
1818,1,1.2526456562837641e-5
1818,2,8.216979431353833e-6
1818,3,7.754089263193051e-6
1818,4,7.888430745473896e-6
1818,5,7.225565024011831e-6
1818,6,4.696590527088475e-6
1818,7,1.107116287283016e-6
1818,8,1.3684988855812287e-6
1818,9,6.2043118866071915e-6
1818,10,1.6908273342721343e-5
1818,11,1.4015262975107101e-5
1818,12,1.2146748256747489e-5
1819,1,7.769577793240961e-6
1819,2,8.812435392073799e-6
1819,3,6.381524232794848e-6
1819,4,9.561504881995419e-6
1819,5,1.0345380230006887e-5
1819,6,4.476951691799798e-6
1819,7,1.2987073015937947e-6
1819,8,2.7144080952269845e-6
1819,9,9.791072866900505e-6
1819,10,1.6598848880924588e-5
1819,11,1.0625897893554492e-5
1819,12,7.827533757245615e-6
1820,1,1.1902344923334807e-5
1820,2,1.1081683345500424e-5
1820,3,9.691442761881965e-6
1820,4,9.479906778372935e-6
1820,5,8.151846816578778e-6
1820,6,5.223438200297735e-6
1820,7,1.4726322307246305e-6
1820,8,1.0084085874398147e-6
1820,9,8.304278788635129e-6
1820,10,1.4053590664841801e-5
1820,11,1.373790970547095e-5
1820,12,9.938256524177461e-6
1821,1,1.3307034720969684e-5
1821,2,9.715748837264417e-6
1821,3,9.616785098801807e-6
1821,4,6.70802781885768e-6
1821,5,8.536984239754013e-6
1821,6,3.56433347137267e-6
1821,7,1.7935373225180237e-6
1821,8,1.928078205345835e-6
1821,9,6.426416354594751e-6
1821,10,1.8197544879184902e-5
1821,11,9.836447090378007e-6
1821,12,9.992277944297323e-6
1822,1,9.367144436946648e-6
1822,2,7.177641470999988e-6
1822,3,7.325939626379252e-6
1822,4,6.27822301377601e-6
1822,5,7.01405166126011e-6
1822,6,4.42847781310991e-6
1822,7,2.1002052374047874e-6
1822,8,1.72026797368408e-6
1822,9,6.384641474777208e-6
1822,10,1.6304339376011653e-5
1822,11,1.0997454161850127e-5
1822,12,8.73918443596459e-6
1823,1,1.0762972087393057e-5
1823,2,8.657295639471534e-6
1823,3,9.052945882813973e-6
1823,4,9.252718667856354e-6
1823,5,8.358669513381747e-6
1823,6,4.6604316763647735e-6
1823,7,2.611234618491289e-6
1823,8,1.0092279191879263e-6
1823,9,7.405337102458226e-6
1823,10,1.2237723114239255e-5
1823,11,1.0923924971848274e-5
1823,12,9.925120637821656e-6
1824,1,1.009137325643791e-5
1824,2,1.0704726223788158e-5
1824,3,9.461673024876222e-6
1824,4,7.428837228640052e-6
1824,5,6.159280389980499e-6
1824,6,3.3090174611493e-6
1824,7,1.458584009104009e-6
1824,8,1.3210628286047908e-6
1824,9,7.789990180907627e-6
1824,10,1.7203856623562297e-5
1824,11,1.1185499832663364e-5
1824,12,8.413684526418485e-6
1825,1,7.2014394359974315e-6
1825,2,7.74242302108827e-6
1825,3,7.470317094489332e-6
1825,4,8.607561039164146e-6
1825,5,4.1828370857477435e-6
1825,6,4.1991267596608334e-6
1825,7,5.310102267802746e-7
1825,8,2.2244638993911387e-6
1825,9,5.720709730542604e-6
1825,10,1.1166644983516602e-5
1825,11,9.823049439574588e-6
1825,12,8.577366437191404e-6
1826,1,7.799544553564128e-6
1826,2,7.567675180484869e-6
1826,3,8.021500149800554e-6
1826,4,8.081528731145417e-6
1826,5,7.481484139527588e-6
1826,6,4.260205327342311e-6
1826,7,1.4403832434605156e-6
1826,8,1.588104530057738e-6
1826,9,6.827246989363212e-6
1826,10,1.489635040275698e-5
1826,11,1.4218190331871769e-5
1826,12,8.2523739473985e-6
1827,1,8.802499457506696e-6
1827,2,9.029835505883557e-6
1827,3,6.4114178024729655e-6
1827,4,7.838192922420112e-6
1827,5,6.752739092010039e-6
1827,6,4.125227194484054e-6
1827,7,1.2724416213609823e-6
1827,8,7.539186827972865e-7
1827,9,5.191541946911105e-6
1827,10,1.3393067657611629e-5
1827,11,1.2036014652099891e-5
1827,12,9.5859664977040708e-06
1828,1,7.859238784912818e-6
1828,2,8.917349627718774e-6
1828,3,7.948689588845123e-6
1828,4,7.2802860573210985e-6
1828,5,5.955815627653004e-6
1828,6,4.144062418347743e-6
1828,7,8.439990048072917e-7
1828,8,2.0981381967483696e-6
1828,9,6.04886188128167e-6
1828,10,1.356356834857914e-5
1828,11,1.1604498756133637e-5
1828,12,7.163395920543995e-6
1829,1,1.091882985495687e-5
1829,2,1.1033289644432815e-5
1829,3,8.732095245684966e-6
1829,4,7.850739883501232e-6
1829,5,8.678817034291389e-6
1829,6,3.8477063176627105e-6
1829,7,1.939736943799376e-6
1829,8,1.966533240128773e-6
1829,9,4.584727904864924e-6
1829,10,1.3427002901413575e-5
1829,11,1.0154046817672936e-5
1829,12,1.2930536509067343e-5
1830,1,1.0915523514402042e-5
1830,2,9.576758763414867e-6
1830,3,8.307479010558985e-6
1830,4,7.17165972955484e-6
1830,5,5.860839575346757e-6
1830,6,4.430467876981279e-6
1830,7,1.9321039286338567e-6
1830,8,9.574279547469597e-7
1830,9,6.967345688607645e-6
1830,10,1.1895103912025825e-5
1830,11,1.286943107145717e-5
1830,12,8.201755804585189e-6
1831,1,8.944257448371453e-6
1831,2,8.00970746850873e-6
1831,3,8.244951600236673e-6
1831,4,8.450509446836644e-6
1831,5,5.656213407815533e-6
1831,6,5.320589019190857e-6
1831,7,1.2381509066848702e-6
1831,8,1.6564644845323664e-6
1831,9,7.2612463937647616e-6
1831,10,1.0113529152079292e-5
1831,11,1.3396161245021945e-5
1831,12,7.412452785975179e-6
1832,1,1.0576916760108564e-5
1832,2,1.0371216424375047e-5
1832,3,6.9151155633822676e-6
1832,4,7.717940953218555e-6
1832,5,6.167785794434524e-6
1832,6,5.30387514097807e-6
1832,7,9.386199945970124e-7
1832,8,1.8804637992758673e-6
1832,9,8.10422241243985e-6
1832,10,1.3858138250622869e-5
1832,11,1.071507460877928e-5
1832,12,6.904942339521726e-6
1833,1,6.7377688432819085e-6
1833,2,7.385985047415169e-6
1833,3,8.104599558485007e-6
1833,4,8.768467782660038e-6
1833,5,6.742563746477414e-6
1833,6,3.764287512956384e-6
1833,7,9.967721561209732e-7
1833,8,2.126337364138528e-6
1833,9,6.448895145701585e-6
1833,10,1.1898336000573137e-5
1833,11,9.119620799120543e-6
1833,12,9.417474738780102e-6
1834,1,8.126235045357746e-6
1834,2,9.331428944416003e-6
1834,3,7.874245672055737e-6
1834,4,7.922834126834735e-6
1834,5,5.211822620941759e-6
1834,6,3.3333354518392393e-6
1834,7,4.455436633503958e-7
1834,8,5.303875160568736e-7
1834,9,3.9372966301127175e-6
1834,10,1.2598735744456989e-5
1834,11,7.805190544132172e-6
1834,12,9.031959434633578e-6
1835,1,8.502107917116848e-6
1835,2,7.66195158381881e-6
1835,3,7.3593484740403834e-6
1835,4,7.240891174621479e-6
1835,5,6.861406368716868e-6
1835,6,4.353954822983002e-6
1835,7,1.0909104239421855e-6
1835,8,1.1908975937505999e-06
1835,9,4.0586736300173295e-6
1835,10,1.436376296215721e-5
1835,11,9.486292724935234e-6
1835,12,9.190752450193157e-6
1836,1,7.083282407001194e-6
1836,2,9.582402184713537e-6
1836,3,6.462045811102275e-6
1836,4,7.023217821125676e-6
1836,5,6.028704293996774e-6
1836,6,3.413694829267482e-6
1836,7,1.188143670675844e-6
1836,8,1.6616660464325007e-6
1836,9,8.098787320744025e-6
1836,10,1.2383454022996408e-5
1836,11,1.155999138079021e-5
1836,12,7.985351804834293e-6
1837,1,7.916164547468446e-6
1837,2,9.409552761902671e-6
1837,3,1.0575690149536542e-5
1837,4,6.336293819106328e-6
1837,5,6.004546684251698e-6
1837,6,2.5166693983168485e-6
1837,7,7.912397990948615e-7
1837,8,7.027616190639116e-7
1837,9,7.382025345593661e-6
1837,10,1.5202335755892306e-5
1837,11,1.1118679504064433e-5
1837,12,8.275874631922993e-6
1838,1,9.861367204113598e-6
1838,2,7.861716213252427e-6
1838,3,8.75233205086535e-6
1838,4,7.120282184584323e-6
1838,5,5.430906579084374e-6
1838,6,2.745898847352531e-6
1838,7,8.779127563150183e-7
1838,8,1.5989523237865133e-6
1838,9,7.779792250613984e-6
1838,10,1.282204038319287e-5
1838,11,1.0488858010811965e-5
1838,12,9.83482804402147e-6
1839,1,8.77449198701262e-6
1839,2,7.02326723340068e-6
1839,3,8.048542700691413e-6
1839,4,9.0057130341364e-6
1839,5,6.489630923081934e-6
1839,6,4.158580102041725e-6
1839,7,1.2892081757949324e-6
1839,8,1.3407005255384705e-6
1839,9,1.0225714595762254e-5
1839,10,1.6497626600600814e-5
1839,11,1.237273254394063e-5
1839,12,1.0143544091372726e-5
1840,1,8.475023700963354e-6
1840,2,1.071559835986285e-5
1840,3,8.005465318987269e-6
1840,4,1.098668124035926e-5
1840,5,7.80489198979579e-6
1840,6,3.477252475153254e-6
1840,7,1.1313190850038974e-6
1840,8,8.955849955365378e-7
1840,9,8.977943697904616e-6
1840,10,1.3959239658627035e-5
1840,11,1.4024305040876525e-5
1840,12,9.183402989275378e-6
1841,1,1.0247402122906613e-5
1841,2,1.2016075687348998e-5
1841,3,9.0954489906953e-6
1841,4,8.063493473119532e-6
1841,5,6.374792996998323e-6
1841,6,3.645218007924123e-6
1841,7,1.9025211062983556e-6
1841,8,7.933568400589016e-7
1841,9,5.47405903663602e-6
1841,10,1.5154248525791486e-5
1841,11,1.3568080660133222e-5
1841,12,1.3057846335394982e-5
1842,1,7.42592622017281e-6
1842,2,6.72186006277164e-6
1842,3,9.525715329851657e-6
1842,4,8.571453301053267e-6
1842,5,6.45869833336305e-6
1842,6,6.600610222867856e-6
1842,7,1.0025499826343269e-6
1842,8,4.771264468001803e-7
1842,9,9.03930215445483e-6
1842,10,1.3266594662396466e-5
1842,11,1.19263692313395e-5
1842,12,9.954620492343822e-6
1843,1,9.077514627031803e-6
1843,2,7.073170995991642e-6
1843,3,7.83252928856631e-6
1843,4,6.741744667288113e-6
1843,5,6.8251829579312265e-6
1843,6,3.933593211325136e-6
1843,7,1.5909202633921773e-6
1843,8,1.1480335067756946e-6
1843,9,6.536359005609369e-6
1843,10,1.563874676852456e-5
1843,11,1.1033414600969954e-5
1843,12,8.138296655327506e-6
1844,1,7.51853099383874e-6
1844,2,1.0279464251547081e-5
1844,3,8.001719391715848e-6
1844,4,6.473500753724531e-6
1844,5,6.6276816245295e-6
1844,6,4.4221073558164585e-6
1844,7,1.060839940617597e-6
1844,8,1.2714857392497537e-6
1844,9,8.955984096782039e-6
1844,10,1.4113208807509076e-5
1844,11,1.0189093773156085e-5
1844,12,1.2107382619951423e-5
1845,1,1.4633543723625375e-5
1845,2,1.4024142745826798e-5
1845,3,1.162660314822763e-5
1845,4,8.913888387678308e-6
1845,5,6.4675139070786835e-6
1845,6,4.24769999696885e-6
1845,7,1.5800228787162156e-6
1845,8,1.7741730802228769e-6
1845,9,8.647560952765247e-6
1845,10,1.4287632518223171e-5
1845,11,9.396335056844082e-6
1845,12,9.506106229469764e-6
1846,1,8.53499833144134e-6
1846,2,9.460971721717149e-6
1846,3,8.54898744699008e-6
1846,4,6.243175225960337e-6
1846,5,6.7710961966990745e-6
1846,6,3.7669921919871536e-6
1846,7,1.251521062538504e-6
1846,8,9.117491180470679e-7
1846,9,6.178233737879198e-6
1846,10,1.4979192574414167e-5
1846,11,1.163214438147856e-5
1846,12,6.8841607410097196e-6
1847,1,1.0854355715241938e-5
1847,2,7.176195347642403e-6
1847,3,7.230775048498979e-6
1847,4,7.582803369713808e-6
1847,5,6.859438062039395e-6
1847,6,5.216836113599789e-6
1847,7,1.3414995690937109e-6
1847,8,1.1059754884630254e-6
1847,9,4.0747787679964564e-6
1847,10,1.131192739742153e-5
1847,11,9.891838052792834e-6
1847,12,9.774655225850066e-6
1848,1,9.882349431366363e-6
1848,2,1.051110601295777e-5
1848,3,7.2956056688183404e-6
1848,4,8.369837102914898e-6
1848,5,6.177316179579118e-6
1848,6,2.78502086847884e-6
1848,7,1.498434726425605e-6
1848,8,1.2839164492821788e-6
1848,9,5.504866716891638e-6
1848,10,1.2987728537558773e-5
1848,11,1.0997492882712573e-5
1848,12,8.644654163481783e-6
1849,1,1.1205440791875252e-5
1849,2,1.1026464513213676e-5
1849,3,7.445596169624593e-6
1849,4,7.349946336233496e-6
1849,5,6.427640949825122e-6
1849,6,3.5403421349320102e-6
1849,7,1.9302466003365955e-6
1849,8,1.5894565741243175e-6
1849,9,8.826629945085404e-6
1849,10,1.669711054185099e-5
1849,11,1.0716355938027288e-5
1849,12,1.114813590390044e-5
1850,1,3.0652686019962963e-6
1850,2,6.91578033171881e-6
1850,3,7.698152962635683e-6
1850,4,9.436559266074453e-6
1850,5,8.123801029755915e-6
1850,6,5.818202088314142e-6
1850,7,2.304978289659265e-6
1850,8,1.793510191774466e-6
1850,9,8.33461915842089e-6
1850,10,1.4064800839006952e-5
1850,11,1.0628603812277286e-5
1850,12,1.0514603440011096e-5
1851,1,7.465934397324009e-6
1851,2,6.707577062193725e-6
1851,3,1.0255358261504724e-5
1851,4,9.333862934885766e-6
1851,5,9.599376722081059e-6
1851,6,4.596340840029914e-6
1851,7,2.3604087291133153e-6
1851,8,1.531849877962339e-6
1851,9,4.404497228164451e-6
1851,10,7.371907390019692e-6
1851,11,1.0851389526945193e-5
1851,12,8.964549101263029e-6
1852,1,1.002919604748089e-5
1852,2,1.0174797562182186e-5
1852,3,9.396850304032769e-6
1852,4,8.041757897985285e-6
1852,5,6.386088847695255e-6
1852,6,4.163527446895632e-6
1852,7,7.440655206351688e-7
1852,8,1.74388450884726e-6
1852,9,9.060394721525698e-6
1852,10,9.785646857209202e-6
1852,11,7.888683580255961e-6
1852,12,5.23587384941075e-6
1853,1,8.34523532248958e-6
1853,2,9.806597060125179e-6
1853,3,1.0310447490120603e-5
1853,4,7.746824027732181e-6
1853,5,5.328354225299941e-6
1853,6,3.5286617422673724e-6
1853,7,1.918552282244894e-6
1853,8,1.1036898985373254e-6
1853,9,6.301960546199514e-6
1853,10,9.800336281663934e-6
1853,11,8.230015255474917e-6
1853,12,8.368415072070075e-6
1854,1,8.045933874765911e-6
1854,2,7.2507623496212654e-06
1854,3,6.440848980328919e-6
1854,4,5.85176340517897e-6
1854,5,6.6987973748087895e-6
1854,6,4.322602973986072e-6
1854,7,7.16144153156375e-7
1854,8,8.758824999922225e-7
1854,9,6.305109774354618e-6
1854,10,9.02107870114102e-6
1854,11,8.036818374660708e-6
1854,12,9.374620362204449e-6
1855,1,7.242793985952461e-6
1855,2,7.145571292053224e-6
1855,3,7.718734736597883e-6
1855,4,7.139397755470105e-6
1855,5,6.697712759167398e-6
1855,6,3.3545655900569235e-6
1855,7,8.813417929522742e-7
1855,8,1.2028366214359072e-6
1855,9,6.49507106018667e-6
1855,10,1.2293603804674376e-5
1855,11,9.98444100234074e-6
1855,12,5.286401990661112e-6
1856,1,7.220652305301695e-6
1856,2,5.544580952633926e-6
1856,3,7.0675415668806406e-6
1856,4,7.539185166241641e-6
1856,5,7.181355392482933e-6
1856,6,3.3391395861934964e-6
1856,7,3.900106160812751e-7
1856,8,1.3789080738927103e-6
1856,9,4.77257582187069e-6
1856,10,9.904553656023079e-6
1856,11,8.530984132870745e-6
1856,12,8.23993460300226e-6
1857,1,5.879107336875396e-6
1857,2,6.634459915704341e-6
1857,3,5.934450071041289e-6
1857,4,9.325614088431997e-6
1857,5,6.167392363812942e-6
1857,6,2.127179879589167e-6
1857,7,1.2720880913357983e-6
1857,8,8.504081453041909e-7
1857,9,5.4039851638917494e-6
1857,10,1.1936092270880354e-5
1857,11,1.1612186313309073e-5
1857,12,1.076482996724085e-5
1858,1,6.161600274293441e-6
1858,2,6.380210380987362e-6
1858,3,5.263315139174181e-6
1858,4,4.765012701976888e-6
1858,5,4.3507054566577524e-6
1858,6,4.338969897335351e-6
1858,7,6.416388960413909e-7
1858,8,8.319352799559728e-7
1858,9,6.621893669829158e-6
1858,10,1.0242704784363907e-5
1858,11,7.130459796358334e-6
1858,12,7.681191776746762e-6
1859,1,6.4656156091730714e-6
1859,2,7.5501454048366855e-6
1859,3,5.00089512198207e-6
1859,4,5.752706511980237e-6
1859,5,6.48721833210563e-6
1859,6,4.429182101260782e-6
1859,7,1.3717536239956853e-6
1859,8,2.2229018291948634e-6
1859,9,5.227085309373641e-6
1859,10,1.055754501635639e-5
1859,11,7.280835346591659e-6
1859,12,6.880930462440719e-6
1860,1,5.800783543393698e-6
1860,2,6.778024337051565e-6
1860,3,6.074459706044501e-6
1860,4,8.150168318520304e-6
1860,5,6.853354127518791e-6
1860,6,4.479357892904351e-6
1860,7,1.115403331559693e-6
1860,8,1.4832675442804944e-6
1860,9,5.8234300480949276e-6
1860,10,8.950104034325163e-6
1860,11,9.158450612695716e-6
1860,12,7.3265376703202154e-6
1861,1,6.3264771403401955e-6
1861,2,6.1042666896627575e-6
1861,3,5.739084348309003e-6
1861,4,6.468005471575402e-6
1861,5,7.034352460462086e-6
1861,6,3.322695394961647e-6
1861,7,9.278395918032604e-7
1861,8,6.932520952780044e-7
1861,9,6.3201143611633805e-6
1861,10,9.53152454449708e-6
1861,11,1.1082715281915093e-5
1861,12,7.186504509197042e-6
1862,1,6.987007067208722e-6
1862,2,8.939252265052846e-6
1862,3,6.052986147130032e-6
1862,4,5.669057065000923e-6
1862,5,5.787192433148572e-6
1862,6,4.060100806540783e-6
1862,7,3.367167094152265e-6
1862,8,2.556395520831453e-6
1862,9,4.71913672517262e-6
1862,10,8.119295019619341e-6
1862,11,1.0819809628443746e-5
1862,12,7.82002365243064e-6
1863,1,6.245546304426513e-6
1863,2,5.369878520482179e-6
1863,3,8.234050522401522e-6
1863,4,5.2185497760433565e-6
1863,5,6.763836114317286e-6
1863,6,4.2286891265075595e-6
1863,7,5.764096532999599e-7
1863,8,1.1549642338038217e-6
1863,9,5.19208072538128e-6
1863,10,1.1946347285486192e-5
1863,11,6.739753674210597e-6
1863,12,6.020174887584445e-6
1864,1,5.400588900729011e-6
1864,2,6.516439194026496e-6
1864,3,6.730583885121251e-6
1864,4,5.550545354462091e-6
1864,5,6.895226116504546e-6
1864,6,2.611469642853878e-6
1864,7,5.925363038305907e-7
1864,8,1.7734506138514773e-6
1864,9,6.066998825807643e-6
1864,10,1.106802357499255e-5
1864,11,1.023476844643537e-5
1864,12,6.612084512233519e-6
1865,1,6.609816805915243e-6
1865,2,7.800418186353665e-6
1865,3,8.788289686654348e-6
1865,4,4.216986795660071e-6
1865,5,6.225172824436061e-6
1865,6,2.958974202786038e-6
1865,7,1.0621280559978245e-6
1865,8,1.3380563015103193e-6
1865,9,4.792070285366437e-6
1865,10,8.839456828048305e-6
1865,11,8.090682427211058e-6
1865,12,5.571318619095117e-6
1866,1,4.585866937608569e-6
1866,2,5.604090371012863e-6
1866,3,4.893986729314776e-6
1866,4,4.0159447345805875e-6
1866,5,4.845437401472972e-6
1866,6,3.041380788007117e-6
1866,7,8.968187093763531e-7
1866,8,5.792236528466191e-7
1866,9,3.8998883745323984e-6
1866,10,7.31659296334842e-6
1866,11,7.193131615155166e-6
1866,12,5.281476910146539e-6
1867,1,8.133432628095518e-6
1867,2,5.629145085771535e-6
1867,3,5.801596554877841e-6
1867,4,5.791828599264471e-6
1867,5,4.567419978763984e-6
1867,6,4.347907795473532e-6
1867,7,2.3538107263973114e-6
1867,8,2.3654219776145087e-6
1867,9,4.947588855099916e-6
1867,10,8.122557361984929e-6
1867,11,7.066329275473635e-6
1867,12,7.300740145504191e-6
1868,1,5.967462842883424e-6
1868,2,4.908284223739187e-6
1868,3,4.630820040791805e-6
1868,4,4.39048172819639e-6
1868,5,4.544335472185292e-6
1868,6,3.590740532247633e-6
1868,7,8.432547339831008e-7
1868,8,2.3572509524722474e-6
1868,9,6.511007189358439e-6
1868,10,1.1384315320549725e-5
1868,11,7.372463570936331e-6
1868,12,6.825443483968709e-6
1869,1,4.969654671179341e-6
1869,2,4.4330200952871e-6
1869,3,5.723654612858122e-6
1869,4,5.6668439054501e-6
1869,5,5.983142960436002e-6
1869,6,2.4722678352311256e-6
1869,7,8.290203768720183e-7
1869,8,1.3860115307323744e-6
1869,9,3.985814909889983e-6
1869,10,6.795863153136971e-6
1869,11,6.9924471921276346e-6
1869,12,9.007023981387468e-6
1870,1,6.612259857893738e-6
1870,2,4.3839536878886656e-6
1870,3,6.191914552206735e-6
1870,4,4.581543427324586e-6
1870,5,3.6677678484371945e-6
1870,6,4.1979428722982485e-6
1870,7,1.6312478788153876e-6
1870,8,1.281758652856848e-6
1870,9,5.051716057147252e-6
1870,10,6.445542544495506e-6
1870,11,8.84554852384725e-6
1870,12,6.478963792742217e-6
1871,1,6.459159700396621e-6
1871,2,5.295592855816552e-6
1871,3,5.64800159701191e-6
1871,4,4.667627595223119e-6
1871,5,3.6811132832146934e-6
1871,6,2.2510736010189513e-6
1871,7,1.131625546866398e-6
1871,8,7.355722688224465e-7
1871,9,4.331418605590445e-6
1871,10,7.2239014333715646e-6
1871,11,8.974867139089285e-6
1871,12,5.7770811477156315e-6
1872,1,5.799154745874917e-6
1872,2,5.458858279539846e-6
1872,3,4.956846634932722e-6
1872,4,3.8268955594276375e-6
1872,5,4.522368208544063e-6
1872,6,3.2644841477107716e-6
1872,7,5.827761181655275e-7
1872,8,1.4027146558054166e-6
1872,9,5.863684318118921e-6
1872,10,8.799998848556688e-6
1872,11,5.820888767539765e-6
1872,12,7.07586350794874e-6
1873,1,5.984314761674836e-6
1873,2,5.769401333689633e-6
1873,3,5.144791587349231e-6
1873,4,7.297501122188782e-6
1873,5,4.324476996047639e-6
1873,6,2.346819275547311e-6
1873,7,5.209201460696208e-7
1873,8,1.00767321792042e-6
1873,9,5.716845208099726e-6
1873,10,8.64933650552735e-6
1873,11,1.2425812300646006e-5
1873,12,5.398530905861795e-6
1874,1,3.860954329977875e-6
1874,2,4.685427138878081e-6
1874,3,4.659992646901353e-6
1874,4,6.164097968812405e-6
1874,5,5.648632067769288e-6
1874,6,4.175581015631487e-6
1874,7,6.299492946586802e-7
1874,8,9.755709855826447e-7
1874,9,3.4956744963919193e-6
1874,10,9.619487397155068e-6
1874,11,8.627472580386945e-6
1874,12,7.787667500008658e-6
1875,1,5.19227242778867e-6
1875,2,6.054845789575346e-6
1875,3,6.417712724867153e-6
1875,4,5.352632027840085e-6
1875,5,4.707355383737628e-6
1875,6,3.6230118466329126e-6
1875,7,8.175532012327636e-7
1875,8,1.8358147115626456e-6
1875,9,5.5934263048385e-6
1875,10,1.071351940357594e-5
1875,11,9.115945914816642e-6
1875,12,6.429670151386229e-6
1876,1,5.165055928986459e-6
1876,2,5.871402686234628e-6
1876,3,5.466705486628864e-6
1876,4,6.053265479399221e-6
1876,5,6.465094937266426e-6
1876,6,3.7277111971898105e-6
1876,7,2.472529937217857e-6
1876,8,9.170790016892e-7
1876,9,4.700771086320912e-6
1876,10,7.456455479832012e-6
1876,11,6.6319205737502924e-6
1876,12,7.693560106854757e-6
1877,1,6.076688661606485e-6
1877,2,4.792493143827209e-6
1877,3,6.239011664617745e-6
1877,4,4.8897303490496385e-6
1877,5,4.197882803152294e-6
1877,6,4.472108508852698e-6
1877,7,1.2745191374705407e-6
1877,8,2.0338009544172325e-6
1877,9,8.169218988800712e-6
1877,10,9.05223210940582e-6
1877,11,7.525735878241374e-6
1877,12,6.9427806516769285e-6
1878,1,4.8262989169815305e-6
1878,2,4.94642125061546e-6
1878,3,4.640922416014573e-6
1878,4,4.793562468232089e-6
1878,5,5.32350063981595e-6
1878,6,4.346869527139375e-6
1878,7,1.2950362507014086e-6
1878,8,9.81411507039777e-7
1878,9,6.233692482005363e-6
1878,10,8.554628637660109e-6
1878,11,6.8789678790149135e-6
1878,12,6.7711378237608846e-6
1879,1,4.557654999450722e-6
1879,2,4.67068333007701e-6
1879,3,4.708765487600365e-6
1879,4,5.133637513196677e-6
1879,5,4.706460178464657e-6
1879,6,3.4399750343361094e-6
1879,7,4.6430373097061243e-7
1879,8,1.349922646955192e-6
1879,9,4.649597251634912e-6
1879,10,9.653048326551608e-6
1879,11,6.5031083471547685e-6
1879,12,5.838816801758002e-6
1880,1,4.969277620330622e-6
1880,2,4.453899246124624e-6
1880,3,4.295759054276294e-6
1880,4,4.693073877920827e-6
1880,5,4.524129272491291e-6
1880,6,2.208644424424875e-6
1880,7,1.480852025326602e-6
1880,8,6.271362676557975e-7
1880,9,5.0348528502441044e-6
1880,10,6.9907475846104554e-6
1880,11,5.303513321196321e-6
1880,12,4.772661348784452e-6
1881,1,7.721128281539675e-6
1881,2,4.874815837702477e-6
1881,3,5.129722721487195e-6
1881,4,6.5107301138223754e-6
1881,5,6.0011057703172405e-6
1881,6,2.8270489541460362e-6
1881,7,1.3953129225714657e-6
1881,8,1.003580672319888e-6
1881,9,6.682227358895148e-6
1881,10,9.623484293951071e-6
1881,11,6.253017376877583e-6
1881,12,5.138471052764102e-6
1882,1,4.188962690690633e-6
1882,2,4.784907512362984e-6
1882,3,4.821900239890514e-6
1882,4,5.411504040066686e-6
1882,5,4.9782643255147355e-6
1882,6,3.345229024354968e-6
1882,7,1.2107507180735062e-6
1882,8,7.104199776385706e-7
1882,9,4.996193284395825e-6
1882,10,1.0267656157517616e-5
1882,11,5.818505674983805e-6
1882,12,7.736136174119153e-6
1883,1,6.0165438609490515e-6
1883,2,4.155249836993295e-6
1883,3,5.124646601987352e-6
1883,4,5.298494667538533e-6
1883,5,5.01667415312915e-6
1883,6,3.837236877356745e-6
1883,7,7.645126064757693e-7
1883,8,8.144281738750238e-7
1883,9,3.991178598392569e-6
1883,10,7.792263553824605e-6
1883,11,6.665446164018504e-6
1883,12,5.585580729469133e-6
1884,1,4.5017394095451256e-6
1884,2,4.207442255476908e-6
1884,3,4.859482519822173e-6
1884,4,6.3693871306706714e-6
1884,5,4.953405207086321e-6
1884,6,4.194340725281243e-6
1884,7,1.3017590243086147e-6
1884,8,1.9690953508080667e-6
1884,9,5.343762383770359e-6
1884,10,6.9884373457562e-6
1884,11,5.802931835108508e-6
1884,12,6.797799825877112e-6
1885,1,4.957695989012249e-6
1885,2,4.9796231384893636e-6
1885,3,4.3459189755487385e-6
1885,4,5.577176989891119e-6
1885,5,4.103403739696637e-6
1885,6,2.663592121923747e-6
1885,7,9.671924896802947e-7
1885,8,2.024787826660195e-6
1885,9,4.295008779883467e-6
1885,10,8.88292016683858e-6
1885,11,8.967681387715547e-6
1885,12,5.405110820403606e-6
1886,1,6.478174665313412e-6
1886,2,6.462214047904878e-6
1886,3,4.403251805666107e-6
1886,4,5.644295914764095e-6
1886,5,3.7675406122168924e-6
1886,6,2.826912296219666e-6
1886,7,1.4751241693243172e-6
1886,8,8.507917030966999e-7
1886,9,4.254363435259684e-6
1886,10,7.170838434202064e-6
1886,11,6.993188930700251e-6
1886,12,7.68069406239797e-6
1887,1,6.295269138494206e-6
1887,2,3.538374398445711e-6
1887,3,4.442135705318891e-6
1887,4,4.841263244051161e-6
1887,5,3.971551731534869e-6
1887,6,3.2339981328610622e-6
1887,7,1.3217150624516822e-6
1887,8,1.8447326386810542e-6
1887,9,4.570902566917513e-6
1887,10,7.968482858144526e-6
1887,11,7.174665369012638e-6
1887,12,6.7113803765652045e-6
1888,1,4.541064443602907e-6
1888,2,4.618302628514224e-6
1888,3,5.259569607250963e-6
1888,4,4.075943908054165e-6
1888,5,3.1703828232665827e-6
1888,6,2.4767794475099293e-6
1888,7,6.663474644309465e-7
1888,8,1.213906570416992e-6
1888,9,4.1257197757947935e-6
1888,10,8.563846503907185e-6
1888,11,5.173822102044673e-6
1888,12,4.58062726554646e-6
1889,1,4.080286380580576e-6
1889,2,4.826203137650929e-6
1889,3,4.19706322990622e-6
1889,4,5.485123008296227e-6
1889,5,4.490789582336138e-6
1889,6,3.1498640752742146e-6
1889,7,1.9135661621440194e-6
1889,8,7.54665567608292e-7
1889,9,4.3335520726653e-6
1889,10,9.371308384747946e-6
1889,11,7.019060043349283e-6
1889,12,6.815763732203465e-6
1890,1,6.482423542700046e-6
1890,2,4.2827770932261685e-6
1890,3,5.4001706404039074e-6
1890,4,5.262272557504467e-6
1890,5,3.697994362358613e-6
1890,6,2.41906464539498e-6
1890,7,5.92199672988013e-7
1890,8,1.1025537521431323e-6
1890,9,3.364411591576885e-6
1890,10,7.173555158084494e-6
1890,11,7.102742206572016e-6
1890,12,4.156300619756863e-6
1891,1,4.578989148562006e-6
1891,2,3.7761670970616876e-6
1891,3,3.2453075128573263e-6
1891,4,4.356640061368912e-6
1891,5,3.908419350479408e-6
1891,6,3.7996348570186056e-6
1891,7,5.528621015506435e-7
1891,8,9.617314029331286e-7
1891,9,5.4658109594329066e-6
1891,10,9.712218680077633e-6
1891,11,5.930119005181441e-6
1891,12,6.603558397172406e-6
1892,1,6.126780941889692e-6
1892,2,7.383817335055251e-6
1892,3,4.822685108239979e-6
1892,4,5.8523804819229024e-6
1892,5,6.160710620811e-6
1892,6,3.81969821723314e-6
1892,7,1.0322788891978038e-6
1892,8,8.491705929846764e-7
1892,9,5.535581847128921e-6
1892,10,9.005887260900343e-6
1892,11,7.846184327375782e-6
1892,12,7.3542370772809265e-6
1893,1,5.3316461512298485e-6
1893,2,6.360533018087946e-6
1893,3,4.97223836597149e-6
1893,4,4.0398492877231845e-6
1893,5,5.429823691182752e-6
1893,6,2.612108778203567e-6
1893,7,5.770062808409352e-7
1893,8,6.945533558938528e-7
1893,9,3.3420448264872643e-6
1893,10,9.373545105145785e-6
1893,11,9.657979741452446e-6
1893,12,8.01239243708867e-6
1894,1,5.563402663780037e-6
1894,2,4.970226329708491e-6
1894,3,4.0429293293987914e-6
1894,4,5.049669122199231e-6
1894,5,5.618807842383788e-6
1894,6,2.743205763985141e-6
1894,7,5.883328500321952e-7
1894,8,1.587744192577857e-6
1894,9,4.373587629549609e-6
1894,10,5.921438240666963e-6
1894,11,7.393705080516709e-6
1894,12,7.274239747796481e-6
1895,1,5.3332503652304545e-6
1895,2,5.589454857310741e-6
1895,3,4.813847632512856e-6
1895,4,6.880303469416546e-6
1895,5,5.121898910504497e-6
1895,6,3.4102306106259174e-6
1895,7,9.196596634102479e-7
1895,8,1.6919829209857798e-6
1895,9,4.618110990939213e-6
1895,10,7.94266212247768e-6
1895,11,7.140003241491874e-6
1895,12,7.2806917226897184e-6
1896,1,3.4111819865983468e-6
1896,2,4.936660460864414e-6
1896,3,4.189033689680416e-6
1896,4,4.941289047229349e-6
1896,5,3.974910064116939e-6
1896,6,2.4445246495882737e-6
1896,7,8.153373883714497e-7
1896,8,3.245234000660281e-6
1896,9,3.552133034734555e-6
1896,10,1.0299769904819537e-5
1896,11,9.137691203987597e-6
1896,12,6.259257236629303e-6
1897,1,6.431333830062067e-6
1897,2,4.155069288244608e-6
1897,3,6.2085527790960926e-6
1897,4,5.071351555165384e-6
1897,5,3.968451592835861e-6
1897,6,1.8161766464009183e-6
1897,7,1.587535290969815e-6
1897,8,1.6184212486082214e-6
1897,9,4.217153765575403e-6
1897,10,7.613885866489146e-6
1897,11,6.307246272082152e-6
1897,12,4.000034824508134e-6
1898,1,4.268653177066276e-6
1898,2,5.930513962170199e-6
1898,3,5.49472316535067e-6
1898,4,5.542615563629929e-6
1898,5,3.685772839306715e-6
1898,6,2.2124740604451365e-6
1898,7,9.127363140968567e-7
1898,8,8.238513050430895e-7
1898,9,5.118366912620245e-6
1898,10,9.418249676825158e-6
1898,11,7.793469534112503e-6
1898,12,5.7864561122718675e-6
1899,1,4.8897888072180855e-6
1899,2,5.717468710642084e-6
1899,3,3.823697169334223e-6
1899,4,4.961782938931069e-6
1899,5,5.13105247920347e-6
1899,6,3.546060952179015e-6
1899,7,7.77451872365954e-7
1899,8,1.560792171211407e-6
1899,9,4.160027643594817e-6
1899,10,9.707132424475005e-6
1899,11,6.823841962550981e-6
1899,12,8.162476312495905e-6
1900,1,6.466147588897579e-6
1900,2,4.119560536268008e-6
1900,3,5.394208499167299e-6
1900,4,5.222984833228648e-6
1900,5,5.417074090958016e-6
1900,6,2.609992908549719e-6
1900,7,8.30993601200772e-7
1900,8,9.354459658480663e-7
1900,9,2.8231423488306878e-6
1900,10,8.545877206761057e-6
1900,11,9.400020932179185e-6
1900,12,5.646373066154242e-6
1901,1,4.142192533768671e-6
1901,2,5.028850039273593e-6
1901,3,5.808307571399017e-6
1901,4,4.096036120864902e-6
1901,5,4.6391427124489284e-6
1901,6,3.2558032410475474e-6
1901,7,5.148755491804352e-7
1901,8,1.2287767191152201e-6
1901,9,4.799690914701565e-6
1901,10,8.579920090786493e-6
1901,11,7.209775778635582e-6
1901,12,6.094013460457661e-6
1902,1,4.634070186640569e-6
1902,2,6.210069093333973e-6
1902,3,5.2528555553785136e-6
1902,4,4.545419003824305e-6
1902,5,5.438570192044804e-6
1902,6,2.1863891275827332e-6
1902,7,1.2237212550446208e-6
1902,8,8.507867202956715e-7
1902,9,4.006275860651357e-6
1902,10,7.2372875089042205e-6
1902,11,6.721906232821759e-6
1902,12,4.154021103072917e-6
1903,1,4.726209395809757e-6
1903,2,4.428734115730929e-6
1903,3,4.57348036164689e-6
1903,4,5.49955555824859e-6
1903,5,4.49474499952879e-6
1903,6,4.936461170084291e-6
1903,7,1.1373848666480787e-6
1903,8,7.179169498207152e-7
1903,9,5.057663125544568e-6
1903,10,6.414509865214473e-6
1903,11,8.21215597942989e-6
1903,12,6.815287042650157e-6
1904,1,5.738189325316096e-6
1904,2,6.38511730359963e-6
1904,3,4.860347276946557e-6
1904,4,4.743791764944205e-6
1904,5,5.563206996437402e-6
1904,6,3.722054168945538e-6
1904,7,1.6352114791856267e-6
1904,8,2.1649328972275207e-6
1904,9,5.020609281537233e-6
1904,10,6.788983756226031e-6
1904,11,6.5587245313839945e-6
1904,12,4.504715609439124e-6
1905,1,5.062392170451183e-6
1905,2,5.5695558479614184e-6
1905,3,5.475078770875933e-6
1905,4,4.3013933480674476e-6
1905,5,4.61054124294659e-6
1905,6,3.0117055364822756e-6
1905,7,1.9720589592939408e-06
1905,8,1.2536148551534594e-6
1905,9,4.645308950182036e-6
1905,10,6.596602612541148e-6
1905,11,6.344809756179109e-6
1905,12,4.185142300591644e-6
1906,1,5.454543235039396e-6
1906,2,5.4092762062734895e-6
1906,3,4.773459217766264e-6
1906,4,3.8017689920776267e-6
1906,5,4.48247436495559e-6
1906,6,3.1145564113732156e-6
1906,7,9.911069367963252e-7
1906,8,1.2417919206475724e-6
1906,9,3.4843982349467637e-6
1906,10,7.2742973062815336e-6
1906,11,6.9829894594779806e-6
1906,12,5.4844085717233935e-6
1907,1,4.4988103761088196e-6
1907,2,4.6222046761762515e-6
1907,3,3.709844991495609e-6
1907,4,3.708159712182814e-6
1907,5,3.5516854395634154e-6
1907,6,3.258696086632192e-6
1907,7,5.98961435867368e-7
1907,8,1.2879828573124842e-6
1907,9,3.608226209967166e-6
1907,10,7.974510531529482e-6
1907,11,6.039530138310999e-6
1907,12,6.688859309609212e-6
1908,1,5.0910263525101255e-6
1908,2,3.468499806390458e-6
1908,3,4.155489160155127e-6
1908,4,4.358673007255896e-6
1908,5,4.1478000104498755e-6
1908,6,2.7365489253629904e-6
1908,7,1.3245243610174357e-6
1908,8,6.614859487375232e-7
1908,9,4.063489159519279e-6
1908,10,7.2092322828194344e-6
1908,11,7.104756093433025e-6
1908,12,5.731148665772211e-6
1909,1,4.302682473662442e-6
1909,2,5.537639600052806e-6
1909,3,4.1808354268517164e-6
1909,4,5.9127813449308245e-6
1909,5,4.242140057284143e-6
1909,6,2.8055546743572416e-6
1909,7,4.1331617428419447e-7
1909,8,6.125880799147028e-7
1909,9,4.075523625485359e-6
1909,10,8.076111801389254e-6
1909,11,6.6676143305206496e-6
1909,12,6.7466538026956724e-6
1910,1,4.880219951765225e-6
1910,2,4.832439625596061e-6
1910,3,5.329611354222691e-6
1910,4,5.133502319806225e-6
1910,5,4.57918364250814e-6
1910,6,2.6769698402265316e-6
1910,7,3.495095390807015e-7
1910,8,9.426192698735531e-7
1910,9,3.438276209851008e-6
1910,10,1.1420212472103963e-5
1910,11,5.874760891236909e-6
1910,12,7.172607270208256e-6
1911,1,4.27359492433268e-6
1911,2,4.359716960490823e-6
1911,3,4.450673603686042e-6
1911,4,5.0806748334953525e-6
1911,5,4.4734487317170186e-6
1911,6,2.990875552384605e-6
1911,7,9.148709177287084e-7
1911,8,2.128506402404667e-6
1911,9,6.116174605936634e-6
1911,10,7.0336713558711866e-6
1911,11,7.115214871926962e-6
1911,12,6.454212506025986e-6
1912,1,5.65321132364028e-6
1912,2,5.541735259057922e-6
1912,3,4.436231345205499e-6
1912,4,5.325833341819913e-6
1912,5,4.01370599101058e-6
1912,6,3.427354649027592e-6
1912,7,7.116792542050073e-7
1912,8,1.0705666941641413e-6
1912,9,5.1556279896854055e-6
1912,10,8.710095026700348e-6
1912,11,5.0633263024216405e-6
1912,12,4.041448006539541e-6
1913,1,5.845475684487513e-6
1913,2,5.655162039104119e-6
1913,3,3.6800162517840773e-6
1913,4,6.491321417314521e-6
1913,5,3.728097218534644e-6
1913,6,3.104907303944476e-6
1913,7,1.1078343676297794e-6
1913,8,1.2180478014490978e-6
1913,9,2.9402132231257264e-6
1913,10,6.523469222085457e-6
1913,11,7.258016237825611e-6
1913,12,6.9996883522165975e-6
1914,1,6.764261752463763e-6
1914,2,5.731098378152782e-6
1914,3,5.3405692780482986e-6
1914,4,4.794529410464923e-6
1914,5,3.4242959434632683e-6
1914,6,2.5664104423825066e-6
1914,7,1.1290119180168764e-6
1914,8,6.990576490807964e-7
1914,9,3.9023751760477666e-6
1914,10,6.033221926409845e-6
1914,11,6.647467104036898e-6
1914,12,6.662867010681661e-6
1915,1,6.610422362408266e-6
1915,2,5.720548478045125e-6
1915,3,4.123838884568477e-6
1915,4,3.2799043534557373e-6
1915,5,5.292686566712378e-6
1915,6,5.606538159039055e-6
1915,7,1.2853554663613627e-6
1915,8,9.780995886990063e-7
1915,9,2.082038285597235e-6
1915,10,5.47725310163151e-6
1915,11,5.8551430908077496e-6
1915,12,5.464765587544012e-6
1916,1,4.166838108166457e-6
1916,2,6.085956208686972e-6
1916,3,4.81589450042751e-6
1916,4,5.073863325838508e-6
1916,5,4.943137478499149e-6
1916,6,2.3008823517115825e-6
1916,7,9.020375385665149e-7
1916,8,2.0326534699925156e-6
1916,9,3.6348369783320907e-6
1916,10,7.784702909894077e-6
1916,11,7.410556745777078e-6
1916,12,6.702843485340152e-6
1917,1,7.099528889933477e-6
1917,2,6.400194957003567e-6
1917,3,4.442501807401144e-6
1917,4,4.714659986071773e-6
1917,5,4.313760469967031e-6
1917,6,2.879219663752916e-6
1917,7,1.7904865306438726e-6
1917,8,5.927170893208701e-7
1917,9,3.3301815956886803e-6
1917,10,8.392425767472878e-6
1917,11,7.615029284527813e-6
1917,12,6.972875931088594e-6
1918,1,4.080996136942458e-6
1918,2,4.486449003278335e-6
1918,3,4.654739044374501e-6
1918,4,5.2471252750142204e-6
1918,5,3.3072645918651447e-6
1918,6,2.3235239906260385e-6
1918,7,4.577159017510374e-7
1918,8,1.1059751238041571e-6
1918,9,3.89144633525122e-6
1918,10,1.1783158910931488e-5
1918,11,8.883054672309868e-6
1918,12,4.9495077888460035e-6
1919,1,5.416914062674176e-6
1919,2,6.520285892867057e-6
1919,3,5.1962266566447696e-6
1919,4,6.181576229377551e-6
1919,5,3.7001521832054246e-6
1919,6,2.601474144669197e-6
1919,7,1.2587195537521858e-6
1919,8,7.728299260629347e-7
1919,9,3.296294752371537e-6
1919,10,9.918750866925425e-6
1919,11,6.288278256587613e-6
1919,12,6.6154721110037165e-6
1920,1,6.041880778775459e-6
1920,2,4.505540625562282e-6
1920,3,4.06578214347727e-6
1920,4,4.60671876498936e-6
1920,5,4.688966685738504e-6
1920,6,4.472855915307686e-6
1920,7,6.187939668366316e-7
1920,8,2.02518374801025e-6
1920,9,4.936905995135701e-6
1920,10,8.125173573556828e-6
1920,11,8.171837817616211e-6
1920,12,6.564830179068158e-6
1921,1,4.907768703409483e-6
1921,2,5.157108119084935e-6
1921,3,6.0049416802073565e-6
1921,4,6.257835531636291e-6
1921,5,5.1623152138403165e-6
1921,6,3.1775066850334032e-6
1921,7,6.288072930707541e-7
1921,8,8.371798292360876e-7
1921,9,3.4835135357579796e-6
1921,10,7.690357016088416e-6
1921,11,7.0181694163206985e-6
1921,12,4.862508491730181e-6
1922,1,4.706971447490642e-6
1922,2,5.0705352264515555e-6
1922,3,4.114424992995315e-6
1922,4,5.631206853911391e-6
1922,5,4.440110839081492e-6
1922,6,3.6702739996813885e-6
1922,7,1.6934167090885472e-6
1922,8,9.184124930321553e-7
1922,9,5.696830874944566e-6
1922,10,8.967752259874446e-6
1922,11,6.189200090108571e-6
1922,12,6.143166593475797e-6
1923,1,4.938895274127777e-6
1923,2,6.3914719466530245e-6
1923,3,5.309717327183447e-6
1923,4,5.94202842551711e-6
1923,5,4.863893739779358e-6
1923,6,2.8770303292472777e-6
1923,7,9.378429606676397e-7
1923,8,1.6294221447389557e-6
1923,9,4.5106655102432665e-6
1923,10,7.565794171816588e-6
1923,11,7.67594807521702e-6
1923,12,5.666250605371747e-6
1924,1,5.946225469111275e-6
1924,2,5.065027671961667e-6
1924,3,5.23103744380872e-6
1924,4,5.169875650607659e-6
1924,5,3.722501957167636e-6
1924,6,2.5183417709562136e-6
1924,7,1.056547458608604e-6
1924,8,1.7408641618734774e-6
1924,9,4.385748969692527e-6
1924,10,7.816524204390005e-6
1924,11,6.776915320083612e-6
1924,12,6.218616079651748e-6
1925,1,4.250778118028312e-6
1925,2,5.369893867529086e-6
1925,3,4.754374609261084e-6
1925,4,4.816222848080642e-6
1925,5,4.945945467779217e-6
1925,6,2.52475119828007e-6
1925,7,6.271727702705458e-7
1925,8,1.7040927668095748e-6
1925,9,5.712557615055838e-6
1925,10,7.5301019358462935e-6
1925,11,7.5098304641955046e-6
1925,12,5.166413561995894e-6
1926,1,7.546655872252603e-6
1926,2,4.613273249623341e-6
1926,3,5.269463013558908e-6
1926,4,4.563248310460042e-6
1926,5,5.0472044396799975e-6
1926,6,3.7387955958743823e-6
1926,7,7.395470824632211e-7
1926,8,1.292321886175671e-6
1926,9,5.789237819644101e-6
1926,10,7.258445953299923e-6
1926,11,7.923620144769902e-6
1926,12,5.6999276545165436e-6
1927,1,6.163946907697828e-6
1927,2,4.145523052751728e-6
1927,3,5.289323981708736e-6
1927,4,5.138104053135141e-6
1927,5,4.710866285629625e-6
1927,6,3.154004289621644e-6
1927,7,5.86108717528881e-7
1927,8,1.5596788486109522e-6
1927,9,5.03571974120019e-6
1927,10,8.358154290500808e-6
1927,11,7.484926728541347e-6
1927,12,6.859217284794495e-6
1928,1,6.12642030181149e-6
1928,2,4.336446367425564e-6
1928,3,4.909463143984983e-6
1928,4,5.835108284594732e-6
1928,5,5.6276803401314576e-6
1928,6,2.6057803032508966e-6
1928,7,1.4744545265255797e-6
1928,8,2.370021799530017e-6
1928,9,7.188755083681661e-6
1928,10,1.0845754393055586e-5
1928,11,8.516970373179096e-6
1928,12,6.9895249773382576e-6
1929,1,4.897620974039583e-6
1929,2,5.023432921946845e-6
1929,3,4.8950310523767155e-6
1929,4,5.104868884519907e-6
1929,5,4.3239284201046005e-6
1929,6,4.412831231836806e-6
1929,7,1.4335119241871002e-6
1929,8,1.2763359347435093e-6
1929,9,3.960499836833655e-6
1929,10,8.157728567149041e-6
1929,11,7.16033633548208e-6
1929,12,6.546398867267836e-6
1930,1,5.791042445614546e-6
1930,2,4.871573625943046e-6
1930,3,5.653147936055802e-6
1930,4,5.582892911633599e-6
1930,5,4.113094124808365e-6
1930,6,4.24235950065156e-6
1930,7,7.371381632007883e-7
1930,8,8.254048892268078e-7
1930,9,5.75909369240621e-6
1930,10,9.677370076476023e-6
1930,11,6.284710891328697e-6
1930,12,6.767361405874055e-6
1931,1,6.79505087439199e-6
1931,2,6.01751610855343e-6
1931,3,5.300766818605789e-6
1931,4,5.505504042684574e-6
1931,5,5.246059255568161e-6
1931,6,5.1674068919772714e-6
1931,7,9.340975807105939e-7
1931,8,2.145985168752924e-6
1931,9,4.127673502203732e-6
1931,10,7.819753923932618e-6
1931,11,1.0005688525429762e-5
1931,12,5.622329161081627e-6
1932,1,5.191092194988654e-6
1932,2,5.615026643813787e-6
1932,3,5.176609073958155e-6
1932,4,4.223584880783957e-6
1932,5,3.721323221508945e-6
1932,6,3.513215793199737e-6
1932,7,9.972414992643594e-7
1932,8,1.6370557781926986e-6
1932,9,7.213907025298519e-6
1932,10,8.932584546374843e-6
1932,11,9.312554648551224e-6
1932,12,8.36880507150277e-6
1933,1,6.066905236689834e-6
1933,2,7.156181812209599e-6
1933,3,5.498188903188874e-6
1933,4,4.648732752123435e-6
1933,5,3.336548137007196e-6
1933,6,2.0590401167778095e-6
1933,7,1.1371028089612993e-6
1933,8,1.328774121646605e-6
1933,9,6.231374562188983e-6
1933,10,1.0381801071343217e-5
1933,11,1.0064876183754206e-5
1933,12,6.30875071881485e-6
1934,1,4.808096257537941e-6
1934,2,5.9110457923583965e-6
1934,3,6.603374046063767e-6
1934,4,5.201243424267392e-6
1934,5,6.857961242673675e-6
1934,6,1.6943904833996949e-6
1934,7,4.2151123718666383e-7
1934,8,8.942293756173441e-7
1934,9,4.254657455255599e-6
1934,10,9.921948084436144e-6
1934,11,6.508379514511393e-6
1934,12,7.328451995327144e-6
1935,1,4.951454082616237e-6
1935,2,5.9426021366608905e-6
1935,3,5.392178464923279e-6
1935,4,6.049891951463604e-6
1935,5,4.0858341894767535e-6
1935,6,1.6720847604570779e-6
1935,7,6.654135996806205e-7
1935,8,1.384694436544176e-6
1935,9,4.7089396566510064e-6
1935,10,1.539103250195411e-5
1935,11,8.797888656966228e-6
1935,12,7.293398521998348e-6
1936,1,5.0418104704243625e-6
1936,2,6.595164704193218e-6
1936,3,5.531909272158982e-6
1936,4,4.5831828958845e-6
1936,5,5.2790413046418355e-6
1936,6,3.078505360044045e-6
1936,7,6.434241347133101e-7
1936,8,1.9870532180642317e-6
1936,9,5.409316371580438e-6
1936,10,9.809225739888444e-6
1936,11,7.475695895107388e-6
1936,12,7.272183745679312e-6
1937,1,4.79160131705466e-6
1937,2,6.441163424633398e-6
1937,3,5.64546771470851e-6
1937,4,5.4505282273217105e-6
1937,5,3.6492951306912177e-6
1937,6,5.736279539792047e-6
1937,7,6.151677630346541e-7
1937,8,1.6074850934033845e-6
1937,9,4.53867024861645e-6
1937,10,7.290554254351028e-6
1937,11,8.950740636715293e-6
1937,12,7.983528241361763e-6
1938,1,4.9610654590782015e-6
1938,2,6.218924825740653e-6
1938,3,4.405631258549363e-6
1938,4,4.718839762087393e-6
1938,5,4.338354477350901e-6
1938,6,2.982517677334196e-6
1938,7,6.077897148919844e-7
1938,8,1.1282629577342885e-6
1938,9,4.159509965802907e-6
1938,10,7.430426254918061e-6
1938,11,9.524864485886737e-6
1938,12,7.820927982609333e-6
1939,1,6.123171724114571e-6
1939,2,6.560153986574736e-6
1939,3,6.613537271485549e-6
1939,4,4.8893727934377534e-6
1939,5,4.327473399001724e-6
1939,6,3.3616066004691185e-6
1939,7,1.0264364668494254e-6
1939,8,1.1207643105548772e-6
1939,9,6.649903113812726e-6
1939,10,9.804262734197569e-6
1939,11,7.5255018323402685e-6
1939,12,6.062088532892883e-6
1940,1,8.101587507597848e-6
1940,2,5.274489572272409e-6
1940,3,6.237284573392207e-6
1940,4,6.212892385925078e-6
1940,5,4.20973346227008e-6
1940,6,2.8794225545987043e-6
1940,7,1.1493786466050545e-6
1940,8,2.252074861498904e-6
1940,9,3.843700267474839e-6
1940,10,8.860178447037418e-6
1940,11,8.423651899900403e-6
1940,12,5.87323807896114e-6
1941,1,4.684811830715992e-6
1941,2,5.13044726622094e-6
1941,3,4.472928552530689e-6
1941,4,6.798800900111764e-6
1941,5,5.255323378378223e-6
1941,6,2.9845292584542096e-6
1941,7,6.866912421301569e-7
1941,8,1.1911413843605717e-6
1941,9,4.449104731703194e-6
1941,10,7.100172366485467e-6
1941,11,7.582530151938538e-6
1941,12,5.238152281917832e-6
1942,1,3.6045396994976836e-6
1942,2,7.343161782455329e-6
1942,3,4.8421077401402436e-6
1942,4,7.8289573886654908e-06
1942,5,5.251698088632721e-6
1942,6,2.1272044296453515e-6
1942,7,6.390037148203017e-7
1942,8,8.661296128327194e-7
1942,9,4.0226340250216335e-6
1942,10,9.515359763353199e-6
1942,11,9.151273630125708e-6
1942,12,8.46110410394117e-6
1943,1,5.201332161221271e-6
1943,2,5.8586469045526585e-6
1943,3,5.511133248670085e-6
1943,4,5.899022955773537e-6
1943,5,5.4348476345290956e-6
1943,6,3.682739220586741e-6
1943,7,8.651278957748053e-7
1943,8,8.613899099342508e-7
1943,9,7.437356454615806e-6
1943,10,1.0751508320768476e-5
1943,11,1.1937390015255942e-5
1943,12,6.697779575346755e-6
1944,1,4.678946224729544e-6
1944,2,5.2810280538594385e-6
1944,3,4.719684722668391e-6
1944,4,5.457503949744489e-6
1944,5,6.487791683273661e-6
1944,6,3.006872809080865e-6
1944,7,1.2317496891550315e-6
1944,8,1.5799199501111803e-6
1944,9,5.303180158838079e-6
1944,10,8.697253829487036e-6
1944,11,7.193625024329387e-6
1944,12,5.311108011828687e-6
1945,1,5.12816929107708e-6
1945,2,3.681110140355703e-6
1945,3,4.489754386432841e-6
1945,4,7.134945591832232e-6
1945,5,3.7960898818790796e-6
1945,6,3.5720696236279814e-6
1945,7,7.307527014122453e-7
1945,8,7.954561292226582e-7
1945,9,5.788244682312907e-6
1945,10,6.85955034296047e-6
1945,11,9.0870894226093e-6
1945,12,9.1658723772522e-6
1946,1,5.743130754176874e-6
1946,2,6.0462303943436495e-6
1946,3,6.113030414917418e-6
1946,4,6.607169127386085e-6
1946,5,4.282921091251305e-6
1946,6,3.607403249429444e-6
1946,7,1.2245338182740208e-6
1946,8,1.5108725694287443e-6
1946,9,3.555487780477061e-6
1946,10,7.831380694097396e-6
1946,11,9.419076437713908e-6
1946,12,6.904757059049623e-6
1947,1,6.404660225646425e-6
1947,2,5.821000392010455e-6
1947,3,5.1651109708151384e-6
1947,4,5.461394184228636e-6
1947,5,6.647322451019823e-6
1947,6,4.212417579849588e-6
1947,7,1.1128751187464115e-6
1947,8,1.3354401767517714e-6
1947,9,3.908428858630783e-6
1947,10,8.368376348975654e-6
1947,11,6.592631331110641e-6
1947,12,6.9723230810475265e-6
1948,1,5.527262015535522e-6
1948,2,5.755484887625082e-6
1948,3,5.096477184447239e-6
1948,4,4.143526767347273e-6
1948,5,4.234297361151762e-6
1948,6,3.5758953716141186e-6
1948,7,8.420709843643406e-7
1948,8,5.319608745438507e-7
1948,9,5.8762741190216245e-6
1948,10,9.71703514956034e-6
1948,11,1.0012767642175049e-5
1948,12,6.806909434789505e-6
1949,1,4.905671770075007e-6
1949,2,6.1636645960908585e-6
1949,3,5.387425863199566e-6
1949,4,5.075875016331003e-6
1949,5,4.711829372684934e-6
1949,6,4.182861355282547e-6
1949,7,9.65027544922526e-7
1949,8,1.2851730893360028e-6
1949,9,4.467529022331759e-6
1949,10,8.44678829593555e-6
1949,11,5.0278208085523735e-6
1949,12,5.643922383529243e-6
1950,1,5.9892378768845116e-6
1950,2,5.562040252164231e-6
1950,3,4.769764891205002e-6
1950,4,6.825492514957066e-6
1950,5,5.431057697001468e-6
1950,6,3.6084277332613018e-6
1950,7,5.44691268365996e-7
1950,8,2.646482540600868e-6
1950,9,4.88888131504601e-6
1950,10,6.237055409585496e-6
1950,11,7.837619016199173e-6
1950,12,7.921904219085547e-6
1951,1,5.432496308099693e-6
1951,2,6.413245583859404e-6
1951,3,5.045383355516357e-6
1951,4,5.099561065480991e-6
1951,5,3.86827229843061e-6
1951,6,2.5255521800416628e-6
1951,7,9.720135227217971e-7
1951,8,1.8000712079436652e-6
1951,9,5.931112993389159e-6
1951,10,7.517453785472663e-6
1951,11,7.414662822378391e-6
1951,12,5.793149314862722e-6
1952,1,6.964329366492279e-6
1952,2,5.6774387528332085e-6
1952,3,3.829330392116635e-6
1952,4,4.099769575813288e-6
1952,5,4.586790835286509e-6
1952,6,2.1694745635837322e-6
1952,7,9.631618420190843e-7
1952,8,1.6121191286552326e-6
1952,9,5.299281717975925e-6
1952,10,6.747091883931837e-6
1952,11,7.224167408998669e-6
1952,12,6.278319597260237e-6
1953,1,5.546030661427725e-6
1953,2,4.8908160320462035e-6
1953,3,3.256883720455467e-6
1953,4,4.068891626491563e-6
1953,5,4.981742873785704e-6
1953,6,2.739632558061009e-6
1953,7,6.778900256566033e-7
1953,8,1.6464024997315276e-6
1953,9,4.893736612834708e-6
1953,10,9.84960768784354e-6
1953,11,5.8737696124727374e-6
1953,12,7.436443555155373e-6
1954,1,5.528747788604163e-6
1954,2,4.946107397407159e-6
1954,3,3.98693286751014e-6
1954,4,5.5758064299973055e-6
1954,5,4.269905272603509e-6
1954,6,2.854175929674078e-6
1954,7,8.305086489464136e-7
1954,8,7.96691419859939e-7
1954,9,4.1806770235653265e-06
1954,10,5.056225120155275e-6
1954,11,6.977771661083122e-6
1954,12,5.5474156828121305e-6
1955,1,4.688176654059503e-6
1955,2,6.586215592503625e-6
1955,3,5.619571255393415e-6
1955,4,4.657723241964217e-6
1955,5,4.510839238713489e-6
1955,6,2.8297026891951734e-6
1955,7,6.998469143240401e-7
1955,8,6.961207030248377e-7
1955,9,3.868160754737619e-6
1955,10,6.507904094864011e-6
1955,11,6.865152786419148e-6
1955,12,5.48996720619856e-6
1956,1,5.3573944431540965e-6
1956,2,7.4706886414297185e-6
1956,3,4.070944999074968e-6
1956,4,5.4794823334781365e-6
1956,5,4.021832042205013e-6
1956,6,3.631954674750588e-6
1956,7,3.3539662354971483e-7
1956,8,8.759379110343372e-7
1956,9,3.5901585416045895e-6
1956,10,8.515277319379234e-6
1956,11,6.152957025205523e-6
1956,12,4.984388620108255e-6
1957,1,5.599748474639794e-6
1957,2,3.5553223934435216e-6
1957,3,4.42842268115393e-6
1957,4,5.274234104186119e-6
1957,5,4.595245369487636e-6
1957,6,3.132114243377129e-6
1957,7,7.293514013716199e-7
1957,8,8.056299122554728e-7
1957,9,3.631312560949108e-6
1957,10,9.546851527472567e-6
1957,11,9.10771048595579e-6
1957,12,6.831209054977295e-6
1958,1,5.325411976742731e-6
1958,2,4.111614990943451e-6
1958,3,6.357922567400272e-6
1958,4,5.220948170008389e-6
1958,5,3.574992589292089e-6
1958,6,2.945841040036186e-6
1958,7,5.765154909918779e-7
1958,8,1.6549764408675713e-6
1958,9,3.3580993074422213e-6
1958,10,8.019162565472232e-6
1958,11,8.169702415258774e-6
1958,12,6.98868744081206e-6
1959,1,5.5668259663209604e-6
1959,2,3.8031188256846373e-6
1959,3,4.7384930488063565e-6
1959,4,5.7949725029944844e-6
1959,5,4.930855621291095e-6
1959,6,2.62105321895577e-6
1959,7,7.789517842755079e-7
1959,8,8.03300928316724e-7
1959,9,3.3451905090531894e-6
1959,10,7.479238691574184e-6
1959,11,8.529001265936184e-6
1959,12,6.147000745097705e-6
1960,1,5.848405134679446e-6
1960,2,6.254436884359628e-6
1960,3,5.257798990358925e-6
1960,4,4.637048387988335e-6
1960,5,3.5603226902183125e-6
1960,6,2.852348273944542e-6
1960,7,6.19003891368713e-7
1960,8,1.1295035921682092e-6
1960,9,4.050398307279661e-6
1960,10,8.635292089612325e-6
1960,11,9.050032204936e-6
1960,12,7.481360982739726e-6
1961,1,6.740350850237745e-6
1961,2,4.310901169835125e-6
1961,3,4.191422190150285e-6
1961,4,5.038714199961737e-6
1961,5,3.957818319460036e-6
1961,6,2.803104971331481e-6
1961,7,5.254648751417203e-7
1961,8,9.717992908152789e-7
1961,9,3.462531485119333e-6
1961,10,8.804387618055277e-6
1961,11,1.0928784437042948e-5
1961,12,6.1044014137622436e-6
1962,1,5.006465530914792e-6
1962,2,4.598108539673233e-6
1962,3,5.958672136205453e-6
1962,4,4.904160922700943e-6
1962,5,4.571166829092923e-6
1962,6,2.1813170024239394e-6
1962,7,1.0607586446689233e-6
1962,8,1.4225934231708727e-6
1962,9,6.0360165437834105e-6
1962,10,6.578479559025306e-6
1962,11,8.903515691164307e-6
1962,12,5.325657260354466e-6
1963,1,3.308596861685386e-6
1963,2,5.366301457342986e-6
1963,3,4.557362360755791e-6
1963,4,5.031748226022708e-6
1963,5,4.646389583310511e-6
1963,6,2.3210587147989592e-6
1963,7,9.712149683828627e-7
1963,8,1.3092401483742099e-6
1963,9,4.246093644331885e-6
1963,10,8.543148782658846e-6
1963,11,8.457253982359606e-6
1963,12,5.408658864577845e-6
1964,1,4.824606785638064e-6
1964,2,4.0650988480819076e-6
1964,3,5.1459445611956565e-6
1964,4,4.800455337795696e-6
1964,5,3.718489897536494e-6
1964,6,3.1462105241200387e-6
1964,7,7.718176338209995e-7
1964,8,1.3068240814724126e-6
1964,9,3.4668966684231946e-6
1964,10,7.872309871905277e-6
1964,11,4.346362768278595e-6
1964,12,5.313141202357298e-6
1965,1,5.838398488215627e-6
1965,2,5.364946268752765e-6
1965,3,3.296937176079538e-6
1965,4,4.724594964065606e-6
1965,5,3.2989521966355224e-6
1965,6,3.0813616341181816e-6
1965,7,9.190204970086775e-7
1965,8,1.0418022108709355e-6
1965,9,4.287438827981579e-6
1965,10,6.838348951736394e-6
1965,11,8.527829892112812e-6
1965,12,5.353093152697529e-6
1966,1,4.753852105648794e-6
1966,2,4.328996025207979e-6
1966,3,4.386711275114486e-6
1966,4,3.960096378485107e-6
1966,5,5.7325742421423036e-6
1966,6,2.374583558225795e-6
1966,7,1.3111061171482088e-6
1966,8,1.8771509026358412e-6
1966,9,4.714233963498814e-6
1966,10,9.111590989223103e-6
1966,11,6.98090102757614e-6
1966,12,5.264656511705009e-6
1967,1,4.621161758889906e-6
1967,2,3.797525773508246e-6
1967,3,3.193649454752125e-6
1967,4,5.075352024752766e-6
1967,5,5.290908925636282e-6
1967,6,3.323938990791364e-6
1967,7,6.614521418189753e-7
1967,8,1.3633557529913089e-6
1967,9,4.189338320665054e-6
1967,10,6.141234300641857e-6
1967,11,6.900076771539448e-6
1967,12,6.333642254232046e-6
1968,1,4.019963177561961e-6
1968,2,5.543941587798875e-6
1968,3,4.104278983875731e-6
1968,4,5.020007173235724e-6
1968,5,3.984581284951335e-6
1968,6,3.445397744806978e-6
1968,7,6.81702580439979e-7
1968,8,5.871767585701284e-7
1968,9,6.38999519819991e-6
1968,10,5.772388627948837e-6
1968,11,6.7874677920349e-6
1968,12,6.951217836087537e-6
1969,1,4.959466711976139e-6
1969,2,5.7171229122029135e-6
1969,3,6.189818463511117e-6
1969,4,5.658457629088377e-6
1969,5,4.1465767767400364e-6
1969,6,2.6921878636157455e-6
1969,7,7.301665497278775e-7
1969,8,5.228033179792359e-7
1969,9,4.884737004569528e-6
1969,10,5.918629080015558e-6
1969,11,8.268245864852225e-6
1969,12,5.735977576416983e-6
1970,1,5.788994804724175e-6
1970,2,5.354316753490209e-6
1970,3,4.914716742109999e-6
1970,4,4.830339155643526e-6
1970,5,3.737893152113384e-6
1970,6,3.2289084773872176e-6
1970,7,4.580999262464212e-7
1970,8,1.2054198630316046e-6
1970,9,4.352307038002138e-6
1970,10,5.771840255672007e-6
1970,11,6.340363271871459e-6
1970,12,5.581882381231278e-6
1971,1,5.969634752667979e-6
1971,2,5.154348163519721e-6
1971,3,6.920980143561899e-6
1971,4,4.996647603735988e-6
1971,5,4.522307826856002e-6
1971,6,2.9505863050063036e-6
1971,7,6.612953590313478e-7
1971,8,8.136118173745299e-7
1971,9,6.5385834427588384e-6
1971,10,5.562909729673893e-6
1971,11,6.056564620941078e-6
1971,12,4.953519254708508e-6
1972,1,7.031997654237955e-6
1972,2,5.244021575914813e-6
1972,3,5.481989135237838e-6
1972,4,5.158482963690196e-6
1972,5,4.499605074616813e-6
1972,6,2.390920736653654e-6
1972,7,1.4279210483135293e-6
1972,8,5.192430504567701e-7
1972,9,3.137500549056931e-6
1972,10,7.313245006680257e-6
1972,11,5.265652603281626e-6
1972,12,4.069280925556839e-6
1973,1,5.780540942072161e-6
1973,2,4.730298342127638e-6
1973,3,5.012484469906833e-6
1973,4,4.475586257394746e-6
1973,5,3.1520645725004848e-6
1973,6,3.3710678019223373e-6
1973,7,8.539851577213678e-7
1973,8,8.102652793225091e-7
1973,9,3.905769078520065e-6
1973,10,6.146681785876465e-6
1973,11,6.207421662750936e-6
1973,12,5.981879934033137e-6
1974,1,5.679335055658006e-6
1974,2,5.551658046634476e-6
1974,3,4.6731085463457585e-6
1974,4,6.11142277648934e-6
1974,5,3.5599708263472975e-6
1974,6,2.69511640220965e-6
1974,7,9.693019009154646e-7
1974,8,6.65822187203532e-7
1974,9,2.8591339351113766e-6
1974,10,7.216917388941117e-6
1974,11,6.308794327225026e-6
1974,12,4.170518246708878e-6
1975,1,4.040623321472299e-6
1975,2,4.201935169423062e-6
1975,3,3.5565421915695484e-6
1975,4,4.011769150744434e-6
1975,5,4.931407569406239e-6
1975,6,2.508241764677915e-6
1975,7,6.915033724144162e-7
1975,8,4.305379554727763e-7
1975,9,3.621129205385554e-6
1975,10,6.739084583088424e-6
1975,11,6.712812676442281e-6
1975,12,5.143688057996288e-6
1976,1,4.496956391667502e-6
1976,2,5.399243813796369e-6
1976,3,3.97279232896179e-6
1976,4,4.998956985889798e-6
1976,5,4.482697575223517e-6
1976,6,3.3641389827571177e-6
1976,7,1.9871227946712176e-6
1976,8,8.516930900387416e-7
1976,9,3.3038391327200975e-6
1976,10,6.4731451694998805e-6
1976,11,7.595790827968821e-6
1976,12,5.661152835204313e-6
1977,1,4.362619121371397e-6
1977,2,4.0856815997448735e-6
1977,3,4.470995384547319e-6
1977,4,5.37702913685863e-6
1977,5,4.0323858680572905e-6
1977,6,2.3511027826144927e-6
1977,7,4.2174932364268414e-7
1977,8,4.102451759312624e-7
1977,9,3.5605567655940136e-6
1977,10,5.148866114159441e-6
1977,11,6.160426137592761e-6
1977,12,6.4503885457740335e-6
1978,1,5.9040102964872614e-6
1978,2,5.660459700514771e-6
1978,3,3.830779842805846e-6
1978,4,5.706465408203744e-6
1978,5,4.403202195260453e-6
1978,6,2.4921639777356004e-6
1978,7,3.8010255759998343e-7
1978,8,6.46794273128284e-7
1978,9,2.1158627554303893e-6
1978,10,6.225309123129113e-6
1978,11,5.5084037994973045e-6
1978,12,6.252101852178872e-6
1979,1,3.937472003227812e-6
1979,2,5.552304652890149e-6
1979,3,4.193303516749445e-6
1979,4,5.95477346070273e-6
1979,5,3.276888607082716e-6
1979,6,3.844520830740305e-6
1979,7,7.403366532925108e-7
1979,8,5.39338209178454e-7
1979,9,3.5404622112290636e-6
1979,10,9.18250014206284e-6
1979,11,8.05071348653823e-6
1979,12,4.626683042192593e-6
1980,1,6.992020150534888e-6
1980,2,3.848725088467672e-6
1980,3,5.52606832016097e-6
1980,4,5.045598854613132e-6
1980,5,4.170511082138533e-6
1980,6,2.225715900386177e-6
1980,7,3.784097357621608e-7
1980,8,1.6253632738123273e-6
1980,9,3.4984462344451866e-6
1980,10,9.452546852776051e-6
1980,11,6.49942525987525e-6
1980,12,6.208703279714649e-6
1981,1,4.1427343151769005e-6
1981,2,4.860088947878201e-6
1981,3,4.1677138359552425e-6
1981,4,4.691665026895268e-6
1981,5,3.89722344588781e-6
1981,6,2.562956545372166e-6
1981,7,3.8788318899991024e-7
1981,8,7.516854573479739e-7
1981,9,5.1941613756553514e-6
1981,10,6.406566031771406e-6
1981,11,5.343046960025859e-6
1981,12,7.740933714336257e-6
1982,1,4.206527203278697e-6
1982,2,4.853274267464284e-6
1982,3,3.578847906884794e-6
1982,4,4.246096047872995e-6
1982,5,4.8064262025473275e-6
1982,6,3.795147667204568e-6
1982,7,8.424503746320441e-7
1982,8,9.21938962191084e-7
1982,9,6.826663211519702e-6
1982,10,1.0887029279317019e-05
1982,11,6.634480182372027e-6
1982,12,7.387579762495362e-6
1983,1,3.6608028284758337e-6
1983,2,5.853022988587488e-6
1983,3,4.518399514165551e-6
1983,4,4.065841159647581e-6
1983,5,5.073100485163807e-6
1983,6,3.1417082047674322e-6
1983,7,7.394127259320553e-7
1983,8,7.31192729261377e-7
1983,9,4.438738513078388e-6
1983,10,7.582237435156381e-6
1983,11,6.571962807845087e-6
1983,12,4.7319211109470126e-6
1984,1,4.325008068820866e-6
1984,2,4.908606002679812e-6
1984,3,4.497256753022841e-6
1984,4,5.298474477949682e-6
1984,5,3.3873518359088933e-6
1984,6,1.238635871810806e-6
1984,7,9.270538097832571e-7
1984,8,4.680691093175578e-7
1984,9,5.417769523778098e-6
1984,10,8.36004260709232e-6
1984,11,8.367404279014196e-6
1984,12,7.175088398822542e-6
1985,1,5.458915009374516e-6
1985,2,3.8076758471299375e-6
1985,3,5.873510968400442e-6
1985,4,4.826671014174964e-6
1985,5,3.6973734596180024e-6
1985,6,2.809401669779079e-6
1985,7,5.988414362261595e-7
1985,8,6.330791441547517e-7
1985,9,3.2845735451181195e-6
1985,10,6.21671298068573e-6
1985,11,1.0376825881263365e-5
1985,12,5.299873204474879e-6
1986,1,5.500690037676334e-6
1986,2,5.452252484346806e-6
1986,3,6.255418700231728e-6
1986,4,5.962923055214949e-6
1986,5,4.829328398451499e-6
1986,6,2.206338912257309e-6
1986,7,4.1574184220768014e-7
1986,8,1.658068219735056e-6
1986,9,4.807856776656835e-6
1986,10,5.89995213656651e-6
1986,11,6.426231130354131e-6
1986,12,5.243698612347253e-6
1987,1,4.798728649571043e-6
1987,2,5.385207673539192e-6
1987,3,6.099485164924437e-6
1987,4,4.367187167843179e-6
1987,5,5.220973946912022e-6
1987,6,2.4934189844834915e-6
1987,7,1.2198621588244145e-6
1987,8,6.732265365596144e-7
1987,9,3.32733446979741e-6
1987,10,7.5996989316800056e-6
1987,11,6.191730940658158e-6
1987,12,5.203505207461535e-6
1988,1,4.043160309635401e-6
1988,2,5.286220717844009e-6
1988,3,5.12210148081406e-6
1988,4,3.6666762920293666e-6
1988,5,3.735452287327604e-6
1988,6,2.9531497971697495e-6
1988,7,8.070974714975904e-7
1988,8,1.000437171723529e-6
1988,9,2.64275436754682e-6
1988,10,8.168941088073906e-6
1988,11,5.759259386546076e-6
1988,12,4.131978115972246e-6
1989,1,3.3588575977785393e-6
1989,2,3.7182959884763284e-6
1989,3,2.8667477319059615e-6
1989,4,4.828902977450552e-6
1989,5,4.019603410362904e-6
1989,6,2.5740853349397585e-6
1989,7,3.805260146011951e-7
1989,8,6.200436701922475e-7
1989,9,4.813857587776683e-6
1989,10,7.709634434970552e-6
1989,11,7.155250298620531e-6
1989,12,4.261142681092524e-6
1990,1,3.552617554598839e-6
1990,2,3.755874544017493e-6
1990,3,4.384267190796997e-6
1990,4,5.391214316291637e-6
1990,5,4.88364383841498e-6
1990,6,1.7416141925165326e-6
1990,7,4.6094741930396584e-7
1990,8,1.3448215902260777e-6
1990,9,2.92709885964312e-6
1990,10,9.710123986676137e-6
1990,11,8.133450888569426e-6
1990,12,6.265090158811663e-6
1991,1,3.910072997711475e-6
1991,2,6.008920725650069e-6
1991,3,4.811233483754003e-6
1991,4,5.061756441542686e-6
1991,5,4.225567742456146e-6
1991,6,2.6881389301342515e-6
1991,7,7.57263363596497e-7
1991,8,8.760695380503572e-7
1991,9,5.1819543331644836e-6
1991,10,6.3796477905522805e-6
1991,11,6.696185485806127e-6
1991,12,5.869377811899589e-6
1992,1,3.5435123655551364e-6
1992,2,3.905206948863026e-6
1992,3,4.541487819952924e-6
1992,4,6.3907234246566775e-6
1992,5,5.158862409841796e-6
1992,6,4.6638094927381005e-6
1992,7,9.381749428923608e-7
1992,8,1.5954502446017205e-6
1992,9,6.692511919579709e-6
1992,10,8.32665329370008e-6
1992,11,7.422877826706613e-6
1992,12,7.2858140905700115e-6
1993,1,4.696596096086182e-6
1993,2,4.066209791857572e-6
1993,3,5.134053529008756e-6
1993,4,4.66246122081931e-6
1993,5,4.444405482993612e-6
1993,6,3.3032513830712005e-6
1993,7,1.165535471041446e-6
1993,8,1.0770631030128342e-6
1993,9,5.480257938879519e-6
1993,10,7.65316739115602e-6
1993,11,7.804081055893927e-6
1993,12,5.152936120105556e-6
1994,1,5.845269798831612e-6
1994,2,4.7413135557307175e-6
1994,3,4.209379094566086e-6
1994,4,6.263693904148304e-6
1994,5,5.4379195613010425e-6
1994,6,3.3695433969448017e-6
1994,7,6.181174394116206e-7
1994,8,1.1878916548734867e-6
1994,9,3.5413359119739937e-6
1994,10,8.72654509744608e-6
1994,11,9.381310030556378e-6
1994,12,7.27180807263046e-6
1995,1,5.870220338762338e-6
1995,2,6.3266056992662844e-6
1995,3,5.414877868845902e-6
1995,4,5.786692660122425e-6
1995,5,5.242982435840934e-6
1995,6,3.0409710853862235e-6
1995,7,9.441915042639754e-7
1995,8,5.230635972320777e-7
1995,9,3.808836013875178e-6
1995,10,6.920339972843686e-6
1995,11,7.009166081967078e-6
1995,12,6.412304303465347e-6
1996,1,6.194178390318544e-6
1996,2,6.3543415551061065e-6
1996,3,5.6267948327167745e-6
1996,4,5.379193690666857e-6
1996,5,5.908884213528947e-6
1996,6,2.7444948396684726e-6
1996,7,1.5255571341906262e-6
1996,8,4.948319780091561e-7
1996,9,3.216011473451549e-6
1996,10,6.482585433118151e-6
1996,11,6.32375991353604e-6
1996,12,5.696844056014429e-6
1997,1,5.642485106817266e-6
1997,2,3.0289680107688297e-6
1997,3,4.817879191089014e-6
1997,4,5.062666001529215e-6
1997,5,5.718506360319428e-6
1997,6,3.954144832368209e-6
1997,7,9.252632187095656e-7
1997,8,1.1177443910830864e-6
1997,9,3.972957258657941e-6
1997,10,8.712340713611523e-6
1997,11,8.482922836337665e-6
1997,12,5.945680086015351e-6
1998,1,5.1856913753050444e-6
1998,2,4.612797083463556e-6
1998,3,4.21385659336744e-6
1998,4,3.6972296138623012e-6
1998,5,3.5340628499039404e-6
1998,6,2.8803687980590806e-6
1998,7,5.747740865032802e-7
1998,8,6.804696516168078e-7
1998,9,2.4767959490115516e-6
1998,10,7.460553991370575e-6
1998,11,8.989840794569821e-6
1998,12,5.973608509126453e-6
1999,1,6.799375721090396e-6
1999,2,4.238938038318419e-6
1999,3,5.962355728080452e-6
1999,4,5.452135357988708e-6
1999,5,4.6862237873120445e-6
1999,6,2.2049468784821933e-6
1999,7,7.91053456375123e-7
1999,8,5.803173394342106e-7
1999,9,5.676126590830025e-6
1999,10,8.093812176862934e-6
1999,11,8.703925469398637e-6
1999,12,7.670138362973015e-6
2000,1,5.925444983051373e-6
2000,2,4.891786717268509e-6
2000,3,5.0715144167453655e-6
2000,4,6.233968379081834e-6
2000,5,6.5277230163328635e-6
2000,6,3.7486152425980137e-6
2000,7,6.612363954103981e-7
2000,8,2.079272397926074e-6
2000,9,4.8751190395051775e-6
2000,10,1.3330719840261738e-5
2000,11,9.386833100592847e-6
2000,12,9.563977006804643e-6
2001,1,6.203425069590491e-6
2001,2,4.906660425307641e-6
2001,3,6.347375505130139e-6
2001,4,6.863115698436702e-6
2001,5,5.379256533640251e-6
2001,6,3.2168980376448378e-6
2001,7,2.396007368571125e-7
2001,8,3.6964617643215105e-7
2001,9,3.36248842294562e-6
2001,10,9.29816562934904e-6
2001,11,6.599870709627851e-6
2001,12,5.95097380633293e-6
2002,1,4.597672176960268e-6
2002,2,5.471928961816397e-6
2002,3,5.864615256039891e-6
2002,4,5.435601981665336e-6
2002,5,7.007459077236139e-6
2002,6,5.065726624127839e-6
2002,7,8.93553938049705e-7
2002,8,7.079471930578473e-7
2002,9,5.1521526675006235e-6
2002,10,1.0917329996264263e-5
2002,11,6.844295447625692e-6
2002,12,7.510168269339063e-6
2003,1,5.696160854737633e-6
2003,2,6.554048158513315e-6
2003,3,5.5599504240328105e-6
2003,4,4.750696088364092e-6
2003,5,6.499642286480898e-6
2003,6,6.020441795448181e-6
2003,7,1.2666412515327843e-6
2003,8,2.1753495792884695e-6
2003,9,5.827543113065047e-6
2003,10,7.4013779718907346e-6
2003,11,9.306722419746254e-6
2003,12,1.4186434630456526e-5
2004,1,7.119982337360578e-6
2004,2,6.580292823986916e-6
2004,3,6.08739803555319e-6
2004,4,5.64499209769954e-6
2004,5,4.140708903727854e-6
2004,6,2.0560984245381237e-6
2004,7,5.109119447671149e-7
2004,8,6.427748096234565e-7
2004,9,5.035911765701782e-6
2004,10,8.412448583773786e-6
2004,11,8.48090547069703e-6
2004,12,7.61557569066856e-6
2005,1,7.592119689600793e-6
2005,2,7.2309770548035605e-6
2005,3,4.759618513788499e-6
2005,4,6.708418899777861e-6
2005,5,6.3778050292835e-6
2005,6,2.6850034732871695e-6
2005,7,6.395477671133447e-7
2005,8,1.4407950188798379e-6
2005,9,3.7144316392939764e-6
2005,10,1.1440606770131868e-5
2005,11,8.125155037657379e-6
2005,12,6.441023763646623e-6
2006,1,6.5392572090611815e-6
2006,2,8.515184721032201e-6
2006,3,3.831903620420886e-6
2006,4,6.528543154146586e-6
2006,5,6.5420463031329005e-6
2006,6,2.9912111974847143e-6
2006,7,8.156471535021523e-7
2006,8,2.980948259163719e-7
2006,9,5.288768565374604e-6
2006,10,9.93351216844989e-6
2006,11,7.575901736990431e-6
2006,12,7.727141645171946e-6
2007,1,6.525328975918728e-6
2007,2,7.688695167038132e-6
2007,3,6.937348632940596e-6
2007,4,8.608663824642058e-6
2007,5,6.992899990649234e-6
2007,6,2.5087355693720092e-6
2007,7,6.158100075163518e-7
2007,8,5.641491968654798e-7
2007,9,3.250611409389279e-6
2007,10,6.1843522909081785e-6
2007,11,7.196281717752012e-6
2007,12,8.060775417716731e-6
2008,1,5.493977716023762e-6
2008,2,4.843559488830283e-6
2008,3,7.26141915810873e-6
2008,4,6.435722703343279e-6
2008,5,5.493284121365924e-6
2008,6,4.301741132592485e-6
2008,7,6.322076449327688e-7
2008,8,7.520290677406003e-7
2008,9,6.299053006908509e-6
2008,10,6.733870029045772e-6
2008,11,8.110249329053313e-6
2008,12,8.046936574016787e-6
