year,month,value
1421,1,1.49772182313836
1421,2,1.2638544280396744
1421,3,1.0921861628785643
1421,4,0.8263345091712326
1421,5,0.7059435318164675
1421,6,0.8571150246923599
1421,7,0.872218074449506
1421,8,0.6259325025217415
1421,9,1.105516407376241
1421,10,1.5446464015733081
1421,11,1.4673499253826365
1421,12,1.646117413098527
1422,1,1.3832948291014286
1422,2,1.3148446245324519
1422,3,1.2256793186581545
1422,4,1.1237675612427085
1422,5,1.0798814746896364
1422,6,1.085408486360817
1422,7,1.0897315286052873
1422,8,0.5961558346656749
1422,9,0.8756089558816453
1422,10,1.0511404875914152
1422,11,1.1830590605323732
1422,12,1.6206053482104075
1423,1,1.0356841989075385
1423,2,1.490151779009198
1423,3,1.088320790179694
1423,4,0.9490296857101386
1423,5,0.9877652872001914
1423,6,0.8541618655032968
1423,7,1.0030759089663732
1423,8,0.6555324533714599
1423,9,1.0437578785643113
1423,10,1.175249563321148
1423,11,1.764572546937376
1423,12,1.3841571162965716
1424,1,1.7793062885866526
1424,2,1.9642806796772452
1424,3,1.3275727757400475
1424,4,1.0169589440831321
1424,5,0.7015138727727772
1424,6,0.8617414876326476
1424,7,0.9101856864718214
1424,8,0.7502567871909231
1424,9,1.0008742724630244
1424,10,1.0696479926139484
1424,11,1.4122374993287654
1424,12,1.5399898716631983
1425,1,1.4282961324340602
1425,2,1.147902128190156
1425,3,1.2584087809889264
1425,4,1.1910770046428412
1425,5,0.8775011225616705
1425,6,1.03054782360442
1425,7,0.7133090798659183
1425,8,0.7623667212005633
1425,9,1.123590140991683
1425,10,1.2455087954024942
1425,11,1.4903403509114885
1425,12,1.478094904076223
1426,1,1.5778688155112195
1426,2,1.0260250826630934
1426,3,1.0076233616786519
1426,4,1.0071669685488134
1426,5,0.8242306570445956
1426,6,0.8740486846396228
1426,7,0.9067425019870222
1426,8,0.8007178094326883
1426,9,0.932176756360936
1426,10,1.0323783337010728
1426,11,1.0729388769870742
1426,12,1.525120694959893
1427,1,1.1716484703311778
1427,2,1.763354265151917
1427,3,1.0278622720478647
1427,4,1.071144956564887
1427,5,0.6942626855214797
1427,6,1.0559070420515646
1427,7,0.723381520157224
1427,8,0.5683960068847174
1427,9,0.7480962352704104
1427,10,1.0659711633176439
1427,11,1.2491216435536052
1427,12,1.7699763139526348
1428,1,1.8677862879142642
1428,2,1.265009589428216
1428,3,1.0828024422659324
1428,4,1.1172631550473093
1428,5,0.8769970858586773
1428,6,1.1941706568956238
1428,7,1.1654327566272706
1428,8,0.7229560753857522
1428,9,0.99247936988387
1428,10,1.0902707067984494
1428,11,1.666360337823075
1428,12,1.6050188465645827
1429,1,1.1508537973765716
1429,2,1.3056318258602715
1429,3,1.2007564028782731
1429,4,0.7842442439635057
1429,5,0.8672653914252915
1429,6,0.7439006851874537
1429,7,0.8073206185518046
1429,8,0.739878675193055
1429,9,0.9201686629896204
1429,10,0.8673656822257234
1429,11,1.2611805759866483
1429,12,1.3370094406074002
1430,1,1.6058363442658654
1430,2,1.321511869783114
1430,3,1.1143337145528767
1430,4,0.8674215587397635
1430,5,0.9343049937896653
1430,6,0.636843668210294
1430,7,0.7430609155866681
1430,8,0.6102377139940873
1430,9,1.058719674238612
1430,10,1.2313672179045532
1430,11,1.4026294285120469
1430,12,1.3797353685701832
1431,1,1.5155647036582465
1431,2,1.319785627833281
1431,3,1.1936362969637235
1431,4,0.8216940077065293
1431,5,0.9813068412095755
1431,6,0.7600168607605323
1431,7,0.8582085915646533
1431,8,0.6916434516786079
1431,9,1.0707317844114637
1431,10,1.1260157177713366
1431,11,1.1494164864513459
1431,12,1.441120590107391
1432,1,1.389853713924297
1432,2,1.7470593889721548
1432,3,1.1171864503593059
1432,4,0.846109170371276
1432,5,0.6601029884697313
1432,6,0.7898317058370135
1432,7,0.7468338024583974
1432,8,0.6365921735281946
1432,9,1.0281981899927657
1432,10,0.9908437528153256
1432,11,1.441766550263039
1432,12,1.7758973639296372
1433,1,1.837664906333763
1433,2,1.668552665902978
1433,3,1.6943663407918073
1433,4,1.2142945692106326
1433,5,0.9168140520483631
1433,6,0.9057541864145175
1433,7,1.0667049362420202
1433,8,0.8033574148258075
1433,9,0.9233048710300984
1433,10,1.105754527460162
1433,11,1.1150866040578793
1433,12,0.9408083944220742
1434,1,1.5097605942047854
1434,2,1.4191735406490047
1434,3,1.3008011291476733
1434,4,0.9435248831984377
1434,5,0.8690530361561994
1434,6,0.7814539591967882
1434,7,0.675773061980812
1434,8,0.5933879134332842
1434,9,0.8876074010189793
1434,10,1.0506257814481912
1434,11,1.735470702983939
1434,12,2.0637409719556636
1435,1,1.1604640065304337
1435,2,1.8213180200941055
1435,3,1.1676371811294222
1435,4,0.7147417740639771
1435,5,0.717908800391764
1435,6,0.8071775554318739
1435,7,0.6840398724986471
1435,8,0.6482045824007215
1435,9,0.8111797100503179
1435,10,1.084135699823868
1435,11,1.167535524973948
1435,12,1.4207737558360543
1436,1,1.0566236282590904
1436,2,1.7192706722950235
1436,3,1.3505441326713714
1436,4,1.1178276975988033
1436,5,0.7047404480825974
1436,6,0.9867138247942921
1436,7,0.9781601672799545
1436,8,0.9878956090809912
1436,9,0.9584952067611197
1436,10,1.47616999863436
1436,11,1.3255114757465973
1436,12,1.527841087488996
1437,1,1.426082517092797
1437,2,1.0053556456432828
1437,3,1.208572989724245
1437,4,1.1006583318214336
1437,5,0.7653989411451682
1437,6,0.833673418432431
1437,7,0.9232766411183648
1437,8,0.7230278205370779
1437,9,0.7239211123403575
1437,10,1.123091293671946
1437,11,1.7752533773193373
1437,12,1.722008196190271
1438,1,1.4886259127109258
1438,2,1.7437484815625672
1438,3,1.0586123466098636
1438,4,0.9522034843744305
1438,5,0.9307067451724486
1438,6,0.7513290362105783
1438,7,0.8420740044097278
1438,8,0.7994150296788729
1438,9,1.044108963452459
1438,10,1.2747600016639544
1438,11,1.5763291517831604
1438,12,1.1786542811024217
1439,1,1.4461444688849867
1439,2,1.6760375102870686
1439,3,1.4911476820436986
1439,4,0.868950176384503
1439,5,1.0762480852332288
1439,6,0.9044760579831745
1439,7,0.834474623932068
1439,8,0.7110218651476795
1439,9,0.8937124524557372
1439,10,1.3548156687563169
1439,11,1.2607960341903606
1439,12,1.7269207354943215
1440,1,1.5020541923747817
1440,2,1.5669697913274554
1440,3,1.5243200235335599
1440,4,1.0564101519974536
1440,5,0.9464895400165187
1440,6,1.0593835446959448
1440,7,1.1248256578928832
1440,8,0.7339996078258816
1440,9,0.976962668731502
1440,10,0.9012464056075784
1440,11,1.2913365805812598
1440,12,1.3489806065805405
1441,1,1.2924999814539575
1441,2,1.763504449168062
1441,3,0.7999808308602698
1441,4,0.7795573607651883
1441,5,0.906460993495134
1441,6,1.0797551698872323
1441,7,0.7451904387360722
1441,8,0.5508417050375007
1441,9,0.7724439832375511
1441,10,1.4990440130133895
1441,11,1.3452397776531653
1441,12,1.4739902775884377
1442,1,1.31552920549061
1442,2,1.8887746488980075
1442,3,1.4640346672153037
1442,4,1.1936056892105542
1442,5,0.7384244891786964
1442,6,0.9122860304335225
1442,7,0.8799646551912765
1442,8,0.8814351993118557
1442,9,0.903932499734577
1442,10,1.404382925618715
1442,11,1.5445578010130052
1442,12,1.4264960743913289
1443,1,1.6466311715549629
1443,2,1.342112362860028
1443,3,1.4515954113820198
1443,4,1.2330356770966375
1443,5,0.921131769137707
1443,6,0.972904100344582
1443,7,0.7569284657820727
1443,8,0.6314329176835756
1443,9,1.1017430168888298
1443,10,1.079514314908704
1443,11,0.9772337576201728
1443,12,1.307077191365137
1444,1,1.2819212315676876
1444,2,1.4139409115770178
1444,3,1.073641422887669
1444,4,0.8093237347085533
1444,5,0.6827557611367676
1444,6,0.8966698406372857
1444,7,0.8958882985887913
1444,8,0.7694718515811754
1444,9,0.7867915733739186
1444,10,1.1003056000154092
1444,11,1.2404314550852502
1444,12,1.640061427975707
1445,1,1.4197759591011923
1445,2,1.477951103479957
1445,3,1.3221982811910835
1445,4,1.0173152651650605
1445,5,0.7105106908162633
1445,6,0.7225668012372308
1445,7,0.861194678852742
1445,8,0.662231548541041
1445,9,1.046800060944606
1445,10,1.0045942370530878
1445,11,1.1880115505251023
1445,12,1.4683678168088234
1446,1,2.05794833377767
1446,2,1.4843900563881833
1446,3,1.3649182704167504
1446,4,1.438245454742344
1446,5,1.0668283553875109
1446,6,1.0231293071269878
1446,7,1.2267107651650773
1446,8,1.0022062731133041
1446,9,0.9015644225621804
1446,10,1.3046720554908726
1446,11,1.0109150876023612
1446,12,1.5325522660354804
1447,1,1.5919975093567316
1447,2,1.409761132560756
1447,3,1.4339769643137061
1447,4,0.9914021370633593
1447,5,0.8376202149862718
1447,6,0.9801948749056189
1447,7,0.9065215260121011
1447,8,0.7625601956222643
1447,9,0.928731883661684
1447,10,1.2908528981376108
1447,11,1.5541056100243176
1447,12,1.8025103859725966
1448,1,1.263697541090027
1448,2,1.1861510552631054
1448,3,1.2170024666866333
1448,4,1.1561923834958128
1448,5,0.8060380258753654
1448,6,0.9643773219723419
1448,7,0.8598158482305396
1448,8,0.7165880223759822
1448,9,1.18794820323189
1448,10,1.0430756650111026
1448,11,1.3493250387036655
1448,12,1.5944403882783078
1449,1,1.4701441767574068
1449,2,1.3567403982462296
1449,3,1.4548281662595302
1449,4,0.8841730656722395
1449,5,0.8080368288597263
1449,6,0.867607218914612
1449,7,0.9986975817168735
1449,8,0.7654249393492316
1449,9,0.8999194173852441
1449,10,1.0582573169122853
1449,11,1.2452895637550456
1449,12,1.6351442918316486
1450,1,1.6061128455983091
1450,2,1.1902341767992424
1450,3,0.9775222090633189
1450,4,0.8997811322712789
1450,5,0.7528967354945806
1450,6,0.8981108700594105
1450,7,0.8287685749832953
1450,8,0.7324336827532506
1450,9,1.0319392240892546
1450,10,1.1496421842037674
1450,11,1.0907181987319683
1450,12,1.4508657247499441
1451,1,1.4023055935888789
1451,2,1.223406681917911
1451,3,0.9392622765133503
1451,4,1.3769908687250627
1451,5,0.8127425978760763
1451,6,0.9632391527932782
1451,7,0.7008967002979527
1451,8,0.5923031808810946
1451,9,0.9787734728169024
1451,10,1.1522134864985338
1451,11,1.015997090117562
1451,12,1.3074460874348206
1452,1,1.5228092564641313
1452,2,1.094746936096358
1452,3,1.101679773144621
1452,4,1.047488016123264
1452,5,0.8113243444165166
1452,6,0.7852893463227644
1452,7,0.7539501457920816
1452,8,0.6969771747175162
1452,9,0.8042328647460386
1452,10,1.2567464219893294
1452,11,1.243306472122542
1452,12,1.2495793376232864
1453,1,1.518025949113237
1453,2,1.2043551408464728
1453,3,1.3612578631185634
1453,4,1.0686675328315969
1453,5,0.9418934613435692
1453,6,0.9088575139525028
1453,7,0.871101886376499
1453,8,0.8367755811326392
1453,9,0.911949027170039
1453,10,1.2050802209697324
1453,11,1.2308560319552524
1453,12,1.5278817225216816
1454,1,1.4141477939516491
1454,2,1.3128739517939416
1454,3,1.216680597378343
1454,4,1.1292086726062482
1454,5,0.6483573177517246
1454,6,1.1872617602929814
1454,7,1.1750446597990651
1454,8,0.7943608997495853
1454,9,0.8027871304398186
1454,10,1.1706832700549683
1454,11,1.3794658320984199
1454,12,1.4595644514438846
1455,1,1.7684992165376752
1455,2,1.944337468583042
1455,3,1.3290712488450023
1455,4,0.7464452918097237
1455,5,0.7282428149747491
1455,6,1.095995089378495
1455,7,1.3563701123854424
1455,8,0.8130011959199546
1455,9,1.0571271033115095
1455,10,1.154809508538053
1455,11,1.221308094375713
1455,12,1.5175023720968444
1456,1,1.478870177100089
1456,2,1.2556287025672235
1456,3,1.4913178521762518
1456,4,1.0538639624313513
1456,5,0.7480065568771384
1456,6,0.8582023646587984
1456,7,0.7735421661516202
1456,8,0.6127407336892725
1456,9,0.8805382325572308
1456,10,1.1453561711107858
1456,11,1.1299884494304073
1456,12,1.65171873310015
1457,1,1.4794598117996984
1457,2,1.4706945692634834
1457,3,1.131661307394455
1457,4,0.8678831207523527
1457,5,0.8010778819663437
1457,6,0.9564911862333527
1457,7,1.1428437096832678
1457,8,0.8585397597454323
1457,9,0.8142994265428669
1457,10,1.1200562698561192
1457,11,1.336813482765547
1457,12,1.5620563445840183
1458,1,1.6969185330083465
1458,2,1.517840764853355
1458,3,1.4855662878625364
1458,4,1.0649377526380144
1458,5,0.9915435058483069
1458,6,1.0129718138067232
1458,7,1.2640789201775182
1458,8,0.76667679007947
1458,9,0.9834568416601057
1458,10,1.3955137400733741
1458,11,1.1758549988196119
1458,12,1.5582380618137117
1459,1,1.5050509575250133
1459,2,1.2867078994141843
1459,3,1.1889574638270202
1459,4,1.218766383706306
1459,5,1.0033361961978289
1459,6,1.0402532642794675
1459,7,0.8847797911843083
1459,8,0.7571383920245769
1459,9,0.9690070469470069
1459,10,1.571630384841178
1459,11,1.532056829057099
1459,12,1.5590333414301358
1460,1,1.4701780623460152
1460,2,1.2044418634594363
1460,3,1.1679003336817648
1460,4,0.6537146890848382
1460,5,0.8285448535752964
1460,6,0.7201723913744269
1460,7,0.6519366681665011
1460,8,0.6536179413562907
1460,9,0.8790429996909878
1460,10,1.2248573257278645
1460,11,1.367334607413646
1460,12,1.624196635580169
1461,1,1.2649673650902096
1461,2,1.5678881618319411
1461,3,1.103834534867293
1461,4,0.9720062131079475
1461,5,0.6792704610485227
1461,6,1.0215906035092694
1461,7,0.9653950279368659
1461,8,0.6561587401974802
1461,9,0.9084493711509937
1461,10,1.1496282115803462
1461,11,0.9939868146139438
1461,12,1.4411704714673323
1462,1,1.762122712466006
1462,2,1.1834699970801088
1462,3,1.2162191285503177
1462,4,1.0682438891429111
1462,5,0.7316444187687469
1462,6,1.0001064578528898
1462,7,0.8987650475404922
1462,8,0.6145227144384697
1462,9,0.9056976812199583
1462,10,0.9170654938203091
1462,11,1.5489653000228412
1462,12,1.30187273092109
1463,1,1.574988997998007
1463,2,1.220251492813768
1463,3,1.4487306241953073
1463,4,1.0250997514727254
1463,5,0.7438039291805482
1463,6,1.2629561137757919
1463,7,1.0548408506156897
1463,8,0.636377528641299
1463,9,0.9498284076563438
1463,10,1.4334986875077376
1463,11,1.1658892971570871
1463,12,1.3611241090884585
1464,1,1.4614281635408877
1464,2,1.4029687394111485
1464,3,1.2894897985706615
1464,4,0.9553652573427727
1464,5,0.8634134332823886
1464,6,0.8848532503591419
1464,7,0.8706583203081719
1464,8,0.7104057905985244
1464,9,1.0533967988564839
1464,10,1.1018351396999242
1464,11,1.4017979942393506
1464,12,1.1002294315379317
1465,1,1.3512802593064466
1465,2,1.6435792937539428
1465,3,0.9116996616694824
1465,4,0.9767651668762724
1465,5,0.7451168778540054
1465,6,0.9488528617402334
1465,7,0.8776815679333821
1465,8,0.59327475880625
1465,9,0.8867857462822772
1465,10,1.0812523306675104
1465,11,1.150547630309174
1465,12,1.2371707882613352
1466,1,1.4333785953826235
1466,2,1.7659162307682927
1466,3,1.2299322491687683
1466,4,1.0834807755357212
1466,5,0.8307248843498185
1466,6,1.1045769662278868
1466,7,0.9396827498560896
1466,8,0.6919991839749622
1466,9,1.0122849816384625
1466,10,1.044679430206574
1466,11,1.175802747930737
1466,12,1.675585531531207
1467,1,1.5039936938665068
1467,2,1.1641945874151935
1467,3,1.2886325591824903
1467,4,0.887768304487342
1467,5,0.8234988456926869
1467,6,1.1056664665646865
1467,7,0.9005417544077907
1467,8,0.6570242718811674
1467,9,1.0082838803726228
1467,10,1.0768908028213247
1467,11,1.2685264298423888
1467,12,1.4256004180600783
1468,1,1.425533841243078
1468,2,1.3265703719669681
1468,3,0.9991620777295367
1468,4,1.0065625894082126
1468,5,0.928839854546508
1468,6,0.7248519506280742
1468,7,0.9583458387428057
1468,8,0.64273896283015
1468,9,1.0294937224866139
1468,10,1.2000662262862074
1468,11,1.2969051579491842
1468,12,1.7822174560376252
1469,1,1.5747275607938769
1469,2,2.010023118582596
1469,3,1.642287542089318
1469,4,0.9407460778635766
1469,5,0.7698033548800052
1469,6,1.1209562734915912
1469,7,1.1034486813230637
1469,8,0.8636723629600905
1469,9,0.8954044202185012
1469,10,0.9957100523212528
1469,11,1.2343761810115756
1469,12,1.3937499748386941
1470,1,1.5523659530873122
1470,2,1.4321566753912962
1470,3,1.2177140372517405
1470,4,0.7267945395002767
1470,5,0.918539692027919
1470,6,0.9713347791356901
1470,7,0.8796466352036143
1470,8,0.7501381613322087
1470,9,0.9650385074896966
1470,10,1.0544316124287016
1470,11,1.1670047221048612
1470,12,1.3771630133839807
1471,1,1.2452397179622388
1471,2,1.0800448693273315
1471,3,1.2219560981344704
1471,4,1.214044129842641
1471,5,0.9983873672580059
1471,6,1.2190201527260127
1471,7,1.1490382569194333
1471,8,0.7641931995412439
1471,9,1.0470443690263347
1471,10,1.3014028598267138
1471,11,1.4907482667758352
1471,12,1.7368759935518154
1472,1,1.6971532582898132
1472,2,2.1526299303837377
1472,3,1.7161248652886738
1472,4,1.5714317953050032
1472,5,0.9032914830426364
1472,6,1.5145289510416715
1472,7,1.5354379318997904
1472,8,0.9429720738880214
1472,9,0.9739297544361205
1472,10,1.33221142333656
1472,11,1.2340942501647718
1472,12,1.4236566067319931
1473,1,1.120124389645782
1473,2,1.481519181077251
1473,3,0.972618127003346
1473,4,0.8796185818880184
1473,5,0.9000765089755218
1473,6,1.0817273077961114
1473,7,0.9256898254727878
1473,8,0.7672957760161132
1473,9,0.822330553898552
1473,10,1.0281218786220805
1473,11,1.3524064448958426
1473,12,1.364500110546798
1474,1,1.1586505446741633
1474,2,1.7373347365245073
1474,3,1.1731818845918254
1474,4,0.927192302071691
1474,5,0.7107679362183399
1474,6,1.0395517007111783
1474,7,0.9792665673827495
1474,8,0.7074021498582037
1474,9,1.2445119596578043
1474,10,1.1124822027333545
1474,11,1.544476517714493
1474,12,1.6473301264318105
1475,1,1.5907485961202963
1475,2,1.5277123299734119
1475,3,1.3504537540664787
1475,4,1.1202038066894426
1475,5,0.8338617701233633
1475,6,1.2285788296918718
1475,7,1.1766073872967415
1475,8,0.8150333284325895
1475,9,1.1046342363115014
1475,10,0.9664707954670988
1475,11,1.2878765429535721
1475,12,1.6317608445678964
1476,1,1.5836946993428092
1476,2,1.29856832790035
1476,3,0.9631332242810228
1476,4,1.0866581291930846
1476,5,0.7438606080107486
1476,6,0.8859645279286822
1476,7,0.7726326441099864
1476,8,0.6457533776019126
1476,9,0.9607517032964967
1476,10,1.0422802089478254
1476,11,1.4303484328274034
1476,12,1.48224537902224
1477,1,1.181409841682483
1477,2,1.355054594021524
1477,3,1.336845270383471
1477,4,0.9265276692629094
1477,5,0.7685692700369673
1477,6,1.0010973989870324
1477,7,1.017694659169556
1477,8,0.8899665361727431
1477,9,0.9865757908937329
1477,10,1.330377952780968
1477,11,1.3185549740268674
1477,12,1.2200528001423103
1478,1,1.2252184939820807
1478,2,1.4506436244768945
1478,3,0.8183627950897756
1478,4,0.9532944908075112
1478,5,0.8185990414014117
1478,6,0.9564787209382775
1478,7,1.017355907259056
1478,8,0.6871029651065196
1478,9,0.901018402577901
1478,10,1.2898491013658626
1478,11,1.1302009186739161
1478,12,1.525851452402202
1479,1,1.4380310980524116
1479,2,1.1982522569884302
1479,3,1.4907189884397076
1479,4,0.8812218823303969
1479,5,0.9820189656800848
1479,6,1.1166035725661896
1479,7,1.2169685759772166
1479,8,0.8345195592867614
1479,9,0.7227765430023609
1479,10,1.15751041813737
1479,11,1.281317532956955
1479,12,1.4942301973920025
1480,1,1.5291170715428475
1480,2,1.4141551008638116
1480,3,1.0898958234002623
1480,4,0.8793503998900064
1480,5,0.7141041939112849
1480,6,0.7911197902511674
1480,7,0.8211053154834589
1480,8,0.7700525062761
1480,9,1.273810808854119
1480,10,1.0209499601505152
1480,11,1.169862715443376
1480,12,1.8117115080550474
1481,1,1.5762302900339007
1481,2,1.4261939862848183
1481,3,1.6145837844274706
1481,4,0.9800567642681177
1481,5,0.6160348790998398
1481,6,0.9142616839368931
1481,7,1.0549621999506718
1481,8,0.597901925290433
1481,9,1.048152229261468
1481,10,1.0778343229871952
1481,11,1.440706318698942
1481,12,1.4419403159940427
1482,1,1.7819791757802608
1482,2,1.399050420624964
1482,3,1.0995398168815727
1482,4,1.0462415056970074
1482,5,0.8973143987920296
1482,6,0.9404329408635084
1482,7,0.8328167989965662
1482,8,0.7449107702540927
1482,9,1.0752790885528354
1482,10,1.0230243326232773
1482,11,1.6795531219068538
1482,12,1.5246839776413272
1483,1,1.8504089360832714
1483,2,1.790531834351988
1483,3,1.4259267359742753
1483,4,0.9130662443102497
1483,5,0.9843936618221067
1483,6,0.9487586326793165
1483,7,1.0256868206250869
1483,8,0.7432724186083859
1483,9,0.7686221893919503
1483,10,1.1162716256446763
1483,11,1.64568068346264
1483,12,1.626217132608128
1484,1,1.6103446285533805
1484,2,1.4143888667923394
1484,3,1.6597044319013226
1484,4,1.0362044877315126
1484,5,0.6800216224497805
1484,6,0.7428191330132391
1484,7,0.6782029197583127
1484,8,0.5895771409977659
1484,9,0.9043774760891643
1484,10,1.2010984088036083
1484,11,1.2974191237842474
1484,12,1.5224605433532061
1485,1,1.4767462690750053
1485,2,1.487201782213102
1485,3,1.1178669506794052
1485,4,0.9748972442445731
1485,5,0.6525709185868114
1485,6,0.7726102404691887
1485,7,0.9120760438585407
1485,8,0.7179271802195425
1485,9,0.9798023301788361
1485,10,1.0896498251582687
1485,11,1.1942165714911095
1485,12,1.3376746170115477
1486,1,1.2609514973917437
1486,2,1.4045074936177362
1486,3,1.1521861211761855
1486,4,1.0027124840127086
1486,5,0.8018085131666136
1486,6,1.002591500112647
1486,7,0.7374285711939476
1486,8,0.5205644994796123
1486,9,1.0812534467538908
1486,10,1.1639827508309235
1486,11,1.425579632932758
1486,12,1.3055660411409789
1487,1,1.6389927074432284
1487,2,1.1246310185711246
1487,3,1.0490159264973107
1487,4,1.2574087122573678
1487,5,0.9446962099538516
1487,6,0.8865799169817434
1487,7,0.9192742822795403
1487,8,0.6777888835349991
1487,9,0.8637978573122774
1487,10,1.0746021220566846
1487,11,1.3278939365171034
1487,12,1.5514287127762658
1488,1,1.3419798036134574
1488,2,1.2969757133739066
1488,3,1.4103689238811392
1488,4,1.049210567355898
1488,5,1.1512876032478891
1488,6,1.066708261874322
1488,7,1.1119256151690038
1488,8,0.9390405041623295
1488,9,0.9901234265881281
1488,10,1.426120947966762
1488,11,1.4830438050067947
1488,12,1.4453440663992625
1489,1,1.3392933103183724
1489,2,1.514309976483337
1489,3,1.3230525842519776
1489,4,0.8559799189740434
1489,5,0.6584769364059442
1489,6,0.9662157720677997
1489,7,0.8084928790128577
1489,8,0.6990754985886747
1489,9,0.8227415834861384
1489,10,1.231540977973319
1489,11,1.5106231092760662
1489,12,1.2725722694202317
1490,1,1.4875858536286128
1490,2,1.2502760460119802
1490,3,1.3782140259451068
1490,4,0.5507177870254752
1490,5,0.8765938219239976
1490,6,0.8360840003998095
1490,7,0.8328906113325056
1490,8,0.760042229334337
1490,9,0.7270252662264258
1490,10,1.0638084801071424
1490,11,1.4078278054973283
1490,12,1.6930333321384103
1491,1,1.579864765495076
1491,2,1.1645107041353606
1491,3,1.1667809532726592
1491,4,1.0694187338089856
1491,5,0.8092155691251218
1491,6,0.7906741963629538
1491,7,0.9010684453596067
1491,8,0.6205613064057397
1491,9,1.1631793162241024
1491,10,0.9761313562834434
1491,11,1.2100511558163725
1491,12,1.3922417579112034
1492,1,1.2458756392455395
1492,2,1.4353739479100596
1492,3,1.265532382879384
1492,4,1.1083676585937279
1492,5,0.8274219353379855
1492,6,0.7891832932210322
1492,7,0.9406053651511238
1492,8,0.5315635276155427
1492,9,0.9863199963933487
1492,10,0.9129669075272961
1492,11,1.2753055130516233
1492,12,1.5588374212507945
1493,1,1.3103229189340782
1493,2,1.5566312555049786
1493,3,1.186136888691622
1493,4,0.8196951350634518
1493,5,1.0096375023552444
1493,6,1.0622080263287146
1493,7,0.8862287452878101
1493,8,0.6893482873021197
1493,9,0.9832973679028955
1493,10,1.0047803346353399
1493,11,1.2934641193056176
1493,12,1.770155972674117
1494,1,1.4439601720555448
1494,2,1.954042217073345
1494,3,1.159283597069289
1494,4,1.0858832909736829
1494,5,0.9428088797339443
1494,6,0.9739377373198522
1494,7,0.8909986531884675
1494,8,0.6708554695120384
1494,9,1.1542201838816573
1494,10,1.1636460310035557
1494,11,1.1773494709787853
1494,12,1.2937953161001257
1495,1,1.5533922284199146
1495,2,1.7442361063815501
1495,3,1.7587450205333675
1495,4,1.0457114448941598
1495,5,0.8379473053411902
1495,6,1.2949951744880261
1495,7,1.3735640620362597
1495,8,0.8255463580345889
1495,9,1.1075008704820755
1495,10,1.1054444724979486
1495,11,1.4508038312710436
1495,12,0.9391425697970062
1496,1,1.3211893473919567
1496,2,0.9944358516687446
1496,3,1.3652640376771312
1496,4,0.7614983267471274
1496,5,0.6367959518557973
1496,6,0.9916122896222224
1496,7,0.7025696486323795
1496,8,0.6185151355857557
1496,9,1.004209040167266
1496,10,0.9780813755687187
1496,11,1.1383254146017316
1496,12,1.640278732773791
1497,1,1.6075488183676665
1497,2,1.5335028230796117
1497,3,1.2409210912800948
1497,4,0.9990109088491064
1497,5,0.9066586936964236
1497,6,1.0879464187871712
1497,7,0.813285635318064
1497,8,0.8219072245179805
1497,9,0.77781864123601
1497,10,1.4994563436393151
1497,11,1.367624679524516
1497,12,1.5378126507742347
1498,1,1.011225684072949
1498,2,1.0477935956172704
1498,3,1.1576342704922729
1498,4,1.0299919443398313
1498,5,0.7295429654075546
1498,6,0.9270961651664429
1498,7,0.8250226070505009
1498,8,0.584978110679808
1498,9,0.6887765710387701
1498,10,1.0808922109739543
1498,11,1.450855181489461
1498,12,1.6318044162662497
1499,1,1.3312117512502537
1499,2,1.4103951425035928
1499,3,1.2931058466062706
1499,4,0.9392580279639278
1499,5,0.9216863662227021
1499,6,0.9636153275711334
1499,7,1.1346890624319061
1499,8,0.7637184293710877
1499,9,0.8408553918109789
1499,10,1.035209253267865
1499,11,1.344547359245611
1499,12,1.0747845290785265
1500,1,1.0798221635913534
1500,2,0.9728881336940096
1500,3,0.7898845687217695
1500,4,0.603793968596812
1500,5,0.6623003243018974
1500,6,0.8178233840709277
1500,7,0.826829154908615
1500,8,0.691974188418235
1500,9,0.726708663116637
1500,10,0.6914500526719579
1500,11,0.6985616013524707
1500,12,0.9419177973101135
1501,1,1.0560309410990107
1501,2,0.9975357002853253
1501,3,0.7676070020812448
1501,4,0.7635762746664339
1501,5,0.6643879119820846
1501,6,0.8932599628064223
1501,7,0.9010151739338669
1501,8,0.6708880370147573
1501,9,0.712312995213909
1501,10,0.6918836555666529
1501,11,0.8949326102140542
1501,12,0.9441801773714428
1502,1,0.9346148327317321
1502,2,1.0390895621625136
1502,3,0.6437288316277543
1502,4,0.5756849184779316
1502,5,0.5698425072687001
1502,6,0.5662844078558273
1502,7,0.7422446189019258
1502,8,0.5185889652107493
1502,9,0.6720930142696782
1502,10,0.7489299560084326
1502,11,0.7174968510953195
1502,12,1.4349863060594958
1503,1,1.1052693895138919
1503,2,0.9625024816597176
1503,3,0.8936999030909103
1503,4,0.6497603719959193
1503,5,0.6190973276950766
1503,6,1.0439501569775202
1503,7,1.0364680325835596
1503,8,0.8510036113637449
1503,9,0.6312260449680662
1503,10,0.7318547532174576
1503,11,0.902729259569938
1503,12,1.1361044030143037
1504,1,1.2156349322451665
1504,2,0.7921027030142656
1504,3,0.8712328327059442
1504,4,0.6875521854023696
1504,5,0.6192699901806668
1504,6,0.780561209467954
1504,7,0.8189057683622797
1504,8,0.7339344395621423
1504,9,0.6793667677424268
1504,10,0.8591958411429068
1504,11,0.8707731301813328
1504,12,1.0067841818178604
1505,1,1.1204953924990853
1505,2,0.9970802959309125
1505,3,0.8409948381302103
1505,4,0.7193170863778825
1505,5,0.6974073321319398
1505,6,0.8477874956935317
1505,7,0.8313341837785464
1505,8,0.5328699595633567
1505,9,0.8565913865261403
1505,10,0.7979515181838841
1505,11,0.847704256546931
1505,12,1.0101412837432193
1506,1,1.0580786834917748
1506,2,1.0818624395811556
1506,3,0.7845104788872963
1506,4,0.7679567700356414
1506,5,0.7320568443465139
1506,6,0.8137083318092165
1506,7,0.7875687657078826
1506,8,0.6826604544948005
1506,9,0.6906641643894466
1506,10,0.5924482629915253
1506,11,0.7343956075573818
1506,12,0.7927573701837032
1507,1,0.9045306583031048
1507,2,1.0096361361588846
1507,3,0.8405569210946234
1507,4,0.6279275088163971
1507,5,0.6648477169013733
1507,6,0.8601681270784198
1507,7,0.7612225841823297
1507,8,0.8686392623065364
1507,9,0.6980908388495094
1507,10,0.7047028278085303
1507,11,1.0691927206065293
1507,12,1.1973108849642475
1508,1,1.2066480592007056
1508,2,1.0115247138733023
1508,3,0.7417189823772333
1508,4,0.6387291104914589
1508,5,0.5982791431155428
1508,6,0.6762228695329149
1508,7,0.9254695066253926
1508,8,0.5891285009617615
1508,9,0.8958119692450404
1508,10,0.8138045575640556
1508,11,0.9581640843562853
1508,12,1.0787101662591627
1509,1,1.1812064107288585
1509,2,1.0215158284533805
1509,3,0.8154707961314867
1509,4,0.7175812595231736
1509,5,0.6606984980834248
1509,6,0.9180782409994059
1509,7,0.8386296533530475
1509,8,0.572345713529749
1509,9,0.7448159439016173
1509,10,0.7954851865608104
1509,11,0.841323678233842
1509,12,1.0833409955367759
1510,1,1.2524420329600487
1510,2,0.7898833570569807
1510,3,0.7960172826112089
1510,4,0.6759477490785488
1510,5,0.569151118404449
1510,6,0.7657832109712052
1510,7,0.7419626638327148
1510,8,0.6177234450751087
1510,9,0.9602830342770177
1510,10,0.8054149344281702
1510,11,0.8083444618005826
1510,12,0.9534654865034149
1511,1,1.0400742537540089
1511,2,1.0146076057610725
1511,3,1.0170851755165313
1511,4,0.7652778656768243
1511,5,0.6029845914275145
1511,6,0.595338857879775
1511,7,0.826896361324083
1511,8,0.714582194822704
1511,9,0.6123081091610996
1511,10,0.5846219453322374
1511,11,0.7949130471343013
1511,12,1.030059852424515
1512,1,1.0443103789126527
1512,2,0.8712455477813101
1512,3,0.8494007007135891
1512,4,0.5686661068674155
1512,5,0.6641014488088854
1512,6,0.6952114998872129
1512,7,0.8192176207102454
1512,8,0.6835808224001196
1512,9,0.6313909464407478
1512,10,0.7246280962744607
1512,11,0.9505107674221912
1512,12,1.007406204121209
1513,1,1.0383405267136605
1513,2,1.0136531506726663
1513,3,0.7125181814623434
1513,4,0.713396635505372
1513,5,0.7505318981838406
1513,6,0.8097407435210209
1513,7,0.7558800060398565
1513,8,0.6747831426672355
1513,9,0.6543818275684253
1513,10,0.7721527288884599
1513,11,0.7786748799025096
1513,12,0.8903690096173736
1514,1,0.8731274324407043
1514,2,0.8771764650328346
1514,3,0.987315093038931
1514,4,0.6965441776132358
1514,5,0.6225897020327238
1514,6,0.8788225556229254
1514,7,0.8664202021784528
1514,8,0.7090308380096056
1514,9,0.5625917696875707
1514,10,0.6975649488892999
1514,11,1.0397529446834817
1514,12,1.1915788620508032
1515,1,1.3396851011454323
1515,2,0.7938410572511139
1515,3,0.8057989156650767
1515,4,0.6946746001034998
1515,5,0.5788020398656588
1515,6,0.6558984444999061
1515,7,0.6516379836851464
1515,8,0.5809822307375674
1515,9,0.5159234161022496
1515,10,0.7467433212520743
1515,11,0.8056262024178028
1515,12,1.0564539580117442
1516,1,1.069196289200005
1516,2,0.8284732948172606
1516,3,0.8918133199990779
1516,4,0.6723899551755353
1516,5,0.7408201116063116
1516,6,0.916010460314302
1516,7,0.720045015687072
1516,8,0.4816262443132301
1516,9,0.7689455428098646
1516,10,0.6469280111300363
1516,11,0.7213771662825141
1516,12,0.5997665624874752
1517,1,1.1087393294683772
1517,2,1.1098964165953253
1517,3,0.7516781788794944
1517,4,0.5290097713483397
1517,5,0.6044710716680938
1517,6,0.745453794842216
1517,7,0.7315947542953931
1517,8,0.7253225982895588
1517,9,0.6661526123060282
1517,10,0.7373487833774662
1517,11,0.6787910614903727
1517,12,1.0545265835116782
1518,1,1.3598247554370253
1518,2,1.140891127141034
1518,3,0.6597120227908306
1518,4,0.7050342238417292
1518,5,0.6662634379611027
1518,6,0.919226104998016
1518,7,0.8602217581708067
1518,8,0.7307468530364971
1518,9,0.9312265971896423
1518,10,0.6473227949848259
1518,11,0.9999843463252189
1518,12,0.6409586484798269
1519,1,0.8731041414754277
1519,2,1.0378159726293756
1519,3,0.6752347520145426
1519,4,0.7196523589125822
1519,5,0.7448981879049543
1519,6,0.8929119579542291
1519,7,0.8671691116978396
1519,8,0.6767545535094979
1519,9,0.5280201959569717
1519,10,0.9015423550271147
1519,11,0.8377077132839432
1519,12,0.9734964417574596
1520,1,1.212114848095247
1520,2,0.7283753460876747
1520,3,0.6087941907248902
1520,4,0.776704326586156
1520,5,0.6053088885374278
1520,6,0.7275688452702721
1520,7,0.565731608126489
1520,8,0.5565400696383153
1520,9,0.7685013230960989
1520,10,0.5977788131467985
1520,11,0.6371786180580946
1520,12,0.9588111791379283
1521,1,1.0092772052205055
1521,2,0.72355447764498
1521,3,0.820677306766554
1521,4,0.641649272034686
1521,5,0.7070657451344435
1521,6,0.5668676568231537
1521,7,0.6697211752425125
1521,8,0.6470862888522242
1521,9,0.6830876400997512
1521,10,0.8226843454922785
1521,11,0.8602002615303448
1521,12,1.1889310543262173
1522,1,0.6922801244160512
1522,2,0.8700339023592119
1522,3,0.722224036431204
1522,4,0.6167358971355457
1522,5,0.6254942716803649
1522,6,0.8302775990159204
1522,7,0.8791094510769316
1522,8,0.6664250648772083
1522,9,0.633842757880787
1522,10,0.7767660145990831
1522,11,1.0013565274107963
1522,12,1.1537674820113495
1523,1,1.0932943560357233
1523,2,1.184359901532043
1523,3,0.7679382688559533
1523,4,0.7003511544965222
1523,5,0.6178502408676014
1523,6,0.6153801238671712
1523,7,0.6073273036304425
1523,8,0.5675864375028793
1523,9,0.6040429284182816
1523,10,0.4899743033164673
1523,11,0.9555263564102976
1523,12,0.7924868695300564
1524,1,1.087360505700838
1524,2,1.0371497566635086
1524,3,0.7998905309501807
1524,4,0.7143033872770856
1524,5,0.6456873036625996
1524,6,0.6393582736036937
1524,7,0.8482506747152481
1524,8,0.6848263815748734
1524,9,0.5800796394070126
1524,10,0.6191847125259049
1524,11,0.8254111324042681
1524,12,0.925032140394745
1525,1,0.9204141644127763
1525,2,0.9624319174620876
1525,3,0.8845072284801254
1525,4,0.712149578708859
1525,5,0.5041129721970027
1525,6,0.7703501473135582
1525,7,0.8740496742661058
1525,8,0.6409484015689864
1525,9,0.6700747418415522
1525,10,0.5850212744394538
1525,11,0.8659434524795802
1525,12,0.8933608316030991
1526,1,1.1040764372140712
1526,2,0.8102782424376576
1526,3,0.8865825164033287
1526,4,0.7879791813658441
1526,5,0.7072713324760835
1526,6,0.8664102493664106
1526,7,0.9463032251298664
1526,8,0.6314576100829663
1526,9,0.545191605171351
1526,10,0.6977314814256486
1526,11,0.7968055414695361
1526,12,1.0991082450796354
1527,1,1.0542410545037606
1527,2,0.9968347498842467
1527,3,0.7572636962723414
1527,4,0.7567256551079005
1527,5,0.5893156300762241
1527,6,0.9245696647244032
1527,7,0.8892086407866403
1527,8,0.7062409368070399
1527,9,0.6188916190606762
1527,10,0.5637353573093012
1527,11,0.7902556053095449
1527,12,0.8863929517225644
1528,1,0.9594519219752984
1528,2,1.0116548629383235
1528,3,0.5675478312241315
1528,4,0.4913233368153178
1528,5,0.5869944518479133
1528,6,0.9588984846633559
1528,7,0.9096766378505436
1528,8,0.672979854192104
1528,9,0.9179159958871108
1528,10,0.7010191175040721
1528,11,0.9760725888742436
1528,12,0.8972466968047997
1529,1,0.9293018711017407
1529,2,1.0373303011440052
1529,3,1.1530208675889113
1529,4,0.7653024339583385
1529,5,0.6195006571563526
1529,6,1.1844441914606827
1529,7,1.328154191827577
1529,8,0.7958781310812875
1529,9,0.7749922356002945
1529,10,0.7264703934924219
1529,11,0.7045355428143206
1529,12,0.8228144814550874
1530,1,0.8984311345043643
1530,2,0.8728847364710056
1530,3,0.6778758800764824
1530,4,0.5989001048141411
1530,5,0.560827020867648
1530,6,0.873578511133091
1530,7,0.766492134364329
1530,8,0.7325602555550865
1530,9,0.6918270524867819
1530,10,0.7442345050189485
1530,11,0.923640727493259
1530,12,0.7353299040780314
1531,1,0.9470474928980088
1531,2,0.9728023451492702
1531,3,0.7735089370569361
1531,4,0.6332688638448245
1531,5,0.6195267856326684
1531,6,0.6316244046235803
1531,7,0.7434986213309518
1531,8,0.5350349762958592
1531,9,0.5761722413956623
1531,10,0.592078132732639
1531,11,0.8361201670432914
1531,12,1.0442678453525702
1532,1,0.7826683117059794
1532,2,0.7183551280886835
1532,3,0.6298319922661362
1532,4,0.6822220107732584
1532,5,0.7368490663577889
1532,6,0.7949450948752437
1532,7,0.8016143746172567
1532,8,0.6762792422649841
1532,9,0.7161366132974819
1532,10,0.6172363212684787
1532,11,0.9932015463620336
1532,12,0.942212372856296
1533,1,0.9055581047734911
1533,2,0.9741088156027777
1533,3,0.7873822015881812
1533,4,0.6221830083129704
1533,5,0.6031175250464461
1533,6,0.7848995063846951
1533,7,0.905181377364371
1533,8,0.7311421609060227
1533,9,0.7448205233382857
1533,10,0.6105938652836821
1533,11,0.9013807038673525
1533,12,0.9201398805544536
1534,1,1.002249809816448
1534,2,1.0315255364892613
1534,3,0.772434737599897
1534,4,0.5158343166408788
1534,5,0.5148584692245838
1534,6,0.6339916199965638
1534,7,0.5945524972230501
1534,8,0.4473601578082912
1534,9,0.6462478979520799
1534,10,0.7481775040029032
1534,11,0.7590887008542851
1534,12,1.0361513457570637
1535,1,0.8540997093831202
1535,2,0.9682529854606129
1535,3,0.6586728511554243
1535,4,0.679285171640585
1535,5,0.77785305519816
1535,6,0.8246001935270295
1535,7,0.8028782936421448
1535,8,0.48367466391678926
1535,9,0.7347198821372166
1535,10,0.7200914988745222
1535,11,0.7889780749699561
1535,12,0.9343632176739549
1536,1,1.0199149415830029
1536,2,0.9268758288494674
1536,3,0.9970178605520712
1536,4,0.6656811818901167
1536,5,0.6176843885561
1536,6,0.8386964353750053
1536,7,0.5189611685466736
1536,8,0.5720148830082898
1536,9,0.57996343156532415
1536,10,0.7704173071898612
1536,11,0.7238457972038784
1536,12,1.2565672659592964
1537,1,1.1986084294119834
1537,2,0.7684838328735468
1537,3,0.8453175349103726
1537,4,0.5579676145573269
1537,5,0.5858360146196222
1537,6,0.6660056878340059
1537,7,0.7186853682452305
1537,8,0.5953956185930966
1537,9,0.5963759388683839
1537,10,0.8483585099431926
1537,11,0.8539157772849773
1537,12,0.866987840525298
1538,1,1.167936510714292
1538,2,0.8195595330625205
1538,3,0.6264092519488152
1538,4,0.5891033860534979
1538,5,0.5803161746355614
1538,6,0.6794691872962259
1538,7,0.7414365620512025
1538,8,0.5485336746966423
1538,9,0.5942412583398297
1538,10,0.7534472768419509
1538,11,1.0691622966733978
1538,12,0.8881096968152244
1539,1,0.8284007222520797
1539,2,1.0291170368360298
1539,3,0.7111983205230563
1539,4,0.6193251689530315
1539,5,0.5641405063860464
1539,6,0.6455475815183185
1539,7,0.854243728552226
1539,8,0.5251948781558358
1539,9,0.6794153456908707
1539,10,0.6243591662454758
1539,11,0.8336751059200604
1539,12,0.8547324551660946
1540,1,1.1549197770720123
1540,2,0.8431524897297763
1540,3,0.7502533012148784
1540,4,0.736430499977766
1540,5,0.4881825812127114
1540,6,0.6864277745118428
1540,7,0.6112454745133701
1540,8,0.5035236185878201
1540,9,0.5742016438830936
1540,10,0.6549840972591734
1540,11,0.8578096925419563
1540,12,1.0486159227163045
1541,1,1.142498889093753
1541,2,0.9189579127155867
1541,3,0.7000730426812127
1541,4,0.5344837541336512
1541,5,0.593845668113835
1541,6,0.8649993154158973
1541,7,0.873339009991934
1541,8,0.5935710673272746
1541,9,0.5930691402402072
1541,10,0.8442264292142836
1541,11,0.8469658127144061
1541,12,1.1026294616479166
1542,1,0.9562789478537128
1542,2,0.687581232091371
1542,3,0.5475932390540363
1542,4,0.6415817117169195
1542,5,0.6512249091980156
1542,6,0.6748231124718146
1542,7,0.7309705724798927
1542,8,0.5513531173357418
1542,9,0.7244197923558442
1542,10,0.7582284118228877
1542,11,0.985521813291873
1542,12,0.9758921329025807
1543,1,1.0504658617074472
1543,2,0.9384038626620584
1543,3,0.8323790706624645
1543,4,0.6542299400633743
1543,5,0.6976158769997611
1543,6,0.7660967352254358
1543,7,0.9281117497818193
1543,8,0.672358261220963
1543,9,0.6651101966649069
1543,10,0.8293009201060235
1543,11,0.8284818607517778
1543,12,1.3039335314933997
1544,1,1.0690304157175257
1544,2,0.9768609722349966
1544,3,0.6470084915489414
1544,4,0.6491106700043954
1544,5,0.6668416058051541
1544,6,0.6519530286470452
1544,7,0.6157404896058997
1544,8,0.6002561102308666
1544,9,0.5427522174301412
1544,10,0.7011376632574724
1544,11,0.9492181749044544
1544,12,0.956743813495723
1545,1,0.9462681076714644
1545,2,0.723428925133399
1545,3,0.7715018033441059
1545,4,0.425458646914167
1545,5,0.6123596190935265
1545,6,0.7201555261229425
1545,7,0.6613660209367158
1545,8,0.4215974995360114
1545,9,0.6470554813596715
1545,10,0.6607128133759326
1545,11,0.7354514893296513
1545,12,0.8933945854288327
1546,1,1.1292527183503358
1546,2,0.7232077972313584
1546,3,0.8458916880699467
1546,4,0.6249878486513307
1546,5,0.6602567017829073
1546,6,0.6927866876643582
1546,7,0.7885260829676424
1546,8,0.6847085023013987
1546,9,0.5282560411397981
1546,10,0.751761636368057
1546,11,0.8105205926409194
1546,12,1.065809866418373
1547,1,0.9071935462050037
1547,2,0.8084722422377919
1547,3,0.8189884598278769
1547,4,0.6564518381492599
1547,5,0.5778302143590425
1547,6,0.7744494752186437
1547,7,0.8423395380255612
1547,8,0.6030004633796401
1547,9,0.5437945250121937
1547,10,0.6891987254625429
1547,11,0.7493914454610816
1547,12,0.9616139839832334
1548,1,1.063761605185926
1548,2,0.8397884657581448
1548,3,0.7967267946218659
1548,4,0.5689484451500542
1548,5,0.6273502011933807
1548,6,0.9175010028884394
1548,7,0.6696030252664895
1548,8,0.49115768686404443
1548,9,0.6055854262401231
1548,10,0.7928189458375756
1548,11,0.8260057208882639
1548,12,1.0398983326019966
1549,1,1.1106502859684528
1549,2,0.7270434503634062
1549,3,0.8318786995006056
1549,4,0.6298318620105733
1549,5,0.6586518718182375
1549,6,0.853594645582529
1549,7,0.8997215253114251
1549,8,0.571360531583742
1549,9,0.8104059617258561
1549,10,0.8545345530897357
1549,11,0.8050074311313143
1549,12,1.1452130751657146
1550,1,0.9871761764592424
1550,2,0.9808002604531852
1550,3,0.8186135914018579
1550,4,0.5656504667199616
1550,5,0.6616908767957566
1550,6,0.8099415847525648
1550,7,0.8038152588846248
1550,8,0.5436536085300284
1550,9,0.6304412031777333
1550,10,0.6255186217206709
1550,11,0.8605702723602702
1550,12,1.1328363699340502
1551,1,0.792505737995864
1551,2,1.061599354710031
1551,3,0.7149636911647139
1551,4,0.6399251554071765
1551,5,0.4836075437256652
1551,6,0.7166121166804503
1551,7,0.661639429929849
1551,8,0.4546695340266883
1551,9,0.5868903375255234
1551,10,0.6033083393156506
1551,11,0.8292657977770674
1551,12,1.0990714665885555
1552,1,0.8800580004041099
1552,2,0.8673550156175394
1552,3,0.8085577499131145
1552,4,0.5301431042795297
1552,5,0.6682132627465369
1552,6,0.650855960096461
1552,7,0.8691992665186155
1552,8,0.511285929706459
1552,9,0.6321426930274677
1552,10,0.7346986181293407
1552,11,0.7912976086236976
1552,12,0.9240308889051079
1553,1,0.8250127763202718
1553,2,0.8203475906899709
1553,3,0.7408820926288134
1553,4,0.6992758749527583
1553,5,0.6523515536719731
1553,6,0.796159369942574
1553,7,0.7308724752855662
1553,8,0.5997566173690229
1553,9,0.7207644752254472
1553,10,0.8176826772322479
1553,11,0.7874025246427506
1553,12,0.9067149836005963
1554,1,1.3269591976942743
1554,2,0.9829896531033036
1554,3,0.7818496258934081
1554,4,0.5871617743241686
1554,5,0.6915317211975442
1554,6,0.7896673083704796
1554,7,0.8879488516285446
1554,8,0.6465265976870784
1554,9,0.5709463194752076
1554,10,0.6610785167251572
1554,11,0.6414278108064264
1554,12,0.5330313479730857
1555,1,0.8120938350177098
1555,2,0.6180110390907522
1555,3,0.6622800225949461
1555,4,0.5464547117162362
1555,5,0.5412724392261608
1555,6,0.7542301819458441
1555,7,0.7483992359251664
1555,8,0.5430519004847179
1555,9,0.814640666492447
1555,10,0.9044190437602885
1555,11,0.7493197128570623
1555,12,0.7793822129132257
1556,1,0.7534172835191992
1556,2,0.9694120636634783
1556,3,0.8986803298556576
1556,4,0.5773557615561559
1556,5,0.6190445737749234
1556,6,0.8493501428313736
1556,7,0.8706803085471916
1556,8,0.5413896252263621
1556,9,0.5255050989246706
1556,10,0.7904357549949175
1556,11,0.9122893077492766
1556,12,0.9718539716848178
1557,1,1.0658384302073778
1557,2,0.7886370859503613
1557,3,0.8501643153832225
1557,4,0.5543767258252935
1557,5,0.6505965951578694
1557,6,0.7432864603960192
1557,7,0.7324858679209648
1557,8,0.5614540513574189
1557,9,0.5443663134966444
1557,10,0.7339480756529702
1557,11,0.7723435218963095
1557,12,0.9201464273539486
1558,1,0.7812514911640573
1558,2,0.882196273982762
1558,3,0.49505351306340667
1558,4,0.6940228633423896
1558,5,0.5104904281008218
1558,6,0.6675157246208564
1558,7,0.6563742216356563
1558,8,0.4513410747823019
1558,9,0.7736076363556776
1558,10,0.7677835782717221
1558,11,0.946797410839396
1558,12,0.6351827988914158
1559,1,1.0026595001291434
1559,2,0.9525964898029416
1559,3,0.8043143737298893
1559,4,0.6526335117634897
1559,5,0.5546885918999981
1559,6,0.7177494174507296
1559,7,0.6909512180103836
1559,8,0.664966280318527
1559,9,0.8685037897917097
1559,10,0.7970626324016559
1559,11,0.9334843700946607
1559,12,1.0691115533675295
1560,1,0.6977426506408666
1560,2,0.9756646622767209
1560,3,0.6245142116354911
1560,4,0.5187463868081644
1560,5,0.5760837900995459
1560,6,0.9152990817014381
1560,7,0.6710902990174655
1560,8,0.5011781342913122
1560,9,0.6460666470141198
1560,10,0.7354522472057627
1560,11,0.7968407056796183
1560,12,0.927439674321124
1561,1,1.048762706634022
1561,2,0.865681493131158
1561,3,0.7157889854780035
1561,4,0.6729723238248575
1561,5,0.5320153924848879
1561,6,0.6249555892682799
1561,7,0.6595438638556287
1561,8,0.5305163346962178
1561,9,0.7183895688512357
1561,10,0.7531912249001149
1561,11,0.80332474657475
1561,12,0.936196929219292
1562,1,1.1809271745329837
1562,2,1.0526225889619887
1562,3,0.8177910856330155
1562,4,0.7094795785564422
1562,5,0.7205793610501122
1562,6,0.8869469870642523
1562,7,1.082137589445411
1562,8,0.7646530958118676
1562,9,0.5638407026338439
1562,10,0.6906564740367651
1562,11,0.762740900269834
1562,12,1.075083341574043
1563,1,0.8559615926384818
1563,2,0.6242151595497333
1563,3,0.9852834701071512
1563,4,0.5223993061379589
1563,5,0.5916734564129829
1563,6,0.8191989546725373
1563,7,0.7056279545788235
1563,8,0.4929779477931915
1563,9,0.7629974215499871
1563,10,0.6339571832868862
1563,11,0.6658669206224873
1563,12,0.9030509943473854
1564,1,0.688333655551601
1564,2,0.7236529952363925
1564,3,0.7688010973493133
1564,4,0.6900831362092001
1564,5,0.5498910653406902
1564,6,0.7713217251742303
1564,7,0.6737860252912893
1564,8,0.5670411980153424
1564,9,0.7306117957101731
1564,10,0.7637489058455864
1564,11,0.7414210682653236
1564,12,0.5791492025524558
1565,1,0.889545431992675
1565,2,0.482691345181253
1565,3,0.7595390205383137
1565,4,0.6419629992681631
1565,5,0.612408444955657
1565,6,0.7085188010183523
1565,7,0.7570942278169581
1565,8,0.6103811448902342
1565,9,0.605837003651923
1565,10,0.5921122059981254
1565,11,0.894589838526691
1565,12,0.5590233838129619
1566,1,1.0102661471023455
1566,2,0.9779409169853934
1566,3,0.7416820171059906
1566,4,0.41319036903918904
1566,5,0.7130784480873662
1566,6,0.9414321348504955
1566,7,0.8156570852101471
1566,8,0.6563930397379723
1566,9,0.6862556997439548
1566,10,0.6608971259121457
1566,11,0.9882236678717348
1566,12,0.9262017464222436
1567,1,0.9185008127082246
1567,2,0.627515249563038
1567,3,0.9236821778450748
1567,4,0.7285913166120831
1567,5,0.5879424857839608
1567,6,0.8527325347605563
1567,7,0.9460860593777587
1567,8,0.7228879181379791
1567,9,0.8934734912011497
1567,10,0.7197140369030444
1567,11,1.0417020660598937
1567,12,1.0783105860566962
1568,1,1.1050262872416492
1568,2,1.0540651885509682
1568,3,0.7699409167000725
1568,4,0.6466265752480115
1568,5,0.699827476628098
1568,6,0.8244778931984739
1568,7,0.738804644225987
1568,8,0.6570124251159504
1568,9,0.6450856581740241
1568,10,0.8999570908491205
1568,11,0.8994093275030481
1568,12,1.0833463582529248
1569,1,0.9720109557951429
1569,2,0.9082304986144647
1569,3,0.7838570990580493
1569,4,0.6057075774167273
1569,5,0.682153700964541
1569,6,0.7051581649795986
1569,7,0.6880302215422109
1569,8,0.566446329509991
1569,9,0.6095303882487578
1569,10,0.746442870761737
1569,11,0.8740486292210214
1569,12,0.88442152729944
1570,1,0.7511064655612955
1570,2,0.8484739357325306
1570,3,0.5987293640403548
1570,4,0.64848823760285
1570,5,0.5834670069539538
1570,6,0.6756205273888859
1570,7,0.6187724190143231
1570,8,0.5477591601816774
1570,9,0.5963496462061687
1570,10,0.6455199598687812
1570,11,0.7857423583868139
1570,12,0.8141739252024087
1571,1,1.097098774935401
1571,2,0.9000783240364605
1571,3,0.6574886497776424
1571,4,0.5463718990274363
1571,5,0.7216986293970342
1571,6,0.7409917601510142
1571,7,0.845801682556581
1571,8,0.5366723250887144
1571,9,0.7191824022792883
1571,10,0.8192416304571308
1571,11,0.703877629088346
1571,12,0.8931516981687876
1572,1,1.094123556526253
1572,2,0.5893743600427404
1572,3,0.7647406543254895
1572,4,0.7110976060293532
1572,5,0.6424156925071551
1572,6,0.7040433402646635
1572,7,0.5918893593402582
1572,8,0.5592397377288386
1572,9,0.6950706669827541
1572,10,0.8762667741023064
1572,11,0.6846465577908196
1572,12,0.9413500224890559
1573,1,1.149638460513877
1573,2,0.7856242380179079
1573,3,0.9395858370580668
1573,4,0.6002109228038952
1573,5,0.6086488587811433
1573,6,0.9066857533915544
1573,7,0.8047934583385546
1573,8,0.5594695623541444
1573,9,0.6626687035540088
1573,10,0.6058976258539622
1573,11,0.8210932133984037
1573,12,0.9791409790249449
1574,1,0.8758699517994062
1574,2,0.80030034820102
1574,3,0.8080614218716998
1574,4,0.6274845070660083
1574,5,0.6910569232719944
1574,6,0.6757853974342144
1574,7,0.6100931070970586
1574,8,0.5576636024414118
1574,9,0.604794680396048
1574,10,0.7660779216000588
1574,11,0.9572485770198329
1574,12,0.9124137137279638
1575,1,0.8253958783535014
1575,2,1.003917416501386
1575,3,0.48152578555862013
1575,4,0.5128231314023959
1575,5,0.5998592316364051
1575,6,0.7472611169072547
1575,7,0.6089943348297462
1575,8,0.5605469328235331
1575,9,0.6638336115436281
1575,10,0.620036933905117
1575,11,0.8063062340641911
1575,12,1.0514176349751911
1576,1,1.2628177662781805
1576,2,0.942089758714109
1576,3,0.7363332211618461
1576,4,0.7222475400532814
1576,5,0.4991092272819308
1576,6,0.8094821787791497
1576,7,0.6684564317932689
1576,8,0.5847672272990905
1576,9,0.6367072354629294
1576,10,0.6997355090899816
1576,11,0.8937222283823513
1576,12,0.9581983321499745
1577,1,1.1288073953013704
1577,2,0.867252541792163
1577,3,0.8065937726032484
1577,4,0.7211336069836967
1577,5,0.5456601244090588
1577,6,0.7543037390113152
1577,7,0.9481481571598076
1577,8,0.7029456549066193
1577,9,0.6459583846845178
1577,10,0.5556137167056299
1577,11,0.8583292861818461
1577,12,0.9125934778589001
1578,1,0.8689477142617061
1578,2,1.0226937812513173
1578,3,0.8504713628112281
1578,4,0.6302704142987536
1578,5,0.613441754322526
1578,6,0.8343980900970731
1578,7,0.729536370557112
1578,8,0.47563785040119344
1578,9,0.7418093562778049
1578,10,0.6785722874388738
1578,11,0.6384273929858926
1578,12,0.9200846197023033
1579,1,1.2595149095999283
1579,2,1.0560012505465823
1579,3,0.5162568167666727
1579,4,0.5709896414096852
1579,5,0.6582149340682386
1579,6,0.7606606661351683
1579,7,0.9199297181633914
1579,8,0.6334635363706219
1579,9,0.8214183868807441
1579,10,0.8488485270478148
1579,11,0.8735141003740764
1579,12,0.9855384352054786
1580,1,0.8164874426735624
1580,2,0.7173994235134395
1580,3,0.7583284304568686
1580,4,0.7017665499272013
1580,5,0.6052757963132233
1580,6,0.5523857525858045
1580,7,0.7674807362952368
1580,8,0.6515525051151372
1580,9,0.6003350265888565
1580,10,0.685836508437471
1580,11,1.0114004137692785
1580,12,0.8331055728747505
1581,1,0.7595764937015468
1581,2,0.9933612261042648
1581,3,0.7868111019348566
1581,4,0.7379209038597397
1581,5,0.5312521603368044
1581,6,0.7069702801278155
1581,7,0.7260096326661817
1581,8,0.6142895571195339
1581,9,0.7229637480543161
1581,10,0.7234699992250937
1581,11,0.8389931014115954
1581,12,1.0663584877916525
1582,1,1.42860971937416
1582,2,1.0241566775677167
1582,3,1.0664121469234664
1582,4,0.647197253849277
1582,5,0.6079230943925479
1582,6,0.8853961127454313
1582,7,0.8070234718711948
1582,8,0.6880700596263342
1582,9,0.6762900058002488
1582,10,0.6902168797146262
1582,11,0.7222156856468644
1582,12,0.9227358298323487
1583,1,1.0888173514874668
1583,2,0.8436868409617059
1583,3,0.8793021690407928
1583,4,0.7361706080756344
1583,5,0.6218572745682819
1583,6,0.682715915152234
1583,7,0.5864678624598577
1583,8,0.425573045113366
1583,9,0.7463823739760256
1583,10,0.7216042570224384
1583,11,0.6373718671478852
1583,12,1.0320857148054683
1584,1,0.8544666630368885
1584,2,0.8855368554661347
1584,3,0.8513865977429992
1584,4,0.7061953078682633
1584,5,0.6689108930934576
1584,6,0.6759489270029179
1584,7,0.7622070648504169
1584,8,0.6014503848486135
1584,9,0.6862228129968909
1584,10,0.9068571635007421
1584,11,0.8690937545235818
1584,12,0.6225750063437797
1585,1,1.0275156578395994
1585,2,1.0326636521780599
1585,3,0.8848731849468963
1585,4,0.6264268416993682
1585,5,0.6158826304028924
1585,6,0.743886180804321
1585,7,0.8801429345990435
1585,8,0.5404008647749137
1585,9,0.5601959401715835
1585,10,0.6431972445220491
1585,11,1.0360282249885986
1585,12,0.8465597875611073
1586,1,0.7920310217778899
1586,2,0.868476084246953
1586,3,0.6247491349440359
1586,4,0.7240506537730242
1586,5,0.5023044403886598
1586,6,0.662785222843193
1586,7,0.676615780769982
1586,8,0.5383477133487732
1586,9,0.5669423836951397
1586,10,0.6394706296989624
1586,11,0.7182487104291732
1586,12,0.5141108674593441
1587,1,0.77401017929958
1587,2,0.49396773569392166
1587,3,0.8092040218564858
1587,4,0.6901623638620766
1587,5,0.6214983112685245
1587,6,0.6000875180516259
1587,7,0.6595851557289661
1587,8,0.4636793811736303
1587,9,0.6143109602289782
1587,10,0.8124879167278414
1587,11,1.046950748307013
1587,12,0.9778444454054989
1588,1,0.8781868160272426
1588,2,0.8972364576002057
1588,3,0.9021346017497198
1588,4,0.7077725718157005
1588,5,0.5107244391461698
1588,6,0.556654274943972
1588,7,0.5001329313887105
1588,8,0.43810794361732475
1588,9,0.6934233076845799
1588,10,0.7666838180072841
1588,11,0.8858020384029568
1588,12,0.5023772034347804
1589,1,0.6941193556680997
1589,2,0.4635140045304089
1589,3,0.5682096800790277
1589,4,0.5228921049037896
1589,5,0.5261564518611486
1589,6,0.8278720418097103
1589,7,0.801107506038216
1589,8,0.5339050998254565
1589,9,0.6404229538983559
1589,10,0.6709062150792011
1589,11,0.8348902190395824
1589,12,0.5772983624320338
1590,1,1.2679724887356572
1590,2,0.9423031191631442
1590,3,0.5313956611820583
1590,4,0.39711929435099
1590,5,0.5011556933271969
1590,6,0.7040061381688862
1590,7,0.6905317861513313
1590,8,0.4409020589313831
1590,9,0.676561380653133
1590,10,0.8197047063581961
1590,11,0.6493755078344463
1590,12,0.9614513554826238
1591,1,0.97748237437006
1591,2,1.0243159924200564
1591,3,0.7172864869246559
1591,4,0.6615706031641156
1591,5,0.5771631454598777
1591,6,0.7642542747715739
1591,7,0.7734808172177718
1591,8,0.5406614978932767
1591,9,0.7052824008746165
1591,10,0.6713251873790446
1591,11,0.8399496001038365
1591,12,0.8020976244150286
1592,1,0.612617913186396
1592,2,0.6619439920838099
1592,3,0.6725481104408918
1592,4,0.6838302811959783
1592,5,0.659251276087975
1592,6,0.6338700255313565
1592,7,0.6716056917747675
1592,8,0.47895360427840955
1592,9,0.6142307283435351
1592,10,0.720307092789409
1592,11,0.7003048703689215
1592,12,1.0274240436338324
1593,1,0.973426203781415
1593,2,0.9843454833025158
1593,3,0.6382027584173541
1593,4,0.6157361888784114
1593,5,0.7127101811606016
1593,6,0.7281276262265535
1593,7,0.9122921497870367
1593,8,0.6204576759330952
1593,9,0.6296474448837084
1593,10,0.5973914706464271
1593,11,0.8091226435282121
1593,12,0.5817294688270167
1594,1,0.8455655450397745
1594,2,0.877427525714918
1594,3,0.970274294663529
1594,4,0.6067697767844902
1594,5,0.6457669918117338
1594,6,0.7947487897219473
1594,7,0.7910605232954262
1594,8,0.5010210375087025
1594,9,0.5479582738802796
1594,10,0.6650129109919309
1594,11,0.8533209112345365
1594,12,0.9838881196722482
1595,1,1.0417072877769993
1595,2,0.8952310018681884
1595,3,0.774044113230332
1595,4,0.6111408848363112
1595,5,0.6619306257194468
1595,6,0.6434867140552666
1595,7,0.7460625544314081
1595,8,0.48510549277712084
1595,9,0.6806307548581745
1595,10,0.7337815118047344
1595,11,0.8248014330988236
1595,12,1.1939660363236728
1596,1,1.366804467930678
1596,2,0.9606482848612554
1596,3,1.046615872112955
1596,4,0.7591901984932848
1596,5,0.7113755685629157
1596,6,0.9795908036272558
1596,7,0.943429491387008
1596,8,0.738224969656123
1596,9,0.6198047012239568
1596,10,0.6987083151839194
1596,11,0.7639995840441409
1596,12,0.8283898176980482
1597,1,0.8697838015643531
1597,2,1.0199431027913035
1597,3,0.6397481113814507
1597,4,0.6430935128148694
1597,5,0.561526542402093
1597,6,0.7448312935426273
1597,7,0.780412415551282
1597,8,0.49254311414783464
1597,9,0.6227588731386517
1597,10,0.6822782800538397
1597,11,0.8072669585451215
1597,12,1.1557309138397427
1598,1,1.0090284945836259
1598,2,0.9046830072341052
1598,3,0.7382837092212136
1598,4,0.6227926089157718
1598,5,0.4877341758910192
1598,6,0.826542208594635
1598,7,0.6782036755760366
1598,8,0.5464781049155439
1598,9,0.42671550146495174
1598,10,0.6687229693373183
1598,11,0.7236710294693338
1598,12,0.8345683550760337
1599,1,0.8913434390378905
1599,2,0.8403580208753647
1599,3,0.9500226411083259
1599,4,0.5814618808379934
1599,5,0.6013828781598693
1599,6,0.6100184185861549
1599,7,0.7674826354155658
1599,8,0.4532509791428062
1599,9,0.5477179799562164
1599,10,0.6454270147160188
1599,11,0.7720047802690752
1599,12,1.0971799153312336
1600,1,0.7995271255780867
1600,2,0.9017865988904975
1600,3,0.7615226684945765
1600,4,0.6577777577638633
1600,5,0.618326194657323
1600,6,0.8031404725301339
1600,7,0.9280517908198598
1600,8,0.5369208176404064
1600,9,0.685081523227614
1600,10,0.7182528164676838
1600,11,0.6897035575308627
1600,12,0.9621016037132311
1601,1,0.919596456903319
1601,2,0.9056606354520795
1601,3,0.9830308837539947
1601,4,0.5565933895593705
1601,5,0.5874674493769378
1601,6,0.8068240179405379
1601,7,0.9016167219112965
1601,8,0.6144818791667873
1601,9,0.7917497106398597
1601,10,0.6850020454246426
1601,11,0.6929365600792303
1601,12,0.49082058582514165
1602,1,0.8344970150498298
1602,2,0.4750432570009738
1602,3,0.5370925034476868
1602,4,0.6689153753644047
1602,5,0.5562731845846095
1602,6,0.7115832740181445
1602,7,0.8541326484716742
1602,8,0.6254326769852605
1602,9,0.76883441600203
1602,10,0.83636089095109
1602,11,0.7516134881275214
1602,12,0.5050674451729319
1603,1,0.7608425675476043
1603,2,0.549534855787943
1603,3,0.5701163668611311
1603,4,0.5442372253813443
1603,5,0.7782257335916967
1603,6,0.7132309421560874
1603,7,0.6528382214183923
1603,8,0.49057133465216207
1603,9,0.7053946739838071
1603,10,0.7809244281272455
1603,11,0.8787129375778742
1603,12,1.0005510838613763
1604,1,0.9548592680594884
1604,2,1.1439953783502166
1604,3,0.8034243081644712
1604,4,0.5431007003425147
1604,5,0.5645372840337172
1604,6,0.6601471483625417
1604,7,0.790215510361569
1604,8,0.44068462539478476
1604,9,0.6122064912005298
1604,10,0.8176439218101237
1604,11,0.8268593470146978
1604,12,0.50315973313016
1605,1,1.111702577700283
1605,2,0.7429192149817274
1605,3,0.5331960037323131
1605,4,0.5519093702242546
1605,5,0.6140975387433335
1605,6,0.7129504666617128
1605,7,0.5228523981154147
1605,8,0.5456325595204075
1605,9,0.6465602880922319
1605,10,0.8010897597336434
1605,11,0.9491387595677598
1605,12,1.0452124262328812
1606,1,1.3142161135519548
1606,2,1.090952687178707
1606,3,0.9273618083948141
1606,4,0.6283374088274016
1606,5,0.5412046481146695
1606,6,0.7607869712822597
1606,7,0.9876266707271422
1606,8,0.671310754698237
1606,9,0.6964465804053639
1606,10,0.7609005056975962
1606,11,0.7730147071100417
1606,12,0.7082508815425339
1607,1,0.7745497108998495
1607,2,0.5541694228367381
1607,3,0.777597742839907
1607,4,0.5782355846639005
1607,5,0.49175960144187403
1607,6,0.6587787109309315
1607,7,0.709197637746136
1607,8,0.5439245789293425
1607,9,0.620610274555514
1607,10,0.7164791160617136
1607,11,0.7226272329793715
1607,12,1.0933560458190605
1608,1,1.0543173887709396
1608,2,0.9141560621865645
1608,3,0.9280527958132276
1608,4,0.5288346676654805
1608,5,0.8330820710947525
1608,6,1.086630012607597
1608,7,0.8481858220381333
1608,8,0.6207072036907297
1608,9,0.6335595118359993
1608,10,0.7084694877164147
1608,11,0.8056218542617617
1608,12,1.043092246164731
1609,1,0.8991638565975157
1609,2,0.832361462730279
1609,3,0.7430969447807896
1609,4,0.6779618048658568
1609,5,0.5571961442913745
1609,6,0.7841901001323444
1609,7,0.8855164362075891
1609,8,0.5210824412479964
1609,9,0.5789944221018317
1609,10,0.7145052331813642
1609,11,1.0662098766753922
1609,12,1.054845631987197
1610,1,1.179526623094285
1610,2,0.7581480734707895
1610,3,0.7808490034759175
1610,4,0.5957471693269487
1610,5,0.7068770856898419
1610,6,0.8179340884292743
1610,7,0.5961673060178123
1610,8,0.46730892284205405
1610,9,0.6914515230959792
1610,10,0.5887983181233761
1610,11,0.6981416639967496
1610,12,1.0991072769805172
1611,1,1.2036613761921025
1611,2,0.983639151057737
1611,3,0.9044382005256789
1611,4,0.6515602613498934
1611,5,0.6969521555062564
1611,6,0.9485170264767422
1611,7,1.1249148525899677
1611,8,0.813046437089435
1611,9,0.6021467314410764
1611,10,0.6048958857123967
1611,11,0.821912210761031
1611,12,0.6101875811096683
1612,1,0.9198751158426959
1612,2,0.5228347923921237
1612,3,0.8511552616660973
1612,4,0.7120438252226229
1612,5,0.727432075699616
1612,6,0.9050876728520647
1612,7,0.6988738523578102
1612,8,0.5799431236581845
1612,9,0.5950413600791127
1612,10,0.680165657535921
1612,11,0.8226739398893024
1612,12,0.4951386545553954
1613,1,1.2119399212445645
1613,2,0.8299157325943557
1613,3,0.7366602050022739
1613,4,0.5470805296924833
1613,5,0.5669806289360648
1613,6,0.7622916606315501
1613,7,0.7161871949763428
1613,8,0.5766973012331145
1613,9,0.5423585966331276
1613,10,0.6056389885119409
1613,11,0.8672128930719696
1613,12,0.6459970375911139
1614,1,0.7474668768338196
1614,2,0.49080550665496414
1614,3,0.7236980717234867
1614,4,0.6136591793643248
1614,5,0.6275986907427252
1614,6,0.752261004801331
1614,7,0.7635235814768484
1614,8,0.6268460086510539
1614,9,0.59704923259999
1614,10,0.7196847829364168
1614,11,0.8341139191502339
1614,12,0.8113548565269397
1615,1,0.9998526054413672
1615,2,0.904180363748369
1615,3,0.6880540615453742
1615,4,0.49320411184821866
1615,5,0.4455192071109284
1615,6,0.6176773469368735
1615,7,0.8485717146655911
1615,8,0.4488203985037996
1615,9,0.5931624755535679
1615,10,0.7015158435296605
1615,11,0.715781451074047
1615,12,0.804721976413947
1616,1,1.0094920264129075
1616,2,0.8043143506136651
1616,3,0.9130901414968962
1616,4,0.6442307988925294
1616,5,0.582371579396872
1616,6,0.7355197911562771
1616,7,0.7484614612785194
1616,8,0.4794066760808754
1616,9,0.7665474959034636
1616,10,0.7351274357655615
1616,11,0.7944044011740761
1616,12,0.8594353823529517
1617,1,0.8102520525075315
1617,2,0.805848263708274
1617,3,0.7144927645722409
1617,4,0.4998573115188169
1617,5,0.5326658952713081
1617,6,0.69079445545101
1617,7,0.6368799061119543
1617,8,0.5140907684268847
1617,9,0.5545966416424774
1617,10,0.8221859312114561
1617,11,0.8202720227702727
1617,12,1.0418861716783654
1618,1,0.8477038167659133
1618,2,0.8151353759426382
1618,3,0.5604206610552085
1618,4,0.47146531642600453
1618,5,0.503946505272848
1618,6,0.7569602001157376
1618,7,0.6599033542260242
1618,8,0.45532963153137784
1618,9,0.6862250354460496
1618,10,0.6562032810742557
1618,11,0.7557374599777995
1618,12,0.9456205892002567
1619,1,0.7814610045378432
1619,2,0.41100167384027775
1619,3,0.7335627759733282
1619,4,0.71542985390220315
1619,5,0.5221660865280848
1619,6,0.47787896405066377
1619,7,0.6199269905086435
1619,8,0.3823407481242458
1619,9,0.631925805734001
1619,10,0.6869588237978816
1619,11,0.9386764081329853
1619,12,0.5999469572825038
1620,1,0.9567972667997784
1620,2,0.8331754598984291
1620,3,0.9078134792126547
1620,4,0.5230645411467925
1620,5,0.5412070674533604
1620,6,0.7248928370866361
1620,7,0.6656114059841054
1620,8,0.5259288611601456
1620,9,0.6102397770992822
1620,10,0.7445835820314722
1620,11,0.822695666668033
1620,12,0.5376193651086556
1621,1,0.938314861849382
1621,2,0.5547923117344733
1621,3,0.687919574645876
1621,4,0.4766984532746392
1621,5,0.5676330020259872
1621,6,0.7612697763190263
1621,7,0.7436883366383146
1621,8,0.47357451765998276
1621,9,0.6033651428305276
1621,10,0.8709032651723585
1621,11,0.6975983913998942
1621,12,1.0663406373342026
1622,1,0.9158213567416916
1622,2,0.8688929501961267
1622,3,0.8282274081284782
1622,4,0.6880783202162931
1622,5,0.5719760943070494
1622,6,0.5483995603570168
1622,7,0.6549552651939888
1622,8,0.4439522877161163
1622,9,0.5534299940933558
1622,10,0.7189290295436686
1622,11,0.8795113091735136
1622,12,0.586871095503626
1623,1,0.7523012607397215
1623,2,0.6105964869530706
1623,3,0.5943243923194921
1623,4,0.5406093033051844
1623,5,0.5440241712519247
1623,6,0.7000111132855974
1623,7,0.7391446080539417
1623,8,0.4826329218106854
1623,9,0.6672220596128365
1623,10,0.6421880178195873
1623,11,1.009398566986005
1623,12,0.6415880468400286
1624,1,0.8285110466320695
1624,2,0.49349887407318
1624,3,0.6977445063839657
1624,4,0.641807541912405
1624,5,0.6477663865297923
1624,6,0.8598587361875936
1624,7,0.85312032868079
1624,8,0.5300932192165334
1624,9,0.7293607914185725
1624,10,0.8306115974577652
1624,11,0.746051532936963
1624,12,0.6871902414882811
1625,1,0.7242694325186578
1625,2,0.7692025977270212
1625,3,0.5528085538677326
1625,4,0.45381636680775983
1625,5,0.6629019146829167
1625,6,0.6287844499354397
1625,7,0.6433961304538677
1625,8,0.5014943203381512
1625,9,0.4265186794004728
1625,10,0.7068834436587591
1625,11,0.764227930541528
1625,12,0.6736848881018359
1626,1,0.6980008026707443
1626,2,0.5452449479588088
1626,3,0.684650480377028
1626,4,0.6381205004135285
1626,5,0.6188373550645556
1626,6,0.7357234777348888
1626,7,0.7011454424746062
1626,8,0.5124870576665616
1626,9,0.5488527790519659
1626,10,0.6030467911525837
1626,11,0.7620446756763828
1626,12,0.828644339049511
1627,1,0.9213294173118978
1627,2,0.8765217728926575
1627,3,0.5998665972366962
1627,4,0.5183114666805492
1627,5,0.48528736977222775
1627,6,0.6747900700677064
1627,7,0.6959955740769757
1627,8,0.5069756873698255
1627,9,0.5842818464173186
1627,10,0.5293061340865213
1627,11,0.6370398458066713
1627,12,0.6044440907563589
1628,1,1.1415577042520486
1628,2,0.8789025657903142
1628,3,0.6496147447821767
1628,4,0.522625732183996
1628,5,0.5277627300745029
1628,6,0.5020169747138922
1628,7,0.6082038402283756
1628,8,0.4293534517489007
1628,9,0.7031555548739474
1628,10,0.6704070692049291
1628,11,0.7764623200941856
1628,12,0.760290849027721
1629,1,0.9464223074950584
1629,2,0.9942363483768484
1629,3,0.7243771572876718
1629,4,0.4759651027719147
1629,5,0.5643682180499756
1629,6,0.7671751159527842
1629,7,0.7020051513256127
1629,8,0.37561785144691584
1629,9,0.5424364998733173
1629,10,0.648326998940786
1629,11,0.7513997693540359
1629,12,0.7927284295201877
1630,1,1.0736689834842448
1630,2,1.0936929718411823
1630,3,0.9276592390514413
1630,4,0.6269657449327399
1630,5,0.6866433536764988
1630,6,0.9724150974038945
1630,7,0.997504815286977
1630,8,0.6366639112838934
1630,9,0.5767617314972163
1630,10,0.6822746922860541
1630,11,0.5887261537171025
1630,12,0.96781557126596085
1631,1,0.781252872906248
1631,2,0.9174684132721382
1631,3,0.7901048832264288
1631,4,0.58878007041836955
1631,5,0.5449154209236894
1631,6,0.6157899825632733
1631,7,0.6506756602524955
1631,8,0.4110047844713092
1631,9,0.5479357782166208
1631,10,0.6494890793402
1631,11,0.7630419013857811
1631,12,0.9003148009314637
1632,1,1.2166691520329485
1632,2,0.9648100992557286
1632,3,0.7506034570901561
1632,4,0.6089557260375442
1632,5,0.5441955532172709
1632,6,0.6720692522287742
1632,7,0.5961680158828792
1632,8,0.48287705798017705
1632,9,0.7165376652668847
1632,10,0.7332852576228506
1632,11,0.7410954012649514
1632,12,0.9591086394496862
1633,1,1.2239933435532886
1633,2,0.7658981079616085
1633,3,0.8042702636768471
1633,4,0.5383441234391718
1633,5,0.6303627684128776
1633,6,0.6406557654472202
1633,7,0.836513448638993
1633,8,0.6252008590280252
1633,9,0.6887689269334474
1633,10,0.7468122451858311
1633,11,1.0091394590770029
1633,12,1.0575035791253806
1634,1,0.9645399748376251
1634,2,0.7596945401368913
1634,3,0.5841684875380517
1634,4,0.6324751628156473
1634,5,0.6002892975903057
1634,6,0.716411773826199
1634,7,0.551893769348419
1634,8,0.4345963472488473
1634,9,0.6708752436587434
1634,10,0.6425334392735349
1634,11,0.7938728935864835
1634,12,1.040056658931173
1635,1,0.7546854890817912
1635,2,0.5753313061082838
1635,3,0.8046093893280594
1635,4,0.5633521450661796
1635,5,0.5677022368089972
1635,6,0.7283819301943001
1635,7,0.6877226671559975
1635,8,0.538272364482856
1635,9,0.5796812550998599
1635,10,0.7635225482383791
1635,11,1.029093548669354
1635,12,0.9396249344079659
1636,1,0.865350517423275
1636,2,0.5021506710677345
1636,3,0.6541941945275633
1636,4,0.5168376257805924
1636,5,0.5625404516477285
1636,6,0.6622035529262366
1636,7,0.5937739346692995
1636,8,0.5379552541177138
1636,9,0.5770815228088385
1636,10,0.7595043887493182
1636,11,0.9688909405410269
1636,12,0.49996849419189027
1637,1,0.7083752145039388
1637,2,0.4827209215200997
1637,3,0.49705334763073405
1637,4,0.41174421670787764
1637,5,0.5558652178647601
1637,6,0.6823609866286727
1637,7,0.5833847619640711
1637,8,0.46245695483346216
1637,9,0.6791585022824815
1637,10,0.8519022409785117
1637,11,0.8312918486041931
1637,12,1.1033819422699471
1638,1,0.7537033236318835
1638,2,0.7199154196200651
1638,3,0.6914028940987615
1638,4,0.446678530882775
1638,5,0.5844400043715245
1638,6,0.7333302646295592
1638,7,0.7297947294027425
1638,8,0.5167576603444427
1638,9,0.6114074838786645
1638,10,0.6356470176157625
1638,11,0.9837402627769286
1638,12,1.0807760998955214
1639,1,1.3165536288740554
1639,2,0.8768098327750928
1639,3,0.7192379025368058
1639,4,0.6206748995092745
1639,5,0.7519151678243183
1639,6,0.6556701904472756
1639,7,0.6422164474059016
1639,8,0.5565007826757721
1639,9,0.6679928976418372
1639,10,0.8783772705456987
1639,11,0.703724571245794
1639,12,0.5910776855747163
1640,1,0.8050706587559543
1640,2,0.6098384779605256
1640,3,0.6169266655877992
1640,4,0.5520211671372678
1640,5,0.5400195332252027
1640,6,0.6246730945240307
1640,7,0.7701127373701028
1640,8,0.602839482816554
1640,9,0.5686512856506751
1640,10,0.7045826961000515
1640,11,0.7132486461818013
1640,12,0.8023731387609911
1641,1,0.8351594404490678
1641,2,0.6522200197970862
1641,3,0.5723906065899949
1641,4,0.44677281324810525
1641,5,0.6106850033617792
1641,6,0.7983054950282142
1641,7,0.615154897420289
1641,8,0.44701400432201005
1641,9,0.6324150461171603
1641,10,0.6007320269284322
1641,11,0.9189822976106194
1641,12,0.6352421393342245
1642,1,0.8391874968311794
1642,2,0.595966279422038
1642,3,0.5811241209058016
1642,4,0.5196531156991074
1642,5,0.5414091721927317
1642,6,0.6505941541291871
1642,7,0.6226395103267448
1642,8,0.6026437883322244
1642,9,0.741088435585693
1642,10,0.6582104284377333
1642,11,0.8062147721423663
1642,12,1.1433736676209845
1643,1,1.1056988693595686
1643,2,0.4383289682149437
1643,3,0.5513402914404328
1643,4,0.5624284039767109
1643,5,0.39346099449330985
1643,6,0.507426344646611
1643,7,0.8817722991701425
1643,8,0.47332614550811675
1643,9,0.7099507494037747
1643,10,0.622253977984045
1643,11,0.6351018174602401
1643,12,0.5494186695640348
1644,1,0.8278867842860859
1644,2,0.4960830688809408
1644,3,0.5500196067768303
1644,4,0.5093263461266754
1644,5,0.5518857014985359
1644,6,0.6463638307441493
1644,7,0.694509070619914
1644,8,0.4656583228441232
1644,9,0.5635325793734167
1644,10,0.6962719428040511
1644,11,0.6284687626840546
1644,12,0.8064862089429596
1645,1,0.7567501964815322
1645,2,0.5234297380828802
1645,3,0.7993764306282172
1645,4,0.5823786062195577
1645,5,0.5557209106789953
1645,6,0.7259830895700433
1645,7,0.5152491181800781
1645,8,0.5551970408282905
1645,9,0.5956837790644736
1645,10,0.5205520041828435
1645,11,0.8044224188885485
1645,12,0.8143150257991736
1646,1,1.0901100154727765
1646,2,0.9962093544369975
1646,3,0.8121722532657549
1646,4,0.5967045563773247
1646,5,0.6210027246994394
1646,6,0.7504765847470519
1646,7,0.9406339790003062
1646,8,0.6153955928381823
1646,9,0.5469955892638518
1646,10,0.6575721472352235
1646,11,0.7541758807744292
1646,12,0.9763162368912081
1647,1,0.7675873075372459
1647,2,0.8460422797345776
1647,3,0.777943799565229
1647,4,0.59298417854316
1647,5,0.5312972577249083
1647,6,0.7864567351026639
1647,7,0.640066126244019
1647,8,0.5690357086739068
1647,9,0.6902761292110527
1647,10,0.6311283356001792
1647,11,0.8471687135973699
1647,12,0.6252135752646361
1648,1,0.9985736478811229
1648,2,0.5191857802751784
1648,3,0.6932274206361425
1648,4,0.5319721775093355
1648,5,0.579934936101943
1648,6,0.6714946648629507
1648,7,0.6787706752499651
1648,8,0.49450233877113636
1648,9,0.6493958632106203
1648,10,0.7986185208866748
1648,11,0.7138005706814265
1648,12,0.9246361340924885
1649,1,1.0196233960583534
1649,2,1.0159356796621193
1649,3,0.755143729384209
1649,4,0.6609506723966045
1649,5,0.6237079563809831
1649,6,0.7617953146004103
1649,7,0.8908546774921147
1649,8,0.5206893710921088
1649,9,0.5903056836357443
1649,10,0.6156061384304503
1649,11,0.7276799090457329
1649,12,0.8269087866423783
1650,1,1.1499586767675207
1650,2,1.0727604584276458
1650,3,0.7050174628062801
1650,4,0.5078722662665206
1650,5,0.5497226662295258
1650,6,0.734273147589156
1650,7,0.6968583352064122
1650,8,0.40030021944826033
1650,9,0.5848485710813003
1650,10,0.7347956673089141
1650,11,0.8152499561215167
1650,12,0.8337551657628051
1651,1,1.1396885818528122
1651,2,0.8288570081939937
1651,3,0.477022437043082
1651,4,0.4896745509927585
1651,5,0.6172812079667147
1651,6,0.7742383656886698
1651,7,0.6935308650011613
1651,8,0.6219885258395357
1651,9,0.6617286451824179
1651,10,0.7172040027846767
1651,11,0.742860203505536
1651,12,0.666071819433862
1652,1,0.9939856727109893
1652,2,0.4949613846337858
1652,3,0.6490190427747695
1652,4,0.4977564294316916
1652,5,0.5133610612457312
1652,6,0.7670708734331491
1652,7,0.5924463228803284
1652,8,0.49747310011803814
1652,9,0.7107222976619538
1652,10,0.5474963547121111
1652,11,0.9653692222826
1652,12,0.5437703648750949
1653,1,0.7090753833766977
1653,2,0.6153781179824656
1653,3,0.5857520033360917
1653,4,0.4723441326318729
1653,5,0.517751125206166
1653,6,0.5807911560792521
1653,7,0.589556674925097
1653,8,0.5129947857917031
1653,9,0.6477599133785539
1653,10,0.6953995487284679
1653,11,0.8046684662259909
1653,12,0.48895014714549334
1654,1,0.599726356227986
1654,2,0.583655836160237
1654,3,0.6452353194925167
1654,4,0.6936230106645623
1654,5,0.49076122284948664
1654,6,0.6985098143002233
1654,7,0.7622477834737339
1654,8,0.6264678718256587
1654,9,0.6296493021418019
1654,10,0.8383111724308563
1654,11,0.828517817551464
1654,12,0.6020183758346281
1655,1,0.9212306836177375
1655,2,0.6135286873692986
1655,3,0.5209136459626544
1655,4,0.4842860984423586
1655,5,0.5978421974972612
1655,6,0.7377611014268897
1655,7,0.6443783079430885
1655,8,0.46457012404350007
1655,9,0.555050604382937
1655,10,0.8406496811296704
1655,11,0.8691070611523944
1655,12,0.582180015924604
1656,1,0.922855340935729
1656,2,0.584848828309074
1656,3,0.8309378407592456
1656,4,0.7013567614884542
1656,5,0.6080967307694218
1656,6,0.8374675045691191
1656,7,0.6761041207674224
1656,8,0.542233150336534
1656,9,0.6505183883989769
1656,10,0.7757797194290859
1656,11,0.8561059466661567
1656,12,0.5678138766750765
1657,1,0.5846385429609384
1657,2,0.4913913770855345
1657,3,0.9731476399326409
1657,4,0.5779794193524211
1657,5,0.6386259064945958
1657,6,0.6734215994954766
1657,7,0.6728581419259175
1657,8,0.5507791332959335
1657,9,0.723272946790773
1657,10,0.7153297147800669
1657,11,0.9241210922938343
1657,12,0.9613624081135692
1658,1,0.9019923870972084
1658,2,0.5741907677394364
1658,3,1.0053799458321682
1658,4,0.7158908640431385
1658,5,0.629824125910674
1658,6,0.7781680145870412
1658,7,0.9437146529249243
1658,8,0.6487082954900638
1658,9,0.4924119038970359
1658,10,0.5335967305409941
1658,11,0.6742713387431533
1658,12,0.5225746463563482
1659,1,1.0542707024643856
1659,2,0.7650369190498721
1659,3,0.5804008707333385
1659,4,0.5148351699849771
1659,5,0.5380950393341686
1659,6,0.5766171543465306
1659,7,0.7079357959759414
1659,8,0.5192341379373437
1659,9,0.6157920030873766
1659,10,0.4830276035600376
1659,11,0.6418146138975571
1659,12,0.5119297594314728
1660,1,0.6611819476773351
1660,2,0.514512748764138
1660,3,0.5804706693234583
1660,4,0.4677854571493022
1660,5,0.553406654423914
1660,6,0.5864486965408275
1660,7,0.46552176728602157
1660,8,0.4649628607915766
1660,9,0.4876908083482643
1660,10,0.6623246858202826
1660,11,0.6971819786109479
1660,12,0.5558325693176767
1661,1,0.8276166712625579
1661,2,0.5019937920799554
1661,3,0.567059765438381
1661,4,0.5092036307753138
1661,5,0.44687861410916774
1661,6,0.672838144435911
1661,7,0.5603644637842708
1661,8,0.47887152854568626
1661,9,0.4091741575127493
1661,10,0.6235865608291722
1661,11,0.7377082989023588
1661,12,0.9759547663166452
1662,1,0.7704257578683273
1662,2,0.9087036754038051
1662,3,0.7194626391127816
1662,4,0.6298172341866111
1662,5,0.5008759830765008
1662,6,0.6109048569335529
1662,7,0.6468119408317028
1662,8,0.5297048408333039
1662,9,0.5422544134025373
1662,10,0.6365156287463927
1662,11,0.7478240510619516
1662,12,0.5326863784840437
1663,1,0.8733823426863104
1663,2,0.5299711328524466
1663,3,0.4224197138428978
1663,4,0.5481309908213421
1663,5,0.5347088459724936
1663,6,0.8127443691533482
1663,7,0.609932878659224
1663,8,0.4147845853721809
1663,9,0.5580614849325483
1663,10,0.8272515842009456
1663,11,0.5422556427846291
1663,12,0.699533063650605
1664,1,0.8786799476320455
1664,2,0.9526847132139027
1664,3,0.6521547228158582
1664,4,0.6696555019881832
1664,5,0.564373886050742
1664,6,0.8135214172100818
1664,7,0.8149978172558158
1664,8,0.5864717679136455
1664,9,0.7688474479846323
1664,10,0.5715871670178135
1664,11,0.7517089076675119
1664,12,0.6206390087832756
1665,1,0.8474180400540972
1665,2,0.4900148502991003
1665,3,0.5229835915599086
1665,4,0.4596325379004997
1665,5,0.5258986872857099
1665,6,0.6230410975235157
1665,7,0.6582106468059521
1665,8,0.4208855158045107
1665,9,0.45993285209996665
1665,10,0.7359277026954654
1665,11,0.9766260009039973
1665,12,0.5397918866830156
1666,1,0.8693659551357
1666,2,0.4805380388240955
1666,3,0.589022156471152
1666,4,0.7119929424207394
1666,5,0.5619561654495852
1666,6,0.5624365042584939
1666,7,0.6385568655722466
1666,8,0.5129034066935243
1666,9,0.5275798377274811
1666,10,0.49694547523898436
1666,11,0.6827700064777207
1666,12,0.6583357173709181
1667,1,0.8538271482126183
1667,2,0.566385895804153
1667,3,0.6356729222633198
1667,4,0.6535921231263881
1667,5,0.6162164882639608
1667,6,0.5762780821822948
1667,7,0.71910687464555
1667,8,0.470480705614895
1667,9,0.4678574202484248
1667,10,0.6412501447994992
1667,11,0.9055467875259786
1667,12,0.5937172273278647
1668,1,0.8898053914694466
1668,2,0.9141754700056637
1668,3,0.8331858750079295
1668,4,0.5711416839137853
1668,5,0.6162924956612262
1668,6,0.8635656173049436
1668,7,0.7287409832233543
1668,8,0.5131875421049543
1668,9,0.5683891666930785
1668,10,0.5876630921811175
1668,11,0.789701005931738
1668,12,1.0714599037604149
1669,1,0.8194974677078934
1669,2,0.932114588231949
1669,3,0.483433453079254
1669,4,0.4764301546173709
1669,5,0.4989375177571266
1669,6,0.5152052531089624
1669,7,0.5458422003990346
1669,8,0.5524343233955601
1669,9,0.5506089056380079
1669,10,0.5725469705718558
1669,11,0.7843750129000402
1669,12,0.8818029206554876
1670,1,0.812797608685643
1670,2,0.7724508455153323
1670,3,0.6280933233557109
1670,4,0.5518709288896154
1670,5,0.6979859295136784
1670,6,0.6448228531259415
1670,7,0.6944878178675837
1670,8,0.5835884225497604
1670,9,0.6178324446023076
1670,10,0.558908147777797
1670,11,0.7343620778298057
1670,12,0.5328515171796453
1671,1,0.6463336643170969
1671,2,0.49567619079020153
1671,3,0.5641923830217619
1671,4,0.6433631764808629
1671,5,0.4813541697167027
1671,6,0.6076819852149171
1671,7,0.6117059829053983
1671,8,0.44971304667771317
1671,9,0.6343169901813306
1671,10,0.6378256456476048
1671,11,0.7724174523683311
1671,12,0.7475480591908801
1672,1,0.7960634741555992
1672,2,0.721847626801276
1672,3,0.7793766674636073
1672,4,0.5468504800752576
1672,5,0.5718617497332956
1672,6,0.6234621727336387
1672,7,0.6492689471948929
1672,8,0.5448756405008862
1672,9,0.4772298239409571
1672,10,0.755429064032378
1672,11,0.674276192879429
1672,12,0.48929223837878477
1673,1,0.6579322284570222
1673,2,0.4192907325225661
1673,3,0.7857158614609254
1673,4,0.5077256138561919
1673,5,0.5315236319153097
1673,6,0.5289148952455731
1673,7,0.6859839023080634
1673,8,0.5031991914012346
1673,9,0.6073130911829357
1673,10,0.7105157264293429
1673,11,0.7279355314209519
1673,12,1.0834454862318648
1674,1,0.9054685544718335
1674,2,0.9048626453123036
1674,3,0.8546758411466999
1674,4,0.5049635289077872
1674,5,0.6265571065021427
1674,6,0.9019129824136896
1674,7,0.8562703722027154
1674,8,0.6287974241148759
1674,9,0.48686545219075394
1674,10,0.6114809764120888
1674,11,0.4313166252134225
1674,12,0.7324309566547047
1675,1,0.5998546852363942
1675,2,0.888147693874726
1675,3,0.6885892988911805
1675,4,0.5278462674889097
1675,5,0.4336682399788897
1675,6,0.5316722659050579
1675,7,0.7030235525287932
1675,8,0.37407974654929166
1675,9,0.5496208571370648
1675,10,0.6873778176747491
1675,11,0.7647369749690259
1675,12,0.5067603350180274
1676,1,0.7227051831213569
1676,2,0.45747760523056213
1676,3,0.5311181413580864
1676,4,0.42386668763563573
1676,5,0.6553897797354522
1676,6,0.5615313515573853
1676,7,0.5722994296445649
1676,8,0.33393964113495056
1676,9,0.5626801271780021
1676,10,0.6548570204139031
1676,11,0.7549682717790211
1676,12,0.5034277099165245
1677,1,0.6300549057674902
1677,2,0.42268092772108556
1677,3,0.5560728886771192
1677,4,0.612826380329147
1677,5,0.48939757193297684
1677,6,0.563633046971195
1677,7,0.6972648095263346
1677,8,0.4975701272599059
1677,9,0.48562997795099977
1677,10,0.5153778443306292
1677,11,0.6453692219969533
1677,12,0.5812843919072062
1678,1,0.5889444694424644
1678,2,0.42455569635363577
1678,3,0.4712746631582353
1678,4,0.5789318934560181
1678,5,0.46820132581962726
1678,6,0.6407835474533231
1678,7,0.6670298659556669
1678,8,0.4943395083377583
1678,9,0.4686009711649415
1678,10,0.5823806564519526
1678,11,0.4934284049676828
1678,12,0.5614314860059932
1679,1,0.5489532931639511
1679,2,0.4643891113071918
1679,3,0.6416928255426886
1679,4,0.5645063545916138
1679,5,0.5743337509999263
1679,6,0.5560136415164209
1679,7,0.5270664361287167
1679,8,0.37104011388798636
1679,9,0.5137064687260644
1679,10,0.6389908587870025
1679,11,0.614733593298604
1679,12,0.42747510640991776
1680,1,0.6145202068535917
1680,2,0.529852715425825
1680,3,0.4915427503896366
1680,4,0.4924327424809166
1680,5,0.5432900453610624
1680,6,0.5794572582177323
1680,7,0.5646257940128241
1680,8,0.46556084600992664
1680,9,0.4855165463905988
1680,10,0.5400924096730647
1680,11,0.5431375779817731
1680,12,0.4718703777368552
1681,1,0.5242141644694575
1681,2,0.4361695393372531
1681,3,0.7028817998850083
1681,4,0.47022962358084053
1681,5,0.5642923911161353
1681,6,0.4922922745820476
1681,7,0.577850705559572
1681,8,0.43945066643291697
1681,9,0.5184596126828
1681,10,0.69027669617376
1681,11,0.7255013014235008
1681,12,0.5242171925713981
1682,1,0.5700814937439739
1682,2,0.4528996888694588
1682,3,0.8657007930333116
1682,4,0.4211523898636046
1682,5,0.7183498264743932
1682,6,0.8125568581522435
1682,7,0.6249413684104446
1682,8,0.4359094834153123
1682,9,0.5279445969027778
1682,10,0.661059559324453
1682,11,0.5733992585397107
1682,12,0.7226742026563232
1683,1,0.7404181797309856
1683,2,0.4362477035181339
1683,3,0.4658674969433323
1683,4,0.41229504304246223
1683,5,0.504968117496281
1683,6,0.7277438293710781
1683,7,0.6519176095875013
1683,8,0.4928326019314049
1683,9,0.5704108709032661
1683,10,0.6246417761671981
1683,11,0.6723110303606838
1683,12,0.6129239902149821
1684,1,0.8537571082414652
1684,2,0.5267829101475366
1684,3,0.8214945313451003
1684,4,0.6217746606956049
1684,5,0.7107652392841644
1684,6,0.7828161212361258
1684,7,0.8131611692251102
1684,8,0.6088967877078508
1684,9,0.511658443433779
1684,10,0.6002533512880042
1684,11,0.6971973593439719
1684,12,0.5149264032102584
1685,1,0.6380193935603111
1685,2,0.4467916726517249
1685,3,0.6784924914673585
1685,4,0.6256432731496577
1685,5,0.5800294600280957
1685,6,0.5368416811551129
1685,7,0.6116317271532631
1685,8,0.4646121267495491
1685,9,0.5444288763657725
1685,10,0.6196024442233792
1685,11,0.665204824015868
1685,12,0.6757313425100784
1686,1,0.7801969321926525
1686,2,0.5438971751898042
1686,3,0.5363320095765011
1686,4,0.5559681107573116
1686,5,0.5624948416029938
1686,6,0.6684853606828355
1686,7,0.5439247309249114
1686,8,0.4660533357517166
1686,9,0.6001961470306494
1686,10,0.6349621396333671
1686,11,0.7162294918949261
1686,12,0.6174097103407203
1687,1,0.8386160716109761
1687,2,0.5873813493743766
1687,3,0.8242802270753866
1687,4,0.5362647544212433
1687,5,0.5897552832987905
1687,6,0.5974524765765233
1687,7,0.831998747948995
1687,8,0.5596082023754363
1687,9,0.52944541277876
1687,10,0.6540937156146382
1687,11,0.6650467235184034
1687,12,0.6874538983936662
1688,1,0.9747944125680448
1688,2,0.7363024291713808
1688,3,0.6371109523720988
1688,4,0.602290005011898
1688,5,0.589056569585279
1688,6,0.5228694023210722
1688,7,0.5498644686117259
1688,8,0.43304149372414025
1688,9,0.5428845874961049
1688,10,0.5509522405136559
1688,11,0.7264415333216924
1688,12,0.5950383127546409
1689,1,0.8657579202233672
1689,2,0.43825660171823144
1689,3,1.0119565635344696
1689,4,0.6232581854110748
1689,5,0.6798776779801184
1689,6,0.8221109903459952
1689,7,1.05674339278097
1689,8,0.6924949153776995
1689,9,0.6538533535090383
1689,10,0.65710454905923
1689,11,0.7019124447619102
1689,12,0.8745978499563104
1690,1,0.6328404680043808
1690,2,0.5798271309399021
1690,3,0.7319455149357653
1690,4,0.5765558242775766
1690,5,0.5771639702465736
1690,6,0.8228630843798252
1690,7,0.48826463387985697
1690,8,0.5006026763008047
1690,9,0.6161741772662378
1690,10,0.7421889419739964
1690,11,0.6421155800189254
1690,12,0.47160044669212253
1691,1,0.4921231786118108
1691,2,0.4975074623116836
1691,3,0.6683348213866654
1691,4,0.40730387192504686
1691,5,0.577111338235104
1691,6,0.6313076894341154
1691,7,0.47261296723642654
1691,8,0.47995950869213566
1691,9,0.6021768126659256
1691,10,0.695312008899945
1691,11,0.5666088952694472
1691,12,0.6237314202278357
1692,1,1.0746957619167539
1692,2,0.6133264745129949
1692,3,1.123646161946592
1692,4,0.7349685233121885
1692,5,0.6029081216645041
1692,6,0.7254259832180038
1692,7,0.912882564513799
1692,8,0.7176633418349581
1692,9,0.6547301281166885
1692,10,0.5638022831518504
1692,11,0.6059684173895492
1692,12,0.4987189118330234
1693,1,0.5784840050401638
1693,2,0.6069519866071111
1693,3,0.6218696332413959
1693,4,0.6120242623841463
1693,5,0.7121754306308454
1693,6,0.7150683348431018
1693,7,0.7493987442206091
1693,8,0.6133722972733432
1693,9,0.4744038108185039
1693,10,0.5661890404138709
1693,11,0.6499225762261424
1693,12,0.6519370099991799
1694,1,0.6913685560240497
1694,2,0.49741008109310086
1694,3,0.8136216400805703
1694,4,0.8213606084628099
1694,5,0.572993409463812
1694,6,0.8103087484070752
1694,7,0.694862086536141
1694,8,0.5902780531427444
1694,9,0.49111039574986115
1694,10,0.7089291315218356
1694,11,0.6398941573779373
1694,12,0.5042562239698327
1695,1,0.7762959276834973
1695,2,0.6005033199894085
1695,3,0.5185161002938059
1695,4,0.5191828954402052
1695,5,0.5265560087374951
1695,6,0.5534457017592181
1695,7,0.5920193539161996
1695,8,0.494193346059568
1695,9,0.6587900280542363
1695,10,0.6620478026067536
1695,11,0.6136634626476957
1695,12,0.5593279747715947
1696,1,0.9070066346850195
1696,2,0.5203966019966717
1696,3,0.6402431248417952
1696,4,0.4572394905374838
1696,5,0.5655362131918951
1696,6,0.6491180911591758
1696,7,0.6647339600253734
1696,8,0.5306242300662446
1696,9,0.5086827065767171
1696,10,0.4966295652552042
1696,11,0.6497792790060213
1696,12,0.6101731397431059
1697,1,0.7124103887010567
1697,2,0.557147225551377
1697,3,0.5195952766258531
1697,4,0.5574724411780225
1697,5,0.53850670103481
1697,6,0.6021778447696398
1697,7,0.4889097552504688
1697,8,0.40526265430933045
1697,9,0.5640713473216808
1697,10,0.6129713217741659
1697,11,0.6927270848653323
1697,12,0.7487791077760324
1698,1,1.0427032151657933
1698,2,0.8773155897603679
1698,3,0.9911829173338333
1698,4,0.6083406572157715
1698,5,0.49750786355287413
1698,6,0.8266840885337587
1698,7,0.735473542693933
1698,8,0.6715364743185179
1698,9,0.5904973911160687
1698,10,0.7264702574411862
1698,11,0.6407305057057556
1698,12,0.9029108798499479
1699,1,0.6120341093060944
1699,2,0.6970954943915615
1699,3,0.6246805956921969
1699,4,0.6310335950165745
1699,5,0.5514799269004538
1699,6,0.5208149390203684
1699,7,0.7034816095851381
1699,8,0.5296613320682012
1699,9,0.657928090927123
1699,10,0.681958624696199
1699,11,0.7503849470958195
1699,12,0.6206433139732297
1700,1,0.9073828313649424
1700,2,0.5910342114026106
1700,3,0.6065232958055498
1700,4,0.47022258486410007
1700,5,0.6120567982595841
1700,6,0.7337261805159464
1700,7,0.6966119142943669
1700,8,0.4623552390779484
1700,9,0.5468706343091132
1700,10,0.5989399660705094
1700,11,0.6679712031738505
1700,12,0.7904758051153651
1701,1,0.6554067176703914
1701,2,0.5326270859214146
1701,3,0.840932466876893
1701,4,0.638460568709471
1701,5,0.5799221306518398
1701,6,0.9335396321323057
1701,7,0.7659787921164827
1701,8,0.5051815553245653
1701,9,0.447580720103659
1701,10,0.48442894999212266
1701,11,0.5174343614043068
1701,12,0.5713576215531008
1702,1,0.6951031925084975
1702,2,0.6593193408574709
1702,3,0.49502777340977083
1702,4,0.454800091208996
1702,5,0.4446127488657231
1702,6,0.6232612611984369
1702,7,0.5406386567725674
1702,8,0.5132509948499129
1702,9,0.519930129583932
1702,10,0.5153602980285934
1702,11,0.5156174926744554
1702,12,0.6118253926403021
1703,1,0.7890784509371527
1703,2,0.5717552465014554
1703,3,0.47968895053675736
1703,4,0.4688418970640647
1703,5,0.5328483281979512
1703,6,0.6873462388694381
1703,7,0.636110327755165
1703,8,0.5574461692013227
1703,9,0.5143510137148419
1703,10,0.6177279150527535
1703,11,0.6665383514554366
1703,12,0.48144091868996586
1704,1,0.6034771073829076
1704,2,0.4597379157862672
1704,3,0.4796426608848252
1704,4,0.5675668167686467
1704,5,0.47172957448319097
1704,6,0.5757730424436345
1704,7,0.5551090018459917
1704,8,0.5265410959317509
1704,9,0.4906200087334548
1704,10,0.5197697746054555
1704,11,0.5635298458949792
1704,12,0.5220143503140179
1705,1,0.7172299683541867
1705,2,0.4790564048557556
1705,3,0.4898360928288149
1705,4,0.4744397222245867
1705,5,0.5083603617998145
1705,6,0.6209662953050131
1705,7,0.6746772357884402
1705,8,0.4718242075872662
1705,9,0.5434357723230696
1705,10,0.5544434539653326
1705,11,0.6627001273646691
1705,12,0.49783003361855505
1706,1,0.6927290894725382
1706,2,0.5981747627302929
1706,3,0.47297766698737437
1706,4,0.4978964464034702
1706,5,0.46301544732184696
1706,6,0.6864730489585869
1706,7,0.696116661731188
1706,8,0.5631094634142517
1706,9,0.46511252391787883
1706,10,0.5231261458991678
1706,11,0.5679235783610663
1706,12,0.5414945199483681
1707,1,0.7393600510738925
1707,2,0.4962983621258688
1707,3,0.4440582504643152
1707,4,0.6745659112357847
1707,5,0.4765471718895605
1707,6,0.5322728266633165
1707,7,0.626542989867279
1707,8,0.48138902646070947
1707,9,0.5657417364479072
1707,10,0.5843199333688645
1707,11,0.6767892653914666
1707,12,0.47524801471422073
1708,1,0.7346543632046301
1708,2,0.4567016321578496
1708,3,0.47431141063085763
1708,4,0.4638369523798367
1708,5,0.4507474789842626
1708,6,0.627229773334599
1708,7,0.669089233579797
1708,8,0.4284618441292956
1708,9,0.4738097709673248
1708,10,0.4992191430555407
1708,11,0.5722954673018122
1708,12,0.47849839152631435
1709,1,0.7147306243956876
1709,2,0.6300284303683567
1709,3,0.6068204701887111
1709,4,0.48936731094344177
1709,5,0.545734510485663
1709,6,0.6959431585247448
1709,7,0.5975251191452287
1709,8,0.5697629511928397
1709,9,0.5637528820372536
1709,10,0.6697041486862625
1709,11,0.5453553879620197
1709,12,0.6894909319558329
1710,1,0.5686098516563685
1710,2,0.7878677846492046
1710,3,0.4987945563673264
1710,4,0.7055656981439524
1710,5,0.6538255081688973
1710,6,0.5880177384842796
1710,7,0.5494649891096457
1710,8,0.41774414897813134
1710,9,0.6049324988873419
1710,10,0.5581713415514131
1710,11,0.6327572983896835
1710,12,0.49848693652767406
1711,1,0.9719183252389093
1711,2,0.5543426041380217
1711,3,0.7370385109136249
1711,4,0.6985530036925529
1711,5,0.59138651869489
1711,6,0.7161459280436431
1711,7,0.6761227905970595
1711,8,0.4605233547216107
1711,9,0.533564770650448
1711,10,0.6349004902643474
1711,11,0.5561469729202808
1711,12,0.5408700062780237
1712,1,0.6178577611989268
1712,2,0.596382968604356
1712,3,0.5258760908989532
1712,4,0.4529916837215324
1712,5,0.48538596601839257
1712,6,0.5888137611214328
1712,7,0.46105039042057827
1712,8,0.42443038066643757
1712,9,0.5866280680684738
1712,10,0.606380660921864
1712,11,0.652011997207594
1712,12,0.7611106893609695
1713,1,0.6447300240411734
1713,2,0.47351238796840445
1713,3,0.4701761278490584
1713,4,0.5226089393472914
1713,5,0.4442775243481118
1713,6,0.7510488634096626
1713,7,0.6172619061301505
1713,8,0.5591984711406228
1713,9,0.49910753387265144
1713,10,0.5507602404485304
1713,11,0.5998844815510126
1713,12,0.4898266348376862
1714,1,0.6745107821699652
1714,2,0.5287839954383107
1714,3,0.6145480648650257
1714,4,0.5288275561817117
1714,5,0.5756650965829823
1714,6,0.5991097277140899
1714,7,0.7092706927369562
1714,8,0.5857784969928097
1714,9,0.7095819183441469
1714,10,0.5654444725272669
1714,11,0.7468618280908448
1714,12,0.532488603798782
1715,1,0.9422118154391317
1715,2,0.48332782584168166
1715,3,0.6225547994293352
1715,4,0.42238464969208445
1715,5,0.5024556826576059
1715,6,0.5523791353395064
1715,7,0.6271341160772719
1715,8,0.4652275767782796
1715,9,0.5153041999963606
1715,10,0.6051237373504139
1715,11,0.5458314855100472
1715,12,0.6884262344619574
1716,1,0.6831100410358475
1716,2,0.41254390016994236
1716,3,0.4082030468859148
1716,4,0.4565649545474211
1716,5,0.5414213696886636
1716,6,0.5409354676422364
1716,7,0.5599127537468052
1716,8,0.37351257793034304
1716,9,0.40563074856812176
1716,10,0.5581876926850021
1716,11,0.6296792765269992
1716,12,0.5871206231194733
1717,1,0.6600154410660664
1717,2,0.4731809171933392
1717,3,0.3867087243407793
1717,4,0.5403730550832219
1717,5,0.5513732275954117
1717,6,0.6098083099979148
1717,7,0.6461621377288443
1717,8,0.36854152226602915
1717,9,0.422755913361775
1717,10,0.5227023195793769
1717,11,0.579541777301111
1717,12,0.6112333277694878
1718,1,0.7335068660930657
1718,2,0.47854656531863327
1718,3,0.49767474518592913
1718,4,0.4813661111674972
1718,5,0.5421103695444132
1718,6,0.6968898061775346
1718,7,0.6283452859770751
1718,8,0.46152385696033665
1718,9,0.47937590357972837
1718,10,0.5580909895246484
1718,11,0.7195500494626546
1718,12,0.5456993570614033
1719,1,0.6436379131214143
1719,2,0.4373459054448945
1719,3,0.37960669824167026
1719,4,0.4543310953306824
1719,5,0.42436778922615404
1719,6,0.5930177098887075
1719,7,0.656040183439849
1719,8,0.3742470164708834
1719,9,0.5831049181915441
1719,10,0.5240498803846984
1719,11,0.5594286459917568
1719,12,0.47522741364407295
1720,1,0.5712958080584286
1720,2,0.5161996304091286
1720,3,0.44615738442798575
1720,4,0.4528647225882886
1720,5,0.5501867824836575
1720,6,0.5816325268580453
1720,7,0.5762306651175549
1720,8,0.47450164437943254
1720,9,0.45900172744074585
1720,10,0.49511651890716457
1720,11,0.5079171454644318
1720,12,0.47625852810646946
1721,1,0.7603477236326197
1721,2,0.39962420694533163
1721,3,0.48767649156025417
1721,4,0.4365141509974414
1721,5,0.4078999657425735
1721,6,0.5246640489407601
1721,7,0.6047538229261445
1721,8,0.5410170690762737
1721,9,0.39748920028611046
1721,10,0.5589776327914966
1721,11,0.5729210031079923
1721,12,0.49476549295962924
1722,1,0.6698255394535995
1722,2,0.5362613544122888
1722,3,0.43730245042918825
1722,4,0.4278781724647668
1722,5,0.4803608109471086
1722,6,0.6263042657125533
1722,7,0.6876102213545039
1722,8,0.4514938694081596
1722,9,0.43443241240279734
1722,10,0.5601137707372537
1722,11,0.47656480060339046
1722,12,0.4454776756841302
1723,1,0.5972262031152794
1723,2,0.42758445365648434
1723,3,0.40329899730954955
1723,4,0.4281499075897986
1723,5,0.4819237105372842
1723,6,0.5370420407987219
1723,7,0.5029487131609303
1723,8,0.4498023533553204
1723,9,0.41776480054024956
1723,10,0.4819328295694456
1723,11,0.5877078050780891
1723,12,0.4897197155024974
1724,1,0.5702433482356256
1724,2,0.5436943541477787
1724,3,0.5072842409149572
1724,4,0.431939235975052
1724,5,0.3772946899037357
1724,6,0.5758857817036037
1724,7,0.6235957310381164
1724,8,0.4725291210856183
1724,9,0.4154738824987927
1724,10,0.45549144424732246
1724,11,0.49573555266124725
1724,12,0.45341513081996715
1725,1,0.7125093436028314
1725,2,0.5214587694895216
1725,3,0.5110566466229328
1725,4,0.35809386239883034
1725,5,0.4584102474844037
1725,6,0.5832576788869632
1725,7,0.6594576279113258
1725,8,0.3918892739965024
1725,9,0.532919371939913
1725,10,0.42018341005962323
1725,11,0.5817115204798763
1725,12,0.5025144941318901
1726,1,0.6234605531281274
1726,2,0.4292646247073972
1726,3,0.4550853128553898
1726,4,0.3812292320202985
1726,5,0.5015592850545817
1726,6,0.49145741335047255
1726,7,0.5412923170518951
1726,8,0.3436476413622554
1726,9,0.4753846630752717
1726,10,0.4516220279424462
1726,11,0.5398900830853463
1726,12,0.36754645671912034
1727,1,0.4395608090099777
1727,2,0.39947928268639354
1727,3,0.43171700883056635
1727,4,0.3897251758246397
1727,5,0.4099012246251912
1727,6,0.49936542811318135
1727,7,0.39866031418290393
1727,8,0.4874138710863646
1727,9,0.4554772251121407
1727,10,0.4775439843810526
1727,11,0.5719086675018961
1727,12,0.5088980952109318
1728,1,0.5343263903709805
1728,2,0.43090986538057946
1728,3,0.2928099843561074
1728,4,0.3965352228113822
1728,5,0.3834653920637825
1728,6,0.46109156940157514
1728,7,0.4932823391306595
1728,8,0.40316856622790803
1728,9,0.33375289278439285
1728,10,0.39376080453658135
1728,11,0.5679878164787766
1728,12,0.46678100941046496
1729,1,0.6442959319343786
1729,2,0.5194080881933607
1729,3,0.43676958259269094
1729,4,0.4321081390623179
1729,5,0.3977903507328623
1729,6,0.5479510497374165
1729,7,0.5425061360261703
1729,8,0.38961007086556965
1729,9,0.44847041587236536
1729,10,0.4400639771901303
1729,11,0.46773664440196566
1729,12,0.4318603188361254
1730,1,0.539673155503613
1730,2,0.399711822253747
1730,3,0.4289743802208124
1730,4,0.39622115680665515
1730,5,0.39949186844088624
1730,6,0.44447906413560245
1730,7,0.501560239422532
1730,8,0.42386122678575744
1730,9,0.44759959734770677
1730,10,0.4852162159255995
1730,11,0.5286085426984883
1730,12,0.4609314233375219
1731,1,0.5844853758716799
1731,2,0.43286923857816306
1731,3,0.44185563808245165
1731,4,0.4166145020605292
1731,5,0.35187100139138894
1731,6,0.6433201144334295
1731,7,0.6287273952236259
1731,8,0.5176729922904553
1731,9,0.45729075240668116
1731,10,0.580715383291961
1731,11,0.5798155452978747
1731,12,0.4679905445891457
1732,1,0.5674716632866169
1732,2,0.7149417339976821
1732,3,0.6798005653501056
1732,4,0.4112507591728276
1732,5,0.4448015380190138
1732,6,0.584823603077206
1732,7,0.5903768993088951
1732,8,0.31627571000968985
1732,9,0.4678748691460262
1732,10,0.47199487386659994
1732,11,0.7014800315388847
1732,12,0.47819139392539345
1733,1,0.5094719450668381
1733,2,0.4259586829182422
1733,3,0.5733732215659089
1733,4,0.5484675378837789
1733,5,0.515063362950875
1733,6,0.5616107943233185
1733,7,0.6627474468144741
1733,8,0.4479365278499322
1733,9,0.4857060512344127
1733,10,0.479955409065252
1733,11,0.5625912183413732
1733,12,0.4992093711182226
1734,1,0.7597051160124378
1734,2,0.6787152043989534
1734,3,0.717449372402129
1734,4,0.4545988560449113
1734,5,0.47637034666576483
1734,6,0.5637096672241672
1734,7,0.5563948558015198
1734,8,0.4372447406759661
1734,9,0.41463840421284487
1734,10,0.5463595576513262
1734,11,0.4749579620764559
1734,12,0.4320945232105131
1735,1,0.7908300586732853
1735,2,0.8004789929251165
1735,3,0.7579010956010874
1735,4,0.46412373843924937
1735,5,0.4535014906037911
1735,6,0.733423066262437
1735,7,0.8970948025320193
1735,8,0.5994851192174864
1735,9,0.5319072865390674
1735,10,0.49823555823891974
1735,11,0.5016963670210819
1735,12,0.4776001943494772
1736,1,0.7521909587898856
1736,2,0.8052846739316307
1736,3,0.5102936527966033
1736,4,0.45278164333448867
1736,5,0.39848623306726044
1736,6,0.6076718492217652
1736,7,0.6022772514512413
1736,8,0.46544531408423534
1736,9,0.6131127845983102
1736,10,0.4994876974839605
1736,11,0.6716724624213223
1736,12,0.43723403924191995
1737,1,0.6379674627396272
1737,2,0.5006336833366706
1737,3,0.49830963894521124
1737,4,0.46705065680042257
1737,5,0.42461032351452954
1737,6,0.487419052602516
1737,7,0.6672141401684227
1737,8,0.3890599516478265
1737,9,0.4221213752624755
1737,10,0.4402973604798135
1737,11,0.4768986038302802
1737,12,0.3978894349589188
1738,1,0.5801946091484355
1738,2,0.4292083643587733
1738,3,0.5756770124452206
1738,4,0.41059303723036666
1738,5,0.4992560405104055
1738,6,0.5351123738092692
1738,7,0.5575170401684767
1738,8,0.41267355327332544
1738,9,0.507581987118781
1738,10,0.5275943804399754
1738,11,0.6505874477515154
1738,12,0.5984710517353915
1739,1,0.8777207889847547
1739,2,0.5300468536796704
1739,3,0.4769557093879075
1739,4,0.440465036290996
1739,5,0.5960454781091421
1739,6,0.6765538427613286
1739,7,0.9357907352016126
1739,8,0.5571433478871664
1739,9,0.555209604302217
1739,10,0.45247541193032215
1739,11,0.538003156322091
1739,12,0.4695013362681776
1740,1,0.6340697120830291
1740,2,0.4046986252877801
1740,3,0.40708625459943926
1740,4,0.4654006577083611
1740,5,0.5183004431055708
1740,6,0.5484905928633907
1740,7,0.6218975767845387
1740,8,0.5954556042779159
1740,9,0.474754304646804
1740,10,0.558958430376255
1740,11,0.497209168881219
1740,12,0.510954980504227
1741,1,0.6285128407366832
1741,2,0.38508171345018327
1741,3,0.4241447283089754
1741,4,0.3966325623426887
1741,5,0.4144516724195456
1741,6,0.5269874125505399
1741,7,0.5317657074678224
1741,8,0.3978642938296061
1741,9,0.5574154589613936
1741,10,0.6328252471938642
1741,11,0.7117592170337195
1741,12,0.4622080877435455
1742,1,0.7767383250650899
1742,2,0.47738864410031345
1742,3,0.5473752606830229
1742,4,0.4512559662955929
1742,5,0.5106765007268832
1742,6,0.5772148439333104
1742,7,0.6450823061249062
1742,8,0.49575396163442753
1742,9,0.4540325031781917
1742,10,0.47162300054432515
1742,11,0.5762925557206606
1742,12,0.47063871137669977
1743,1,0.5622156407137893
1743,2,0.4940025274494723
1743,3,0.4389680986692407
1743,4,0.4776230238801589
1743,5,0.46083711240934405
1743,6,0.5537429237902932
1743,7,0.5514245541317834
1743,8,0.4424883126225305
1743,9,0.4382059011213159
1743,10,0.4539457734873471
1743,11,0.4840997376889687
1743,12,0.4424256218124869
1744,1,0.537325400371114
1744,2,0.39733145059436514
1744,3,0.4416606417554845
1744,4,0.4791825627577098
1744,5,0.46576674376760463
1744,6,0.532314153066429
1744,7,0.5398577872532474
1744,8,0.4804953334933687
1744,9,0.3737359975455691
1744,10,0.43926886612422544
1744,11,0.5911910935180658
1744,12,0.5481918435404858
1745,1,0.705072173086536
1745,2,0.4879074310571161
1745,3,0.4776568756716338
1745,4,0.45917417065303334
1745,5,0.5650314024489625
1745,6,0.6655762341189058
1745,7,0.6659815802245095
1745,8,0.5268308849101643
1745,9,0.5308472626477774
1745,10,0.5927885969318694
1745,11,0.5657621788598979
1745,12,0.44245063379662486
1746,1,0.5186644016014419
1746,2,0.4717407064186581
1746,3,0.4310218458560484
1746,4,0.4450753577772193
1746,5,0.47006052428599987
1746,6,0.5535327261764871
1746,7,0.5455020317923562
1746,8,0.44073358693926734
1746,9,0.5060924583916395
1746,10,0.5060389599576083
1746,11,0.49445124308138266
1746,12,0.48918051728957435
1747,1,0.52830339171461
1747,2,0.3732573934467631
1747,3,0.48912125146511165
1747,4,0.3673455686487711
1747,5,0.44772748635966464
1747,6,0.4238129261491345
1747,7,0.40678532894229363
1747,8,0.3742747467592585
1747,9,0.5229825740376034
1747,10,0.5016053931405946
1747,11,0.4766629530165254
1747,12,0.46752376589659506
1748,1,0.6021349709641
1748,2,0.4628981196001324
1748,3,0.4175477258994389
1748,4,0.46231046237594187
1748,5,0.5373424782994723
1748,6,0.3845945330799069
1748,7,0.5630302439537146
1748,8,0.36856725640955595
1748,9,0.4862060286397587
1748,10,0.5771090058316554
1748,11,0.6365340413495397
1748,12,0.4099752070274968
1749,1,0.5599949039800604
1749,2,0.7143392403364361
1749,3,0.5323054402121024
1749,4,0.43877455150360417
1749,5,0.39807891656849187
1749,6,0.5699890860135508
1749,7,0.5498600765274306
1749,8,0.4011335774594537
1749,9,0.4833406576674326
1749,10,0.48249803588787976
1749,11,0.6240492495583194
1749,12,0.46047214210415277
1750,1,0.8468269702772688
1750,2,0.726330200872268
1750,3,0.5976048373965037
1750,4,0.4618973724841857
1750,5,0.42689583517182983
1750,6,0.5633508053855186
1750,7,0.6149637181206158
1750,8,0.4293635765673811
1750,9,0.4983832903971916
1750,10,0.5181355604575612
1750,11,0.6283645632247403
1750,12,0.3726696806023504
1751,1,0.542590101681736
1751,2,0.461600046835582
1751,3,0.407691338611336
1751,4,0.39550438490628803
1751,5,0.37289634844449915
1751,6,0.5413394342596731
1751,7,0.48546369161577563
1751,8,0.49646119027342595
1751,9,0.5289024796712851
1751,10,0.6163397060329532
1751,11,0.49403505495902034
1751,12,0.44617333536112047
1752,1,0.6641958114019194
1752,2,0.49185837873234295
1752,3,0.539599671302459
1752,4,0.4488906103848458
1752,5,0.47726462878466347
1752,6,0.6415890817565657
1752,7,0.7972692054178907
1752,8,0.550413972123931
1752,9,0.5655514269374171
1752,10,0.6189983802356007
1752,11,0.4873696392932324
1752,12,0.3898947073511971
1753,1,0.6249668293202525
1753,2,0.44426924236096255
1753,3,0.4546187080308628
1753,4,0.3628252758310455
1753,5,0.44656940627950603
1753,6,0.6706533371318607
1753,7,0.6145847060548786
1753,8,0.4594310922223118
1753,9,0.42603087510336163
1753,10,0.5736096860720535
1753,11,0.5613951430350541
1753,12,0.6789165904893004
1754,1,0.586128920117877
1754,2,0.5952848768626945
1754,3,0.49032255815084336
1754,4,0.4255841786037451
1754,5,0.43662643065537654
1754,6,0.5192598676023111
1754,7,0.5309004742874325
1754,8,0.48198108580143617
1754,9,0.4115255838280536
1754,10,0.4335395692988221
1754,11,0.5382583374173101
1754,12,0.46580311746117664
1755,1,0.6652033747871178
1755,2,0.40673798576883685
1755,3,0.44043762228406624
1755,4,0.4674680363233847
1755,5,0.4051522218925314
1755,6,0.4342920019279153
1755,7,0.5534979868571068
1755,8,0.4014116839078682
1755,9,0.4011612371955559
1755,10,0.48677231071410554
1755,11,0.535277542645376
1755,12,0.45255701541951654
1756,1,0.5050792160931232
1756,2,0.35827986016243796
1756,3,0.49845515396385365
1756,4,0.42328185726968814
1756,5,0.501852507500313
1756,6,0.5714072994210195
1756,7,0.4998338091670167
1756,8,0.4504270583792376
1756,9,0.4043357908542831
1756,10,0.57461107259079
1756,11,0.5920597139533266
1756,12,0.530280724532173
1757,1,0.6775163584124617
1757,2,0.6601205165312989
1757,3,0.5040915565361083
1757,4,0.5428143211164628
1757,5,0.48498308588387634
1757,6,0.6929785478849688
1757,7,0.6913774843997218
1757,8,0.4974981946150215
1757,9,0.4633755734941358
1757,10,0.516596939876393
1757,11,0.49607299228433743
1757,12,0.42779759976535237
1758,1,0.5739776329060846
1758,2,0.5266844445135603
1758,3,0.5576618795558251
1758,4,0.4407933830186616
1758,5,0.465334244977213
1758,6,0.6048682155286497
1758,7,0.5719565494869698
1758,8,0.34886690775111795
1758,9,0.4406394304736141
1758,10,0.5051120511602581
1758,11,0.5598236930400151
1758,12,0.4122547319175277
1759,1,0.728148294799829
1759,2,0.5216696459941919
1759,3,0.4254704613904176
1759,4,0.44209492323104854
1759,5,0.5398559672474377
1759,6,0.7304143371461622
1759,7,0.7181097490457578
1759,8,0.5135563612239606
1759,9,0.41158749657123306
1759,10,0.48330538342311935
1759,11,0.48233521597188955
1759,12,0.6099069208857031
1760,1,0.5445188882453385
1760,2,0.5143415950852198
1760,3,0.3962356068526761
1760,4,0.37656310741191423
1760,5,0.41428879504646704
1760,6,0.5422907529771699
1760,7,0.518499020330099
1760,8,0.4857457858774246
1760,9,0.42086853329839163
1760,10,0.4481817697252689
1760,11,0.4933298176268238
1760,12,0.4314853134252292
1761,1,0.7236700167995
1761,2,0.6006299690967625
1761,3,0.42190407516975725
1761,4,0.4655429626671308
1761,5,0.40452662772762127
1761,6,0.49076378207155275
1761,7,0.497636375754174
1761,8,0.5339480320769671
1761,9,0.41970630723569247
1761,10,0.5605332139814909
1761,11,0.5729753434397351
1761,12,0.5566973988529708
1762,1,0.7763695299256164
1762,2,0.6718384180362679
1762,3,0.6555893507510988
1762,4,0.6633058231955861
1762,5,0.3739230142926754
1762,6,0.5411675747632588
1762,7,0.5152164205735977
1762,8,0.4363019660868921
1762,9,0.3710840210292363
1762,10,0.46324317084595656
1762,11,0.5904106647324567
1762,12,0.4292052833108697
1763,1,0.5917646172927378
1763,2,0.4752900038873682
1763,3,0.42452735950885234
1763,4,0.40215621067943463
1763,5,0.3310018313468714
1763,6,0.6116203290957922
1763,7,0.4183256279406814
1763,8,0.4224228739225879
1763,9,0.3936468273744258
1763,10,0.4439671747637802
1763,11,0.5271408313466054
1763,12,0.42589506963424345
1764,1,0.5615982703224295
1764,2,0.45784811728607056
1764,3,0.3935307433974854
1764,4,0.3694249114801639
1764,5,0.48396541462446735
1764,6,0.6272953458277912
1764,7,0.5792713043495594
1764,8,0.49039722849039313
1764,9,0.4661489794236474
1764,10,0.5675460124260931
1764,11,0.6413808085725632
1764,12,0.48069496543415424
1765,1,0.5437664906470299
1765,2,0.4499146121295843
1765,3,0.52625274927689
1765,4,0.3682386150316721
1765,5,0.419045732325397
1765,6,0.5436423758097872
1765,7,0.6090601119824389
1765,8,0.4113247691233639
1765,9,0.43028323324165296
1765,10,0.6104907020613888
1765,11,0.6475851328238951
1765,12,0.44036963424991893
1766,1,0.4808363330610214
1766,2,0.4718824785283143
1766,3,0.38108076421223147
1766,4,0.3448152573854906
1766,5,0.433886982115777
1766,6,0.5517509819544366
1766,7,0.4891630900285041
1766,8,0.40404979432002425
1766,9,0.3956509495382583
1766,10,0.35113745703708454
1766,11,0.5798185267154554
1766,12,0.4234102391955977
1767,1,0.5522115580521618
1767,2,0.3443282755541803
1767,3,0.4238223914977982
1767,4,0.3882380408174262
1767,5,0.4103214122738412
1767,6,0.4180177500223979
1767,7,0.5087789484447393
1767,8,0.4306244689574992
1767,9,0.4136808994031248
1767,10,0.5554705421904944
1767,11,0.4307086111623374
1767,12,0.45506440921231206
1768,1,0.5571748764258622
1768,2,0.40377842401181346
1768,3,0.48287998869894244
1768,4,0.44986576211638196
1768,5,0.46676894807136826
1768,6,0.595598677394505
1768,7,0.6800175372244115
1768,8,0.571161152706519
1768,9,0.5647325622452051
1768,10,0.4885378928186651
1768,11,0.4793196094050021
1768,12,0.4042866984833575
1769,1,0.4394238925547088
1769,2,0.37407901649549313
1769,3,0.343117805159591
1769,4,0.4195440726446655
1769,5,0.39084513424596534
1769,6,0.4091450692714935
1769,7,0.5239981943154612
1769,8,0.43521921504296956
1769,9,0.5566564746796657
1769,10,0.5133614894369277
1769,11,0.5837749770002392
1769,12,0.4497378732472691
1770,1,0.6371439852053278
1770,2,0.5111106809287476
1770,3,0.4926695650266171
1770,4,0.4702919158799378
1770,5,0.5567101243618086
1770,6,0.7538389724873185
1770,7,0.8732859881421313
1770,8,0.5489017039953119
1770,9,0.506818622364707
1770,10,0.44189227830020317
1770,11,0.4928163915330561
1770,12,0.41107724177526467
1771,1,0.5502316961394078
1771,2,0.4814871186980273
1771,3,0.46138321446122943
1771,4,0.4110751664618589
1771,5,0.47251335873927547
1771,6,0.6272233489694661
1771,7,0.4944878056037792
1771,8,0.4313532287252854
1771,9,0.41812773721423324
1771,10,0.423753693227302
1771,11,0.413294298791313
1771,12,0.5590231255236788
1772,1,0.5279023069720076
1772,2,0.3539835935053038
1772,3,0.5387304398971906
1772,4,0.5392146490939043
1772,5,0.4721739042541227
1772,6,0.40057116262434267
1772,7,0.5370189269960649
1772,8,0.39242351657387836
1772,9,0.4783254419053151
1772,10,0.5420541547451845
1772,11,0.5728944720069148
1772,12,0.5765565803525637
1773,1,0.4139177407481257
1773,2,0.378954861404958
1773,3,0.3987916981409638
1773,4,0.4458666696519109
1773,5,0.37683844660231297
1773,6,0.5225675362231298
1773,7,0.5268084564356774
1773,8,0.4383250235246044
1773,9,0.37812481789967645
1773,10,0.5570088046571079
1773,11,0.562951165262293
1773,12,0.45190895186991564
1774,1,0.6627085993717827
1774,2,0.40747256926140973
1774,3,0.4055032571525323
1774,4,0.4713283801595066
1774,5,0.41133901819867214
1774,6,0.4971409361071324
1774,7,0.6032355732758184
1774,8,0.43508836649186355
1774,9,0.449105348630922
1774,10,0.4387795107242126
1774,11,0.45780839656677774
1774,12,0.4337245464830095
1775,1,0.5361636772916937
1775,2,0.4373358684230153
1775,3,0.4102938580437878
1775,4,0.3501845993493711
1775,5,0.485831615913981
1775,6,0.5544248979670974
1775,7,0.5275255007523356
1775,8,0.4281275636210693
1775,9,0.43488206645859984
1775,10,0.5315529364808049
1775,11,0.49206970627723684
1775,12,0.350062285328852
1776,1,0.5344519284239295
1776,2,0.38833209656022993
1776,3,0.48490134738249285
1776,4,0.4021201868589094
1776,5,0.37894130443139346
1776,6,0.3532947960051437
1776,7,0.5648391125378504
1776,8,0.4006160243690772
1776,9,0.4737301813348881
1776,10,0.4600321702842624
1776,11,0.8973263321098024
1776,12,0.472893650121143
1777,1,0.48982218931439225
1777,2,0.43734929697204106
1777,3,0.4143509281999471
1777,4,0.4357355832669869
1777,5,0.42885435578332376
1777,6,0.4673159183697429
1777,7,0.5677365792592923
1777,8,0.380675356798521
1777,9,0.41654642669773223
1777,10,0.4881745926730637
1777,11,0.4819577266644801
1777,12,0.4713086062829812
1778,1,0.454856816888614
1778,2,0.4085869331155978
1778,3,0.4337222896384996
1778,4,0.36467792610084826
1778,5,0.4448880780476644
1778,6,0.37599995304753603
1778,7,0.45796180327018365
1778,8,0.4796230049052993
1778,9,0.46241690125588136
1778,10,0.4727535883323031
1778,11,0.42088914617573314
1778,12,0.40153348597103883
1779,1,0.573461877388662
1779,2,0.41240663414872325
1779,3,0.38285960941389224
1779,4,0.422564147349577
1779,5,0.4951690070789242
1779,6,0.47500543946914076
1779,7,0.4668865042331657
1779,8,0.3462213557017487
1779,9,0.3149917519984188
1779,10,0.3900614647434463
1779,11,0.5232012532661836
1779,12,0.4266256837296516
1780,1,0.46690635365458505
1780,2,0.42298877537381296
1780,3,0.38876619392546796
1780,4,0.2905284016218361
1780,5,0.29049790420185595
1780,6,0.4580774005436994
1780,7,0.4586715530259121
1780,8,0.37290939461506756
1780,9,0.3817060380335954
1780,10,0.34110509191661387
1780,11,0.38926769165985353
1780,12,0.4109978969246605
1781,1,0.528479665570382
1781,2,0.3019919130142559
1781,3,0.4039811915650271
1781,4,0.3513479619881043
1781,5,0.3681766893232164
1781,6,0.42792541790207916
1781,7,0.40115363049991826
1781,8,0.37950180827621477
1781,9,0.4919932492067556
1781,10,0.43115365085849233
1781,11,0.5218502599957223
1781,12,0.43128087313011876
1782,1,0.4207128917854872
1782,2,0.35038282321677294
1782,3,0.32579251695552103
1782,4,0.2846409052429668
1782,5,0.3290072100216457
1782,6,0.3735126053128872
1782,7,0.37717948011380686
1782,8,0.40937911852756215
1782,9,0.292546375186641
1782,10,0.3452666272664333
1782,11,0.35131109404884675
1782,12,0.33811420841344864
1783,1,0.39946875024920114
1783,2,0.25948369097623114
1783,3,0.3728113719900006
1783,4,0.34356750659244883
1783,5,0.33054604736988474
1783,6,0.3452890830127636
1783,7,0.3683917672422407
1783,8,0.32100004964026
1783,9,0.33661255419214753
1783,10,0.3879390103135342
1783,11,0.4188576693420247
1783,12,0.31663434416957753
1784,1,0.4821855301407833
1784,2,0.37350102728910906
1784,3,0.30245345546747804
1784,4,0.2900506686454022
1784,5,0.32332509290827305
1784,6,0.41586967704877
1784,7,0.40719957539694235
1784,8,0.38501556181087787
1784,9,0.3001797681386055
1784,10,0.4241942955610528
1784,11,0.35680572785718306
1784,12,0.3345120137793147
1785,1,0.5061865232477989
1785,2,0.3854879780013518
1785,3,0.3357669055285477
1785,4,0.3056247529247263
1785,5,0.2879929003724305
1785,6,0.3510110527192293
1785,7,0.3980198304233713
1785,8,0.401191811633407
1785,9,0.31922469934314135
1785,10,0.36812726422487807
1785,11,0.33919397226844783
1785,12,0.34040847927964324
1786,1,0.46261097519888017
1786,2,0.34902145442544313
1786,3,0.23822959812784272
1786,4,0.28834307944191157
1786,5,0.367804515966878
1786,6,0.4644203761479961
1786,7,0.42900599613231505
1786,8,0.34401337464219883
1786,9,0.3719541528541437
1786,10,0.37668723848847185
1786,11,0.4728096789768207
1786,12,0.299251976521261
1787,1,0.5476871785489816
1787,2,0.3582948588625777
1787,3,0.358363558941605
1787,4,0.33717501059175614
1787,5,0.36060559101408796
1787,6,0.4626223331355338
1787,7,0.4929930186527568
1787,8,0.3977264829299243
1787,9,0.32328308332037153
1787,10,0.35179561525867276
1787,11,0.4178926946848154
1787,12,0.3719254845710928
1788,1,0.36888223353552085
1788,2,0.3610149141651152
1788,3,0.2982692467608976
1788,4,0.278274965510489
1788,5,0.29766887802538977
1788,6,0.35178223078502024
1788,7,0.38802531139872143
1788,8,0.2898425671273557
1788,9,0.3545469119929038
1788,10,0.3602803709321569
1788,11,0.40266393598353833
1788,12,0.3322813231463355
1789,1,0.4183479834786552
1789,2,0.34124084451914566
1789,3,0.3210656343124181
1789,4,0.380589504369511
1789,5,0.34314676523323495
1789,6,0.4541691704501262
1789,7,0.46117397869132115
1789,8,0.35034286970676587
1789,9,0.3695049049841008
1789,10,0.3811376170398986
1789,11,0.4389682544968487
1789,12,0.3375708635734048
1790,1,0.41846825168318685
1790,2,0.41355413842948485
1790,3,0.4000812969404842
1790,4,0.26967839032466934
1790,5,0.3600579933234618
1790,6,0.447963148440179
1790,7,0.4787897260826074
1790,8,0.37199057273916974
1790,9,0.3652513739931438
1790,10,0.3032503170969605
1790,11,0.41772129027493166
1790,12,0.33526023139363004
1791,1,0.42106876888363787
1791,2,0.31096957589278873
1791,3,0.36383108012924914
1791,4,0.22391728786140816
1791,5,0.34454254033080534
1791,6,0.4679344264224911
1791,7,0.5199323646261532
1791,8,0.4437833648480494
1791,9,0.3163133694425756
1791,10,0.33841342493957816
1791,11,0.3727474177389323
1791,12,0.4307292132239391
1792,1,0.5219227674142478
1792,2,0.30964498174570254
1792,3,0.3170462542311434
1792,4,0.3113000848042467
1792,5,0.36972890171141237
1792,6,0.46255563911210795
1792,7,0.5405554073995656
1792,8,0.31438289279682824
1792,9,0.40527422937993873
1792,10,0.3793690017947169
1792,11,0.4243568258060709
1792,12,0.27756379746015375
1793,1,0.4152048927387675
1793,2,0.3345232008986121
1793,3,0.32528592731559614
1793,4,0.28806020102514684
1793,5,0.36147573496370505
1793,6,0.4809797934106719
1793,7,0.4947622154929566
1793,8,0.34616209152328314
1793,9,0.39897252572875297
1793,10,0.4300596299826764
1793,11,0.47331193739581423
1793,12,0.4396598079975831
1794,1,0.444216504234478
1794,2,0.3870441151601597
1794,3,0.29701111041246997
1794,4,0.28551189481746386
1794,5,0.342619020238223
1794,6,0.49200842657173227
1794,7,0.5708904724741367
1794,8,0.2856263881413534
1794,9,0.3295006923590322
1794,10,0.3696565525637261
1794,11,0.4467642199965451
1794,12,0.35098891924729125
1795,1,0.623404023237603
1795,2,0.36500701042915823
1795,3,0.3052826436906778
1795,4,0.34360192289228364
1795,5,0.34960562334644935
1795,6,0.44755245081216316
1795,7,0.47968255943389393
1795,8,0.3389969662886723
1795,9,0.3785003771515122
1795,10,0.3460159716614304
1795,11,0.46318864187730585
1795,12,0.42523312281215275
1796,1,0.683743370799907
1796,2,0.4060997304773535
1796,3,0.438405362546583
1796,4,0.3954856552933145
1796,5,0.3398309105066199
1796,6,0.6394191463304039
1796,7,0.6192378677921426
1796,8,0.45960615738285027
1796,9,0.3538366448685305
1796,10,0.3948163359839634
1796,11,0.3682365504077042
1796,12,0.44102603856120837
1797,1,0.5051425566437564
1797,2,0.3681130174990543
1797,3,0.3881039623699339
1797,4,0.29872872217500146
1797,5,0.37127865393238557
1797,6,0.46522107740092783
1797,7,0.4607091495486072
1797,8,0.39076803675986554
1797,9,0.39249738171742266
1797,10,0.38863465506750083
1797,11,0.403191847175315
1797,12,0.37649659992410484
1798,1,0.536332126780448
1798,2,0.3518494766097331
1798,3,0.46192622682316997
1798,4,0.39464425833145045
1798,5,0.36984678554749134
1798,6,0.4565218201880866
1798,7,0.3847858171132725
1798,8,0.41066531289909164
1798,9,0.34396667155438576
1798,10,0.41390860220570713
1798,11,0.4025478321936255
1798,12,0.34054061562353316
1799,1,0.494991744513703
1799,2,0.3669454369356145
1799,3,0.42872863428213076
1799,4,0.3254509852758394
1799,5,0.3914410133514774
1799,6,0.40046451066419
1799,7,0.5361184644189307
1799,8,0.36389299815642434
1799,9,0.3512050304934631
1799,10,0.4531071320691812
1799,11,0.3382553352371493
1799,12,0.4016298527555303
1800,1,0.3850741996428194
1800,2,0.3671555177158199
1800,3,0.36374152964020257
1800,4,0.35970603456542793
1800,5,0.32870814061100545
1800,6,0.3786086553850376
1800,7,0.4064365841685277
1800,8,0.3525325617149198
1800,9,0.4130248609107175
1800,10,0.3557723251664351
1800,11,0.35655895093139633
1800,12,0.37888927051631704
1801,1,0.4526161045898997
1801,2,0.3756874378771526
1801,3,0.35717240818361123
1801,4,0.28087117187663635
1801,5,0.3983049173180533
1801,6,0.4266974476203037
1801,7,0.48228735272638723
1801,8,0.37638989154698277
1801,9,0.4940070020345453
1801,10,0.5107415618759394
1801,11,0.43490767167711764
1801,12,0.47623931441194634
1802,1,0.47584997103174187
1802,2,0.4306775145440386
1802,3,0.5636321484379788
1802,4,0.35279479247554746
1802,5,0.47362906741123395
1802,6,0.6185750594844253
1802,7,0.6021381331605138
1802,8,0.46540173267200435
1802,9,0.4162282499031121
1802,10,0.38689002315131127
1802,11,0.4519776122246665
1802,12,0.369958297024569
1803,1,0.4645878535992407
1803,2,0.30002856616090834
1803,3,0.36911006046404726
1803,4,0.2654497709853871
1803,5,0.37748942804994107
1803,6,0.45688322843339757
1803,7,0.5006716383100286
1803,8,0.3879702995955998
1803,9,0.35258030351072583
1803,10,0.4499117769026423
1803,11,0.4295670899425268
1803,12,0.3298512866573923
1804,1,0.4766384040203953
1804,2,0.362488507609856
1804,3,0.3450003553277028
1804,4,0.3406597704422122
1804,5,0.38850933493699313
1804,6,0.4601290634079529
1804,7,0.5731693002673267
1804,8,0.3688380280780673
1804,9,0.41849588782233854
1804,10,0.41426964184866666
1804,11,0.4574001042352443
1804,12,0.46936829925187484
1805,1,0.4972558455132493
1805,2,0.40109515388630107
1805,3,0.32783751990619414
1805,4,0.36606517269795946
1805,5,0.3211671404283233
1805,6,0.5593398247043172
1805,7,0.5837817571091927
1805,8,0.3753843093314237
1805,9,0.35238299152084773
1805,10,0.40482952807177797
1805,11,0.47454604412561374
1805,12,0.34422569387254776
1806,1,0.4754804945405988
1806,2,0.3073017173636725
1806,3,0.36716863937015454
1806,4,0.39588121621402206
1806,5,0.39053714792967664
1806,6,0.5928953139462564
1806,7,0.5223038226685383
1806,8,0.3694184247807958
1806,9,0.4007023104102363
1806,10,0.3797963749411746
1806,11,0.42364700608993366
1806,12,0.4976221952910179
1807,1,0.42425853996620594
1807,2,0.3169569673667403
1807,3,0.3783995551538748
1807,4,0.34820852635174926
1807,5,0.4228150004432668
1807,6,0.5522322355052512
1807,7,0.4986830150479096
1807,8,0.3205699965019573
1807,9,0.23918530625015189
1807,10,0.4536949797239762
1807,11,0.4445380713311472
1807,12,0.4117167917283104
1808,1,0.5652168856235258
1808,2,0.398125822240325
1808,3,0.4105809637628735
1808,4,0.3378588365433973
1808,5,0.35898796635415503
1808,6,0.46189421612462334
1808,7,0.5020849709169996
1808,8,0.36543493340885747
1808,9,0.3583829820026295
1808,10,0.3747779788371176
1808,11,0.39123609812924454
1808,12,0.33498255515184655
1809,1,0.44031174566588893
1809,2,0.33438040822112436
1809,3,0.3003148820261009
1809,4,0.3054732745850708
1809,5,0.3639576991826352
1809,6,0.4892380823134156
1809,7,0.4098043684277002
1809,8,0.3967364188368821
1809,9,0.3025503401312144
1809,10,0.44932181286169276
1809,11,0.46715237492371375
1809,12,0.4594424079674942
1810,1,0.4999311258040582
1810,2,0.4301433196504897
1810,3,0.3225877064736292
1810,4,0.3466549377125516
1810,5,0.2894197946927479
1810,6,0.4151300353301813
1810,7,0.49147964763099494
1810,8,0.36528089101039396
1810,9,0.3574170906878598
1810,10,0.5014635270652102
1810,11,0.40604534205356724
1810,12,0.3847790880085705
1811,1,0.49932973502368716
1811,2,0.34132637212307715
1811,3,0.2727283623087388
1811,4,0.3964675578557906
1811,5,0.3269550761005408
1811,6,0.3649242451886606
1811,7,0.39407103497043044
1811,8,0.37486585676910456
1811,9,0.45286217367230797
1811,10,0.3445034978109508
1811,11,0.43321612631525575
1811,12,0.46180692405985296
1812,1,0.391131551750605
1812,2,0.2768265180636921
1812,3,0.30071380083235
1812,4,0.29694170771965367
1812,5,0.3281244774441474
1812,6,0.32075693069171934
1812,7,0.3713062003257165
1812,8,0.282725533242965
1812,9,0.3717344268385349
1812,10,0.47328272507190183
1812,11,0.4029644891500269
1812,12,0.31433036313440366
1813,1,0.444050131265457
1813,2,0.32766507391249633
1813,3,0.3857379767525003
1813,4,0.37222915552393365
1813,5,0.34231990470927603
1813,6,0.49068639557179705
1813,7,0.451530042953883
1813,8,0.3562636789144898
1813,9,0.3849730456067746
1813,10,0.3832437265660801
1813,11,0.4473692067614657
1813,12,0.3868575604092944
1814,1,0.4877202201607037
1814,2,0.34291500345520154
1814,3,0.31052515390633745
1814,4,0.3244575446823348
1814,5,0.34701214492930554
1814,6,0.42028368881673445
1814,7,0.40765771115106797
1814,8,0.3405278490500624
1814,9,0.3915373245595988
1814,10,0.36499359808024284
1814,11,0.4132173421707124
1814,12,0.4039320364660876
1815,1,0.46977393265900097
1815,2,0.2833508763769262
1815,3,0.41922013946337616
1815,4,0.37868403990346877
1815,5,0.35677850333635786
1815,6,0.4424592553348035
1815,7,0.46517116408515957
1815,8,0.361925890292377
1815,9,0.35568772824368383
1815,10,0.3450077172480298
1815,11,0.43890204605995803
1815,12,0.4167457340034092
1816,1,0.46350610258086966
1816,2,0.3346566856500046
1816,3,0.3152767416324789
1816,4,0.33697094503035485
1816,5,0.39778356773692847
1816,6,0.37603586600681804
1816,7,0.38678901567963686
1816,8,0.3475227165603045
1816,9,0.4087922816437949
1816,10,0.35751903380653005
1816,11,0.3712186014416093
1816,12,0.2920565369860593
1817,1,0.4459069235851516
1817,2,0.39578915190365005
1817,3,0.34783642035206264
1817,4,0.29053267068006183
1817,5,0.2848907176415223
1817,6,0.4726467344883689
1817,7,0.42026680801672034
1817,8,0.37481610289273143
1817,9,0.3357253373877798
1817,10,0.39414105312558473
1817,11,0.4353498567532496
1817,12,0.392077885579743
1818,1,0.40429309789648493
1818,2,0.3414097641759435
1818,3,0.34566301328073773
1818,4,0.3077230445608155
1818,5,0.35852182692912626
1818,6,0.47330311984080237
1818,7,0.4188528655998615
1818,8,0.348109751346043
1818,9,0.32779614933544693
1818,10,0.38108564912447496
1818,11,0.39436731633040956
1818,12,0.3440751010899627
1819,1,0.38527362768588236
1819,2,0.3416511167124774
1819,3,0.36009850329010124
1819,4,0.32055650513373035
1819,5,0.27544048073705885
1819,6,0.412255863716249
1819,7,0.3723889361781203
1819,8,0.27498718893687535
1819,9,0.28754156925493135
1819,10,0.3923467226206876
1819,11,0.3535665555566436
1819,12,0.40229913178742616
1820,1,0.3273698916921214
1820,2,0.34905541941125573
1820,3,0.308837262929812
1820,4,0.2926358730359778
1820,5,0.28044776568041196
1820,6,0.37993905726164556
1820,7,0.3449046817730034
1820,8,0.24703250360031992
1820,9,0.3084852107507061
1820,10,0.37095466716026804
1820,11,0.37966557325575423
1820,12,0.3276818123698607
1821,1,0.37033835279535865
1821,2,0.29939200692000156
1821,3,0.32308145794110826
1821,4,0.33375928717369074
1821,5,0.2948567267406685
1821,6,0.3180966190760098
1821,7,0.3730667365356265
1821,8,0.2998682068615116
1821,9,0.28927966427304774
1821,10,0.3447027812719165
1821,11,0.3137310914082984
1821,12,0.3040843282426142
1822,1,0.29407291514492473
1822,2,0.33287097889504097
1822,3,0.2831240359977931
1822,4,0.3256191306421695
1822,5,0.3065790585906797
1822,6,0.38527089910926304
1822,7,0.3595759849529191
1822,8,0.30772975577975975
1822,9,0.29529921566283024
1822,10,0.34665053078371455
1822,11,0.38582154856342904
1822,12,0.3098640866530155
1823,1,0.4710114297273755
1823,2,0.3845104706258621
1823,3,0.2832060898137624
1823,4,0.24693109266784508
1823,5,0.28216415369845826
1823,6,0.34132055146930235
1823,7,0.4662043834938352
1823,8,0.3159028115997027
1823,9,0.3322030380671132
1823,10,0.34687912435147805
1823,11,0.33452314887774864
1823,12,0.3448665402244738
1824,1,0.3520585133343728
1824,2,0.29887949862364926
1824,3,0.30436045767823766
1824,4,0.3233629151773319
1824,5,0.31772185912537715
1824,6,0.39174462182241065
1824,7,0.4238949430268292
1824,8,0.3130447401899161
1824,9,0.3802919350773838
1824,10,0.2856159374946405
1824,11,0.41910832574648693
1824,12,0.24498669895976516
1825,1,0.36924525693458277
1825,2,0.30329055226426005
1825,3,0.3206162930911346
1825,4,0.3082249598671275
1825,5,0.27295549036656747
1825,6,0.4508943706874756
1825,7,0.41313386325522616
1825,8,0.3344632484912601
1825,9,0.31557370246671645
1825,10,0.3519404597995854
1825,11,0.38673475469961655
1825,12,0.34048001544159245
1826,1,0.41199598316351993
1826,2,0.3207200652465289
1826,3,0.35291367852522626
1826,4,0.2937725633629441
1826,5,0.38368904371526347
1826,6,0.4566326966586778
1826,7,0.4911754362627682
1826,8,0.37842202602172437
1826,9,0.3054174767960356
1826,10,0.37252631457987984
1826,11,0.37946781389210327
1826,12,0.3076564712813962
1827,1,0.37638846513407326
1827,2,0.2956294269098392
1827,3,0.3005019555678346
1827,4,0.26209012366101825
1827,5,0.29838760416420185
1827,6,0.358500573284407
1827,7,0.3958670923186517
1827,8,0.3012521920599622
1827,9,0.31247623014753967
1827,10,0.39795137151985216
1827,11,0.36138506911107965
1827,12,0.32848828409687686
1828,1,0.36922254358297435
1828,2,0.32354335349685864
1828,3,0.2772223745568251
1828,4,0.2856726172469691
1828,5,0.30473172441320295
1828,6,0.4063454776367122
1828,7,0.34852684970972436
1828,8,0.2743702781580832
1828,9,0.33296962173223216
1828,10,0.2589202491385302
1828,11,0.32390612299226174
1828,12,0.3390812739053759
1829,1,0.4323514590960206
1829,2,0.28188511896534807
1829,3,0.29551530724484565
1829,4,0.2663983386077091
1829,5,0.3647651228606829
1829,6,0.45564388263451694
1829,7,0.38374830086412043
1829,8,0.35157622663614074
1829,9,0.32718018814342065
1829,10,0.3225711043431567
1829,11,0.37804001016344124
1829,12,0.35284484546662165
1830,1,0.26498791288037726
1830,2,0.2640067985824508
1830,3,0.28720008397249797
1830,4,0.2872121453830351
1830,5,0.32374091921023423
1830,6,0.3332111144628619
1830,7,0.34104970762708187
1830,8,0.3203496262123037
1830,9,0.34118061527282784
1830,10,0.3103620661510169
1830,11,0.4237174489996509
1830,12,0.30519972072124424
1831,1,0.364605747952247
1831,2,0.26623679569533726
1831,3,0.26758407906854237
1831,4,0.30305394847288
1831,5,0.3059249494958104
1831,6,0.35664518149829527
1831,7,0.36338763776972227
1831,8,0.3022755165524928
1831,9,0.315446686656555
1831,10,0.3466273172475448
1831,11,0.31102817902644314
1831,12,0.3602576846810756
1832,1,0.4438273432633032
1832,2,0.28759548669385415
1832,3,0.3557107223062792
1832,4,0.26073567608101167
1832,5,0.3289571746089591
1832,6,0.3605447782913758
1832,7,0.35607968741174667
1832,8,0.3234099981477369
1832,9,0.24506193351200078
1832,10,0.32936513868096173
1832,11,0.46735043410446525
1832,12,0.3378856773639741
1833,1,0.39679627355504676
1833,2,0.31592163964186637
1833,3,0.3919938485584393
1833,4,0.32659329191375486
1833,5,0.3262026973714536
1833,6,0.37326025644364424
1833,7,0.37746797648880626
1833,8,0.30101261139251423
1833,9,0.3267569079291275
1833,10,0.3547432662849575
1833,11,0.3398550161920161
1833,12,0.28185917983658476
1834,1,0.39292295786323705
1834,2,0.32323188269678216
1834,3,0.3381895235213699
1834,4,0.27796955389232325
1834,5,0.32080800828963696
1834,6,0.4075727651539897
1834,7,0.39521930278331785
1834,8,0.3305788485804542
1834,9,0.2587557722167898
1834,10,0.4304543172108297
1834,11,0.36279008044049615
1834,12,0.3414477795905986
1835,1,0.37730677657279577
1835,2,0.3138104667550524
1835,3,0.32734379629449695
1835,4,0.2917596389153857
1835,5,0.31288935129430595
1835,6,0.36641225948503064
1835,7,0.34664254634116953
1835,8,0.3537927267875401
1835,9,0.3237656593847099
1835,10,0.31393506940090693
1835,11,0.37293710366123206
1835,12,0.3110707866357584
1836,1,0.35803850038642193
1836,2,0.34187650167907135
1836,3,0.33109540986438213
1836,4,0.3162106475561697
1836,5,0.31102389879653686
1836,6,0.379464144683402
1836,7,0.3705147140143507
1836,8,0.28308396063190155
1836,9,0.3126722777575608
1836,10,0.3297785201695711
1836,11,0.2883153164811533
1836,12,0.333927721704947
1837,1,0.367906927707792
1837,2,0.30543282555265605
1837,3,0.2608814162594767
1837,4,0.3350236530548195
1837,5,0.288824912356841
1837,6,0.3911000176063486
1837,7,0.3047015480662667
1837,8,0.2550140859873612
1837,9,0.27747340979975155
1837,10,0.36850114783018384
1837,11,0.3745192558647227
1837,12,0.35331984873047884
1838,1,0.3392620469937374
1838,2,0.32082791785398684
1838,3,0.3457056799706329
1838,4,0.3112334302379206
1838,5,0.3236419750580969
1838,6,0.38740578793452607
1838,7,0.3420484285593277
1838,8,0.2845895619139683
1838,9,0.31022895953781926
1838,10,0.3621580362382312
1838,11,0.2897389311501345
1838,12,0.3156679310114249
1839,1,0.32180247827875413
1839,2,0.3203174690520433
1839,3,0.3007154328571893
1839,4,0.31792039430950336
1839,5,0.3275841734015874
1839,6,0.4336590201146053
1839,7,0.4252489594186271
1839,8,0.3371294073671831
1839,9,0.3859202601809677
1839,10,0.3643962232604546
1839,11,0.3831034096199053
1839,12,0.347186437875389
1840,1,0.3537999807883412
1840,2,0.2660413684536222
1840,3,0.27501375252218624
1840,4,0.2574278676935236
1840,5,0.33707218248509463
1840,6,0.4177577796990847
1840,7,0.3714781574318859
1840,8,0.296114796216313
1840,9,0.32461428154799793
1840,10,0.33594709111516563
1840,11,0.33064438617880354
1840,12,0.2897572488857996
1841,1,0.37820961851811385
1841,2,0.30355581719502
1841,3,0.2939921723557348
1841,4,0.326787961226083
1841,5,0.30151883790550227
1841,6,0.37559004871834334
1841,7,0.38551612387682993
1841,8,0.26848238523717427
1841,9,0.33180760692857814
1841,10,0.31815924096864306
1841,11,0.2888361058001673
1841,12,0.29990335258326295
1842,1,0.30758932240859066
1842,2,0.29731777872653486
1842,3,0.2781585763487547
1842,4,0.2927971239082132
1842,5,0.2925663673929948
1842,6,0.34587566199629494
1842,7,0.30324648074912963
1842,8,0.2744786992113984
1842,9,0.2825924511479406
1842,10,0.374649387000157
1842,11,0.34731549381549687
1842,12,0.3183035967135888
1843,1,0.36826704663368537
1843,2,0.31819913864663596
1843,3,0.2929724275829616
1843,4,0.2525315777672522
1843,5,0.2260805364922622
1843,6,0.30127670885998187
1843,7,0.40474786338376306
1843,8,0.2352139236404392
1843,9,0.34675510955362876
1843,10,0.2514228346995004
1843,11,0.3686847530615154
1843,12,0.3343460514891411
1844,1,0.3298298730042453
1844,2,0.24936957244408137
1844,3,0.27283157215673326
1844,4,0.2867753208172084
1844,5,0.3184206038254759
1844,6,0.40153758314900934
1844,7,0.35896652079376334
1844,8,0.29872846120794205
1844,9,0.3340704577036344
1844,10,0.3235024832345189
1844,11,0.3656184252101682
1844,12,0.3036020562626094
1845,1,0.4320961873571026
1845,2,0.31411262539896434
1845,3,0.28476306354529213
1845,4,0.2993135333966197
1845,5,0.2849131809336146
1845,6,0.3864075142095683
1845,7,0.375929117279284
1845,8,0.38329045625562264
1845,9,0.30407196534009284
1845,10,0.344798639310923
1845,11,0.39166989459356805
1845,12,0.3097709126175376
1846,1,0.44676191092629547
1846,2,0.25659907773979607
1846,3,0.34507644694351336
1846,4,0.28705444636988964
1846,5,0.2837590110153021
1846,6,0.4241961736324816
1846,7,0.3256455427875989
1846,8,0.2715170042854853
1846,9,0.3706123710871255
1846,10,0.3553247958034834
1846,11,0.2738561764596442
1846,12,0.23059025750847792
1847,1,0.28447520343624855
1847,2,0.2954611096024038
1847,3,0.3152007718101013
1847,4,0.27656697405766345
1847,5,0.33283108090475705
1847,6,0.4554844212136111
1847,7,0.41491167356145314
1847,8,0.2824000943153624
1847,9,0.26865343445319534
1847,10,0.2644575070304117
1847,11,0.3859121079700447
1847,12,0.30892000688550647
1848,1,0.3499323933626901
1848,2,0.3138683175066815
1848,3,0.3545359980798939
1848,4,0.29751188000457507
1848,5,0.3188627360213297
1848,6,0.3045712035320077
1848,7,0.32714895928465443
1848,8,0.27362753094386216
1848,9,0.28668698338411075
1848,10,0.3836712586888017
1848,11,0.30719911328632143
1848,12,0.30721842708076236
1849,1,0.3587659306210229
1849,2,0.2833334334294836
1849,3,0.2983507978262828
1849,4,0.344231576816215
1849,5,0.3401138986403851
1849,6,0.4176583871191518
1849,7,0.3707813958110272
1849,8,0.2801318116433208
1849,9,0.36683240718310195
1849,10,0.35104339262607576
1849,11,0.3433198290931106
1849,12,0.3807611711309741
1850,1,0.2945566436451877
1850,2,0.2878809538201927
1850,3,0.2611782727904605
1850,4,0.21590855717509522
1850,5,0.2615719719131008
1850,6,0.3348684741656758
1850,7,0.41792773713881926
1850,8,0.33329371975956457
1850,9,0.29462282517562766
1850,10,0.323071397871704
1850,11,0.34230358003769135
1850,12,0.2715431770484248
1851,1,0.3185375557560314
1851,2,0.2989722220979436
1851,3,0.30375242397517466
1851,4,0.2949101199859445
1851,5,0.2780128498865114
1851,6,0.35999494768152124
1851,7,0.33735617193649786
1851,8,0.34904803303966236
1851,9,0.27860780984310834
1851,10,0.2375534554981028
1851,11,0.3559700220011732
1851,12,0.28784788872213984
1852,1,0.3373900876444373
1852,2,0.30358435256035005
1852,3,0.24301708088265153
1852,4,0.23369519408726985
1852,5,0.29023943569220523
1852,6,0.3290872203032875
1852,7,0.3357026459256181
1852,8,0.2375592424513693
1852,9,0.28421146568542005
1852,10,0.2535733288056795
1852,11,0.2916054682367787
1852,12,0.22377456734214385
1853,1,0.3218753927222646
1853,2,0.29410439411295036
1853,3,0.3191370160183191
1853,4,0.24297436290152763
1853,5,0.297037065023146
1853,6,0.38732170372714947
1853,7,0.4501140448729746
1853,8,0.2946771735410083
1853,9,0.28261740798083335
1853,10,0.25295379287862724
1853,11,0.30776245558635096
1853,12,0.34503506958911434
1854,1,0.3517820100227401
1854,2,0.236417077088925
1854,3,0.264275609642194
1854,4,0.2674364017905305
1854,5,0.2622327357083544
1854,6,0.30156722075718106
1854,7,0.3787959469511428
1854,8,0.29827050478986317
1854,9,0.29235160184887177
1854,10,0.2836165711684966
1854,11,0.3195151046610447
1854,12,0.28613027775786637
1855,1,0.2890651839562603
1855,2,0.26964488131463915
1855,3,0.2816542865238464
1855,4,0.2580753535440383
1855,5,0.2698626750496887
1855,6,0.34823586460895944
1855,7,0.33522879578333165
1855,8,0.28712742945320685
1855,9,0.24722711761392158
1855,10,0.2670585841491454
1855,11,0.3441125053904204
1855,12,0.3297039291921673
1856,1,0.29989675525451476
1856,2,0.28257493164028447
1856,3,0.21690546522663795
1856,4,0.2693776618668907
1856,5,0.21991557570720346
1856,6,0.33869908269907134
1856,7,0.3522793019422279
1856,8,0.22321034089426706
1856,9,0.2793858237046606
1856,10,0.269731496559691
1856,11,0.2958418693736248
1856,12,0.3026971821858811
1857,1,0.346057190118067
1857,2,0.31812833185538186
1857,3,0.24190938395502476
1857,4,0.21732292135102188
1857,5,0.2897541301059555
1857,6,0.4333891421332902
1857,7,0.30943579103313007
1857,8,0.27875601257510163
1857,9,0.30770555233773633
1857,10,0.2931149763660904
1857,11,0.3201599058386391
1857,12,0.32556984313273474
1858,1,0.27488236418613915
1858,2,0.2369236902181741
1858,3,0.2394459756826962
1858,4,0.2318232297597272
1858,5,0.2354720566834755
1858,6,0.21863232539856597
1858,7,0.27834171666745516
1858,8,0.2502502749847016
1858,9,0.24884305111243674
1858,10,0.25477046506319534
1858,11,0.31925950205189696
1858,12,0.28751939019121264
1859,1,0.3045500647408367
1859,2,0.2098685207231
1859,3,0.2416175470692131
1859,4,0.253427370184113
1859,5,0.2601191627989093
1859,6,0.2874052972993893
1859,7,0.3334760155702474
1859,8,0.3298972807642337
1859,9,0.27920497517006837
1859,10,0.23718441881950345
1859,11,0.2949483775841745
1859,12,0.26344348824135566
1860,1,0.2517192789449918
1860,2,0.28508220134752615
1860,3,0.27440129988614737
1860,4,0.24620024111517191
1860,5,0.28633676553885756
1860,6,0.24508842217250704
1860,7,0.26730993346146736
1860,8,0.22274162324139812
1860,9,0.33520188647353155
1860,10,0.29112095893845424
1860,11,0.2540328033378602
1860,12,0.2650108042680136
1861,1,0.29725256604693506
1861,2,0.2656147915628924
1861,3,0.2663988087374978
1861,4,0.29298223832051273
1861,5,0.24240260123364965
1861,6,0.27782618056127917
1861,7,0.3452997197940752
1861,8,0.21915372328287236
1861,9,0.24531595517090232
1861,10,0.2511879616595164
1861,11,0.32261163207894716
1861,12,0.3207890297788963
1862,1,0.3046617698353748
1862,2,0.24960721396545787
1862,3,0.24226066270785576
1862,4,0.28644553489511493
1862,5,0.3249104377897447
1862,6,0.4313842463033262
1862,7,0.3925259748061857
1862,8,0.3226592206279187
1862,9,0.2750166778467993
1862,10,0.28309111149167787
1862,11,0.28405869202062584
1862,12,0.35924927179729693
1863,1,0.2808355833241696
1863,2,0.22349168904491978
1863,3,0.19033279373200834
1863,4,0.2152469579698913
1863,5,0.23977484211802066
1863,6,0.25226953334207614
1863,7,0.2882642757572758
1863,8,0.18272618035270694
1863,9,0.26559298080247407
1863,10,0.28194945828945495
1863,11,0.31331933086302655
1863,12,0.2997200711352664
1864,1,0.2482459313753545
1864,2,0.2716396086638442
1864,3,0.19651769676713987
1864,4,0.2248027009062041
1864,5,0.2953660082211962
1864,6,0.35284778049282267
1864,7,0.3029173555100475
1864,8,0.23411497146521465
1864,9,0.2534755658675233
1864,10,0.2687805584599219
1864,11,0.2082235297475424
1864,12,0.2715771116779564
1865,1,0.2501151665964952
1865,2,0.18996247090397053
1865,3,0.21799054525275557
1865,4,0.22143055276256768
1865,5,0.2295792694892303
1865,6,0.2950705931593387
1865,7,0.31214437857126487
1865,8,0.214096644173566
1865,9,0.2476075319065295
1865,10,0.29863284784788646
1865,11,0.24133981627091092
1865,12,0.2870875840536252
1866,1,0.21415794410060693
1866,2,0.22213939432494006
1866,3,0.21953268814303656
1866,4,0.2174364115486644
1866,5,0.23675703749922317
1866,6,0.25758880854981564
1866,7,0.2710835359914583
1866,8,0.26636662938517813
1866,9,0.25429111978531954
1866,10,0.2067188836246539
1866,11,0.21751123571108666
1866,12,0.19737514068369993
1867,1,0.21225007362172194
1867,2,0.2541682842152716
1867,3,0.2085527430201798
1867,4,0.19806492336618103
1867,5,0.2346128586005875
1867,6,0.3182684679145792
1867,7,0.35599009818830085
1867,8,0.27906575904271436
1867,9,0.22506218529967575
1867,10,0.171770727054454
1867,11,0.29553539603473133
1867,12,0.23953767046185273
1868,1,0.2919384364952555
1868,2,0.19892609935390715
1868,3,0.19194773844675517
1868,4,0.31585210358151145
1868,5,0.25403750600982644
1868,6,0.22080494511709725
1868,7,0.27065795455578706
1868,8,0.23283299583678627
1868,9,0.2772415904087815
1868,10,0.22628202220933913
1868,11,0.2944028724264589
1868,12,0.2361386116067739
1869,1,0.23227926682345407
1869,2,0.21693802823065844
1869,3,0.20309930281979893
1869,4,0.1903227542187071
1869,5,0.22792479295393658
1869,6,0.26194211538487333
1869,7,0.28122032336682434
1869,8,0.1963436438476008
1869,9,0.24083879963321866
1869,10,0.19387392398398362
1869,11,0.2964559545081956
1869,12,0.2591362017012283
1870,1,0.23243844201656838
1870,2,0.2399315432780464
1870,3,0.2166372933660303
1870,4,0.24618099454006903
1870,5,0.25561871406060044
1870,6,0.27042869511049067
1870,7,0.2622755528749898
1870,8,0.19236163631070144
1870,9,0.27452730696189986
1870,10,0.253436488991048
1870,11,0.20601274063915703
1870,12,0.22330974765310757
1871,1,0.1991713948374317
1871,2,0.21387022569275013
1871,3,0.196885806548873
1871,4,0.19917165912119347
1871,5,0.2451287259343144
1871,6,0.2586110453543967
1871,7,0.2660281044238334
1871,8,0.22744511003429135
1871,9,0.2380448961190192
1871,10,0.17748600884340943
1871,11,0.255421361578572
1871,12,0.2435966585945324
1872,1,0.17952609808802805
1872,2,0.24358445034724102
1872,3,0.20691840444111864
1872,4,0.24196817071444776
1872,5,0.20521663716272004
1872,6,0.2749582811378679
1872,7,0.24881269621176316
1872,8,0.23047985240268137
1872,9,0.17746070604123595
1872,10,0.2862820080986297
1872,11,0.21989987790764032
1872,12,0.1987437765281645
1873,1,0.1997375507871939
1873,2,0.24371972359473107
1873,3,0.20984235411594024
1873,4,0.20366816438905266
1873,5,0.16229902610140326
1873,6,0.20578839595798193
1873,7,0.30274599092518595
1873,8,0.22059942093130225
1873,9,0.20195139347723512
1873,10,0.26555660502834916
1873,11,0.23739799850954868
1873,12,0.23405169324769454
1874,1,0.25776497537483034
1874,2,0.2235763371325961
1874,3,0.24930866673602334
1874,4,0.20804513056840934
1874,5,0.22845975916530292
1874,6,0.2903015759944075
1874,7,0.2558953141563285
1874,8,0.2147585307190507
1874,9,0.17335323013555093
1874,10,0.16446831228956804
1874,11,0.21043211908242385
1874,12,0.17941365504794549
1875,1,0.2499440190942066
1875,2,0.21977044099690102
1875,3,0.24516621858351237
1875,4,0.2412063152263831
1875,5,0.22812476374220125
1875,6,0.20256568650721202
1875,7,0.27082099094759515
1875,8,0.2311921158449955
1875,9,0.20929523857541743
1875,10,0.1864944039278385
1875,11,0.2256340626687946
1875,12,0.2903245962892335
1876,1,0.20516986380369462
1876,2,0.24500199655874133
1876,3,0.18315613311472068
1876,4,0.23996076745367143
1876,5,0.1856138542695528
1876,6,0.2572928959108486
1876,7,0.3002259729617791
1876,8,0.31046547027103066
1876,9,0.23927241830565582
1876,10,0.26086116660246317
1876,11,0.23150036177059236
1876,12,0.19195005994479533
1877,1,0.22066779543039883
1877,2,0.21942572938242666
1877,3,0.1841028194694651
1877,4,0.22878224978935027
1877,5,0.18850873118395584
1877,6,0.27524538950603
1877,7,0.271685455832425
1877,8,0.20866048031817191
1877,9,0.2676907164905622
1877,10,0.21467477987909134
1877,11,0.22896330380525926
1877,12,0.23873996001595923
1878,1,0.2407034665187705
1878,2,0.14571432917420984
1878,3,0.19269007572701466
1878,4,0.19040480851200495
1878,5,0.17907668585657027
1878,6,0.1887783915566701
1878,7,0.32178542096803453
1878,8,0.24671324239416237
1878,9,0.1796481225238427
1878,10,0.21412585045643745
1878,11,0.2517681047653846
1878,12,0.2539764319867483
1879,1,0.23843674813724836
1879,2,0.2222230931776899
1879,3,0.1793085990874534
1879,4,0.19044610905181947
1879,5,0.18880655961728862
1879,6,0.23444934352053565
1879,7,0.2179348767475458
1879,8,0.1860780279485707
1879,9,0.21565811652214834
1879,10,0.23114064688851335
1879,11,0.2404081359919842
1879,12,0.21501196309467407
1880,1,0.17688111043250385
1880,2,0.20591595311019695
1880,3,0.17928560741171648
1880,4,0.16520389118888232
1880,5,0.1678669091604924
1880,6,0.22278195929901518
1880,7,0.24369193523164207
1880,8,0.17984967642563732
1880,9,0.21751359000350093
1880,10,0.23566058046518173
1880,11,0.19851346358472563
1880,12,0.1800308441193511
1881,1,0.2534219130670691
1881,2,0.18683023281183347
1881,3,0.1977169445120564
1881,4,0.17187234846091407
1881,5,0.18359298956797193
1881,6,0.20864875979062006
1881,7,0.2696192020045123
1881,8,0.20349868878543803
1881,9,0.20336920066069922
1881,10,0.18072060774937504
1881,11,0.18688380033562224
1881,12,0.191809113341823
1882,1,0.23344713303808093
1882,2,0.18898796224534303
1882,3,0.17423698406881258
1882,4,0.1881987184690488
1882,5,0.17481493655894753
1882,6,0.18175460612519767
1882,7,0.24409483501615598
1882,8,0.23177213615296735
1882,9,0.22320678172173491
1882,10,0.2036565339323016
1882,11,0.2016544154277854
1882,12,0.19432617072276803
1883,1,0.2125289075445985
1883,2,0.15461219118738884
1883,3,0.2326975578994202
1883,4,0.17028077203598213
1883,5,0.15158820888913263
1883,6,0.21990549613357072
1883,7,0.22871319510429777
1883,8,0.1952093349299085
1883,9,0.2009733545971084
1883,10,0.1584384645088499
1883,11,0.22853084166330667
1883,12,0.1757643950921316
1884,1,0.1798879372882855
1884,2,0.2180644758856024
1884,3,0.14372949332303198
1884,4,0.1720890506187892
1884,5,0.20415259140861677
1884,6,0.2883316267753061
1884,7,0.2576086483316541
1884,8,0.2619272079348864
1884,9,0.23582291623071
1884,10,0.17818825944473404
1884,11,0.1771164655313875
1884,12,0.2055502149987673
1885,1,0.19586005621699076
1885,2,0.17026967791898373
1885,3,0.22195763920704703
1885,4,0.18503301360563362
1885,5,0.16541593087716258
1885,6,0.20600875936991137
1885,7,0.2736413332417632
1885,8,0.19835735731535753
1885,9,0.16875330662872035
1885,10,0.18899280532464258
1885,11,0.19853392736427072
1885,12,0.17948809165940693
1886,1,0.21863915642606754
1886,2,0.2232579388417551
1886,3,0.17625277070898704
1886,4,0.18466452105544698
1886,5,0.14127215837010124
1886,6,0.19949786471545994
1886,7,0.22172716566461087
1886,8,0.18880333494616186
1886,9,0.17243802932207725
1886,10,0.1791009793460558
1886,11,0.20111335015830695
1886,12,0.26036847524423623
1887,1,0.1804307626088117
1887,2,0.21159759306949677
1887,3,0.16327604476259489
1887,4,0.1691606912675121
1887,5,0.21758189982023032
1887,6,0.1877684337135822
1887,7,0.21112965008768964
1887,8,0.1954581843068636
1887,9,0.17415813760181048
1887,10,0.2361286415986499
1887,11,0.1292393398645899
1887,12,0.22313349145816164
1888,1,0.17477604948864262
1888,2,0.17651950980498454
1888,3,0.15117571990709744
1888,4,0.15983393881785135
1888,5,0.12958094591848668
1888,6,0.1947860693926876
1888,7,0.26016643802261363
1888,8,0.204165609289147
1888,9,0.20026454360205587
1888,10,0.18957807771468121
1888,11,0.20709763259854347
1888,12,0.16956622590291506
1889,1,0.16131773334893124
1889,2,0.1906670801545647
1889,3,0.17568503122928186
1889,4,0.17245153681048397
1889,5,0.17028689949359693
1889,6,0.25246715950032383
1889,7,0.21407501813690855
1889,8,0.18172462194498046
1889,9,0.16890450845554972
1889,10,0.18017182355726968
1889,11,0.20948253096256278
1889,12,0.18194534850034047
1890,1,0.19217447725679315
1890,2,0.1880366650746696
1890,3,0.19231459792877614
1890,4,0.14526240715866057
1890,5,0.18287210822382793
1890,6,0.18736559179971868
1890,7,0.23112668908350992
1890,8,0.1874905022952021
1890,9,0.1572845590502433
1890,10,0.1366221477020606
1890,11,0.24734042240427667
1890,12,0.1835591185742665
1891,1,0.16869872662258067
1891,2,0.1793342240623557
1891,3,0.14680155342333467
1891,4,0.21158013914963253
1891,5,0.15087293298238325
1891,6,0.20392731104238337
1891,7,0.2411210938418098
1891,8,0.17376619701323295
1891,9,0.19664873191934137
1891,10,0.21869555575664928
1891,11,0.19807862301207746
1891,12,0.18232406178059996
1892,1,0.17282731804866458
1892,2,0.21402800135542396
1892,3,0.16097959662208627
1892,4,0.18612371983220988
1892,5,0.1798297546490672
1892,6,0.16244333900979596
1892,7,0.2271570575067378
1892,8,0.24135667047742976
1892,9,0.21715286819032015
1892,10,0.16663307975345398
1892,11,0.2571317322232474
1892,12,0.18447636937054337
1893,1,0.21634234049095996
1893,2,0.18476997715658597
1893,3,0.13696734568941177
1893,4,0.12847030895864317
1893,5,0.17798563600572723
1893,6,0.1970135005861175
1893,7,0.22150100666242412
1893,8,0.2016573253069548
1893,9,0.18866184345492504
1893,10,0.182022199164675
1893,11,0.22321595188749102
1893,12,0.2569148818485019
1894,1,0.19341002131538104
1894,2,0.17692750566772603
1894,3,0.18680938350431647
1894,4,0.24267098910908486
1894,5,0.1747638713838352
1894,6,0.19747377875240804
1894,7,0.21142994591775244
1894,8,0.2199454444095858
1894,9,0.15250508650778255
1894,10,0.23796340665179516
1894,11,0.16027809072629995
1894,12,0.1907251965212516
1895,1,0.21533926677328596
1895,2,0.23469167377080383
1895,3,0.1789393629867353
1895,4,0.19943570817746492
1895,5,0.18471486020362468
1895,6,0.19462046019430213
1895,7,0.24948862718772313
1895,8,0.2144246862993797
1895,9,0.19324221392608293
1895,10,0.20309234272223908
1895,11,0.2085075999443995
1895,12,0.2547598266027197
1896,1,0.16007486580467895
1896,2,0.21975791513016835
1896,3,0.1753764073068738
1896,4,0.21481179461445454
1896,5,0.20312786185396395
1896,6,0.23337993923370337
1896,7,0.2305407294497137
1896,8,0.2257976681692886
1896,9,0.20989519732901224
1896,10,0.19375735665880656
1896,11,0.23923110289420033
1896,12,0.2080182259928196
1897,1,0.19181609536003097
1897,2,0.1782534791144627
1897,3,0.16336879871585044
1897,4,0.19813466724904313
1897,5,0.1908224811684489
1897,6,0.20876842108744667
1897,7,0.1879858277283927
1897,8,0.24398979765968057
1897,9,0.20421894413208985
1897,10,0.1956454015866551
1897,11,0.18216362569419978
1897,12,0.22847328235260153
1898,1,0.19494262580377122
1898,2,0.23771958305068636
1898,3,0.20625880417841252
1898,4,0.14193662665377918
1898,5,0.193584195449567
1898,6,0.18583174334460578
1898,7,0.22893593357527905
1898,8,0.2067951008149956
1898,9,0.21587934735763337
1898,10,0.17395498751779342
1898,11,0.1981897458795835
1898,12,0.18343303071444805
1899,1,0.202632268224267
1899,2,0.19476360855752972
1899,3,0.188063453689583
1899,4,0.1575822415520835
1899,5,0.1641336604281171
1899,6,0.24853098638898857
1899,7,0.21063269818531322
1899,8,0.19271556146990615
1899,9,0.1786780855163598
1899,10,0.23315118627959316
1899,11,0.23304382249108918
1899,12,0.20600277100044928
1900,1,0.21728759625178962
1900,2,0.18501942235518748
1900,3,0.1885417595131113
1900,4,0.19730319530665857
1900,5,0.20696132906193546
1900,6,0.20864899825177707
1900,7,0.24705885278112188
1900,8,0.2674387005687462
1900,9,0.18489549383878523
1900,10,0.22979139039891666
1900,11,0.198664282860104
1900,12,0.19090711173121888
1901,1,0.1933708888719432
1901,2,0.1816292768062987
1901,3,0.2293907334970084
1901,4,0.14681165670368002
1901,5,0.19892673963725138
1901,6,0.20476186529970958
1901,7,0.2278365296267863
1901,8,0.227479893922935
1901,9,0.2255225862262749
1901,10,0.19779871079589428
1901,11,0.1915381945508517
1901,12,0.18327658791082346
1902,1,0.17594170320566874
1902,2,0.19332331047642787
1902,3,0.1700853205018888
1902,4,0.18295179893796593
1902,5,0.2090088832613514
1902,6,0.22796494091048675
1902,7,0.22437855795533718
1902,8,0.218206862468298
1902,9,0.2041931761500962
1902,10,0.18239076588005515
1902,11,0.1804999022143825
1902,12,0.20195605704099626
1903,1,0.18155867883395146
1903,2,0.23415970967236927
1903,3,0.17662194965685604
1903,4,0.2015812031530606
1903,5,0.1448804347546021
1903,6,0.18721375122072081
1903,7,0.24804284304879926
1903,8,0.17766880745697544
1903,9,0.18495105413462407
1903,10,0.1865642746248152
1903,11,0.18277953437531558
1903,12,0.22377218370607593
1904,1,0.22415017501810713
1904,2,0.15568067668710245
1904,3,0.19917852566493943
1904,4,0.17335833034385628
1904,5,0.12796207454595587
1904,6,0.20875109568339417
1904,7,0.2604923344974912
1904,8,0.20375772233243067
1904,9,0.20772246041075298
1904,10,0.19609382268313716
1904,11,0.22037652552868658
1904,12,0.1727036285725786
1905,1,0.20423175424166898
1905,2,0.17504353340069456
1905,3,0.1762167017598712
1905,4,0.19771752895868386
1905,5,0.21104120893122136
1905,6,0.22619376019042922
1905,7,0.24672770772861574
1905,8,0.20571926452485312
1905,9,0.17303911280922493
1905,10,0.22422155446259462
1905,11,0.19524829569833907
1905,12,0.1826581479186081
1906,1,0.15854420362340388
1906,2,0.16251647512007328
1906,3,0.12963848317790932
1906,4,0.15610600779835015
1906,5,0.1730054170903806
1906,6,0.151259687411105
1906,7,0.221132790464313
1906,8,0.1916224024832029
1906,9,0.16151760617442462
1906,10,0.18645360728903057
1906,11,0.17788027331168063
1906,12,0.18381971311292378
1907,1,0.16922963809829045
1907,2,0.15913783985317953
1907,3,0.14499140025164087
1907,4,0.22582629849051541
1907,5,0.14226987540350855
1907,6,0.1996446763411192
1907,7,0.2167798905232729
1907,8,0.1648105534806749
1907,9,0.21323570011229034
1907,10,0.21422368673525968
1907,11,0.21707666596729397
1907,12,0.1998770813624206
1908,1,0.15201239135703296
1908,2,0.14864661387211303
1908,3,0.1603333648477186
1908,4,0.15369520954999935
1908,5,0.15053273927937838
1908,6,0.19039856044307452
1908,7,0.21079959227517642
1908,8,0.18024047258043271
1908,9,0.18884768819755565
1908,10,0.19502164505755631
1908,11,0.19242036135796858
1908,12,0.21308122370181382
1909,1,0.20821521823058528
1909,2,0.16594247380994723
1909,3,0.1393220604243449
1909,4,0.15259484996429182
1909,5,0.15040731439990146
1909,6,0.2056590135885627
1909,7,0.2524721663399756
1909,8,0.2070167557975643
1909,9,0.18066791602712462
1909,10,0.19196244360533615
1909,11,0.16341828218316823
1909,12,0.17649054343503648
1910,1,0.20567957981252605
1910,2,0.16851635326711942
1910,3,0.17974553192255532
1910,4,0.1834320310798244
1910,5,0.18760620296074
1910,6,0.18675584570760836
1910,7,0.1573535603011531
1910,8,0.20742197422056513
1910,9,0.17854240459950638
1910,10,0.1854895108550941
1910,11,0.20376912978621112
1910,12,0.20768511372912074
1911,1,0.1863663693855036
1911,2,0.15927590554654075
1911,3,0.1356169561558341
1911,4,0.12206863736492296
1911,5,0.1952382505308491
1911,6,0.15931845310788628
1911,7,0.2234534408085353
1911,8,0.1708454551317528
1911,9,0.16324668568189524
1911,10,0.24300359215692013
1911,11,0.20874621066695226
1911,12,0.20600832648065892
1912,1,0.15004144493380248
1912,2,0.1615323198670751
1912,3,0.13471705845369797
1912,4,0.13554318004369437
1912,5,0.14740424798886925
1912,6,0.1770982338030951
1912,7,0.2358365125465149
1912,8,0.22169851431129967
1912,9,0.17989855479013067
1912,10,0.23208823483825197
1912,11,0.18182922071129884
1912,12,0.17492401222814
1913,1,0.21908199184859545
1913,2,0.15767363453010147
1913,3,0.17014316080276984
1913,4,0.1824247207078285
1913,5,0.16647311464141656
1913,6,0.2097831307319556
1913,7,0.20598881987517914
1913,8,0.16828253416952427
1913,9,0.1656524713604247
1913,10,0.1573975835864127
1913,11,0.1564196411614926
1913,12,0.17977839226389572
1914,1,0.20620550805432145
1914,2,0.19845933866938442
1914,3,0.1669885367145442
1914,4,0.14419518232826928
1914,5,0.17628282603517662
1914,6,0.174092735965873
1914,7,0.25076096952105625
1914,8,0.2073964396931564
1914,9,0.1876524426208387
1914,10,0.1759065543245673
1914,11,0.18750230331413892
1914,12,0.20930492333443995
1915,1,0.25283763947038435
1915,2,0.22611311093756345
1915,3,0.199682337891263
1915,4,0.16631990287521378
1915,5,0.1666419159479978
1915,6,0.18152521581343561
1915,7,0.22716820550543881
1915,8,0.20266067895650586
1915,9,0.21414640601158086
1915,10,0.17208565190967723
1915,11,0.22598305939177832
1915,12,0.1898161379260693
1916,1,0.20261568442465527
1916,2,0.20369347209691466
1916,3,0.248130363667664
1916,4,0.1391752704760182
1916,5,0.183742795153441
1916,6,0.2351274245193179
1916,7,0.23546657819359945
1916,8,0.2304419087492081
1916,9,0.22820232559231862
1916,10,0.1587712540142704
1916,11,0.19296885727644658
1916,12,0.24079816776262775
1917,1,0.2514861364045024
1917,2,0.23897245592169025
1917,3,0.1888624689085348
1917,4,0.1982401434092201
1917,5,0.21277146514319167
1917,6,0.18701173985979597
1917,7,0.2480842072384813
1917,8,0.24228538122663013
1917,9,0.23170907693852966
1917,10,0.20477575319101687
1917,11,0.240125714275421
1917,12,0.24038295299480777
1918,1,0.18159178513934116
1918,2,0.22495285319988836
1918,3,0.20214493352150664
1918,4,0.1812039920073592
1918,5,0.2103758621844587
1918,6,0.25659291637882264
1918,7,0.25171476379488356
1918,8,0.17214729217677377
1918,9,0.16887393858137564
1918,10,0.19164710695130444
1918,11,0.20702399209795455
1918,12,0.18092325088917494
1919,1,0.19932683832391732
1919,2,0.1695533352028581
1919,3,0.15307501794145406
1919,4,0.13347676762550076
1919,5,0.16626762571997505
1919,6,0.20492548221827778
1919,7,0.2792549108575156
1919,8,0.21298951942858468
1919,9,0.16024517348050177
1919,10,0.1984122306544548
1919,11,0.18669810965801764
1919,12,0.18722146550761476
1920,1,0.20297257063048985
1920,2,0.22276802252554734
1920,3,0.17920832738955306
1920,4,0.19765066123888864
1920,5,0.20822070022718764
1920,6,0.22230630742384314
1920,7,0.2248822464090695
1920,8,0.20721272793450501
1920,9,0.17580662189752966
1920,10,0.19820824273616708
1920,11,0.22564816100450766
1920,12,0.21047948344078676
1921,1,0.18769491135522526
1921,2,0.18470466616168746
1921,3,0.15827246995916122
1921,4,0.17492404500205988
1921,5,0.16394457794083422
1921,6,0.20829762588429052
1921,7,0.27402710887064985
1921,8,0.1871104429417627
1921,9,0.20803834597995374
1921,10,0.19284030735457688
1921,11,0.2149431870046114
1921,12,0.2149249893893082
1922,1,0.20000854019538802
1922,2,0.14474154042684767
1922,3,0.17738017986127858
1922,4,0.16113285990474238
1922,5,0.17089199613714698
1922,6,0.20321530669303872
1922,7,0.2473630856722418
1922,8,0.23508649599275136
1922,9,0.18340455437566058
1922,10,0.21179011406306514
1922,11,0.23190268428734717
1922,12,0.16525647910752236
1923,1,0.18214324354217631
1923,2,0.15656521347274
1923,3,0.17744309193792662
1923,4,0.1557992723950476
1923,5,0.19860920684018762
1923,6,0.22790310872179592
1923,7,0.22479127840462465
1923,8,0.2766278495716057
1923,9,0.2104705903856289
1923,10,0.20245490904890762
1923,11,0.20643191326675497
1923,12,0.21431511029419936
1924,1,0.23155940772329017
1924,2,0.15875408410233954
1924,3,0.20335106950365206
1924,4,0.22353960022597197
1924,5,0.1678184754598343
1924,6,0.225089195902667
1924,7,0.22325882097415167
1924,8,0.21300191351410902
1924,9,0.17873417547129772
1924,10,0.20887179991213
1924,11,0.196103029078167
1924,12,0.20585965253227578
1925,1,0.19438585388850255
1925,2,0.19382504573513962
1925,3,0.1970499055867225
1925,4,0.17868827044703056
1925,5,0.18114181039139599
1925,6,0.20318173781288767
1925,7,0.1958763870056081
1925,8,0.19190057587708975
1925,9,0.20794129853138482
1925,10,0.21132242043256022
1925,11,0.19700633094148404
1925,12,0.19945059084303293
1926,1,0.19935972542175448
1926,2,0.19058214759044367
1926,3,0.18872904077701746
1926,4,0.1696323312638965
1926,5,0.1734571091478657
1926,6,0.17429969125507044
1926,7,0.2453910108902059
1926,8,0.16553633533872228
1926,9,0.22137256273443023
1926,10,0.21248264962441352
1926,11,0.2101157316064492
1926,12,0.20939886671485808
1927,1,0.22700698291605143
1927,2,0.1638661300162561
1927,3,0.2030344921079682
1927,4,0.18573393420272052
1927,5,0.21873162659919215
1927,6,0.23789525685020263
1927,7,0.22705231037323484
1927,8,0.2016517893331565
1927,9,0.2321810785239375
1927,10,0.22980074010444346
1927,11,0.19199914211047828
1927,12,0.1962762469689161
1928,1,0.20294901654499328
1928,2,0.16184333130016576
1928,3,0.22717753360170134
1928,4,0.17981231586555946
1928,5,0.1476210544449501
1928,6,0.22228276619296347
1928,7,0.23381168297366567
1928,8,0.20686809082005952
1928,9,0.16450319222290033
1928,10,0.20887409765311737
1928,11,0.2071394799389079
1928,12,0.2787386500561142
1929,1,0.19170837749581254
1929,2,0.14976284746299787
1929,3,0.19352663164831746
1929,4,0.19727866840061292
1929,5,0.22301604249633689
1929,6,0.21756634675844805
1929,7,0.21075146486341176
1929,8,0.16891174458642777
1929,9,0.18757927232384347
1929,10,0.20085240298880264
1929,11,0.22700004421650735
1929,12,0.19633983764929555
1930,1,0.16821144558962162
1930,2,0.19845363449371578
1930,3,0.1942986169399964
1930,4,0.15661800500554826
1930,5,0.15717557978221736
1930,6,0.24437993855289625
1930,7,0.24646594198111532
1930,8,0.23300907581171437
1930,9,0.18332980097068374
1930,10,0.16607638470420238
1930,11,0.17350492055370415
1930,12,0.24452575910123714
1931,1,0.16649325639206883
1931,2,0.2721273655425497
1931,3,0.20114316459956166
1931,4,0.22100008854325112
1931,5,0.17544091772839035
1931,6,0.20606428670595062
1931,7,0.2734155007310237
1931,8,0.21965776996900138
1931,9,0.24209839048928505
1931,10,0.2574443796009136
1931,11,0.19958757870635976
1931,12,0.16059401355370556
1932,1,0.18135403361738223
1932,2,0.21977857971668804
1932,3,0.19055477350374012
1932,4,0.16402558784243065
1932,5,0.22132100897850723
1932,6,0.1951548224441264
1932,7,0.20875028446163413
1932,8,0.21653414459007833
1932,9,0.18607406815841715
1932,10,0.1801312227583322
1932,11,0.19290750149858732
1932,12,0.22106417018759075
1933,1,0.23088787918724496
1933,2,0.17573629754018097
1933,3,0.1695155920663079
1933,4,0.24110330800386098
1933,5,0.21781388139862973
1933,6,0.21490894247389192
1933,7,0.22384797904523066
1933,8,0.24301756255330592
1933,9,0.19915876030628332
1933,10,0.22630386791329965
1933,11,0.20084083467980762
1933,12,0.22083850380741388
1934,1,0.2411629374656435
1934,2,0.20837990806609713
1934,3,0.17576977244033243
1934,4,0.18133099722509086
1934,5,0.23475937045628548
1934,6,0.26174169176153284
1934,7,0.24291976561014508
1934,8,0.22450638757875152
1934,9,0.19790895319516066
1934,10,0.22233703174322786
1934,11,0.25042362016764813
1934,12,0.21445018236990887
1935,1,0.2102245970151553
1935,2,0.17189577421160002
1935,3,0.17130719374342696
1935,4,0.18581769234888337
1935,5,0.1594704330863701
1935,6,0.21964388859519995
1935,7,0.24850846920366668
1935,8,0.1935806722561669
1935,9,0.2637396105578892
1935,10,0.19058137058693386
1935,11,0.20163828468713413
1935,12,0.2720799072857406
1936,1,0.20691449234711523
1936,2,0.18176846291849286
1936,3,0.15641356736697176
1936,4,0.20070404753367024
1936,5,0.1847029281354658
1936,6,0.26597758178777403
1936,7,0.23924368355015346
1936,8,0.1971731100679986
1936,9,0.19087769337844598
1936,10,0.2118502674353677
1936,11,0.22418043027214954
1936,12,0.19344746651637992
1937,1,0.18398198009766092
1937,2,0.17689584904391242
1937,3,0.1762965248251645
1937,4,0.15649492715744728
1937,5,0.2184752881606014
1937,6,0.20562652759310956
1937,7,0.23844277443154266
1937,8,0.20037213729892678
1937,9,0.1849332937238971
1937,10,0.2431336331705538
1937,11,0.25197938757847227
1937,12,0.21007741454642742
1938,1,0.2031997597055153
1938,2,0.15304390977387447
1938,3,0.19618801082308754
1938,4,0.1924837794250001
1938,5,0.14854917206841067
1938,6,0.21433072841663842
1938,7,0.22191148398061725
1938,8,0.21184786987256105
1938,9,0.23599483963802895
1938,10,0.24675592457458195
1938,11,0.22648882418596827
1938,12,0.21015407905732392
1939,1,0.1790977144648948
1939,2,0.20488707107740523
1939,3,0.1907948247530141
1939,4,0.12102250069525683
1939,5,0.19939160912886092
1939,6,0.281731053087465
1939,7,0.25272431993548344
1939,8,0.25191815813139196
1939,9,0.2341064013830001
1939,10,0.21956744525677113
1939,11,0.1932649298147926
1939,12,0.2468626783701524
1940,1,0.23784917517578968
1940,2,0.19813017207711514
1940,3,0.18169015375827272
1940,4,0.15861188168342605
1940,5,0.17488060882675677
1940,6,0.2566083379838447
1940,7,0.2362000792830325
1940,8,0.23694602270504933
1940,9,0.23895650125263007
1940,10,0.18516188693839197
1940,11,0.21663403635237327
1940,12,0.21704054393767352
1941,1,0.19519455768732855
1941,2,0.17630956244433912
1941,3,0.21395516063608455
1941,4,0.1770273092984983
1941,5,0.17965980915043064
1941,6,0.19966224738751348
1941,7,0.24466401648904806
1941,8,0.21683965818902043
1941,9,0.20012428512864194
1941,10,0.20198262805180567
1941,11,0.23292755361786263
1941,12,0.16620404551500895
1942,1,0.18382906375980634
1942,2,0.24222153624625808
1942,3,0.17144488089209337
1942,4,0.2114014689247173
1942,5,0.2249071117908555
1942,6,0.26916199522568357
1942,7,0.274171125200391
1942,8,0.2230585468178041
1942,9,0.1802891713358558
1942,10,0.22524822138834014
1942,11,0.21200709241807675
1942,12,0.19365072478055378
1943,1,0.1846384518948611
1943,2,0.1884238020955526
1943,3,0.1856809009238734
1943,4,0.19009909918937218
1943,5,0.1802263921379554
1943,6,0.228058614566634
1943,7,0.3391114696408297
1943,8,0.23342858313078602
1943,9,0.16199705398785286
1943,10,0.18351021931060468
1943,11,0.21837850349798488
1943,12,0.23907614515080938
1944,1,0.20719209880245262
1944,2,0.1934373094894567
1944,3,0.21226643176418025
1944,4,0.22241966647263134
1944,5,0.1939588052232964
1944,6,0.24849655323197434
1944,7,0.2946888992839939
1944,8,0.19579743151509954
1944,9,0.23379983084291228
1944,10,0.22006735755805742
1944,11,0.16856257781917763
1944,12,0.2169667880046241
1945,1,0.2054113791423519
1945,2,0.20891632155982648
1945,3,0.20971541899917984
1945,4,0.21139517690148174
1945,5,0.2532488250524296
1945,6,0.19442206851040505
1945,7,0.2561821272567115
1945,8,0.21599488787430327
1945,9,0.19122376254412662
1945,10,0.2321525568397787
1945,11,0.2281606560388198
1945,12,0.2538511246376651
1946,1,0.21958953737961562
1946,2,0.16731193167612227
1946,3,0.19399142006617914
1946,4,0.21334574948083296
1946,5,0.16257114329898587
1946,6,0.19811196455844066
1946,7,0.29877779822354567
1946,8,0.19840720461857297
1946,9,0.17457569189354932
1946,10,0.2145505867329869
1946,11,0.21070016526866947
1946,12,0.1856438151972053
1947,1,0.25391327872785785
1947,2,0.19569008979389851
1947,3,0.1995338263897864
1947,4,0.17807406960232952
1947,5,0.17254239348188766
1947,6,0.22559682312929652
1947,7,0.24339238126576207
1947,8,0.20631098243214868
1947,9,0.20542029549481844
1947,10,0.20184596812759792
1947,11,0.23375126001683028
1947,12,0.15427275109482508
1948,1,0.21560449839716447
1948,2,0.16068656146427968
1948,3,0.16956679794158236
1948,4,0.16733318444459516
1948,5,0.24783941313483981
1948,6,0.21640219742878822
1948,7,0.2517729432248239
1948,8,0.20830067486817896
1948,9,0.19680114373063107
1948,10,0.18012910209254868
1948,11,0.24515901578635363
1948,12,0.2445575052463161
1949,1,0.18647521740421527
1949,2,0.21932674533694008
1949,3,0.17048893048240238
1949,4,0.14261611712411548
1949,5,0.20557475856710522
1949,6,0.1980519309675431
1949,7,0.202790542858278
1949,8,0.2264036043883479
1949,9,0.21743413180714027
1949,10,0.2509065252931011
1949,11,0.2164725577393667
1949,12,0.19069917560142194
1950,1,0.2318245834894493
1950,2,0.21218869599763387
1950,3,0.19987177074233314
1950,4,0.18435445271747752
1950,5,0.19227424543776234
1950,6,0.20134761813204702
1950,7,0.29462529292738393
1950,8,0.17252618023712923
1950,9,0.17426093153562372
1950,10,0.2671696091403279
1950,11,0.17708127833379156
1950,12,0.2110155559955697
1951,1,0.2303316349405749
1951,2,0.21205766951758667
1951,3,0.17847501767271323
1951,4,0.17431680831725535
1951,5,0.19478342206832674
1951,6,0.18241899895855485
1951,7,0.20476449151956874
1951,8,0.252029794833634
1951,9,0.21677110873657612
1951,10,0.22995431925290177
1951,11,0.1852954014637997
1951,12,0.21808378068229703
1952,1,0.220033035700761
1952,2,0.17139261008638457
1952,3,0.15393872178716728
1952,4,0.189025627492973
1952,5,0.17072241247340036
1952,6,0.21113681025426873
1952,7,0.221671116282296
1952,8,0.20747520376175707
1952,9,0.20014575642133217
1952,10,0.1720924113848889
1952,11,0.211482138343502
1952,12,0.16438250880989713
1953,1,0.1900152125369699
1953,2,0.2309099623356453
1953,3,0.17393415332944648
1953,4,0.16798692741235344
1953,5,0.17141429270020878
1953,6,0.2388531759237332
1953,7,0.28804404482981766
1953,8,0.220060454769137
1953,9,0.22881012121984157
1953,10,0.23355714695632313
1953,11,0.19595378025486243
1953,12,0.23384121377638625
1954,1,0.2437985458842017
1954,2,0.21021129907338076
1954,3,0.16124021991435733
1954,4,0.17390867576627134
1954,5,0.2081133971454282
1954,6,0.21010019538739713
1954,7,0.21684776265986336
1954,8,0.1914360341001321
1954,9,0.2259912717748112
1954,10,0.17502929693965336
1954,11,0.22344179529711783
1954,12,0.22031806248797148
1955,1,0.17472355573788972
1955,2,0.23898359477096637
1955,3,0.17680345707599274
1955,4,0.19692674027820659
1955,5,0.2309043956749886
1955,6,0.18934680359115108
1955,7,0.27021731635866136
1955,8,0.22563017735804589
1955,9,0.2729652422553005
1955,10,0.1937686852178835
1955,11,0.16322973335717877
1955,12,0.21828044693653273
1956,1,0.27635817194018697
1956,2,0.22942336550651415
1956,3,0.21312149898149357
1956,4,0.19182961748125016
1956,5,0.17752280454780628
1956,6,0.24167701722611754
1956,7,0.26009514961221836
1956,8,0.26791853084118755
1956,9,0.28243057874923144
1956,10,0.17813205280103667
1956,11,0.16551284598449656
1956,12,0.2085239844832552
1957,1,0.2295326876999797
1957,2,0.2103235888505397
1957,3,0.18203938834302902
1957,4,0.1719526674127874
1957,5,0.2041778505178118
1957,6,0.20709939408479222
1957,7,0.2101923017575439
1957,8,0.21974406379843553
1957,9,0.16440641178787363
1957,10,0.2117760555468634
1957,11,0.21952544063179247
1957,12,0.1859335199787316
1958,1,0.23421388416405775
1958,2,0.21879684904571522
1958,3,0.1772925252756768
1958,4,0.18770543197473732
1958,5,0.16096019078104007
1958,6,0.23025947258228543
1958,7,0.25065277134735686
1958,8,0.24190644011626367
1958,9,0.22261523614080253
1958,10,0.16691649357700497
1958,11,0.2299650972916054
1958,12,0.1872196328846933
1959,1,0.19240270200693613
1959,2,0.20376531581498852
1959,3,0.17655935988444404
1959,4,0.2428139052870601
1959,5,0.19390459733003437
1959,6,0.22836970282728197
1959,7,0.21142181938705346
1959,8,0.2224365479445271
1959,9,0.17423761226496137
1959,10,0.19802770207799436
1959,11,0.20323020037082823
1959,12,0.22105355133491755
1960,1,0.20937557561453077
1960,2,0.1715369262485254
1960,3,0.19635749258556864
1960,4,0.1658294029926216
1960,5,0.1784242941701464
1960,6,0.2570860172169228
1960,7,0.23544468319329215
1960,8,0.20558727159491186
1960,9,0.24915537494770257
1960,10,0.22793701919977769
1960,11,0.2050421286310209
1960,12,0.24221370170955203
1961,1,0.1915141076613221
1961,2,0.15998898674888445
1961,3,0.17491502384693963
1961,4,0.2173837816980148
1961,5,0.16738872699829063
1961,6,0.21493114073093017
1961,7,0.1834794259894856
1961,8,0.17704845806356823
1961,9,0.20192238765068693
1961,10,0.18481331933218714
1961,11,0.19342221722609043
1961,12,0.21559844861616329
1962,1,0.15096191707511106
1962,2,0.18588616134735253
1962,3,0.16437058023326878
1962,4,0.1582262646808071
1962,5,0.1714888954968565
1962,6,0.1576726789394482
1962,7,0.23319623694177777
1962,8,0.21277834519871314
1962,9,0.1962680159973208
1962,10,0.19098346732173982
1962,11,0.217890746174069
1962,12,0.23551440225669054
1963,1,0.20408580932388654
1963,2,0.1858442713234938
1963,3,0.19881921027087401
1963,4,0.1667651380442767
1963,5,0.17793316083513433
1963,6,0.20768145467245497
1963,7,0.20569711662437062
1963,8,0.18598297549778714
1963,9,0.22975399207257075
1963,10,0.19263338951859693
1963,11,0.15959945382907817
1963,12,0.23842036428160512
1964,1,0.19858133136722286
1964,2,0.1862536880382877
1964,3,0.2078024496843894
1964,4,0.17674336592702433
1964,5,0.14938841483228826
1964,6,0.21048311928167718
1964,7,0.22652301472081998
1964,8,0.17506655998141923
1964,9,0.17562083509354554
1964,10,0.21177133554627028
1964,11,0.2350035646244251
1964,12,0.22232577134625162
1965,1,0.18624821411528572
1965,2,0.2242914103192611
1965,3,0.17438589615579153
1965,4,0.1881580410605574
1965,5,0.18628216990166246
1965,6,0.2028721492642511
1965,7,0.23868258668953174
1965,8,0.21242502619512751
1965,9,0.18006369299784644
1965,10,0.17365857595230944
1965,11,0.21508428639434385
1965,12,0.1694257109637236
1966,1,0.15336501609453665
1966,2,0.21074094655591624
1966,3,0.16779340001525722
1966,4,0.1541635424729244
1966,5,0.18893857973931033
1966,6,0.20833164801444287
1966,7,0.25104082816749307
1966,8,0.22072060043629932
1966,9,0.21118035522740447
1966,10,0.23444129364759747
1966,11,0.20789315024836147
1966,12,0.21952794064414544
1967,1,0.21381874618991992
1967,2,0.18529553318706013
1967,3,0.16824915505388466
1967,4,0.18139235964183836
1967,5,0.19042456768858468
1967,6,0.22361917407484466
1967,7,0.20699709684204742
1967,8,0.18184259493185134
1967,9,0.20412174164374097
1967,10,0.1799350519391436
1967,11,0.21260316628373274
1967,12,0.18541196316816516
1968,1,0.20729349866355873
1968,2,0.19977774245123076
1968,3,0.15090007324901283
1968,4,0.18455150716902624
1968,5,0.18670113947519018
1968,6,0.24628242996478655
1968,7,0.2213965095907301
1968,8,0.2320423751256261
1968,9,0.19226381026898348
1968,10,0.1969486582557382
1968,11,0.24722147412061063
1968,12,0.18119417843263178
1969,1,0.20690844960507407
1969,2,0.2025609037474897
1969,3,0.1711814992789208
1969,4,0.19840968587901367
1969,5,0.18888381724863923
1969,6,0.22061526570411388
1969,7,0.2267487549841115
1969,8,0.20806550246145958
1969,9,0.1826148711768804
1969,10,0.18740217248542596
1969,11,0.18398332603126533
1969,12,0.21575519361268014
1970,1,0.21527296377385358
1970,2,0.23835628484603716
1970,3,0.18238352684212494
1970,4,0.14770292888874736
1970,5,0.1816716752832102
1970,6,0.1631043986217672
1970,7,0.23229817372515177
1970,8,0.2299263271826742
1970,9,0.19602172729714584
1970,10,0.20048717339745553
1970,11,0.178078926854165
1970,12,0.2254999946717174
1971,1,0.20448978441157892
1971,2,0.22807786308618452
1971,3,0.22252926228740777
1971,4,0.16775778807155406
1971,5,0.15346432015965777
1971,6,0.21628991905392228
1971,7,0.19379170166399912
1971,8,0.1998365482144488
1971,9,0.19303965785560764
1971,10,0.18879732076301545
1971,11,0.2233039932538432
1971,12,0.19635799684104893
1972,1,0.25005575866731994
1972,2,0.17169939320206107
1972,3,0.12954182366095018
1972,4,0.1798871685768263
1972,5,0.18089425621195396
1972,6,0.18272640066502552
1972,7,0.21852001598444803
1972,8,0.20778178756415383
1972,9,0.1918077435724822
1972,10,0.21648953858034864
1972,11,0.14665363937450965
1972,12,0.19958247988275996
1973,1,0.2098389950509242
1973,2,0.22631822745858837
1973,3,0.16338697769912203
1973,4,0.15783308058798332
1973,5,0.17780834697192277
1973,6,0.1982262450446055
1973,7,0.24659670730809122
1973,8,0.18598852251477432
1973,9,0.21955805831901815
1973,10,0.15868132641229707
1973,11,0.21930715946812343
1973,12,0.23163794936657128
1974,1,0.25567687461463184
1974,2,0.19879049240293661
1974,3,0.1742745920404336
1974,4,0.16702718332644034
1974,5,0.15715859650611344
1974,6,0.21806671420585172
1974,7,0.24500648610481732
1974,8,0.1921288349198033
1974,9,0.19696752486460453
1974,10,0.2189743955646232
1974,11,0.21722081030629636
1974,12,0.1692068137741996
1975,1,0.26974176574979136
1975,2,0.2143194474536635
1975,3,0.20345748435093644
1975,4,0.15483668960046607
1975,5,0.19933218966316985
1975,6,0.19764426452281905
1975,7,0.230924291804686
1975,8,0.2132343152802743
1975,9,0.19547446025874393
1975,10,0.19406963087406356
1975,11,0.21903393861305737
1975,12,0.26059189035081876
1976,1,0.23120104255627644
1976,2,0.18501748327434914
1976,3,0.16018073926745244
1976,4,0.14621061236194055
1976,5,0.18758260284575762
1976,6,0.17150859387538298
1976,7,0.23673161491344105
1976,8,0.16376111867126264
1976,9,0.1889933668768281
1976,10,0.19511792951642815
1976,11,0.2227596193114332
1976,12,0.164141129400018
1977,1,0.22444309602456788
1977,2,0.22448006316698157
1977,3,0.1671931696186439
1977,4,0.1645902691000484
1977,5,0.20067157570133826
1977,6,0.1932922153088762
1977,7,0.23996065283774642
1977,8,0.18301055899067467
1977,9,0.20721306682933816
1977,10,0.17719404724442256
1977,11,0.22392711052880793
1977,12,0.1558032065295148
1978,1,0.19595196667685177
1978,2,0.2170018472642008
1978,3,0.15003322485376291
1978,4,0.15875895240775006
1978,5,0.1709646796765445
1978,6,0.21509612265023925
1978,7,0.19416713552605813
1978,8,0.20617540510034854
1978,9,0.1943084044207054
1978,10,0.15352741082296906
1978,11,0.18304145422666543
1978,12,0.16356703839675113
1979,1,0.2350255073606943
1979,2,0.21178809145326816
1979,3,0.20075717858033115
1979,4,0.14041207930062516
1979,5,0.15735030927685015
1979,6,0.2505975784303528
1979,7,0.16954413616525657
1979,8,0.17019058192880016
1979,9,0.16076561582738058
1979,10,0.2092091843493365
1979,11,0.19022172983241792
1979,12,0.18096293236268773
1980,1,0.22350896419189722
1980,2,0.2133374951851191
1980,3,0.1655719950433406
1980,4,0.1911953729834729
1980,5,0.19197458978892878
1980,6,0.2057702383916202
1980,7,0.18814344582359271
1980,8,0.1757845108188467
1980,9,0.21717525834421356
1980,10,0.2561232760685662
1980,11,0.21317601780184187
1980,12,0.21030169085954342
1981,1,0.17837117930728502
1981,2,0.22266096635359367
1981,3,0.16189006006777942
1981,4,0.15990241951664114
1981,5,0.15881795108732738
1981,6,0.22971796277790404
1981,7,0.20509368987608065
1981,8,0.203977133077683
1981,9,0.1956782327644675
1981,10,0.2033942445082148
1981,11,0.17578950752449912
1981,12,0.1985572612168633
1982,1,0.19649485564111563
1982,2,0.25147082623490136
1982,3,0.24106271715110458
1982,4,0.21672902297815544
1982,5,0.1602968474272937
1982,6,0.1849571641770953
1982,7,0.20013622615583632
1982,8,0.18519441866911457
1982,9,0.17073125120485905
1982,10,0.23913279385456282
1982,11,0.2000013490545428
1982,12,0.19749289720213625
1983,1,0.18753097545471387
1983,2,0.17889648928400853
1983,3,0.13043343016975595
1983,4,0.1707622912430518
1983,5,0.16450971834682485
1983,6,0.21662250166251568
1983,7,0.19544978446906247
1983,8,0.22636432554807961
1983,9,0.167294479990085
1983,10,0.23556868381860596
1983,11,0.19910238489376397
1983,12,0.20183873260166096
1984,1,0.21254686856573435
1984,2,0.18003787526938309
1984,3,0.22488018564770218
1984,4,0.16248257387649195
1984,5,0.19901544226034246
1984,6,0.18917301479020238
1984,7,0.19863173908441784
1984,8,0.17599009376390568
1984,9,0.23171891665140468
1984,10,0.2053936219446611
1984,11,0.19249753044621187
1984,12,0.1833536637458564
1985,1,0.17920054059647508
1985,2,0.2133672318738969
1985,3,0.17627551860485768
1985,4,0.17349376350929333
1985,5,0.18283653344373832
1985,6,0.20110323105903471
1985,7,0.23139081784384768
1985,8,0.20229879845947957
1985,9,0.18690965184145333
1985,10,0.21815184151204964
1985,11,0.21909749819899693
1985,12,0.1818030847678625
1986,1,0.19255099237212095
1986,2,0.21080014922326168
1986,3,0.20273547456965685
1986,4,0.13743799030280465
1986,5,0.16836058432606332
1986,6,0.21678413404978947
1986,7,0.1963502820899568
1986,8,0.17220494451646445
1986,9,0.20124553504682283
1986,10,0.19547721431332604
1986,11,0.2225106316155237
1986,12,0.20943890377108187
1987,1,0.1784459087211176
1987,2,0.2127540568288972
1987,3,0.18179053555792002
1987,4,0.19142710668217028
1987,5,0.21284495474719417
1987,6,0.18793771414123894
1987,7,0.2122077411336523
1987,8,0.21504498896782048
1987,9,0.17928037620929008
1987,10,0.18163878666558533
1987,11,0.21939148139264864
1987,12,0.20743514467789068
1988,1,0.20191148172241513
1988,2,0.17059381861293513
1988,3,0.17542459454930617
1988,4,0.20437405376933748
1988,5,0.22385396250731743
1988,6,0.1888736633503721
1988,7,0.21938191652201616
1988,8,0.17109249449083713
1988,9,0.17233034051721396
1988,10,0.1924574826243331
1988,11,0.21782262721672668
1988,12,0.27472937201162745
1989,1,0.21372537441473385
1989,2,0.17160728104130857
1989,3,0.2189380878831051
1989,4,0.15150686061416396
1989,5,0.16275998467659653
1989,6,0.2371647666993874
1989,7,0.19407153893043338
1989,8,0.18535224969968864
1989,9,0.24580642820651177
1989,10,0.19343869786656492
1989,11,0.21645498297630783
1989,12,0.22486603570821845
1990,1,0.20507576078064144
1990,2,0.2168755485389846
1990,3,0.2079308191949131
1990,4,0.18939885122930752
1990,5,0.2184034791639104
1990,6,0.23749940497747135
1990,7,0.21299573243773062
1990,8,0.1842046224478297
1990,9,0.17877451581327636
1990,10,0.20057535238947588
1990,11,0.24784621693052872
1990,12,0.22064846662729334
1991,1,0.23906068982739576
1991,2,0.18407087816252016
1991,3,0.1691485916987727
1991,4,0.1862869410861721
1991,5,0.17689410597633087
1991,6,0.17521096839596415
1991,7,0.2533529780099366
1991,8,0.23385717369668643
1991,9,0.21330915993033828
1991,10,0.23346688243914104
1991,11,0.21783714796071624
1991,12,0.2235106255266962
1992,1,0.22027945437096935
1992,2,0.17377499307600458
1992,3,0.22108727881547346
1992,4,0.1693374977118614
1992,5,0.20598162059955838
1992,6,0.20093219163687795
1992,7,0.22734140091747196
1992,8,0.28574351246267005
1992,9,0.15978801522398348
1992,10,0.24113200129511947
1992,11,0.21813308275406132
1992,12,0.2337132300631865
1993,1,0.20959790125556566
1993,2,0.22204341464237815
1993,3,0.21422857553553698
1993,4,0.14345164235124533
1993,5,0.14713610648422676
1993,6,0.26050947055693646
1993,7,0.2554122255535719
1993,8,0.1931939345680524
1993,9,0.17537200978460488
1993,10,0.23225426457186865
1993,11,0.1994131246294508
1993,12,0.20024301190963695
1994,1,0.1794277014000405
1994,2,0.159878723634509
1994,3,0.18697153817074538
1994,4,0.17105961946568635
1994,5,0.14944277623197003
1994,6,0.21582844233649207
1994,7,0.16889251031692268
1994,8,0.17610269553401628
1994,9,0.19621604101397383
1994,10,0.15741885781841936
1994,11,0.1854062991993713
1994,12,0.20623196053091938
1995,1,0.2583986107228257
1995,2,0.19734356281500004
1995,3,0.1392879924088011
1995,4,0.15483491617793033
1995,5,0.20199161125949616
1995,6,0.21690102423050733
1995,7,0.24720607004612227
1995,8,0.23668238992068574
1995,9,0.21970527147707042
1995,10,0.17672199603145414
1995,11,0.1794863659652236
1995,12,0.24910963176430462
1996,1,0.24560072192569377
1996,2,0.18126586714262677
1996,3,0.2076934971342695
1996,4,0.1825911820355008
1996,5,0.1772927769419942
1996,6,0.2104995786774304
1996,7,0.2049789142169513
1996,8,0.2356764395716225
1996,9,0.16995062962138424
1996,10,0.2020807955866874
1996,11,0.22457324636279158
1996,12,0.15652949960892215
1997,1,0.255113249422816
1997,2,0.1946886983024257
1997,3,0.1901922903904189
1997,4,0.17469568229355326
1997,5,0.17315768333991982
1997,6,0.24232972736769537
1997,7,0.22886116649998717
1997,8,0.22796340986508631
1997,9,0.1673543477428046
1997,10,0.22219411674095227
1997,11,0.1966172490859231
1997,12,0.2346225731693068
1998,1,0.20350671000407372
1998,2,0.17481239464983436
1998,3,0.17800450186063252
1998,4,0.22459939101178783
1998,5,0.19625298529193194
1998,6,0.22046003065827108
1998,7,0.20171462815586744
1998,8,0.22455068509111992
1998,9,0.25139609456768103
1998,10,0.17947786479850453
1998,11,0.25499231098212943
1998,12,0.165671873330344
1999,1,0.18905454861598475
1999,2,0.18520050516380976
1999,3,0.16962640170891127
1999,4,0.15700132507139114
1999,5,0.19611767389136142
1999,6,0.19975788661369753
1999,7,0.2244075800290165
1999,8,0.19002851469771245
1999,9,0.20693787063104296
1999,10,0.21504998226026545
1999,11,0.23426305485446175
1999,12,0.2510303144696367
2000,1,0.20478373328619617
2000,2,0.2030799368045612
2000,3,0.16746592950858735
2000,4,0.16060067415086832
2000,5,0.2046908581184277
2000,6,0.21444797423913142
2000,7,0.24226113051861897
2000,8,0.24300545304616533
2000,9,0.17291415917278888
2000,10,0.21005769429718413
2000,11,0.22306676810319875
2000,12,0.2501965224243101
2001,1,0.20904127779048737
2001,2,0.21826240179715783
2001,3,0.2208323013554595
2001,4,0.16472085833655203
2001,5,0.17306915390231897
2001,6,0.20658575511096813
2001,7,0.2276337859797814
2001,8,0.19572335825714904
2001,9,0.2485614730065287
2001,10,0.23241301369742873
2001,11,0.22733417159067465
2001,12,0.2308718059698141
2002,1,0.20377833346287166
2002,2,0.24607312087434077
2002,3,0.16905700089689663
2002,4,0.19637041888866208
2002,5,0.1791826178613577
2002,6,0.230859273373678
2002,7,0.3184656172798921
2002,8,0.2482005166153448
2002,9,0.22142713822208127
2002,10,0.16221120451141446
2002,11,0.2209663660239926
2002,12,0.23583536769577984
2003,1,0.2101230620137309
2003,2,0.17944169482046562
2003,3,0.22695811393371917
2003,4,0.20921843260729633
2003,5,0.15054765054579272
2003,6,0.23440564390285493
2003,7,0.23978907944831335
2003,8,0.18957155447061155
2003,9,0.21938234771251552
2003,10,0.26733158316921046
2003,11,0.2246739917684314
2003,12,0.2366550895855248
2004,1,0.2031494972584846
2004,2,0.19795842805004385
2004,3,0.20865857702941615
2004,4,0.17018169648197698
2004,5,0.16627385918249815
2004,6,0.22953526400696786
2004,7,0.24597709413363184
2004,8,0.22272903917484121
2004,9,0.23160957809505597
2004,10,0.20854070881672168
2004,11,0.2743989109808699
2004,12,0.23419405096855483
2005,1,0.19713057633212766
2005,2,0.2565426221086329
2005,3,0.17667405351970827
2005,4,0.1773915580450769
2005,5,0.23201507522667997
2005,6,0.22747736144244357
2005,7,0.30108066069577977
2005,8,0.289626093537638
2005,9,0.2792052048223367
2005,10,0.25136633991176593
2005,11,0.24534397602440167
2005,12,0.23053780980839791
2006,1,0.2451529134672858
2006,2,0.1760241524036623
2006,3,0.17742652396824185
2006,4,0.18719483800846254
2006,5,0.22954789645900678
2006,6,0.2555242819804015
2006,7,0.2770727944483976
2006,8,0.24876874428275203
2006,9,0.3079599938462996
2006,10,0.19458033344052136
2006,11,0.20879041890579447
2006,12,0.3106973501530208
2007,1,0.19198076600776287
2007,2,0.22068784586273135
2007,3,0.2327623784482491
2007,4,0.17260510097165827
2007,5,0.26525435169222333
2007,6,0.2878855472530095
2007,7,0.23022223956676935
2007,8,0.2296185736241173
2007,9,0.24630587143452182
2007,10,0.20442853761804078
2007,11,0.24417714113750905
2007,12,0.1940953834885436
2008,1,0.20515470399529873
2008,2,0.2789514808127691
2008,3,0.21543674365134646
2008,4,0.2290807983754075
2008,5,0.20827630551191703
2008,6,0.23755285388755054
2008,7,0.2189072918543014
2008,8,0.16646043551890638
2008,9,0.3075388592741528
2008,10,0.2154498875104845
2008,11,0.214759483949929
2008,12,0.2288557824734102
