year,month,value
1421,1,0.03701799304466215
1421,2,0.026787628784391386
1421,3,-0.8261356746030535
1421,4,-0.2608677424805269
1421,5,0.352978551064298
1421,6,0.7669809648827886
1421,7,1.0348303669413839
1421,8,0.49788231917032943
1421,9,-1.0646791451064157
1421,10,-0.2097035167676094
1421,11,-0.2017970320924133
1421,12,-0.1911255163918804
1422,1,-0.040407983696438055
1422,2,0.5478198420340363
1422,3,0.5451334078292391
1422,4,-0.09763854523427576
1422,5,-0.24987050243496906
1422,6,-0.14173937703053108
1422,7,0.4879734325175408
1422,8,-0.05459375553228313
1422,9,-0.9822121744784146
1422,10,-0.7405256678319655
1422,11,-1.148104564801491
1422,12,-0.23434600888022183
1423,1,-0.22056926435772162
1423,2,-1.131883829150286
1423,3,-0.27096357728457604
1423,4,-0.3942421485259958
1423,5,-1.1025246893818637
1423,6,-0.6025130193248168
1423,7,-0.05832885755084502
1423,8,-0.3977651088687492
1423,9,-1.0722138038851787
1423,10,-0.5732132435765472
1423,11,-1.0218205139175809
1423,12,-0.6011543829728698
1424,1,-0.8252546048549514
1424,2,-0.47867846883214527
1424,3,-0.29937847753063407
1424,4,0.1657099694829335
1424,5,-0.6514469052939507
1424,6,0.4740313276581102
1424,7,1.127545725031926
1424,8,-0.19725449923961424
1424,9,-1.0563392896458028
1424,10,0.21835576761842218
1424,11,-0.5917175548623275
1424,12,0.5101771041669679
1425,1,0.4335880504132458
1425,2,0.2520853372149322
1425,3,-0.13080478905919368
1425,4,-0.1255671205973335
1425,5,-0.08268616245460966
1425,6,0.05791964403787807
1425,7,0.9924287539125711
1425,8,0.3207392136148686
1425,9,-0.2654441204609008
1425,10,-0.10584083420049431
1425,11,-0.8424548952498738
1425,12,-0.42653196143119493
1426,1,-0.7679700693490477
1426,2,-0.8800440946416653
1426,3,-0.277536605573167
1426,4,-0.11658707373061565
1426,5,0.1916564916359486
1426,6,0.1612980650501842
1426,7,0.5744123841629494
1426,8,0.46772773727153255
1426,9,-0.46209167302712006
1426,10,-0.07136326887721316
1426,11,-0.466622234897258
1426,12,-0.35920973074574025
1427,1,-0.8627949767229867
1427,2,-0.5523394270209309
1427,3,-0.5763165230081575
1427,4,-0.41671408075039285
1427,5,-0.13067282885082207
1427,6,0.022547666737526492
1427,7,0.38960693265075497
1427,8,0.6767909183306671
1427,9,-0.38634524857650654
1427,10,0.01149446229924438
1427,11,-0.3642458888600769
1427,12,-0.14686945682777286
1428,1,0.015195268287793608
1428,2,0.3564388627253665
1428,3,-0.2929170971610918
1428,4,-0.5825183724323159
1428,5,-0.8285906093641994
1428,6,-0.5876383879331453
1428,7,-0.31435976839727114
1428,8,-0.27677921895739743
1428,9,-0.6001722462289523
1428,10,-0.11546671028741387
1428,11,-0.8195780808327151
1428,12,-0.07961489493481072
1429,1,0.10391198268493429
1429,2,0.22955463116118002
1429,3,-0.7530878940162206
1429,4,-0.8820758334139467
1429,5,-0.2203470809291409
1429,6,0.5635850693168873
1429,7,1.3238942412313066
1429,8,0.32537178936521594
1429,9,-0.3462508773138998
1429,10,-0.14876745067443337
1429,11,-0.42707829826352217
1429,12,0.04993609046778909
1430,1,-0.3503311743473397
1430,2,0.4598540373970159
1430,3,-0.8432621877412577
1430,4,-0.2742520165286938
1430,5,-0.5406303398292918
1430,6,-0.4746910564678148
1430,7,0.3907305156089941
1430,8,0.7115134486164545
1430,9,-0.5115250146328681
1430,10,-0.09002095765432425
1430,11,-0.3421208536916822
1430,12,-0.24012541771991258
1431,1,0.15773588022716925
1431,2,0.7442569816073497
1431,3,-0.651391406811472
1431,4,-0.44677295546087753
1431,5,-0.7434046860581858
1431,6,0.631818520284493
1431,7,0.47008804054668774
1431,8,0.19216718750351225
1431,9,-0.43313743166020224
1431,10,-0.4017419548223215
1431,11,-0.3822047033831447
1431,12,-0.8533358766835382
1432,1,-1.1529033061390275
1432,2,-1.414168137780501
1432,3,-0.7062595518549424
1432,4,-0.5687891295860684
1432,5,-0.0966691235736675
1432,6,-0.002801028345712664
1432,7,0.5563718068168292
1432,8,0.2533087772032518
1432,9,0.1987873676875452
1432,10,-0.37897748644816787
1432,11,-0.4335458212110435
1432,12,-1.2409139367572901
1433,1,-0.9275659770018501
1433,2,-0.8564745280125935
1433,3,-0.4516925127821994
1433,4,-0.14845421534233288
1433,5,-0.13497831047713685
1433,6,0.20605567804177105
1433,7,0.4837779607334083
1433,8,0.3023598486733156
1433,9,-0.06935964617062837
1433,10,0.08544525418104565
1433,11,-0.6708964226329263
1433,12,-0.21145124677646604
1434,1,-0.49065900531001827
1434,2,-1.0326990311580495
1434,3,-0.8323389487221863
1434,4,-0.006592965731640609
1434,5,0.6413776905895012
1434,6,0.8604050713085817
1434,7,0.8309041535403553
1434,8,0.35837774889710405
1434,9,-0.5001370656448407
1434,10,-0.3629245026899207
1434,11,-0.5560628018671162
1434,12,-2.352800285897726
1435,1,-0.9052230674104079
1435,2,-0.8142045279596244
1435,3,-0.41506993494773925
1435,4,-0.15441462980695855
1435,5,-0.26230076963048593
1435,6,0.052153413643459406
1435,7,0.7138660298006956
1435,8,0.32742273536932676
1435,9,-0.5026616533894939
1435,10,-0.34729810173952147
1435,11,-0.10025327561335984
1435,12,0.22273131619451894
1436,1,0.2589037357593938
1436,2,-0.9892753160769928
1436,3,-0.8240767107989317
1436,4,-0.7728967517776528
1436,5,-0.5180265056489308
1436,6,-0.1505122572262694
1436,7,0.2705844531186507
1436,8,0.05186843609374597
1436,9,0.14902458547031916
1436,10,-0.9314685604987037
1436,11,-0.5904925558969216
1436,12,-1.4860734039284011
1437,1,-0.32696220490107214
1437,2,-0.22874941139519855
1437,3,0.43224842859349794
1437,4,-0.23347549535750894
1437,5,-0.6094096253949267
1437,6,-0.5965904319477
1437,7,0.22614919402695924
1437,8,0.0903504895774408
1437,9,-0.5623374164345486
1437,10,-0.4715736500102708
1437,11,-0.7204798384391617
1437,12,-0.5066735522447755
1438,1,-0.9380621147248741
1438,2,0.09843099116920749
1438,3,0.48226685108911427
1438,4,-0.2760171660272135
1438,5,-0.21383077322582889
1438,6,-0.38075855790170005
1438,7,0.12869923669837974
1438,8,-0.2698992701236253
1438,9,-0.5813460575252081
1438,10,-0.6764976432516211
1438,11,-0.8564604334228438
1438,12,0.17228377501395914
1439,1,0.49974077248335436
1439,2,0.5548148448130401
1439,3,-0.6267128074749303
1439,4,-0.37750088333727366
1439,5,-0.010142015702903559
1439,6,-0.16932925811758598
1439,7,0.31374859315770853
1439,8,-0.03771374358752369
1439,9,-0.7912183607790024
1439,10,-0.23498240955872346
1439,11,-0.28197334642409083
1439,12,-0.7511376794093676
1440,1,-0.42969072866458213
1440,2,-0.8008618393090841
1440,3,-0.5882465685271203
1440,4,-0.34078663214678684
1440,5,-0.24244542015204107
1440,6,0.2859659123106274
1440,7,0.4440227982381198
1440,8,0.7659431827231843
1440,9,-0.44017636591150067
1440,10,-0.4617158646941186
1440,11,-0.23051383387252614
1440,12,-0.10953907944899302
1441,1,0.11897434698743509
1441,2,-0.904832130142096
1441,3,-0.6008979276529307
1441,4,-0.15192519341740696
1441,5,0.3516807636051218
1441,6,0.21069052273740108
1441,7,0.4126274277383838
1441,8,-0.2827409133379934
1441,9,-1.0142521988417035
1441,10,-0.5559513562551788
1441,11,-0.7984205470156167
1441,12,0.2590461068736588
1442,1,-0.6210675929508398
1442,2,-0.22285689964080613
1442,3,-0.9173564489832858
1442,4,-0.8539227222952983
1442,5,-0.13104856423513156
1442,6,0.20289007853169252
1442,7,0.8349179635741024
1442,8,0.6006438910074314
1442,9,-0.29429097106064994
1442,10,-0.8177899888499195
1442,11,-0.06481091389864742
1442,12,-0.4705926789968229
1443,1,-0.659820274903512
1443,2,-0.6133800675692558
1443,3,-0.005981903394087995
1443,4,0.05406627489394451
1443,5,-0.5700338648696495
1443,6,-0.4032388710745536
1443,7,0.16356904209850345
1443,8,-0.2304951218157965
1443,9,-0.2704342192513035
1443,10,-0.5947363347726766
1443,11,-0.2075987650261869
1443,12,-0.42436193464490785
1444,1,-0.6599459590773473
1444,2,-0.1396916458389709
1444,3,-0.19328980080474933
1444,4,0.10313231849226528
1444,5,-0.1331958261728703
1444,6,0.12286080763336985
1444,7,0.40063706835381446
1444,8,-0.16908921489505063
1444,9,-0.45062884586817786
1444,10,-0.14312115951345072
1444,11,-0.6342616915679083
1444,12,-0.04556519653473953
1445,1,-0.27997564531390373
1445,2,-0.039120504077594105
1445,3,-0.03715996563193577
1445,4,-0.3175385041064494
1445,5,0.24349391174128288
1445,6,0.32584965686821454
1445,7,0.63598636192723
1445,8,0.05834632525395932
1445,9,-0.7971567246452234
1445,10,-0.2567771394307369
1445,11,-0.5989093611806309
1445,12,0.0912505086286917
1446,1,0.5657274496066237
1446,2,0.16667305010892317
1446,3,-0.14582243512203968
1446,4,-0.16263467922432795
1446,5,-0.20923894642499707
1446,6,0.04208645361948399
1446,7,0.2640506516670327
1446,8,-0.8864372909844007
1446,9,-1.3029941741606874
1446,10,-0.5447444026880188
1446,11,-0.01004632490714337
1446,12,-0.33896328944738746
1447,1,0.12556038894693652
1447,2,0.6290175078998568
1447,3,0.7945302953944121
1447,4,0.1808932269811605
1447,5,-0.5374011160848667
1447,6,-0.24326108262611684
1447,7,-0.7379178516066036
1447,8,-0.6295549315899092
1447,9,-1.5813427791985732
1447,10,-0.4381207834170196
1447,11,-0.2833014851932702
1447,12,-0.2447344449166653
1448,1,0.33774113006194223
1448,2,0.3007795188965289
1448,3,0.018367889674483294
1448,4,0.061737150593721424
1448,5,-0.08468832945993904
1448,6,-0.10926311448561205
1448,7,-0.05038987228874603
1448,8,-1.1302670594746758
1448,9,-1.854898801603089
1448,10,-0.5502825505559406
1448,11,-0.41586759448126687
1448,12,-0.5430884494574324
1449,1,-0.013361880296673883
1449,2,-0.26313532855562977
1449,3,-0.37638176497198794
1449,4,-0.49522706373921255
1449,5,-0.45450291678013477
1449,6,-0.3299381175990491
1449,7,0.3382441227981249
1449,8,0.7340754477944985
1449,9,0.3071939478537583
1449,10,0.017490853098223135
1449,11,-0.054529503822055826
1449,12,-0.41263800323482963
1450,1,0.44555557953640723
1450,2,0.8808873027118707
1450,3,0.2529062228686242
1450,4,-0.5890243733124214
1450,5,-0.6702425818650557
1450,6,-0.7879462581617742
1450,7,-0.1770056132106936
1450,8,-0.24428347828934843
1450,9,-0.69716097480021
1450,10,-1.1859912703790167
1450,11,-0.5073430112273969
1450,12,-0.7239454712192075
1451,1,-1.2522541215469132
1451,2,-0.2626903505590446
1451,3,-0.8674304240128442
1451,4,-1.1255638209279937
1451,5,-0.5593859789689329
1451,6,-0.24291764412909264
1451,7,0.18394777179566718
1451,8,0.5860049486442278
1451,9,0.15450108610799668
1451,10,0.012687216122002335
1451,11,-0.06595697376113878
1451,12,0.6019686217613349
1452,1,0.20937942650256644
1452,2,0.08913123039977364
1452,3,-0.1572339855718375
1452,4,-0.14939026386508067
1452,5,-0.31708515288104944
1452,6,-0.1408144361528887
1452,7,0.6057914915623759
1452,8,-0.5004602367856477
1452,9,-0.19873703802790554
1452,10,-0.10661161073689034
1452,11,-0.423700070759255
1452,12,-0.15196854115375352
1453,1,-0.08692632906404338
1453,2,0.05267885219505791
1453,3,0.09738220459516986
1453,4,-0.05409998894813398
1453,5,-0.8188019052411002
1453,6,-0.892684514938775
1453,7,-0.8334426443122058
1453,8,-1.5512901793029914
1453,9,-1.599519382030869
1453,10,-0.8651222964479977
1453,11,-1.4722619578348577
1453,12,-0.8209039045973643
1454,1,-0.23699220846170807
1454,2,-0.42625303266339626
1454,3,-0.8229374957178155
1454,4,-0.9935040431281243
1454,5,-0.554271654070424
1454,6,-0.728298677237021
1454,7,-0.617739004161406
1454,8,-0.6278347096070359
1454,9,-0.6747334414443513
1454,10,-0.20916639499383669
1454,11,-1.0991832810775135
1454,12,-0.664773574598371
1455,1,-0.21897595090694155
1455,2,-0.29885863624322767
1455,3,-0.5885802647593212
1455,4,-0.7295225516449088
1455,5,-1.1114146427170135
1455,6,-0.9115584674655428
1455,7,-0.4935985573663005
1455,8,-0.2723087889977945
1455,9,-0.5145494751891367
1455,10,-0.7609758373124704
1455,11,-0.5571114895936828
1455,12,0.1894100027748484
1456,1,0.4937400316523034
1456,2,1.088938291197213
1456,3,0.6337997784296456
1456,4,-0.2519182281171864
1456,5,-1.3034085083920581
1456,6,-1.300638059975016
1456,7,-0.9449293003522032
1456,8,-1.2565794592423418
1456,9,-1.437456751643854
1456,10,-0.21251433243896511
1456,11,-0.09686719939185118
1456,12,-0.22066058990333218
1457,1,0.19962883324927705
1457,2,0.4748078149198982
1457,3,-0.19268991423855536
1457,4,0.1478631159525301
1457,5,-0.7137654220048476
1457,6,-0.7555739815136173
1457,7,-0.25892552439483685
1457,8,-0.5331088366670977
1457,9,-1.3741262183360212
1457,10,-1.2095123016093219
1457,11,-0.9225716744895363
1457,12,-1.4385298058440685
1458,1,-1.6425552232572
1458,2,-1.6009018913324735
1458,3,-0.7183239607909729
1458,4,-0.6970390287947226
1458,5,0.09918616930240089
1458,6,-0.38655288595370985
1458,7,-0.28828711075520574
1458,8,0.40798468338773114
1458,9,0.10266491182357751
1458,10,-0.3418672753941357
1458,11,-1.1328057051470424
1458,12,-1.2910202825589485
1459,1,-0.5453192291036667
1459,2,0.05950193707575166
1459,3,0.3079247889510309
1459,4,0.044106568641632336
1459,5,-0.9012117860746061
1459,6,-2.152392766023995
1459,7,-2.0380829390864963
1459,8,-1.3271705703804508
1459,9,-0.6069451458987889
1459,10,-1.009531828438131
1459,11,-1.240758922224917
1459,12,-0.9402297378896878
1460,1,-1.624469752006092
1460,2,-1.2648779151373317
1460,3,-0.3070607983993098
1460,4,-0.5951340150589913
1460,5,-0.06754684427603326
1460,6,0.0026189226321355896
1460,7,0.10875335388717006
1460,8,-1.2937481541923401
1460,9,-1.8190008035915064
1460,10,-0.6618333581565052
1460,11,-0.5535925580956653
1460,12,-0.43522201955796846
1461,1,0.23293168995521918
1461,2,-0.2095406444510056
1461,3,-0.38298835775072204
1461,4,-0.2604934141338477
1461,5,0.014467760515678357
1461,6,-0.056121269471783974
1461,7,0.287724227836188
1461,8,-0.4139834299436522
1461,9,-1.207404387257922
1461,10,-0.7827349751574723
1461,11,-0.4953748656018815
1461,12,-0.9600532830438073
1462,1,-0.592283867184485
1462,2,-0.4407936546215369
1462,3,-0.33328517901812893
1462,4,0.031524817265636246
1462,5,-0.6370622753912393
1462,6,-0.5455358134705337
1462,7,-0.4740507758855767
1462,8,-1.0331846932691786
1462,9,-1.3360615317309066
1462,10,-0.3284282255201796
1462,11,-0.4084875423745314
1462,12,-0.9803284633276634
1463,1,-0.8958180900962156
1463,2,0.03161376096395399
1463,3,-0.5931979674126919
1463,4,-0.41927157514477276
1463,5,-1.0207712277774803
1463,6,-1.0326349086598288
1463,7,-0.44714234122021346
1463,8,-0.5706101305753023
1463,9,-1.519590018072346
1463,10,-0.8317407916457511
1463,11,-0.7366004621752211
1463,12,-0.5247653233762488
1464,1,-0.3525744471497953
1464,2,0.10464945234834434
1464,3,-0.29373812053459003
1464,4,0.0013210830903381265
1464,5,0.33459899818169625
1464,6,0.4030153512377198
1464,7,0.4247260191606717
1464,8,-0.09971334845593545
1464,9,-0.8278857603953129
1464,10,-0.5047492774360212
1464,11,-0.5803799227628912
1464,12,-0.5585462798518213
1465,1,-0.7527568286581146
1465,2,-1.1824154333608903
1465,3,-0.6808276562723581
1465,4,-0.9128644699991324
1465,5,-1.251209040971404
1465,6,-0.019218084160198712
1465,7,0.38020903800610206
1465,8,-0.7175184130822185
1465,9,-1.04870357318588
1465,10,-0.419461790071253
1465,11,-0.46805964271795164
1465,12,-0.29616856441382156
1466,1,0.6357499181625709
1466,2,0.2038029169779079
1466,3,0.14829561029912097
1466,4,0.09580799100225038
1466,5,-0.6704332500319868
1466,6,-1.0920959239992367
1466,7,-0.5484685285927968
1466,8,-0.06449599283541914
1466,9,-0.9859524772606668
1466,10,-0.4516999475705628
1466,11,-0.6484297205273915
1466,12,-0.2918145220117542
1467,1,-0.14574225388357084
1467,2,-0.5413719174559161
1467,3,-0.6243038689628719
1467,4,-0.9919665097505235
1467,5,-0.05125273910850352
1467,6,-0.5370673958978208
1467,7,0.1118996059424889
1467,8,-0.11040205635611311
1467,9,-0.9696744756729992
1467,10,-0.07346424036922637
1467,11,-0.07790490372674139
1467,12,0.05255789755689595
1468,1,0.08356284759895001
1468,2,-0.19352316435049305
1468,3,0.007870251924620954
1468,4,-0.4084518154610594
1468,5,-0.9777861749979795
1468,6,-0.6017290242247197
1468,7,-0.36596298358505813
1468,8,-0.2853633915603582
1468,9,-1.1534187957167923
1468,10,-0.26213941847315586
1468,11,-0.5540884892760454
1468,12,-0.08540364580830337
1469,1,-0.5815674618686737
1469,2,-1.2788101586492064
1469,3,-1.2747656125214801
1469,4,-0.9154383954130527
1469,5,-0.4903168470217894
1469,6,-0.6246906637975339
1469,7,0.19784535012440796
1469,8,-0.24788337265923266
1469,9,-0.1305734443961063
1469,10,0.06641948878802653
1469,11,-0.9294795281613172
1469,12,-0.8477391936438854
1470,1,-0.6759461359827426
1470,2,-0.5602837907011461
1470,3,-0.3849945284263089
1470,4,-0.6025226883855197
1470,5,-0.9794112303399838
1470,6,-0.2749501591416138
1470,7,-0.40066452734079205
1470,8,-1.052308179021316
1470,9,-1.8160629560794725
1470,10,-0.525466457591141
1470,11,-0.07078199854519486
1470,12,-0.4617473654245948
1471,1,0.17224391370576445
1471,2,0.10706513922263736
1471,3,-0.034287729836544885
1471,4,0.35431028605616666
1471,5,0.5896252963519196
1471,6,-0.14173415892101993
1471,7,-0.19020639963697278
1471,8,-0.39943737071840113
1471,9,-0.6442230909594664
1471,10,-0.5407463374501909
1471,11,-0.5512828460303341
1471,12,-0.0674331667110711
1472,1,0.5426043436738529
1472,2,0.4750834955417884
1472,3,-0.5568718042656788
1472,4,-0.7877465078149577
1472,5,-0.48881167794118835
1472,6,-0.5820411305999142
1472,7,-0.6803805055019643
1472,8,-0.03590827589239426
1472,9,0.045390702081715056
1472,10,-0.9199889263555683
1472,11,-0.6404508379555051
1472,12,-0.6095241594033574
1473,1,-0.28068587309498544
1473,2,0.13465660143633978
1473,3,-0.1737877730463191
1473,4,0.8036538132537675
1473,5,1.2374279998203401
1473,6,0.25979234864179523
1473,7,-0.12214659048423601
1473,8,0.742772780217221
1473,9,0.7811924301768631
1473,10,-1.0965188559866457
1473,11,-0.5760117272896984
1473,12,-0.411543206503578
1474,1,0.47888774457904004
1474,2,1.1710332909395071
1474,3,6.936433360869854e-5
1474,4,-0.6704819410555702
1474,5,-1.1732025748447794
1474,6,-0.8715844534633882
1474,7,-0.6628129473068014
1474,8,-1.063803061584336
1474,9,-1.0316108090037766
1474,10,-0.10785837324581637
1474,11,-0.3161502788255388
1474,12,0.032479028140363575
1475,1,0.41513687924086196
1475,2,0.21271776077648596
1475,3,-0.37610388814323725
1475,4,-0.5397887244823077
1475,5,-0.6951685276360158
1475,6,-0.550799566757163
1475,7,-0.007975138380164757
1475,8,0.5351746096076839
1475,9,-0.23816217530505474
1475,10,-0.23966868319577905
1475,11,-0.1590890865363147
1475,12,-0.3159409768309448
1476,1,0.16632587930957626
1476,2,-0.11607932686216949
1476,3,0.30396998276874904
1476,4,-0.10654923633904151
1476,5,0.4827508938165456
1476,6,0.17718236932083478
1476,7,0.7054432201541461
1476,8,-0.01941057790580724
1476,9,-0.8821941063975813
1476,10,-0.6323122558810595
1476,11,-0.48883391648064173
1476,12,-1.3635650300435036
1477,1,-0.7228890417552896
1477,2,-0.8988738200960578
1477,3,-0.6394704433898393
1477,4,-1.1931534470081822
1477,5,-0.671181444646873
1477,6,-1.0636015517321449
1477,7,-0.577183655405039
1477,8,-0.8747090852791292
1477,9,-0.6945329497000066
1477,10,-1.2512618632261427
1477,11,-1.0760206728868558
1477,12,-0.9259131836678473
1478,1,0.5011942026112279
1478,2,0.21593809179453288
1478,3,-0.6935022452036936
1478,4,-0.5665842281490844
1478,5,-0.25618009053796603
1478,6,-0.2737703169335689
1478,7,0.4848632466596121
1478,8,-0.3612146622842295
1478,9,-1.3371144273600777
1478,10,-0.6068836410456787
1478,11,-0.493371991323051
1478,12,-0.09245147454610483
1479,1,0.5864647637174987
1479,2,0.2591984552811053
1479,3,-0.7322634319990577
1479,4,0.06461027742296867
1479,5,0.47827612988720075
1479,6,-0.1823410793261683
1479,7,0.6351686865377768
1479,8,-0.011960002298858727
1479,9,-0.9891097179531516
1479,10,-0.5572690293037513
1479,11,-0.42075136318031636
1479,12,-0.21579148485239458
1480,1,0.1617263357169033
1480,2,0.40932163472898603
1480,3,0.0796618671306388
1480,4,0.2730220565304425
1480,5,-0.4461960171733653
1480,6,-0.38467737065147434
1480,7,0.23795804205074425
1480,8,-0.9450403624184965
1480,9,-1.4339754271224772
1480,10,-0.2538615946700808
1480,11,-0.396286225013491
1480,12,-1.2467289331317755
1481,1,-0.3226499102878211
1481,2,-0.003641431572757814
1481,3,0.3060204239715809
1481,4,-0.1351612152337897
1481,5,-1.5292424056839613
1481,6,-0.8217171452708292
1481,7,-0.4610205033074978
1481,8,-0.8266294752822578
1481,9,-1.1906148334417779
1481,10,-0.8231598737712624
1481,11,-0.6922236655168384
1481,12,-0.5750086698039674
1482,1,-0.7997872343280592
1482,2,-0.873958845057253
1482,3,-0.9087766347176891
1482,4,-0.5336073046778422
1482,5,0.1647972304620774
1482,6,0.25867219984527745
1482,7,0.6875668946949272
1482,8,0.6402229783545235
1482,9,-0.511988373103208
1482,10,-0.347479266903602
1482,11,-0.7855069119673821
1482,12,0.2578129701096374
1483,1,0.7226355996089956
1483,2,0.9217263371829474
1483,3,-0.12214638416154228
1483,4,0.6440409924250395
1483,5,0.5705396247698301
1483,6,0.33378874501206557
1483,7,0.08375722501053265
1483,8,-0.008452268181269568
1483,9,-0.5225087731159392
1483,10,-0.37458817496655017
1483,11,-0.5140272779532167
1483,12,-0.8423061205853335
1484,1,0.1527166921564214
1484,2,-0.3847818031609649
1484,3,0.0030983097258543667
1484,4,0.131682217433469
1484,5,-0.1326259873866874
1484,6,0.02055331617836547
1484,7,0.6329427846626128
1484,8,0.7571780265622943
1484,9,-0.559985279130944
1484,10,-0.9496483461014453
1484,11,-0.5467590656829154
1484,12,-0.3167392076782922
1485,1,-0.34048815612024125
1485,2,-1.05301499754879
1485,3,-0.9682372801158179
1485,4,-0.6915095231777753
1485,5,-1.1905972079970395
1485,6,-0.5793486195602193
1485,7,0.30345850249829887
1485,8,0.5832399957654024
1485,9,-0.028495406751302868
1485,10,-0.2576292321135998
1485,11,-0.5419407412314519
1485,12,-0.40698431781668987
1486,1,0.1742298062883373
1486,2,0.26629069818807805
1486,3,0.05244421765392071
1486,4,-0.2106478488025474
1486,5,0.09823338266471203
1486,6,0.011177523242771409
1486,7,0.8865829367960347
1486,8,-0.43179052192144196
1486,9,-0.9109031280820385
1486,10,-0.2578245954547844
1486,11,-0.6530413068504823
1486,12,0.09921116641549739
1487,1,-0.8888336230067522
1487,2,-0.54944272779226
1487,3,-0.11212505537682999
1487,4,-0.32011658356152967
1487,5,-0.1027786012888748
1487,6,0.2410423921558647
1487,7,0.4816876576631919
1487,8,0.42436344576522517
1487,9,-0.7166333527464308
1487,10,-0.48278260712205745
1487,11,-0.321559288508959
1487,12,-0.3122759085191246
1488,1,-0.36796814968303326
1488,2,-0.06402758641155842
1488,3,-0.7523231621636013
1488,4,-0.5431386284798049
1488,5,-0.9755240216790719
1488,6,-0.24825502353984016
1488,7,0.0763378534529967
1488,8,-0.048975738673953856
1488,9,-1.166490376079983
1488,10,-0.7285674534403841
1488,11,-0.83482140735044
1488,12,-0.2527577200034944
1489,1,-0.3816495597918461
1489,2,-0.17707583881020955
1489,3,-0.7477301399282077
1489,4,-0.3285320212842924
1489,5,-0.10692684559803506
1489,6,0.458432277889244
1489,7,1.4467747098322896
1489,8,0.9340832188823647
1489,9,-0.5802263181014943
1489,10,-0.4191588805031937
1489,11,-0.28997534422192284
1489,12,-1.0112092858349553
1490,1,-0.09364425757762208
1490,2,-0.47372491295003216
1490,3,-1.1281994919616931
1490,4,-0.6031470187385564
1490,5,-0.04652325690350898
1490,6,0.660487956723415
1490,7,1.4886471838390165
1490,8,0.27943417576351653
1490,9,-0.5763644472223417
1490,10,-0.24633972276754273
1490,11,-0.6717651968745904
1490,12,-1.1975072167852847
1491,1,-1.1232033391915563
1491,2,-1.0656644865865308
1491,3,-0.783296820364854
1491,4,-0.7343777998104517
1491,5,-0.9437222980672415
1491,6,-0.1413189299704322
1491,7,0.03482953811166063
1491,8,-0.9084152370091132
1491,9,-1.3573649220732962
1491,10,-0.10393191280242123
1491,11,-0.6280115302483871
1491,12,0.10172348473630087
1492,1,-0.6005132839113885
1492,2,-0.41534368487244083
1492,3,-0.24842058299385367
1492,4,-0.2671224210535111
1492,5,0.040315656121498594
1492,6,0.16288830657957865
1492,7,0.953086758011646
1492,8,0.1657315061492127
1492,9,-1.514532910484071
1492,10,-0.24071000972441947
1492,11,-0.09436027772439642
1492,12,-0.39847376533317175
1493,1,-3.6521093466070076e-4
1493,2,0.12315360746881625
1493,3,0.14790995235378784
1493,4,0.020925143009368968
1493,5,-0.5127476835859361
1493,6,-0.5824424959361313
1493,7,-0.032913408389687863
1493,8,0.1338506204902539
1493,9,-0.3228823977701195
1493,10,-0.48833020905507774
1493,11,-0.34524266576547125
1493,12,0.7800688798837762
1494,1,-0.20730764868510895
1494,2,-0.13336043174714907
1494,3,-0.4662245992215892
1494,4,-0.26647625565686367
1494,5,0.0347213943232669
1494,6,0.18465291930699598
1494,7,1.460563970155905
1494,8,0.8749649355468757
1494,9,-0.5434350954149841
1494,10,-0.5457981350768245
1494,11,0.019627817234586065
1494,12,0.30837189945658317
1495,1,0.3661303027734139
1495,2,-0.0675691520149607
1495,3,-0.2726530770815967
1495,4,0.16659804187398677
1495,5,0.14762267884163288
1495,6,-0.14910107451713225
1495,7,0.5005614388968915
1495,8,-0.06366157898210471
1495,9,-1.6843943706619484
1495,10,-0.6359393760896402
1495,11,-0.43785841589789387
1495,12,-0.6310685173915913
1496,1,-0.474939178328448
1496,2,-0.8524828503639642
1496,3,-0.9617204398884657
1496,4,-0.8583406510036895
1496,5,-0.3819923554671979
1496,6,0.3422271578842563
1496,7,1.0960191349306774
1496,8,-0.545304302456769
1496,9,-1.195160898489151
1496,10,-0.2534520376099466
1496,11,-0.0720273885243231
1496,12,-0.3609797817412072
1497,1,-0.6420045852853938
1497,2,-0.4625140637657257
1497,3,-0.22375286875228242
1497,4,-0.5955782885967229
1497,5,-0.0764243571606299
1497,6,-0.5353403874124406
1497,7,0.08647154341623595
1497,8,-0.37364058779036274
1497,9,-0.7349136768816891
1497,10,-0.5703024602737174
1497,11,-0.504715301189902
1497,12,0.14054734130838847
1498,1,0.03826994907427121
1498,2,-0.2797047095657164
1498,3,0.1255465428434975
1498,4,-0.6595116186162302
1498,5,-0.7901616746698943
1498,6,-0.2693540234686981
1498,7,-0.1042010408769419
1498,8,-0.8839366738733374
1498,9,-1.1520587469642847
1498,10,-0.4234564117314502
1498,11,-0.25606801171959903
1498,12,-0.8288464444964239
1499,1,-0.5532951621998011
1499,2,-0.10487115773737636
1499,3,-0.0021373362505441793
1499,4,-0.32191290372000914
1499,5,-0.6214443606090616
1499,6,-0.10136977289584061
1499,7,0.5199290813363592
1499,8,0.6837312010705618
1499,9,0.21378975301739458
1499,10,-0.06119373529317902
1499,11,-0.04261231909997703
1499,12,2.188208552419132
1500,1,-0.6989110903152598
1500,2,-0.34921196653179404
1500,3,-0.40523364586791377
1500,4,0.12592393526420648
1500,5,-0.6915790233059544
1500,6,0.6871277292432013
1500,7,0.9770282037381518
1500,8,0.28834462924648246
1500,9,-0.243357780063375
1500,10,-0.21582481700111275
1500,11,-1.520715838053715
1500,12,-2.126402801156332
1501,1,-0.09817224164695171
1501,2,0.4110553795485515
1501,3,0.31762622837796384
1501,4,-0.013559095445536802
1501,5,0.3458572135327482
1501,6,0.7924781940851048
1501,7,0.5946849456568549
1501,8,-0.6480130453740132
1501,9,-0.7721935588093418
1501,10,-0.6706867503668313
1501,11,0.04920978693086016
1501,12,0.4430635439846439
1502,1,0.4101510073390574
1502,2,-0.14330154320924438
1502,3,-0.520472528018563
1502,4,0.594390550640222
1502,5,-1.2798921324652437
1502,6,-0.39060635781095016
1502,7,-0.8571050892941879
1502,8,0.1443196539308036
1502,9,-0.2770518159865349
1502,10,-1.136430507224922
1502,11,-1.1349818115190176
1502,12,-0.2969503226745981
1503,1,-0.6017480320466408
1503,2,-0.8722517324852886
1503,3,-0.5992124701134396
1503,4,-0.8119286984907603
1503,5,-0.39651434614595843
1503,6,-0.23321128919583223
1503,7,0.025064513093748242
1503,8,-0.7475785520591204
1503,9,-0.7392154964970744
1503,10,-0.15072378603992592
1503,11,-0.9848168456311914
1503,12,-0.48069102982902284
1504,1,-0.08131232413610476
1504,2,-0.7337771670906594
1504,3,-0.2016374079591146
1504,4,0.2809882319037721
1504,5,-1.288754740229457
1504,6,-0.12533735085371056
1504,7,-0.47568472422808583
1504,8,0.07621599176380689
1504,9,-0.9404388737812708
1504,10,-0.4944446568888181
1504,11,-1.3876197405057746
1504,12,0.5103393253269728
1505,1,1.72693106417262
1505,2,0.42716523560256564
1505,3,-0.07011265735087936
1505,4,-0.32138095060396454
1505,5,-0.530899161744238
1505,6,0.09887702046309535
1505,7,0.8352555516742324
1505,8,-0.2247550488646171
1505,9,-0.7885389398791597
1505,10,0.24269806706833424
1505,11,-0.5459038879135395
1505,12,-1.1233838080930592
1506,1,-0.1711133374192298
1506,2,-0.5764774440917237
1506,3,0.0762162246644217
1506,4,-0.540088369200383
1506,5,-1.3749316158763807
1506,6,-0.9498480906725544
1506,7,0.31036985249077537
1506,8,-0.02581436748488821
1506,9,-2.1507249505881587
1506,10,-0.685775802272138
1506,11,0.17590193639639812
1506,12,0.9564695862523571
1507,1,0.9367866330419929
1507,2,0.045784054834438925
1507,3,-0.6009411580589074
1507,4,0.6767624888346724
1507,5,-0.02809996167189803
1507,6,0.5184482814350377
1507,7,0.3740356818319267
1507,8,-0.17797081721480393
1507,9,-1.090489409660798
1507,10,-0.1403257677808997
1507,11,-0.17707055876292996
1507,12,0.17152628332483705
1508,1,1.2452385748801607
1508,2,-0.15915292199834918
1508,3,-0.6557055347868993
1508,4,-1.179600908895057
1508,5,-0.40080864053205506
1508,6,-0.3233679284963399
1508,7,0.12865791906588264
1508,8,-0.4937972336432062
1508,9,-0.5206532996883606
1508,10,-0.4474574528101699
1508,11,-0.042071211579655834
1508,12,-0.03986509603363997
1509,1,0.3639809468314247
1509,2,-0.4888420055704733
1509,3,-0.35055726730119346
1509,4,-0.7800446535769632
1509,5,-0.6226573557802418
1509,6,-0.7819114789365661
1509,7,-0.2911171642144979
1509,8,0.4904611511977166
1509,9,-0.2556927877004339
1509,10,-0.7680939470049926
1509,11,0.5693292583823982
1509,12,-0.7651765559008422
1510,1,-0.5673497183858589
1510,2,-0.10463934037897218
1510,3,-1.548949343792724
1510,4,0.1444979437049022
1510,5,-0.13121984886315496
1510,6,0.39495293397913556
1510,7,0.2792358897534691
1510,8,0.11629773486377967
1510,9,-0.06951697788043369
1510,10,-0.3674566216119091
1510,11,-0.9943088839496944
1510,12,-1.4033281736129095
1511,1,-0.6667740993196801
1511,2,-0.23200453730371873
1511,3,0.07737810192260408
1511,4,-0.11903900372466203
1511,5,-1.128906276000033
1511,6,-1.2458350726460405
1511,7,-1.3431203293846434
1511,8,-0.9778768463885344
1511,9,-0.974193459247903
1511,10,-0.6482196673916494
1511,11,-1.001521180688381
1511,12,-0.8924172357934279
1512,1,-0.5900434458810235
1512,2,-0.9777931940147845
1512,3,-0.7398672990473749
1512,4,-0.3067337927084114
1512,5,-0.24808310822720953
1512,6,-0.5249203832435685
1512,7,0.22945711503440883
1512,8,0.14413287015982587
1512,9,-1.1850936416003026
1512,10,-0.9875430637858298
1512,11,0.17946544321644484
1512,12,1.0404344485014427
1513,1,-1.2609530034030982
1513,2,-0.4689344214611063
1513,3,-0.020450529172557824
1513,4,-0.5985411520801327
1513,5,-0.8949446403454335
1513,6,0.2134500795594643
1513,7,0.0806169314877746
1513,8,-0.7174982591124077
1513,9,-1.232063609885786
1513,10,-0.6504537294439582
1513,11,-1.178817187519606
1513,12,-1.4902610443224147
1514,1,-1.7894597725646197
1514,2,-0.48190128104028873
1514,3,-1.4371022627447683
1514,4,-0.8445571057512704
1514,5,0.3426571155017366
1514,6,-0.24278597103946262
1514,7,0.22655197561420837
1514,8,-0.07609707878090942
1514,9,-0.9508489512909813
1514,10,-0.8857171398541375
1514,11,-0.11930201081157507
1514,12,-0.2590333393136493
1515,1,0.46627566503326745
1515,2,0.7807712961688424
1515,3,-1.1683384409668975
1515,4,-0.36527753558345566
1515,5,-1.2660063711267577
1515,6,0.10813168566217551
1515,7,0.16479910930561276
1515,8,-0.2764591306476458
1515,9,-0.4510893786931439
1515,10,-0.1400168945089208
1515,11,-0.8503267168135844
1515,12,0.27569268110434914
1516,1,0.38519331127032735
1516,2,-0.07174207154427877
1516,3,-0.19867048224151615
1516,4,0.8738015140265896
1516,5,-0.8144653059268585
1516,6,0.14433882971711448
1516,7,-0.20227091828498536
1516,8,0.03458524740858327
1516,9,0.1470612978030701
1516,10,0.05480509992514078
1516,11,-1.221699195676142
1516,12,-1.3679612286803828
1517,1,-1.2257016528245963
1517,2,-0.2677658294263706
1517,3,-0.5493496851151618
1517,4,-0.595115552487
1517,5,-0.07941404756166581
1517,6,-0.1937970930666986
1517,7,-0.6882963689742524
1517,8,-0.16801690502445224
1517,9,-1.4123411364253113
1517,10,0.4008792001351146
1517,11,-1.9448002562675275
1517,12,0.16823660596074752
1518,1,-0.03735723919831729
1518,2,0.3832116628583163
1518,3,0.15083460899842138
1518,4,-0.6068651331200423
1518,5,-0.5656339304024354
1518,6,-0.3983167397841967
1518,7,-0.329903830140693
1518,8,-0.40529345188862587
1518,9,-1.1517150667550848
1518,10,-0.6782360081238459
1518,11,0.049564603663702966
1518,12,-0.27023202564121884
1519,1,-0.7809004679079076
1519,2,0.09293630404089628
1519,3,0.9863030601095706
1519,4,-0.23347928376579757
1519,5,0.3159317367256261
1519,6,-0.2937027041090543
1519,7,0.8035773989983267
1519,8,0.5237629976141966
1519,9,-0.79489824931702
1519,10,-1.0594479557105037
1519,11,-0.125800720627799
1519,12,-0.7368932994344011
1520,1,0.6978691838824446
1520,2,-0.37074084036618316
1520,3,-0.30332491255574956
1520,4,-0.42342841347275784
1520,5,-0.4720254031121226
1520,6,0.40901519797260055
1520,7,0.5171823723298619
1520,8,-0.5142770936322377
1520,9,-1.7742827528890377
1520,10,-0.23957260012536935
1520,11,-0.20793368074904828
1520,12,0.6260202623100116
1521,1,-0.9145784902809058
1521,2,0.43239914206894736
1521,3,0.6263683629781535
1521,4,-0.13358637598897147
1521,5,0.18881972010416403
1521,6,0.15194385374043545
1521,7,0.47665094034564026
1521,8,0.17142956499504775
1521,9,-0.03484203528346454
1521,10,-0.05207690486765364
1521,11,-0.44281208035491093
1521,12,0.9820633330349688
1522,1,0.8279018090140493
1522,2,0.06027906942560596
1522,3,0.24302866825762126
1522,4,0.20680483076224437
1522,5,-0.31222005452528645
1522,6,-0.7273210294910757
1522,7,0.10634057900103815
1522,8,0.1840478015861156
1522,9,-1.147339134348281
1522,10,-0.588568047252982
1522,11,-0.7633829868253322
1522,12,-0.9163767769917539
1523,1,-1.0516255326541475
1523,2,0.495430202867645
1523,3,-0.31306071576356775
1523,4,0.6218091960557037
1523,5,-0.23809350489601055
1523,6,-0.9545874090319282
1523,7,-0.15027344295546277
1523,8,0.3148395685943135
1523,9,0.30718589153033254
1523,10,-0.3566270781041042
1523,11,-0.8053399991431
1523,12,-0.43056249018111237
1524,1,1.0673377908129087
1524,2,0.5282248463898802
1524,3,1.0037764170015224
1524,4,0.03512688418036113
1524,5,-0.6889119830544019
1524,6,-0.6038066338658553
1524,7,-0.4689847776238737
1524,8,-0.11952692310970689
1524,9,-0.4216922661687969
1524,10,-0.390974985535051
1524,11,-0.3111222475814497
1524,12,-1.1920434966250777
1525,1,0.312054334432446
1525,2,0.008034395897061859
1525,3,-0.7068910468745015
1525,4,-0.16885250624376658
1525,5,-0.21508961305556074
1525,6,-0.3418405417320824
1525,7,-0.26648027120875795
1525,8,-0.10466034725330324
1525,9,-0.33462791939639797
1525,10,0.06838825489533759
1525,11,-0.20747179240988348
1525,12,-0.911051992729568
1526,1,0.562184274887448
1526,2,-0.7606549945064318
1526,3,0.20036191513759566
1526,4,0.345880333149657
1526,5,-0.18948268550836217
1526,6,-0.4731772670568325
1526,7,1.205990752319781
1526,8,0.6128883219394115
1526,9,-0.2614741815566939
1526,10,-0.420439750147815
1526,11,0.2567647156017039
1526,12,0.25684011008791596
1527,1,0.7002339520620766
1527,2,0.8105280701830303
1527,3,-0.5161915670421118
1527,4,-1.0118208813756902
1527,5,-1.0472450180576556
1527,6,-0.7805589772591472
1527,7,0.4825175790169826
1527,8,-0.45325687386558433
1527,9,-1.7156775153462522
1527,10,-1.1823124448548277
1527,11,-1.1581530665992794
1527,12,-0.14168813813919928
1528,1,0.455907675695973
1528,2,-0.7437332272105632
1528,3,-0.41429427111534756
1528,4,-0.5496534906859287
1528,5,-0.5186225118347539
1528,6,-0.4120145630262376
1528,7,0.3195910321717782
1528,8,-0.015960713088367703
1528,9,-0.4573875561802333
1528,10,-0.1729851448428598
1528,11,-0.4998340033491675
1528,12,-0.4643554442172669
1529,1,-0.030508821395699826
1529,2,0.6282669312912651
1529,3,0.16728995128419313
1529,4,0.18959571520800725
1529,5,-1.0056225055899368
1529,6,0.9819513160188937
1529,7,-0.08273290885417978
1529,8,-1.873038036217622
1529,9,-1.0551400167025249
1529,10,-0.7251534205272137
1529,11,0.6772818248628638
1529,12,0.6427327627608639
1530,1,1.568577617724154
1530,2,1.0915515520417087
1530,3,2.2063003067826727
1530,4,-0.1505109224130304
1530,5,-0.4859376575111036
1530,6,-0.35481235408397716
1530,7,-0.7402831353320735
1530,8,0.667851100495362
1530,9,0.5137735906679888
1530,10,0.4098125560851813
1530,11,-0.467091834170001
1530,12,-0.5818026368560003
1531,1,0.007465633417549161
1531,2,0.8548612877994655
1531,3,-1.3972884939904353
1531,4,-0.31032507517315844
1531,5,-0.4642716827997406
1531,6,-0.9959983067637423
1531,7,0.4273725794248763
1531,8,-0.2802437936099106
1531,9,0.47709931153350277
1531,10,0.2178520211741105
1531,11,-0.6669423367054637
1531,12,1.113163259515176
1532,1,0.22676771601583018
1532,2,0.1552623862646219
1532,3,0.7830885288886901
1532,4,-0.6925061458141251
1532,5,0.2534529941392179
1532,6,-0.3441468650796549
1532,7,-0.6189210839969294
1532,8,-0.6726535300915272
1532,9,-1.23583775489841
1532,10,-0.0865572314779716
1532,11,-0.36797887507374727
1532,12,-0.4105385580360523
1533,1,1.2321977193258986
1533,2,0.7177793347552359
1533,3,0.27968030477892303
1533,4,0.02535810186945693
1533,5,-0.4513029264533139
1533,6,-0.8349769379691423
1533,7,-0.47036172416911826
1533,8,0.27909710956282024
1533,9,-0.44851635336137097
1533,10,-0.19176456390555352
1533,11,-0.6583855050799685
1533,12,0.35854691589625387
1534,1,-0.7598792813235109
1534,2,-0.7490724644710612
1534,3,0.0177339820864134
1534,4,0.2174230309130158
1534,5,-0.11343716413788599
1534,6,-1.570250053827934
1534,7,-0.510416123660787
1534,8,-0.40816192024305253
1534,9,-0.09696855569800879
1534,10,-1.4193057880781212
1534,11,-0.4066810139661898
1534,12,-0.5253325871575726
1535,1,-0.2810307623618104
1535,2,-0.2697258100535583
1535,3,-0.8798963073101698
1535,4,-0.39947765502246324
1535,5,-0.9613988805129687
1535,6,-0.9111547310078935
1535,7,-0.19564216680957694
1535,8,-0.5494697924780985
1535,9,-0.8445682811098518
1535,10,-0.31498726792415066
1535,11,-0.4486377716278604
1535,12,-1.434183676142199
1536,1,-0.838422118521998
1536,2,-1.1185747082624722
1536,3,-0.186717316674169
1536,4,-0.34565991040868727
1536,5,-0.3489196087794625
1536,6,-1.4021519992101998
1536,7,-0.16341019100824763
1536,8,1.030720097358543
1536,9,0.5007981134344222
1536,10,0.2617902382709192
1536,11,-0.3401629712494385
1536,12,-1.661375582621692
1537,1,0.016730667625270517
1537,2,0.20333399144280068
1537,3,-0.2717617575804592
1537,4,0.023474328533270993
1537,5,-0.7294524426514619
1537,6,-0.22695187388156418
1537,7,0.06962608731024689
1537,8,-0.6158267825799619
1537,9,-1.7720421335230157
1537,10,-0.2705884826238302
1537,11,-0.11439315938094244
1537,12,0.33648855587110804
1538,1,-0.8073309083613894
1538,2,-0.7364821520980745
1538,3,-0.8280771195257486
1538,4,-1.1622308038833342
1538,5,0.18493819602219874
1538,6,-0.47951821042439735
1538,7,0.631732780414263
1538,8,0.06601587036634948
1538,9,-0.31855270109558165
1538,10,-0.4118801358925781
1538,11,-0.35447916979480865
1538,12,0.15417528628469523
1539,1,-0.13630484725359798
1539,2,0.4571248756435868
1539,3,-0.2517940502412297
1539,4,-0.2016693875359957
1539,5,-0.08679422863274161
1539,6,-0.05406070418897513
1539,7,0.22191281299246834
1539,8,0.2498655067930374
1539,9,-0.6221952286183421
1539,10,-0.33799667118133797
1539,11,-0.47205817502180153
1539,12,-0.8729078521361446
1540,1,-0.957874472162141
1540,2,0.9092248710455517
1540,3,0.30068588830278914
1540,4,0.8104289515230494
1540,5,0.44004165261236833
1540,6,-0.10743410581787922
1540,7,0.1799808027301879
1540,8,-0.15917906571727125
1540,9,-0.044792251927021465
1540,10,0.1957701433804451
1540,11,0.20993408075056766
1540,12,1.1092524829470574
1541,1,-0.28065157360858
1541,2,-1.2919380386469967
1541,3,-0.6114058788911185
1541,4,0.4514158786481929
1541,5,-0.8746067211679351
1541,6,-1.2248654527415739
1541,7,0.032769776942032675
1541,8,-0.3001458297604559
1541,9,-0.42359460899300705
1541,10,-0.24724375526164286
1541,11,-0.5770686272760311
1541,12,0.1567460219515273
1542,1,0.987547168210096
1542,2,0.41931901405770255
1542,3,-0.14266902193914655
1542,4,0.21345388817338004
1542,5,-0.20195601397099144
1542,6,-0.7375427782060073
1542,7,-0.2942340489641798
1542,8,-0.5482630907698307
1542,9,-1.2115584009125004
1542,10,-0.1892713507416837
1542,11,-0.5719657069513575
1542,12,-0.08266011478720951
1543,1,0.631963218742861
1543,2,-0.25052999316493785
1543,3,-0.19392946177716092
1543,4,-0.4239453708623828
1543,5,-0.9496855802847629
1543,6,-0.41519339420904955
1543,7,-0.9051790563694609
1543,8,-1.2097377186526377
1543,9,-0.7954837237463299
1543,10,0.2255903404028513
1543,11,-0.4796505645475913
1543,12,1.2554259425244814
1544,1,-0.8460387635820584
1544,2,0.4067136878804126
1544,3,-0.008614361018679365
1544,4,-0.3469411201627813
1544,5,-0.8349283177400468
1544,6,-1.061829268930066
1544,7,-0.39031887400567766
1544,8,-0.11869483357557829
1544,9,-0.5393924184859158
1544,10,-0.08270866237913643
1544,11,-0.6034576355361347
1544,12,-0.8092332076933333
1545,1,-0.24683152406411538
1545,2,0.8374022296470549
1545,3,0.3974903029255599
1545,4,0.23607754768293843
1545,5,-0.5991831570181674
1545,6,-0.4311180027791196
1545,7,-0.32590297394913287
1545,8,0.32138124399374635
1545,9,0.4246992581512378
1545,10,0.07719953146591499
1545,11,-0.499887859720499
1545,12,-0.39408150222159827
1546,1,1.1364112057016955
1546,2,-0.46400572760312175
1546,3,0.19711818899917044
1546,4,0.362526936836773
1546,5,-0.8635057822353409
1546,6,-0.23293164693958723
1546,7,-0.1919715790046954
1546,8,-0.09800002497723129
1546,9,-0.5917789575766846
1546,10,-0.3875758322188653
1546,11,-0.27561314965643324
1546,12,0.09548469650769971
1547,1,0.6720299671709368
1547,2,0.530110007676449
1547,3,0.11875724457160627
1547,4,-0.33473991971933353
1547,5,-0.224211360608888
1547,6,-0.6749500506928716
1547,7,-0.9913879022334514
1547,8,-0.10478376039150904
1547,9,-0.9692481744558519
1547,10,-0.6735707004171377
1547,11,-0.8866608492169352
1547,12,0.09006193668980704
1548,1,-1.7216844739594317
1548,2,-0.08960224515408921
1548,3,0.20644498669428496
1548,4,-1.073710098868713
1548,5,-0.6139222690535915
1548,6,-0.6687560609143228
1548,7,0.49909601012745286
1548,8,-0.07525175176094319
1548,9,-1.5599120552830352
1548,10,0.02289933007379387
1548,11,0.048518304862325584
1548,12,-1.3057850501522341
1549,1,-0.9128460308414945
1549,2,-1.01058198377405
1549,3,-1.1969025699435012
1549,4,-0.8107849975191443
1549,5,-0.3482814532529145
1549,6,0.4136347171002626
1549,7,-1.0369482746669938
1549,8,0.6479853491593147
1549,9,0.20017479204530295
1549,10,-0.7684773425237494
1549,11,-0.19946259007476638
1549,12,-1.5216507619363893
1550,1,-0.479958085348987
1550,2,-0.14316056040204436
1550,3,-1.025619994933141
1550,4,-0.2651252746994809
1550,5,-0.9826377051369448
1550,6,0.7584605596607679
1550,7,-0.027364678461455072
1550,8,-0.06551060416620673
1550,9,-0.3832097869119839
1550,10,-0.6347828743523711
1550,11,0.15556321349979782
1550,12,-0.1498832893283399
1551,1,-0.21781686300747727
1551,2,-1.1054020674408709
1551,3,-0.11995480311548878
1551,4,-0.9201930192624816
1551,5,0.2681439845396426
1551,6,0.0763263097933091
1551,7,0.06249488125199097
1551,8,0.4822626108515795
1551,9,0.4446716795868573
1551,10,-1.8047919396512442
1551,11,-0.5254135506524862
1551,12,-0.2211400399067865
1552,1,0.1230088304511597
1552,2,-0.6049789381935151
1552,3,-0.5852651634170978
1552,4,-0.6857191823583122
1552,5,-0.14017160176208388
1552,6,0.1445106831371354
1552,7,0.878725878910144
1552,8,0.5417358368857949
1552,9,-0.6694088984067706
1552,10,0.4586963043513068
1552,11,-0.9429272006024136
1552,12,-0.47346762598572223
1553,1,0.5206917134277188
1553,2,-1.7622101758459507
1553,3,-1.0492548324637807
1553,4,-0.3103092632042548
1553,5,-0.7543546429246466
1553,6,0.05296081046519682
1553,7,0.7128027276301336
1553,8,-0.691639846922993
1553,9,-1.2432536389094146
1553,10,0.026925175035761917
1553,11,-0.6952158290129486
1553,12,0.3757759268124791
1554,1,0.5316166459614169
1554,2,-0.07604771248077113
1554,3,0.7551598338572494
1554,4,0.5949651873998548
1554,5,-0.4596557141283457
1554,6,-0.20106044516532978
1554,7,0.15818346349189544
1554,8,-0.3570664060108769
1554,9,-0.2934195635243223
1554,10,0.08330349705878239
1554,11,-0.4201211771577725
1554,12,1.4644095938132693
1555,1,1.869969766030344
1555,2,1.9468002037606587
1555,3,0.2925232949171349
1555,4,0.15065933458956854
1555,5,0.23050247363520984
1555,6,-0.18244880445356276
1555,7,0.2836916407191684
1555,8,-0.7088172459255953
1555,9,-0.6553231294796915
1555,10,-0.7919246010534107
1555,11,-0.6020648828989479
1555,12,0.47368184634645
1556,1,1.4256289957375379
1556,2,-0.12991832507831141
1556,3,-0.7611867604695856
1556,4,0.1978745401509996
1556,5,0.6819085877942249
1556,6,-0.197605863391694
1556,7,0.3158697283360292
1556,8,1.2741308541005383
1556,9,-0.15754219845511724
1556,10,-0.734569345452033
1556,11,-0.18376418669235445
1556,12,-1.7956063791982206
1557,1,-0.4416860299947496
1557,2,-0.5290431958097945
1557,3,-1.132038501400284
1557,4,0.20087767558020037
1557,5,-0.6878311515544808
1557,6,-0.6825099670165358
1557,7,-0.20074777259409082
1557,8,-0.0403146342167644
1557,9,-0.27682948432255716
1557,10,-0.329858025289047
1557,11,-0.5328738132064499
1557,12,-1.6913492518209048
1558,1,-0.1726288538994023
1558,2,-0.2843036810377133
1558,3,0.7137510258477384
1558,4,0.25967983310324366
1558,5,-0.42764398503503465
1558,6,-0.6340518844792101
1558,7,0.5258812885926256
1558,8,0.03769500849182119
1558,9,-0.33027822750303715
1558,10,-0.19310512546794167
1558,11,0.1327348055170655
1558,12,-1.0279956689461
1559,1,0.20427512503904174
1559,2,0.9229688911662219
1559,3,1.9952305963278656
1559,4,0.4570026421704375
1559,5,-0.7427932156951769
1559,6,-0.7085692931928902
1559,7,-1.095406615856045
1559,8,0.7103368304982194
1559,9,-0.10611054538791617
1559,10,-0.34300611465701164
1559,11,-1.1292533901419861
1559,12,-0.4401428096176335
1560,1,-0.37352915611301213
1560,2,-0.9557798948044935
1560,3,0.5356668270434336
1560,4,-0.16001963898035454
1560,5,-0.13678874696215004
1560,6,0.609936772836578
1560,7,0.47834362059379176
1560,8,1.3102868659963691
1560,9,0.06561835533103079
1560,10,-0.722335588177066
1560,11,-0.5729720774553649
1560,12,-0.6926467319183157
1561,1,-0.8705526627414009
1561,2,-0.08151227993490182
1561,3,-0.4292879458576996
1561,4,-0.6142625803939774
1561,5,0.6397340990212113
1561,6,-0.23991795296442678
1561,7,0.17245628196598875
1561,8,-0.26469646708036176
1561,9,-0.600578153388762
1561,10,-0.19153465405895254
1561,11,-0.7946189369474822
1561,12,0.8342569386583831
1562,1,1.7801617547615955
1562,2,1.2205355553549389
1562,3,1.02187120943906
1562,4,0.6537093717503312
1562,5,0.0680236255611195
1562,6,-0.20552515490107576
1562,7,0.10857206029147853
1562,8,0.43922650681027214
1562,9,-0.21010160584883997
1562,10,-0.295871080295093
1562,11,-0.3955523277907983
1562,12,-0.3839017387786323
1563,1,-0.6183048931200776
1563,2,0.19864607515410632
1563,3,-0.9977990097658586
1563,4,-0.5648532249514201
1563,5,0.41439846749679854
1563,6,0.4406502362255517
1563,7,0.6119705968202473
1563,8,-0.669529978031087
1563,9,-1.8421003852744477
1563,10,-0.7523985036964789
1563,11,-0.42409795786359616
1563,12,0.7385704420987388
1564,1,-0.3268049714343893
1564,2,0.5595001976482903
1564,3,0.7128614980217944
1564,4,1.4073629994867232
1564,5,-0.9581587803013248
1564,6,-0.351036035655799
1564,7,0.3132976625319843
1564,8,0.5606636322059895
1564,9,0.34362585952907865
1564,10,-0.49752741362897196
1564,11,-0.31934531412418976
1564,12,-1.3539461305169467
1565,1,-1.5600912136937626
1565,2,-1.147687585558931
1565,3,-0.9743534883630425
1565,4,0.09585126272759117
1565,5,-0.8968924739944053
1565,6,-0.36466212226056216
1565,7,-0.15506022653932272
1565,8,-0.21481285331235284
1565,9,-0.6160525797234654
1565,10,-0.8555374915337541
1565,11,-0.33005642405469193
1565,12,-0.9048644621228639
1566,1,0.18710017360811526
1566,2,1.1641938170003825
1566,3,-0.23316443093007627
1566,4,-0.40388806717447634
1566,5,-0.6439863218828725
1566,6,-1.2239035533117977
1566,7,0.28929858889504495
1566,8,0.16589685439423657
1566,9,0.09992298093382317
1566,10,-0.38839002205087997
1566,11,-0.3431213971570537
1566,12,0.493718804933469
1567,1,-1.0841393772114984
1567,2,0.07402624832448011
1567,3,1.3206241876961595
1567,4,1.0612154614690605
1567,5,-0.3612969199147633
1567,6,-1.0684526194437178
1567,7,-0.30714938064544967
1567,8,-0.221339220407083
1567,9,-0.7007957691790787
1567,10,0.17891998599427328
1567,11,-1.1355659259419117
1567,12,0.25986456975477285
1568,1,0.8549684956956906
1568,2,-0.6357428778404576
1568,3,-0.5271327142710966
1568,4,-1.2176718508337483
1568,5,-1.1061821365592857
1568,6,0.2845659648635883
1568,7,-0.42408550335850403
1568,8,-1.2161380536805608
1568,9,-2.2465573509145784
1568,10,-0.2720156921323643
1568,11,-0.6839540945047358
1568,12,-0.41061176561136126
1569,1,0.8467120252564755
1569,2,-0.07959683676677203
1569,3,-0.5566496126595204
1569,4,-0.6924742654974924
1569,5,-0.1525349875555152
1569,6,1.319429576079746
1569,7,1.5312421727454157
1569,8,-0.4893033261986236
1569,9,-0.761997201351297
1569,10,0.26714813415817784
1569,11,-0.7366827154973472
1569,12,-0.7813871269595623
1570,1,-0.4156338262574436
1570,2,-0.14009041201297617
1570,3,-0.9048486412520818
1570,4,-0.8470068860556398
1570,5,-0.3384086750062918
1570,6,0.6925939982805204
1570,7,-0.47965741293177167
1570,8,-0.2840088662977965
1570,9,-0.249322269660952
1570,10,-0.9312172280887687
1570,11,-0.2467081100177996
1570,12,0.28306068383424593
1571,1,-3.035390171731833
1571,2,-0.8533240595468706
1571,3,-0.9706517336287206
1571,4,-0.6543431274176432
1571,5,-0.804839810086539
1571,6,-0.06793378898626501
1571,7,0.75293682117894
1571,8,-0.6345351925670615
1571,9,0.6662205843893385
1571,10,-0.16496330335288364
1571,11,-0.17016535763817103
1571,12,-0.9175395793336891
1572,1,0.2780631752835457
1572,2,-0.343399124586869
1572,3,-1.249704640726692
1572,4,-0.11544901378182276
1572,5,-0.09531763276359893
1572,6,0.4137532522945251
1572,7,0.04984844579138735
1572,8,-0.40766970257833496
1572,9,-0.4684074709262393
1572,10,-0.4949688086303592
1572,11,-2.23559364455539
1572,12,-0.2992169616363391
1573,1,-0.8423985613925048
1573,2,-1.4613321272606052
1573,3,-1.2531320068018417
1573,4,-0.8739283175414253
1573,5,-1.364716458074885
1573,6,-0.10634358414351827
1573,7,0.49141792196047945
1573,8,-0.7867698152960949
1573,9,-2.089832333251703
1573,10,-1.1047098799415156
1573,11,0.20706450495547563
1573,12,-0.8353641543323719
1574,1,1.5112404133328707
1574,2,-0.31521926953824275
1574,3,0.16777142989773672
1574,4,-1.1274543879349004
1574,5,0.3731315440542044
1574,6,0.40446472981210646
1574,7,0.14144920686824455
1574,8,0.11297008507398727
1574,9,-0.5877236145394557
1574,10,0.052895133500805165
1574,11,-0.8042802474288051
1574,12,0.3612141330966299
1575,1,-0.6653424720468996
1575,2,-0.693854224015447
1575,3,-0.3450179929505179
1575,4,-0.15589721266540432
1575,5,-0.30195782841258345
1575,6,-0.2497551848679047
1575,7,0.6577608079756808
1575,8,-0.10605825594228074
1575,9,-0.694468006467085
1575,10,-0.5890673293333083
1575,11,-0.6449375634702998
1575,12,-1.1659071924978508
1576,1,0.10960450386633261
1576,2,0.15386026954532564
1576,3,0.5831446887738889
1576,4,0.6349044110863085
1576,5,-0.875593741770154
1576,6,0.015045010390808189
1576,7,1.525987911368158
1576,8,0.5000307137793069
1576,9,-0.6085915880953595
1576,10,-0.7825952694251347
1576,11,-0.5796893507329051
1576,12,0.9994553356885145
1577,1,-0.5218379397421413
1577,2,-0.8341484283851031
1577,3,-0.5979148862261668
1577,4,-0.4920623620932204
1577,5,-0.626196861658258
1577,6,0.10073689162216638
1577,7,-0.2679784489501565
1577,8,1.2258805975496705
1577,9,-0.0163686905078525
1577,10,-0.5371941204405908
1577,11,-0.687699186670083
1577,12,-0.25164548061589265
1578,1,2.151720976882623
1578,2,-0.7467969512471426
1578,3,0.03848806202722845
1578,4,-1.4395816712071186
1578,5,-0.16792244204334275
1578,6,0.2331947083832775
1578,7,0.1638662627869706
1578,8,-0.387381862209692
1578,9,-0.8955291549090315
1578,10,-0.4135648614794224
1578,11,0.4242539528349266
1578,12,0.020341638176043224
1579,1,0.4040600514202163
1579,2,0.5523620668194676
1579,3,1.1997269557755887
1579,4,-0.6559085110023488
1579,5,-0.3916943729182286
1579,6,-0.8951369549957767
1579,7,0.03607946728354322
1579,8,-0.5917373417506654
1579,9,-0.20287991056537036
1579,10,-0.6494930528148225
1579,11,-0.6412089268759245
1579,12,0.31160560880644483
1580,1,-0.05351504586062744
1580,2,0.06782320677574027
1580,3,-1.1678079055691848
1580,4,-0.1934780778922875
1580,5,0.2848580401809666
1580,6,-0.2604075014503287
1580,7,-0.7601546117144165
1580,8,0.21339069513117695
1580,9,-0.136092796825571
1580,10,-0.17753753672389996
1580,11,-0.4301943019279865
1580,12,-0.2236148610454866
1581,1,1.087938688382592
1581,2,0.28068664942931015
1581,3,0.35660045502474624
1581,4,0.10450805861072299
1581,5,-0.3314021918901132
1581,6,-0.9213527069602243
1581,7,-0.03819596396370245
1581,8,0.2542347645557581
1581,9,-0.42390110569806805
1581,10,-0.1937489664628478
1581,11,-0.951278722397316
1581,12,0.0733406295625389
1582,1,-0.15424688921774943
1582,2,-0.17492010107342748
1582,3,-1.1790697234591252
1582,4,-0.42240691989170276
1582,5,0.2115880569770518
1582,6,-0.5503292736611093
1582,7,0.26025971047863117
1582,8,-0.1994895238258699
1582,9,-0.423185337145077
1582,10,-0.7208112030640108
1582,11,-0.3950203514068128
1582,12,0.32546812108704726
1583,1,0.6887694936564982
1583,2,-0.910959119630572
1583,3,-0.024086577943998346
1583,4,-0.007658467584153998
1583,5,0.5038316839494322
1583,6,0.2003024561017452
1583,7,-0.285083672752616
1583,8,0.7226786346019483
1583,9,-0.2707979695345558
1583,10,-0.28006299264879825
1583,11,0.0802624973208467
1583,12,-0.4772815766849717
1584,1,1.3145893443228842
1584,2,0.9769630910096836
1584,3,0.6062765613098053
1584,4,0.10196010590771964
1584,5,0.433500490750982
1584,6,0.323847845850879
1584,7,0.029603418754973743
1584,8,0.07344799432967467
1584,9,0.4084488252438316
1584,10,0.21297844991650713
1584,11,-0.9821438533922451
1584,12,0.3857947616360464
1585,1,-0.5451803138053515
1585,2,-0.3441159955291186
1585,3,0.08408963923641666
1585,4,0.5114456502147715
1585,5,-0.3580988244112526
1585,6,0.8357454685540696
1585,7,0.9448940545779905
1585,8,0.26283138733670497
1585,9,0.8833238921301414
1585,10,-0.3894919422757025
1585,11,-0.30209842484855565
1585,12,0.27575408332337364
1586,1,-0.987225761911133
1586,2,0.423396540609402
1586,3,-0.4639613336395776
1586,4,-0.8930565496610257
1586,5,-0.38393377614998503
1586,6,-0.4534450131694592
1586,7,0.13119221352394028
1586,8,-0.05740875292240127
1586,9,-0.4522501559639379
1586,10,-0.008882586920705936
1586,11,-1.298830593062366
1586,12,-1.4120420449696327
1587,1,-0.8980389336035215
1587,2,-1.0174897372323137
1587,3,-1.6950670743437657
1587,4,-0.7717237272138722
1587,5,-0.517288754834058
1587,6,-1.3665437747217515
1587,7,-1.0837757879424537
1587,8,-0.2450838453948809
1587,9,-2.516557609227064
1587,10,-1.234356364907545
1587,11,-0.08798201906594269
1587,12,0.2505822157678107
1588,1,-0.32178946673597425
1588,2,0.37947558561731465
1588,3,-0.20220560912636726
1588,4,-0.4955679680476469
1588,5,0.7972436343066646
1588,6,-1.047892368500988
1588,7,-0.9116421291726468
1588,8,-0.4292816762219177
1588,9,1.1511918898419047
1588,10,0.10757243374004424
1588,11,-0.4005330758106316
1588,12,-0.7800989752541916
1589,1,-0.14249797220083094
1589,2,-0.5620319104363696
1589,3,0.4330686228070511
1589,4,-0.23306614559203556
1589,5,-0.6514019330399441
1589,6,-0.289872186696948
1589,7,0.14223875969199296
1589,8,-0.7023610261000603
1589,9,-2.0127195489283247
1589,10,-0.30877917384711745
1589,11,-0.3882744457295805
1589,12,0.9343540969560324
1590,1,-0.7660453573621726
1590,2,0.970025405754431
1590,3,-1.3157885126242854
1590,4,-0.17171379273226256
1590,5,-1.1359926538589857
1590,6,-1.4883952268691019
1590,7,-1.0338400962041636
1590,8,0.3753191298552444
1590,9,0.38608316765432915
1590,10,-0.26050099169342406
1590,11,-0.3310013941636569
1590,12,-0.633711716469227
1591,1,0.6242621412706668
1591,2,-0.15377748225055787
1591,3,-0.19204187184105292
1591,4,0.1663417696913559
1591,5,-0.2722765131152304
1591,6,-0.6704409806493989
1591,7,-0.4696381467883467
1591,8,-0.22744290505099524
1591,9,-0.3717774772673096
1591,10,0.34631395269551124
1591,11,-0.6348388180441356
1591,12,-0.6771487087791697
1592,1,1.3213776293442532
1592,2,0.5111077224818033
1592,3,0.10815304198709555
1592,4,-0.1369025502001707
1592,5,-0.7617710894753067
1592,6,-1.705902155891388
1592,7,-0.03905987353556649
1592,8,-0.664084826038017
1592,9,-1.0404723040921084
1592,10,0.21011793326232764
1592,11,-0.5360783707790081
1592,12,-0.40158578227912056
1593,1,-0.10492260770998355
1593,2,0.949191249051913
1593,3,-0.2854744371515441
1593,4,0.15560729865297518
1593,5,-0.23207937865524847
1593,6,-0.32966247043046876
1593,7,-0.9441351702624594
1593,8,-1.1232053597517822
1593,9,-1.753085598612969
1593,10,-1.0150473945309553
1593,11,-0.42041693714967243
1593,12,-0.8131003572537195
1594,1,0.1935303513768465
1594,2,0.3252582393985481
1594,3,0.037626780826335436
1594,4,0.02491179853939937
1594,5,-0.8698621271709434
1594,6,-0.7599952976827372
1594,7,-0.21195074495207789
1594,8,-0.10378355390943944
1594,9,-0.37517532841671
1594,10,-0.7076063989316335
1594,11,-0.12727132825903312
1594,12,-1.5094170581100892
1595,1,-0.8374519574367677
1595,2,-1.0892776900333234
1595,3,-1.114308270895012
1595,4,-1.7107803204960155
1595,5,-0.04204922333179688
1595,6,0.028451092236458878
1595,7,0.5651399727510666
1595,8,-0.6790402620645987
1595,9,-1.1530494296412903
1595,10,-0.845379966318718
1595,11,-0.23535861896699908
1595,12,-0.35612968706047354
1596,1,1.380507079237699
1596,2,-0.20709228236030086
1596,3,0.006901626987773732
1596,4,-0.004900919312965532
1596,5,-0.41029570262609577
1596,6,-0.15720228587069077
1596,7,-0.04799485561700563
1596,8,0.8854432439307982
1596,9,0.7716068053986319
1596,10,0.10305274427638378
1596,11,-0.11696235962369211
1596,12,0.9063090243234573
1597,1,1.754716188144319
1597,2,-0.306476233715723
1597,3,-1.401132422812286
1597,4,-0.5540988392799946
1597,5,-0.5655814889160901
1597,6,-0.1448362954960225
1597,7,-0.4389088980956031
1597,8,-0.801866126159321
1597,9,-2.2253126437503488
1597,10,-1.5095215622473845
1597,11,-0.18291394927356255
1597,12,-0.9785402963883845
1598,1,0.0856621956729845
1598,2,0.6512706668838513
1598,3,1.279946595776607
1598,4,-0.2465507604403803
1598,5,-1.1135095311669458
1598,6,-0.05280307459910516
1598,7,0.43262619186359597
1598,8,-0.45075700363242016
1598,9,-0.18838999568012374
1598,10,-1.2044459943456807
1598,11,-0.4914614683637353
1598,12,0.23491348370542425
1599,1,0.2548425701570473
1599,2,-0.5256998218611855
1599,3,0.610493878983361
1599,4,-0.258161515198907
1599,5,-0.2546330140203871
1599,6,-1.0504023749169717
1599,7,0.1860497461238655
1599,8,0.161283826634699
1599,9,1.249528273453506
1599,10,0.36807007952107174
1599,11,-0.4898979475789332
1599,12,-0.8911940619752239
1600,1,-1.9613692240730367
1600,2,-1.1490041542930092
1600,3,-1.8003714649816418
1600,4,-0.828439132865965
1600,5,-1.5547040592782784
1600,6,-0.8865082398823514
1600,7,-0.25042432172861945
1600,8,-0.4711715819940235
1600,9,-2.1691117800221673
1600,10,-1.2274652467385654
1600,11,0.015578381803072812
1600,12,-0.9339605413370076
1601,1,0.05561851899603065
1601,2,-1.3774445780656173
1601,3,-1.2971371266247425
1601,4,-1.0118605658814739
1601,5,-0.8824152393357154
1601,6,-2.568977108232418
1601,7,-0.06595162676984279
1601,8,-2.0751208920165944
1601,9,-3.805294285227712
1601,10,-0.7170836085986949
1601,11,-1.4644333339481146
1601,12,-1.1377088397276554
1602,1,-0.3686654989273312
1602,2,1.2696362321503836
1602,3,1.3860647681758826
1602,4,0.5927218200770341
1602,5,-1.368134022357075
1602,6,-1.328552784119371
1602,7,-0.013526140957739385
1602,8,-0.8397389150040305
1602,9,-0.5312618936243076
1602,10,-0.18599291214124378
1602,11,-0.40669647578666424
1602,12,-0.766964847908831
1603,1,-0.8549697392159892
1603,2,-0.08057598960966078
1603,3,0.9883924366661311
1603,4,1.1508633943733941
1603,5,-0.21704135379053868
1603,6,-0.04299136146049082
1603,7,0.25378018673534086
1603,8,-0.5014393495739645
1603,9,-1.2042555747740762
1603,10,0.35855870061543565
1603,11,-0.6774655548915933
1603,12,0.16587574320825046
1604,1,0.74880555700842
1604,2,-0.9824459304265221
1604,3,-0.26406901711428127
1604,4,-0.8162694028897117
1604,5,0.08737185987285125
1604,6,-0.491728629135126
1604,7,0.4617703270148165
1604,8,-0.012313766158083134
1604,9,-1.4350531226541992
1604,10,-0.49452905395980284
1604,11,-0.17065179039047293
1604,12,-0.9739669011719616
1605,1,-0.22171904957235353
1605,2,0.16527291725041976
1605,3,1.378641721112068
1605,4,-0.5704493833143887
1605,5,-0.26697972844038625
1605,6,-0.9381172735371176
1605,7,3.4341209515026394e-4
1605,8,-1.0002086864829056
1605,9,-0.8772499208047606
1605,10,-0.055056778696890504
1605,11,-0.31117808013132897
1605,12,0.8559997297549835
1606,1,-0.6231750984247683
1606,2,-0.12253219611797984
1606,3,0.5718556799284652
1606,4,0.01017017896492557
1606,5,-0.4683569555623103
1606,6,-0.8164345577559633
1606,7,-0.07226413855882835
1606,8,-0.1588360250493982
1606,9,-1.051508659483834
1606,10,-0.9170840520245003
1606,11,-0.0019442020290384027
1606,12,2.0744186312737893
1607,1,1.7218551770057107
1607,2,2.3849497475884425
1607,3,0.39986753571309774
1607,4,-0.37906278689258177
1607,5,-0.3842645768317358
1607,6,-0.5305191875522969
1607,7,-0.5817628289326158
1607,8,0.6411729003654876
1607,9,1.4681492362255206
1607,10,-0.6038705498311125
1607,11,-0.8188785776541896
1607,12,-1.7168952119440277
1608,1,-2.914942705971309
1608,2,-2.0140059710613816
1608,3,-1.03594457979414
1608,4,-1.002791483115388
1608,5,-0.32876847208945126
1608,6,0.5436674287958605
1608,7,-0.3577985954618965
1608,8,-0.2364787460080345
1608,9,-1.5292525225583276
1608,10,-1.2728223148565363
1608,11,-0.30789709813665933
1608,12,0.7730852003685289
1609,1,1.9936299680686287
1609,2,0.8980174647145753
1609,3,1.0993421150696148
1609,4,-0.20174907819283547
1609,5,-0.34499917339986724
1609,6,-1.2262283361425874
1609,7,-0.5241634089242664
1609,8,-0.18770293527146606
1609,9,-1.4157319209862007
1609,10,-2.049343180461958
1609,11,-0.4595016660629467
1609,12,-0.22858633627615088
1610,1,1.430988870617992
1610,2,-0.18988334497452075
1610,3,-0.41056764305314863
1610,4,-0.12572974084351957
1610,5,-0.6742714108931634
1610,6,-0.395758254123745
1610,7,-0.8754079315892055
1610,8,-0.26757069006522405
1610,9,-0.5856704488767341
1610,10,-0.5428129799993731
1610,11,-1.2067049879969727
1610,12,-0.6669470336585404
1611,1,0.3024083480517913
1611,2,0.9086024161170543
1611,3,-0.3202674356913557
1611,4,0.5273103792001527
1611,5,0.4288107308960442
1611,6,0.6763019450813383
1611,7,0.5762979851494612
1611,8,0.3474122787879912
1611,9,-0.8336064320863832
1611,10,-0.2317974728353493
1611,11,-0.8866962620396656
1611,12,-0.8400122821977063
1612,1,0.7714450882143515
1612,2,-0.4820756099307938
1612,3,-0.8748848909285317
1612,4,-0.4600082717071958
1612,5,-1.0792348048984979
1612,6,-0.25217225758353545
1612,7,-0.9289573375079607
1612,8,0.3962167559554499
1612,9,-1.6063989924514364
1612,10,-0.6413595908357337
1612,11,-0.06107634272655622
1612,12,0.9846970515708385
1613,1,0.39968558216794475
1613,2,-0.3253085214864817
1613,3,0.7722856688855531
1613,4,-0.669279736541551
1613,5,-1.0529449238061748
1613,6,0.44793914312803584
1613,7,0.20335536175840255
1613,8,0.23273508495511455
1613,9,-0.8416557057377494
1613,10,-0.3751822284894326
1613,11,-1.8686721767988392
1613,12,-1.98807146419015
1614,1,-1.1682359793104213
1614,2,-1.248272388398599
1614,3,-1.6129446044945548
1614,4,-1.0866759403297759
1614,5,-1.2360653249600815
1614,6,-0.6382256377884044
1614,7,-0.2877905411783389
1614,8,0.40445738761887223
1614,9,-1.5339472255224018
1614,10,-0.9141293528163732
1614,11,-1.0785709407595
1614,12,0.26040832893270427
1615,1,0.12600812647043352
1615,2,-0.860138378695132
1615,3,-0.6225732388700544
1615,4,-0.5110777970010134
1615,5,-1.0453602480924675
1615,6,-0.31778882792319013
1615,7,0.35932916794738595
1615,8,-0.12381328009776164
1615,9,-0.1098707272595566
1615,10,-0.3203755826884758
1615,11,-0.45939102270281135
1615,12,0.12138647586962861
1616,1,-2.6612994887654295
1616,2,-1.8526713561262649
1616,3,0.05540262134811752
1616,4,0.48072228138628426
1616,5,0.1668509582703756
1616,6,1.158116154849392
1616,7,1.2784867190828264
1616,8,0.07057418527369047
1616,9,-1.3837322646202248
1616,10,-0.2803892482343729
1616,11,-1.1660920894128264
1616,12,0.41772621167924173
1617,1,0.601411963180549
1617,2,1.6583557197395535
1617,3,0.8668830372679586
1617,4,-0.4615313583575248
1617,5,-0.45611398602473774
1617,6,0.6001556596406901
1617,7,0.5448235885809763
1617,8,-0.5118074686637573
1617,9,-1.7020373523869716
1617,10,0.6747494287483662
1617,11,-0.8654240084272915
1617,12,0.1664537395033433
1618,1,-1.9483475267115984
1618,2,0.28971525825401734
1618,3,0.26992854765654267
1618,4,-0.5859997669413245
1618,5,-0.6229751736587126
1618,6,-0.43102957345216497
1618,7,0.20916710299163851
1618,8,-0.970372690592866
1618,9,-0.5010774886498384
1618,10,-0.30084394339358467
1618,11,-0.3021347770837045
1618,12,-1.7416936326618422
1619,1,0.997669539420494
1619,2,2.501744533405078
1619,3,-1.356855273735119
1619,4,-0.4509637274134286
1619,5,-0.2103646459311268
1619,6,0.683637664411537
1619,7,0.274397141724385
1619,8,-1.9529601251107365
1619,9,-2.8225386067866527
1619,10,-0.656057044442284
1619,11,-0.2887844710028252
1619,12,0.3233708734798748
1620,1,0.06982537437765612
1620,2,-0.533616968274361
1620,3,-0.09462105055766837
1620,4,-0.853776921245164
1620,5,0.06974015779160384
1620,6,-0.5307999639470804
1620,7,-0.03304576128548626
1620,8,-0.6479912713974577
1620,9,-0.9113223493804368
1620,10,-0.6768225736501359
1620,11,-0.8378556735501395
1620,12,-0.8833464811482457
1621,1,-1.4907343454129927
1621,2,-0.5645543571455578
1621,3,0.05762948631641818
1621,4,-0.35289272946344963
1621,5,-0.5395103227292064
1621,6,-0.010785962540621696
1621,7,0.22604304753085042
1621,8,-1.4670238159082212
1621,9,-0.636430208994003
1621,10,-0.6600336473924279
1621,11,-0.5628465336785886
1621,12,-0.37186383718660393
1622,1,-0.34736852668508855
1622,2,-0.3489910903852625
1622,3,-0.5271926114570348
1622,4,-0.1183964326893252
1622,5,-0.09521731508494939
1622,6,0.3121250154640134
1622,7,0.659238618320218
1622,8,-0.07272224349595255
1622,9,-1.166976459903489
1622,10,-0.10169966643624595
1622,11,0.2744484147294703
1622,12,-0.7650210968647859
1623,1,-0.4398125862730765
1623,2,-0.7323931634179722
1623,3,-0.6535855669605227
1623,4,0.17086985494616969
1623,5,-1.0623839259101593
1623,6,-0.8585549443131093
1623,7,0.16033299050574693
1623,8,0.01513708790312122
1623,9,-0.435499952090844
1623,10,-0.13481883760415234
1623,11,-0.8059107294397736
1623,12,-0.8185522879735598
1624,1,0.589618029700819
1624,2,-1.0599294681262774
1624,3,-0.26875511800190516
1624,4,0.4728830680311118
1624,5,-0.5712577383055701
1624,6,-1.0168928345110537
1624,7,-0.9333310653278188
1624,8,-1.1377099723614974
1624,9,-1.9290827022281243
1624,10,-0.32768741427147907
1624,11,-0.7627651577065033
1624,12,0.6664204063374992
1625,1,0.395323741472386
1625,2,0.3644248115929387
1625,3,0.23451902566623892
1625,4,0.22992880878803665
1625,5,-0.24299978803206188
1625,6,0.6417029257189432
1625,7,0.735703036776839
1625,8,0.11412792564007786
1625,9,-0.9604107105089752
1625,10,-0.8117933094648994
1625,11,-0.16183745440319364
1625,12,0.2855628589504284
1626,1,1.3665360667679316
1626,2,1.47531126830465
1626,3,0.5503036637310196
1626,4,-0.02998345999994718
1626,5,-0.6816681416614971
1626,6,-0.7638164257183038
1626,7,-1.0681576059994953
1626,8,-0.7177496434398531
1626,9,-0.4149047119178378
1626,10,0.23281640335703907
1626,11,-0.8344450002736827
1626,12,0.4573689024584668
1627,1,-0.022830386829515076
1627,2,-0.6371803906332498
1627,3,-1.1697023830546336
1627,4,-0.5477095652787395
1627,5,-0.48797039154634103
1627,6,-0.965749040819699
1627,7,0.5062105206736224
1627,8,-0.31268769341544717
1627,9,-2.4352777060001944
1627,10,-1.9330318991181648
1627,11,0.16229413044595148
1627,12,1.425819543301516
1628,1,-0.7131237099161034
1628,2,-0.14620367356169972
1628,3,0.5441730448329091
1628,4,-0.5249232826444905
1628,5,-1.053195580260413
1628,6,-1.2416612565283645
1628,7,-0.8688160913870501
1628,8,-0.3143297437839472
1628,9,-1.9685405066266628
1628,10,-1.1136345490299617
1628,11,-0.2758605827451625
1628,12,0.9113268953021675
1629,1,0.07678734827156908
1629,2,-0.12557394395344804
1629,3,-0.42809324409318594
1629,4,-0.6333941439773565
1629,5,-0.4653687502363999
1629,6,-0.8193073831191049
1629,7,-1.5005518418503103
1629,8,-0.23198297091464923
1629,9,-0.9676863950611436
1629,10,-0.056590202497564815
1629,11,0.12943334182008182
1629,12,-0.09923775281412078
1630,1,0.38889943260214643
1630,2,0.6202597610864872
1630,3,0.6443492113129948
1630,4,-0.24299879846225791
1630,5,-1.4372332300094985
1630,6,0.3328850604747941
1630,7,-0.12107905689546242
1630,8,-0.15340436006430078
1630,9,-1.0955093556203686
1630,10,-0.5239517010901379
1630,11,-0.9892334782787267
1630,12,-0.19527787108482347
1631,1,-0.5380453660133392
1631,2,0.12847889442323607
1631,3,0.3383041873892629
1631,4,-0.4202180919551083
1631,5,-0.35258299564986423
1631,6,-0.29379471217422704
1631,7,-0.8194220688006268
1631,8,-0.23074597304131356
1631,9,-0.7346067741776614
1631,10,-0.6589933276968568
1631,11,-0.8784322822683811
1631,12,-0.34483393972666077
1632,1,0.5294246418556388
1632,2,0.08070640545467489
1632,3,-0.5395708156339832
1632,4,-0.5306820812303041
1632,5,-0.12779624871651102
1632,6,-1.4119242186438852
1632,7,0.24517523347484638
1632,8,0.40415582961328633
1632,9,-0.3490506667327845
1632,10,-1.0307003677428836
1632,11,-0.4698320615887278
1632,12,0.07375174920256469
1633,1,-0.650567151545967
1633,2,-0.5215152395629867
1633,3,-1.034159979977807
1633,4,-0.2104907464544087
1633,5,-0.23963106541072232
1633,6,-0.7475793391115434
1633,7,0.9256709416792324
1633,8,0.6464020872338987
1633,9,-0.301944316541656
1633,10,-0.8058298473826531
1633,11,-0.2858252784509216
1633,12,-0.5567399145215735
1634,1,0.7769507863131992
1634,2,-0.0734747319247551
1634,3,0.22154091749472016
1634,4,-0.47805909479076897
1634,5,-0.536594771862621
1634,6,-1.2147157525179024
1634,7,-0.6630418351022556
1634,8,-0.4856697444350264
1634,9,-0.13352436434548942
1634,10,-0.060672095894427965
1634,11,-2.0213700169232673
1634,12,-1.4254759313198229
1635,1,0.1575326149303456
1635,2,-0.7866960767279025
1635,3,-0.5996839498247319
1635,4,-0.2595899361030793
1635,5,-1.0570033630046973
1635,6,-0.9033227561386487
1635,7,-0.3383000042032007
1635,8,-0.24162771973452202
1635,9,0.46500687254434114
1635,10,-0.08300084365927883
1635,11,-0.6665051833700212
1635,12,-1.1433374419375777
1636,1,1.7455273973491439
1636,2,1.1381849085040245
1636,3,0.25043068470252955
1636,4,-0.17567207668848422
1636,5,-0.2304176741680637
1636,6,-0.6499834106406966
1636,7,-0.008589302196782448
1636,8,0.262501524885136
1636,9,0.31939971796351196
1636,10,-0.9404901692661392
1636,11,-0.2243023053674069
1636,12,-1.7900871407439871
1637,1,-0.837644974804538
1637,2,-0.6268086335886265
1637,3,-0.4289692248986248
1637,4,0.8365727733250343
1637,5,0.6625522183972713
1637,6,-0.29634978300787107
1637,7,-0.14721536745884053
1637,8,-0.08909624092183083
1637,9,-0.6860567138010483
1637,10,-0.2550021238634763
1637,11,-0.6646853202685438
1637,12,0.22075199752848113
1638,1,-0.5964127287989903
1638,2,1.7299953491538411
1638,3,1.3875255977400345
1638,4,0.9757539030599127
1638,5,-0.8693998542767707
1638,6,0.130674034031515
1638,7,-1.50805126154644
1638,8,-0.7863895558280924
1638,9,-1.4200659185525515
1638,10,-0.9954100354398818
1638,11,-0.3514054551986666
1638,12,-0.3522694074746391
1639,1,0.05967333729271834
1639,2,0.4877551569179653
1639,3,0.191157770849184
1639,4,-1.0968312673753189
1639,5,-0.3935607528847365
1639,6,-0.12738159354547046
1639,7,-0.20575961526287811
1639,8,-0.48275333960939815
1639,9,-0.4999272070965682
1639,10,0.5996519966232644
1639,11,-0.2533088278559699
1639,12,0.45170402657268416
1640,1,1.2250329902993713
1640,2,0.211024923162091
1640,3,-0.8635382234514566
1640,4,-0.13821229789744913
1640,5,-0.630705965008628
1640,6,-0.6856599228336238
1640,7,0.23831146128958053
1640,8,-0.8863699939307088
1640,9,-0.7236979248982465
1640,10,-1.1789188352903097
1640,11,-0.362409266511223
1640,12,-0.7665781400960983
1641,1,-0.35103503927446333
1641,2,0.3719137857289301
1641,3,-0.6329955257085265
1641,4,-0.27819795689274046
1641,5,-0.7726341113407371
1641,6,-0.44078521813406635
1641,7,-0.4284022393980214
1641,8,-1.7837396509272199
1641,9,-2.2227264290823325
1641,10,-0.524365315167943
1641,11,-1.3679392112876219
1641,12,-0.4822056113064383
1642,1,0.6573103766231945
1642,2,1.8004592063139142
1642,3,-0.2119327071734755
1642,4,-0.09806829195428987
1642,5,-1.009603230099898
1642,6,-1.3867594454369911
1642,7,-0.3101576587962027
1642,8,-1.1198480535672164
1642,9,-1.8946258624174417
1642,10,-0.039723197348327036
1642,11,-0.48769222805678475
1642,12,-0.06598457846169106
1643,1,1.682824508118227
1643,2,0.4745352302490319
1643,3,-0.281613973786656
1643,4,-0.9222273884960809
1643,5,-0.596794556071164
1643,6,-0.9577810033256079
1643,7,-1.1232533160719285
1643,8,-0.947650007934357
1643,9,-1.909668598500037
1643,10,-0.4488174053647428
1643,11,-0.9361194568566856
1643,12,-0.39545239155968404
1644,1,-0.6404625968584632
1644,2,0.27355694906458417
1644,3,-0.5320203922290545
1644,4,-0.08985036268761641
1644,5,-1.4199211302950032
1644,6,-0.6837820264457929
1644,7,-0.47214369551322644
1644,8,-1.473731550703111
1644,9,-0.6616161535006698
1644,10,-0.8390339804992129
1644,11,-0.7404235822039993
1644,12,0.3550174178223673
1645,1,-1.2279820396201933
1645,2,-0.4129897030867207
1645,3,0.30212955418915133
1645,4,0.08432964128600041
1645,5,-0.5530667791043722
1645,6,-0.2911620280851719
1645,7,-1.1678859188001889
1645,8,-1.2263457473385215
1645,9,-2.014413874312541
1645,10,-0.850748737839879
1645,11,-0.3391581841088379
1645,12,-0.44770110334887353
1646,1,-1.1488315559467854
1646,2,0.7920230993605659
1646,3,-0.33172031356494064
1646,4,0.26306262288439686
1646,5,-0.8543353235166602
1646,6,-1.3594619722596533
1646,7,-0.1319455820395328
1646,8,-1.5026340370736695
1646,9,-2.7561662654657084
1646,10,-0.9701214584151463
1646,11,0.02894665074346793
1646,12,-0.017012331743930215
1647,1,0.35762818083654785
1647,2,-0.07313458904409154
1647,3,0.9695843682707015
1647,4,0.29461837921156697
1647,5,-1.0521824640888662
1647,6,-0.8497915969894245
1647,7,-0.1982802691423522
1647,8,-1.6919938648230297
1647,9,0.42401008249687844
1647,10,0.7583910093752033
1647,11,-0.37264957316276387
1647,12,0.7419054424883111
1648,1,0.6515980788213828
1648,2,0.1073027628813211
1648,3,-0.45694929652250516
1648,4,0.18319523742756932
1648,5,-0.3553721069382174
1648,6,-0.03778689361602734
1648,7,0.14462612338973768
1648,8,-0.32231954806768154
1648,9,0.0021521668910787217
1648,10,-1.2310895619201765
1648,11,-0.35442985251497783
1648,12,-0.7993277439172156
1649,1,0.03260456263020042
1649,2,-0.6719983030882398
1649,3,-1.072079276932081
1649,4,-0.20917379566844657
1649,5,-0.9731443445098864
1649,6,-1.2323589638148622
1649,7,0.04248672176426178
1649,8,-0.5690812972244491
1649,9,-2.074510091229226
1649,10,-0.8798254929046005
1649,11,-0.4288401283263126
1649,12,-0.9816047016797338
1650,1,0.655036041048779
1650,2,0.3314100152864637
1650,3,-1.2443907046949327
1650,4,-0.17649597151893726
1650,5,-0.2123020809686192
1650,6,-1.1601030640111656
1650,7,0.2530412217927379
1650,8,1.1062785406970796
1650,9,-0.17165103443984944
1650,10,-0.7448031057820859
1650,11,-0.36017381106304575
1650,12,-0.9862817038298093
1651,1,1.3897420455687979
1651,2,-0.8373120973631039
1651,3,-0.6593693243011287
1651,4,-0.5285754383057734
1651,5,0.08221375167358737
1651,6,-0.46091917721946324
1651,7,-0.045199167349803504
1651,8,-0.1642448541624911
1651,9,-0.06546104274586954
1651,10,-0.8525869572764568
1651,11,-0.11273239912861496
1651,12,0.1317639173280876
1652,1,0.9795462618279956
1652,2,0.5332681413280261
1652,3,0.12476298767231135
1652,4,-0.0902081994243345
1652,5,-1.0050527567041878
1652,6,-1.4954447971511722
1652,7,-0.9065698788873473
1652,8,-1.7444062751728668
1652,9,-2.226599412969521
1652,10,-0.2693931004939583
1652,11,-0.5819019901393243
1652,12,-2.4820605688881257
1653,1,-0.7698806544486394
1653,2,-1.2091723721931056
1653,3,-0.6595228430138174
1653,4,0.24582282195275598
1653,5,0.2512207530534174
1653,6,0.9364750441855423
1653,7,-0.18368479666830378
1653,8,-0.06498260791817317
1653,9,-0.5904804910356408
1653,10,-0.4277139741311305
1653,11,0.2781245228716661
1653,12,0.6572677221883655
1654,1,0.5085518570147449
1654,2,-1.339350684208042
1654,3,-1.695890278935015
1654,4,-0.06129959703501976
1654,5,-0.44906571021627184
1654,6,-0.675862975977207
1654,7,-0.14323684648130264
1654,8,-0.05640990439379734
1654,9,0.036685501708091095
1654,10,-0.07976239988744797
1654,11,-0.8467498021865989
1654,12,-1.1144326359051613
1655,1,-0.764257921384875
1655,2,0.7071380579393305
1655,3,0.24173258598443875
1655,4,-1.1549909207244864
1655,5,0.07844164398912168
1655,6,0.45829804070442454
1655,7,0.2510612660059418
1655,8,0.5313138716925951
1655,9,-0.3380328820113199
1655,10,0.1766362911866477
1655,11,-0.5213748017128914
1655,12,-1.1512439527592193
1656,1,-0.8867229040598584
1656,2,-0.27652852613394796
1656,3,-0.25719727037360457
1656,4,0.1509181606181628
1656,5,-0.2518949674891896
1656,6,0.061124189912608734
1656,7,0.4484522811856467
1656,8,-0.03736112543695112
1656,9,-1.5516968851304962
1656,10,-0.7656583202032243
1656,11,-0.5339601334143574
1656,12,-1.475447298879629
1657,1,0.13441610694374817
1657,2,-0.09740586230155662
1657,3,-0.1181449720393506
1657,4,-0.15883997492206828
1657,5,0.08266370161268768
1657,6,-0.6877764019576925
1657,7,-0.07092940684972368
1657,8,0.4826180027487138
1657,9,-0.1786988510483478
1657,10,-0.5271154350682209
1657,11,-0.3167339659893167
1657,12,-0.6232371615091262
1658,1,-0.08519666409861423
1658,2,-1.1327008795108875
1658,3,-1.4406007975997683
1658,4,-0.11994414527313985
1658,5,-0.4616431324449647
1658,6,-0.10737150072971441
1658,7,0.2576109422910402
1658,8,0.3879748673776335
1658,9,-0.5173767966714051
1658,10,-0.2344714258294191
1658,11,0.1354396462969041
1658,12,-0.6608308979659288
1659,1,0.4982007992537193
1659,2,-0.5600679276062243
1659,3,-0.8505839792264629
1659,4,-1.0947043149761129
1659,5,0.21891045780415896
1659,6,0.08577123082545639
1659,7,0.17332213794845153
1659,8,-0.3291925839938254
1659,9,-1.0191455005779173
1659,10,-0.08097433533608142
1659,11,-0.6949228837380544
1659,12,-0.37786905055921793
1660,1,-0.6545139323285485
1660,2,-1.8798285524225562
1660,3,0.4767372598536805
1660,4,0.2732541722474798
1660,5,-0.07353929041885958
1660,6,-0.08517136856302747
1660,7,0.1585222201823011
1660,8,0.9120934663378292
1660,9,-0.15666825837037252
1660,10,-0.9683994699128595
1660,11,-0.7497551178600312
1660,12,1.3362427318981522
1661,1,0.7153175594121068
1661,2,1.8681547016266173
1661,3,2.2097928590941724
1661,4,0.5129702161271219
1661,5,0.0425319675139466
1661,6,0.4530825623582967
1661,7,-0.26764071091836195
1661,8,-1.0675652004647211
1661,9,0.14257714948473504
1661,10,0.20382251673205326
1661,11,-0.7348643498557269
1661,12,-0.7513813799216473
1662,1,0.4457128652882189
1662,2,-0.5637129582427793
1662,3,1.2934338477887855
1662,4,0.7202500184929945
1662,5,-1.1002356220143847
1662,6,0.2818259290338744
1662,7,0.7117607108622895
1662,8,-0.11445274982040007
1662,9,-0.2991772778548561
1662,10,-0.41528241892462103
1662,11,-0.6418656549154138
1662,12,-1.3575034665860795
1663,1,0.024418989501647448
1663,2,-1.051303418999128
1663,3,-0.4169292116263033
1663,4,-0.7375430276642851
1663,5,-0.1864117901852999
1663,6,-0.5554203394066834
1663,7,-0.4463636666612055
1663,8,-1.0106358612591184
1663,9,-0.7151619307979484
1663,10,-0.05703535117193332
1663,11,-1.0953078975844344
1663,12,-0.6914848728392707
1664,1,-0.3231537719534576
1664,2,0.17171508606102653
1664,3,0.3372330039375613
1664,4,-0.009504252120783305
1664,5,-0.6274171274851852
1664,6,0.5924342477109134
1664,7,-0.056530424548534026
1664,8,-0.26022081238352524
1664,9,0.3502425170995578
1664,10,-1.578306296072355
1664,11,-0.22128788687543408
1664,12,0.44681700306260697
1665,1,-1.4693009865252216
1665,2,-0.47634039281139307
1665,3,-1.914906156791979
1665,4,-1.1214704691971042
1665,5,0.03767932333305399
1665,6,-0.3558313995528649
1665,7,0.049699702242143914
1665,8,-0.3843881896649129
1665,9,-0.8052439353437468
1665,10,-1.1097309501283823
1665,11,-0.5520708703053887
1665,12,0.3598240618850024
1666,1,0.32492854265591115
1666,2,-0.6087904051543852
1666,3,-1.7977392696128371
1666,4,-0.640988883987476
1666,5,-0.08526939001287082
1666,6,-0.6466594147668114
1666,7,-0.45154068778664497
1666,8,-0.1177730575820692
1666,9,-0.07698592462778282
1666,10,-0.6088033337473007
1666,11,0.059637238576588605
1666,12,-0.18089121325116472
1667,1,-0.5618728310389697
1667,2,1.5451841849910188
1667,3,0.52095112414553
1667,4,0.7384676694589936
1667,5,-1.1581840582200686
1667,6,-1.2464011782062665
1667,7,0.06572570231310801
1667,8,-1.6726649482245688
1667,9,-2.672424887656213
1667,10,-0.5049661292300336
1667,11,-0.6936040692814756
1667,12,0.3919417728838698
1668,1,-0.38109019803001865
1668,2,-1.0091155521045692
1668,3,-0.642652190531236
1668,4,-0.7839009315190297
1668,5,-0.42844646413238363
1668,6,0.7879821065224524
1668,7,0.0666909037766977
1668,8,0.22905027444815793
1668,9,0.07286059924213253
1668,10,0.3894266218584945
1668,11,-0.5409491619738507
1668,12,0.6018835030056278
1669,1,-0.5442802316979525
1669,2,0.420062680096679
1669,3,0.7199102398417597
1669,4,-1.9702029476786636
1669,5,-0.568486862355285
1669,6,-0.7408869791977541
1669,7,0.46624850345165425
1669,8,-1.4063479306335376
1669,9,-0.5055229743032668
1669,10,0.21401508615718995
1669,11,-0.5243833214184713
1669,12,-0.4891386013874374
1670,1,0.4782181726757102
1670,2,-0.7503678681577087
1670,3,0.9289101744287223
1670,4,-0.16740563473179515
1670,5,-0.12191147633499652
1670,6,-0.3463990335695486
1670,7,0.2146416768651545
1670,8,-0.7482130648270973
1670,9,-0.3810639405009765
1670,10,-0.5937211883321694
1670,11,-1.3837265817188478
1670,12,-0.0799614113688323
1671,1,0.7752929565770905
1671,2,0.00505850398260016
1671,3,-0.15400637441827694
1671,4,-0.46531941273224364
1671,5,0.06102131559204667
1671,6,-0.3412483477629803
1671,7,-0.6841483820158846
1671,8,0.6703338789262077
1671,9,0.04142369830589583
1671,10,-0.7559806199391697
1671,11,-1.182785601725591
1671,12,-0.5228433061264731
1672,1,-0.9809435002092697
1672,2,-0.43186552959718855
1672,3,-0.07114711276789003
1672,4,-0.2820889091036286
1672,5,-0.10959631953183525
1672,6,-0.12450572213326197
1672,7,0.3827084802371508
1672,8,1.0853322896465938
1672,9,-0.5822612056768804
1672,10,-0.3440032842847178
1672,11,-0.6861741308178487
1672,12,-0.9872233723255003
1673,1,0.7724359636922411
1673,2,1.168063557335133
1673,3,0.13400669747726568
1673,4,-0.24345688955511277
1673,5,-0.33025425167162786
1673,6,0.12411350486642425
1673,7,0.001013627289024769
1673,8,0.9661305803049255
1673,9,0.36527045326283636
1673,10,-0.5847914246530665
1673,11,-1.0176273410943466
1673,12,0.8164504638885497
1674,1,-0.03356785901349166
1674,2,-0.35408649599623815
1674,3,-0.7915315320642893
1674,4,-0.25705760099177977
1674,5,-0.393843078281507
1674,6,-0.5974404144362679
1674,7,-0.4342736580178509
1674,8,0.405247384946304
1674,9,-1.1706782555443978
1674,10,0.010348570318587252
1674,11,-0.3735728803732014
1674,12,-0.7048861375868274
1675,1,-0.7549963139416932
1675,2,0.10042763267679994
1675,3,-0.14868271390675306
1675,4,0.08318996089898718
1675,5,-1.2644814532871549
1675,6,-1.8950045876062016
1675,7,-0.6780796856302818
1675,8,-2.0604586522995008
1675,9,-2.8991867564277802
1675,10,-0.10080777562128856
1675,11,-2.093870419336871
1675,12,0.5669578549341129
1676,1,-1.0671832298247481
1676,2,-0.529670972866633
1676,3,0.7759874724750713
1676,4,-1.1298534430136988
1676,5,0.04988397016878007
1676,6,-0.26320909171265006
1676,7,-0.11886906755163934
1676,8,-0.7691033784568588
1676,9,-2.14974682360173
1676,10,-0.8320600281506636
1676,11,-2.187921133797751
1676,12,-2.573354452454132
1677,1,-0.025190134815784075
1677,2,-0.936397340433111
1677,3,0.8340895036708142
1677,4,0.032152065299986154
1677,5,-0.5168022119943936
1677,6,-0.27241360554826183
1677,7,-0.5892185978951364
1677,8,-0.47960080781548386
1677,9,-0.014439942579646845
1677,10,-1.8863718553832647
1677,11,0.6998428291720307
1677,12,-0.28791636383367775
1678,1,1.3079423641106696
1678,2,0.9112038966971884
1678,3,0.50092045836098
1678,4,-0.45699572187338944
1678,5,-0.3568267156127679
1678,6,-1.4536704536193663
1678,7,-0.5128474317295891
1678,8,-0.8823026701382268
1678,9,-0.675327155086729
1678,10,-0.5505391121314689
1678,11,-0.7741318635005887
1678,12,-0.1446168058061135
1679,1,0.31902173820404955
1679,2,-0.8403964228529358
1679,3,0.2953238909336261
1679,4,-0.35787223069040075
1679,5,-0.5137551147657592
1679,6,0.42390890659593716
1679,7,-0.1436740223977819
1679,8,-0.2950063817004113
1679,9,-1.27685059519702
1679,10,0.11189373439446074
1679,11,-2.051686319278928
1679,12,-1.162163232196886
1680,1,1.4396272014260085
1680,2,2.1819077735782306
1680,3,1.3099273797139253
1680,4,0.5316727903201196
1680,5,0.15634513997263044
1680,6,0.24496604487759507
1680,7,-0.2495201444929117
1680,8,-0.916726863254353
1680,9,0.030834169389755136
1680,10,0.9844121356660684
1680,11,-0.07758201330592161
1680,12,-1.7001211475621032
1681,1,-1.2049805557921802
1681,2,-0.13174571141998462
1681,3,-0.48112412101283203
1681,4,-0.1875491408901971
1681,5,0.14960512736994055
1681,6,-0.7447459441121196
1681,7,0.6264790385719652
1681,8,-0.6919398758845525
1681,9,-1.3771822931026643
1681,10,-0.04259979833001043
1681,11,-0.3244075452642142
1681,12,0.6933272042546454
1682,1,0.886901167319893
1682,2,1.1635972820584353
1682,3,0.4820782943174131
1682,4,-0.13547456290871043
1682,5,-0.27269826720971213
1682,6,-0.6587511581802996
1682,7,-0.35017456626619087
1682,8,-0.5300744496167784
1682,9,-0.8453542432576503
1682,10,-0.511743930085294
1682,11,-0.06695774754144564
1682,12,-0.9247555525506215
1683,1,-0.3697543383721159
1683,2,-0.18102894617879178
1683,3,-1.3989884346077113
1683,4,0.26291129068853253
1683,5,-0.2714322083940773
1683,6,-0.20546043999399663
1683,7,0.05971702383634886
1683,8,0.018374270681118313
1683,9,0.31040830626600713
1683,10,-1.5855203152603008
1683,11,-0.5000857623764736
1683,12,0.965605265977784
1684,1,-2.2117901556726927
1684,2,-2.378192495691036
1684,3,-1.1583815391636665
1684,4,-0.4828843149878491
1684,5,0.8140015278344885
1684,6,0.7806150384012338
1684,7,0.43465522532709233
1684,8,-1.7316529916093448
1684,9,-2.2532568233935706
1684,10,0.5577811902323848
1684,11,-0.5961943070995234
1684,12,-1.9429687507414466
1685,1,-0.5268378908131106
1685,2,-1.2756361182155356
1685,3,-0.940806394669055
1685,4,0.45762145075625693
1685,5,-0.12419321694852453
1685,6,-0.6334405546319565
1685,7,-0.6359566068765572
1685,8,-0.6752951834584577
1685,9,-2.1922907658475554
1685,10,-0.18846335517619042
1685,11,-0.8030631651604814
1685,12,0.20975614095978742
1686,1,1.3949529506832112
1686,2,0.2784343539190103
1686,3,2.267132866898713
1686,4,-0.9464630419850749
1686,5,0.19583130371442087
1686,6,0.1412114255582544
1686,7,-0.2695463498465034
1686,8,0.6406816352783159
1686,9,1.1702604058863857
1686,10,0.47267584845195654
1686,11,-0.6186259192285353
1686,12,-0.31125199729945374
1687,1,-1.0873749895435498
1687,2,-0.5984434064001235
1687,3,-0.056830574131745394
1687,4,-0.8412121758053335
1687,5,0.08212445238135466
1687,6,-0.38802133479088097
1687,7,1.0920647582629694
1687,8,-1.087958016795263
1687,9,-1.28681566800451
1687,10,-0.2553531614014324
1687,11,0.18447165249949526
1687,12,1.0791453031527414
1688,1,-0.624724992969333
1688,2,-0.06103773433587134
1688,3,-1.3036412768155494
1688,4,-1.1938209997360305
1688,5,-0.010442600246174584
1688,6,-0.5849156043530054
1688,7,0.5919468970166123
1688,8,-1.0701788951508968
1688,9,-1.6147757982305104
1688,10,-1.0608315819512382
1688,11,-0.03393041641046507
1688,12,-0.23756264551501244
1689,1,-0.6927459726298515
1689,2,-0.48658226372039504
1689,3,-1.2882109258427334
1689,4,0.4964904571090628
1689,5,-0.721282751396889
1689,6,-0.001718947054452663
1689,7,0.1817415606934621
1689,8,-1.3488247857309195
1689,9,-2.3468253279113074
1689,10,0.4802174217707585
1689,11,-1.0061498404321454
1689,12,-0.8614665516232236
1690,1,0.6494532744304191
1690,2,-0.6162817158665799
1690,3,-1.0001058891266181
1690,4,-0.8847020316068235
1690,5,-0.0056405020865717866
1690,6,-0.48774758620731734
1690,7,0.20478491633224105
1690,8,0.3572834284826729
1690,9,-1.7195959685052273
1690,10,-0.5031980334831868
1690,11,-0.17787670494131352
1690,12,-0.05306905069919141
1691,1,-0.2898260874196959
1691,2,-0.5048094543248205
1691,3,-0.43779850836147577
1691,4,-0.1089559451348345
1691,5,-0.4611947358536557
1691,6,-0.23775907188872406
1691,7,-0.2731185108630185
1691,8,0.5573375729852146
1691,9,-0.8143808668122089
1691,10,-0.32615737314649135
1691,11,-1.2006820859209646
1691,12,0.022476989162351857
1692,1,-0.6828246584439706
1692,2,-0.932147815663688
1692,3,-0.8901381069480492
1692,4,-0.34134147472991566
1692,5,-0.7036484129586643
1692,6,-0.4555486286181393
1692,7,0.5370411687971715
1692,8,-0.29832574419139896
1692,9,-0.7694502949116321
1692,10,-0.20397369934517295
1692,11,-0.8516724185305438
1692,12,-0.49759251286209105
1693,1,0.12029417823348423
1693,2,0.570874582682769
1693,3,-0.3802127571510595
1693,4,-0.017259752804610128
1693,5,-0.938845892491354
1693,6,-0.8144146167589751
1693,7,-0.08519208260676653
1693,8,1.5082987313984595
1693,9,-0.21681171921843914
1693,10,0.03759306635936871
1693,11,-1.1141540660864164
1693,12,-0.7702313072477784
1694,1,-1.4576032335070086
1694,2,0.21863999216560892
1694,3,-1.2770118486704174
1694,4,-0.9358022307266298
1694,5,0.7784469419632152
1694,6,0.40633701186405113
1694,7,0.7171975130673586
1694,8,1.1159587955765573
1694,9,-0.1880376882651538
1694,10,-1.5333608552554951
1694,11,1.4246579700951185
1694,12,-1.958947422756303
1695,1,0.5911607913919984
1695,2,-0.6609661632626656
1695,3,-1.8294602774543673
1695,4,0.4668246123689517
1695,5,-0.6747258756013009
1695,6,-0.969555208589947
1695,7,-0.5814122003172898
1695,8,-1.5466024246437895
1695,9,-2.485121675234436
1695,10,-0.14371715816344144
1695,11,-0.6963428557139295
1695,12,0.6868763389562392
1696,1,1.233370202820443
1696,2,1.1327680594180187
1696,3,-0.6804130512774013
1696,4,-0.8165243921953123
1696,5,-0.0698964665686129
1696,6,-1.895074515616544
1696,7,-1.0973477122440232
1696,8,0.1496302807122025
1696,9,-0.3472193363767041
1696,10,-0.23754402816245707
1696,11,0.7251381382225438
1696,12,-0.9370395947094713
1697,1,-0.7415618866235204
1697,2,-1.125226738435999
1697,3,-0.9478700220268235
1697,4,-0.8440081377971818
1697,5,-0.5800732859361539
1697,6,-0.8957441296647923
1697,7,-1.3546441651593115
1697,8,-0.921227029038731
1697,9,-0.08310489555455072
1697,10,-0.8530356313790266
1697,11,-1.261113273292669
1697,12,0.3282905810443849
1698,1,-1.0119141592540195
1698,2,-0.9017656978995285
1698,3,-0.8064989455548418
1698,4,-0.25466449612155195
1698,5,-1.0834128777662129
1698,6,-0.36908025110316245
1698,7,0.4947329076312042
1698,8,-2.254004743274447
1698,9,-2.7968507300093495
1698,10,-0.8753256694477564
1698,11,-0.5694801770247652
1698,12,-0.7541354552600332
1699,1,1.4874833484350112
1699,2,-0.9351554822544779
1699,3,-0.7495906686987271
1699,4,-0.6851095408652623
1699,5,-1.0049263612599673
1699,6,-0.3784468242590171
1699,7,-0.4208332565814215
1699,8,-2.2171262942500745
1699,9,-1.753661680997504
1699,10,-1.729496922912635
1699,11,-0.20682645031491814
1699,12,-1.0344821528945978
1700,1,-0.6890531634475281
1700,2,-0.25632050787091076
1700,3,-1.7761221829143974
1700,4,-1.198139054380044
1700,5,-0.666434303011101
1700,6,-0.7158174328467691
1700,7,-0.24067932368657208
1700,8,-1.1066017709158489
1700,9,-2.4384757260705876
1700,10,0.10248407169730495
1700,11,-0.5993028237278922
1700,12,-1.1807554456111142
1701,1,1.9010351836001889
1701,2,0.25298219330728566
1701,3,0.6083653541942748
1701,4,-0.49302520213635026
1701,5,-1.3863774205227961
1701,6,-1.5373808715464166
1701,7,-0.08541842616373822
1701,8,-0.3359455838733139
1701,9,-0.192999539604951
1701,10,-0.19141229331773074
1701,11,-0.4075686928816584
1701,12,-1.1481097621087886
1702,1,0.4906973120881848
1702,2,1.795139089796046
1702,3,0.226763637591597
1702,4,-0.5457854565916944
1702,5,-0.7279555852108274
1702,6,-0.6964495366780128
1702,7,-0.4144410277414843
1702,8,0.05365232743564277
1702,9,-1.4585865309299892
1702,10,0.06577757967254579
1702,11,-1.4719338568777558
1702,12,-0.48527235575967026
1703,1,-0.5208693367710461
1703,2,-0.18072420918937476
1703,3,-0.11835659354939009
1703,4,-0.21786124283392702
1703,5,0.21901636873141805
1703,6,0.44153942913984223
1703,7,-0.06733403194360114
1703,8,0.12124312558119828
1703,9,-0.1326577922063454
1703,10,-0.8724445118184819
1703,11,-0.21933158554113957
1703,12,0.33704325309734456
1704,1,-1.179260960372895
1704,2,0.40038197929263286
1704,3,-0.2983533852611624
1704,4,0.541061102925999
1704,5,-0.4490206178546445
1704,6,0.097656909581843
1704,7,0.8913855958815808
1704,8,1.2753876366067542
1704,9,0.15156178427945166
1704,10,0.6474016815142598
1704,11,-0.5199859954281247
1704,12,-0.04553214624308652
1705,1,0.4507714842070809
1705,2,-0.9878494444627097
1705,3,-0.2200176364033342
1705,4,-0.2326246253101757
1705,5,-1.367558407560355
1705,6,-1.880441186864926
1705,7,-0.33258424777079154
1705,8,0.36791637156514556
1705,9,-2.1521340563912
1705,10,0.005920126621615382
1705,11,0.04630248316209505
1705,12,0.9602140710010381
1706,1,-0.6060928859119799
1706,2,-0.021986324470045046
1706,3,-0.6465478618447622
1706,4,0.5884707448570228
1706,5,-0.29862985472206105
1706,6,-0.3489359930980102
1706,7,-0.2968408388112889
1706,8,0.6110249460157022
1706,9,0.3566022931081073
1706,10,0.05090209784208122
1706,11,0.33744816106117104
1706,12,1.1464277283166817
1707,1,0.3193233052579265
1707,2,1.298408423901928
1707,3,-0.12867848100505475
1707,4,-1.1968116788174588
1707,5,-1.4990523930309627
1707,6,0.5783206896437849
1707,7,0.6888717213126783
1707,8,-0.1922975679061235
1707,9,-0.14790672675151953
1707,10,-1.8608405608334895
1707,11,-0.7607386408116492
1707,12,-0.20305968345196207
1708,1,1.9366300364484021
1708,2,1.0376887422298766
1708,3,0.32359694033244185
1708,4,0.8053442571205345
1708,5,-0.4114489712065657
1708,6,-0.8359391526718968
1708,7,0.25195666063226857
1708,8,0.6829647345942217
1708,9,1.0858805760530874
1708,10,-1.3522378895821514
1708,11,-0.0025268070917402567
1708,12,-2.193442864618116
1709,1,-1.668140130075197
1709,2,-2.437274573889695
1709,3,-0.25571974789080804
1709,4,1.0649840694589932
1709,5,-1.3039076818336233
1709,6,0.20630657420815585
1709,7,0.2460924015636976
1709,8,0.7573058707575882
1709,9,-0.4886818619583097
1709,10,-1.6608741547208585
1709,11,-1.0278335780152277
1709,12,-0.7556626918533842
1710,1,-0.6700202193973046
1710,2,0.1270510180633912
1710,3,1.9374031010547248
1710,4,-0.3493621061077442
1710,5,0.05653708836550295
1710,6,0.537789067297946
1710,7,0.4793932725957318
1710,8,0.44497854774565593
1710,9,1.0857744045927697
1710,10,-0.6723273684858261
1710,11,-0.09705958036316391
1710,12,0.3670099107704262
1711,1,-0.9399222595447342
1711,2,0.21741017204136764
1711,3,-0.13769302823538604
1711,4,-0.2825397375532032
1711,5,-0.17241556470965827
1711,6,-0.8932994164759849
1711,7,0.5154620533873566
1711,8,-0.20883856384705232
1711,9,-1.2048340404093467
1711,10,-0.6746944479020721
1711,11,-0.1200655597717131
1711,12,0.6763090041340168
1712,1,-0.3241455748795734
1712,2,-0.45278340555361574
1712,3,-0.1566647733908221
1712,4,-0.37542309759932946
1712,5,-0.46280199518215415
1712,6,0.09851497687829527
1712,7,0.3749028454079622
1712,8,0.2901210718467307
1712,9,-0.24109933740032366
1712,10,-0.2594645925153512
1712,11,1.1850919328940592
1712,12,0.07752198113226927
1713,1,1.5745614550693157
1713,2,1.2535105050495035
1713,3,0.2497113207975625
1713,4,-0.8625298808483408
1713,5,-0.765041106265862
1713,6,-1.4372771822653085
1713,7,-0.34853714245035844
1713,8,0.14799895287461015
1713,9,-0.6826485741275311
1713,10,-0.7695520919535568
1713,11,-1.4641667837569576
1713,12,0.18856223547137246
1714,1,-0.24125178477519335
1714,2,-0.8688571745239182
1714,3,-0.10023781902810142
1714,4,-0.5317075758133818
1714,5,-0.9489483283303507
1714,6,-0.029442239228695793
1714,7,-0.1930179177593909
1714,8,-0.9202769587285129
1714,9,-2.4548761952968112
1714,10,-0.2366965905167203
1714,11,-1.3037345688948303
1714,12,-1.1345264899733327
1715,1,-1.1219777381911127
1715,2,0.1269413543353572
1715,3,-0.12417150749541692
1715,4,0.14351877970467738
1715,5,0.18046913388990699
1715,6,-0.5377842990737468
1715,7,-0.8637536725801037
1715,8,-0.10397287747184156
1715,9,0.21661985890822816
1715,10,-0.2063178051057512
1715,11,-0.8979809422595793
1715,12,-1.0595886524612468
1716,1,0.6912554341381314
1716,2,-1.4058552441613714
1716,3,-1.6889101774259232
1716,4,-1.3428200809275006
1716,5,-0.8662672097685207
1716,6,-0.885715729671638
1716,7,-0.2874499083764898
1716,8,-0.5649928029203525
1716,9,-1.4893808643885356
1716,10,-0.6888142204226508
1716,11,0.1129694934719849
1716,12,0.588305968567564
1717,1,-0.7485256164387005
1717,2,-0.2740364576055092
1717,3,1.184113152807097
1717,4,-0.27059366980961586
1717,5,0.08497869565053442
1717,6,-0.3954294450037305
1717,7,-0.6592349258995942
1717,8,-0.3682535655666437
1717,9,-0.9510067628004603
1717,10,0.5771212841333612
1717,11,0.1552725628586957
1717,12,0.4866364549021262
1718,1,-0.7255538205335346
1718,2,-1.4350100314991856
1718,3,0.4959509794054748
1718,4,1.0355372499658453
1718,5,1.689104533228436
1718,6,1.2545102924048757
1718,7,0.8646113062825422
1718,8,0.5374777827861057
1718,9,0.9749223101946443
1718,10,0.0668802466288548
1718,11,0.6523156706337363
1718,12,0.47898100788103726
1719,1,1.0566682664638423
1719,2,1.1266103296735683
1719,3,0.4605130209689943
1719,4,-0.5362544350175349
1719,5,-0.0034842288911499653
1719,6,-0.1230064094200083
1719,7,0.2322216472631421
1719,8,0.22105142338178224
1719,9,-0.5958082582268884
1719,10,-0.27942897638457054
1719,11,0.27084674625918137
1719,12,-0.8355848725347718
1720,1,0.08735024512391787
1720,2,0.23483653595397624
1720,3,-0.48228638220297537
1720,4,-0.1360399811346977
1720,5,0.9670274053006804
1720,6,1.3174003623387478
1720,7,0.3488030090035735
1720,8,0.180767280863062
1720,9,-0.06903339942307504
1720,10,0.4051892429199357
1720,11,-0.5296171439252376
1720,12,1.0924514277812551
1721,1,0.7654380959375924
1721,2,-0.5065045907988599
1721,3,-1.1361050486107747
1721,4,1.0707487995789071
1721,5,-0.4373549477716991
1721,6,0.04853711187089581
1721,7,-1.3021826466031277
1721,8,-0.6018712172079244
1721,9,-0.17526890680477145
1721,10,-0.331683705161236
1721,11,-0.2179081808973033
1721,12,0.01784599685796688
1722,1,-1.846047246504157
1722,2,1.7174673553204036
1722,3,1.2024136981677058
1722,4,-0.032656165559389536
1722,5,0.4827470167726154
1722,6,0.11991036452260032
1722,7,0.07238911046385081
1722,8,0.6959843572224663
1722,9,0.36287148661717206
1722,10,0.20727802543212215
1722,11,-0.4046311120350726
1722,12,-0.013226227318758322
1723,1,-0.5200585512050895
1723,2,-1.0896895909765252
1723,3,1.778725207565064
1723,4,0.3546051148957812
1723,5,-0.1537138767280782
1723,6,-0.34620780934427164
1723,7,-1.265931350927629
1723,8,-1.3049265926901774
1723,9,-1.7457304724946199
1723,10,0.6704398496557297
1723,11,-0.819730056649346
1723,12,-0.14748352819567392
1724,1,0.9270388165788808
1724,2,1.8611847442567166
1724,3,0.9977098250080466
1724,4,-0.23903711307332404
1724,5,0.9361479433776922
1724,6,-0.04570381799309894
1724,7,-1.0394784772506278
1724,8,0.10152439554764298
1724,9,0.05009139741797679
1724,10,0.291364571513464
1724,11,0.2997365163454953
1724,12,-0.2576864501932934
1725,1,-0.7899751256235135
1725,2,-0.9684910922220892
1725,3,-0.23218963168466838
1725,4,-0.13392205643088548
1725,5,0.05441891160997134
1725,6,0.3450733831883144
1725,7,0.014444891209062338
1725,8,-1.30153848266076
1725,9,-0.5489367106425406
1725,10,0.4394710076865149
1725,11,0.5372197063597405
1725,12,-1.2637159215659053
1726,1,-1.5716022383787578
1726,2,-1.1017641142012427
1726,3,-1.2778634117077448
1726,4,-0.16413965030622557
1726,5,-0.003852096636081437
1726,6,-0.7322465582546572
1726,7,0.04631736505969633
1726,8,-0.5472440492075097
1726,9,-0.3006423076845261
1726,10,-0.024344351868433707
1726,11,-0.4211194069659615
1726,12,-0.28940722995664736
1727,1,0.2934218750086027
1727,2,0.552785375811596
1727,3,0.07606949751340894
1727,4,0.03960002462787014
1727,5,0.887244831943397
1727,6,0.7718175860322005
1727,7,-0.31201177615039277
1727,8,-0.9281740356642224
1727,9,-0.11026196942390658
1727,10,0.9937666602970991
1727,11,-0.7097064232090311
1727,12,1.8041604134338327
1728,1,0.4321868592994954
1728,2,-0.613968543620796
1728,3,1.6792968458722437
1728,4,0.6271301525793298
1728,5,0.9513769092632662
1728,6,0.45216389747779406
1728,7,-0.08188536293730031
1728,8,0.24365061606552496
1728,9,0.044356165868656566
1728,10,0.053488569008875136
1728,11,-0.38532414131058423
1728,12,-0.13481401394219295
1729,1,-1.5094557758186773
1729,2,-1.1610549961306216
1729,3,-1.2127592525618573
1729,4,-0.011801361152800362
1729,5,0.1961310534871503
1729,6,0.02066771118349938
1729,7,-0.42997265273841206
1729,8,-0.21923091060970393
1729,9,0.18434941099518087
1729,10,0.5036187035513566
1729,11,0.41696452688505314
1729,12,0.9042848021901095
1730,1,-0.07854336864154432
1730,2,-0.0362693933389191
1730,3,0.7372625559817303
1730,4,-0.25585960812958286
1730,5,-0.3434989310654851
1730,6,-0.3083769770129423
1730,7,-0.598740271678485
1730,8,-0.40491574524946106
1730,9,-1.1862607324757792
1730,10,-1.0969579241220575
1730,11,-0.33759973005328064
1730,12,-1.3278578093516442
1731,1,-1.2847598653991608
1731,2,-1.027557124140025
1731,3,-0.5347666658440167
1731,4,-1.2051289846540953
1731,5,-0.10270334651156185
1731,6,-0.013547790315758937
1731,7,0.17733653861223408
1731,8,-0.8704667892043438
1731,9,-0.7624264168120631
1731,10,-0.13186924220008378
1731,11,-0.22923298668898962
1731,12,-0.6206489586158143
1732,1,-0.7308296391767775
1732,2,0.04519779299602365
1732,3,0.5375118449357744
1732,4,0.6863455906719674
1732,5,0.668022184906621
1732,6,-0.8340178413482745
1732,7,-0.03158424243539956
1732,8,0.6757275211257092
1732,9,0.40257127855849806
1732,10,0.38574567674279936
1732,11,-0.2300987644423857
1732,12,-1.645885734521086
1733,1,0.8714062252703758
1733,2,0.4580085099635127
1733,3,-0.1083321669258147
1733,4,0.47745064767775836
1733,5,-0.2865716865058782
1733,6,0.486485536698997
1733,7,1.0110166444131399
1733,8,0.610957523581777
1733,9,-0.32298557152253554
1733,10,-0.7156902223796979
1733,11,-1.7390366458608897
1733,12,-1.0994512628764304
1734,1,-0.7573114582678869
1734,2,0.12502878303695947
1734,3,1.3376657654636315
1734,4,0.9088067493778595
1734,5,0.5190718590783729
1734,6,0.9031962280634254
1734,7,0.07919527790537016
1734,8,-0.11071551022276599
1734,9,0.29473102208204816
1734,10,-0.08800995072953875
1734,11,-1.2689031261234107
1734,12,-0.43136947177178286
1735,1,1.5673191096425079
1735,2,0.8716456893955925
1735,3,1.6957701445175233
1735,4,0.1930965544880897
1735,5,-0.2622219731975306
1735,6,-0.4845185665301284
1735,7,0.04433000014658582
1735,8,-0.7991321749589397
1735,9,-0.1269470092102117
1735,10,-1.044613789568602
1735,11,-1.4380449282822385
1735,12,-0.9077799603289398
1736,1,-0.017876138993232094
1736,2,1.491690145014057
1736,3,0.2707568130736151
1736,4,0.6074205734298013
1736,5,-0.42477677825232985
1736,6,-0.29717136204563604
1736,7,-0.0184881595750222
1736,8,-0.4798398749822627
1736,9,-0.5592465281029622
1736,10,0.25973498632358893
1736,11,-1.5253110243261496
1736,12,-0.4199581490886376
1737,1,0.9149517407336629
1737,2,-1.0856371906035163
1737,3,-0.2670801881020909
1737,4,-1.1806648523483723
1737,5,0.1388797876330065
1737,6,-0.2882821300649868
1737,7,-0.11526632352544142
1737,8,-0.4919784773593471
1737,9,0.2083124140889256
1737,10,0.3821280184653716
1737,11,-0.9660134618118691
1737,12,-1.2448262067245244
1738,1,-0.915404714748316
1738,2,-0.9780167803190003
1738,3,-0.18315044526725555
1738,4,0.4924491967799467
1738,5,-0.4551508842024556
1738,6,-0.043147283959763735
1738,7,-0.32443714431468973
1738,8,-0.5026346859748108
1738,9,-1.1695608021454227
1738,10,-0.29246750474114225
1738,11,-1.6166274801874865
1738,12,-1.0528360906679888
1739,1,-0.7938332831521144
1739,2,-0.5208785743093836
1739,3,0.8515895904569034
1739,4,-1.0035746597362418
1739,5,0.17251866541212857
1739,6,-0.6146731163058173
1739,7,0.44139655516823234
1739,8,-0.26796551073106195
1739,9,-0.03048610894129619
1739,10,-1.293790026021804
1739,11,-2.36776866811071
1739,12,-1.0073223865436003
1740,1,-1.1169095742334973
1740,2,-3.6357295003341976
1740,3,-2.5626662254081505
1740,4,-1.4995124931139303
1740,5,-1.4249139906014108
1740,6,-0.7962780036026277
1740,7,-0.35020751468545563
1740,8,-1.7968758287658662
1740,9,-1.016643885104188
1740,10,-1.3093871447819583
1740,11,-1.3642722411119916
1740,12,1.2339190854037114
1741,1,1.1723032990686222
1741,2,0.569898434340615
1741,3,-1.63877925352885
1741,4,-1.2667237549014516
1741,5,-1.3722850710327612
1741,6,-0.26323549245214284
1741,7,-0.6550499641990482
1741,8,-1.4134726377769002
1741,9,-1.8718359317255482
1741,10,0.10676056292814229
1741,11,-0.40498792260380767
1741,12,0.12691432662307847
1742,1,0.22117581954462495
1742,2,-0.39002244446777157
1742,3,-1.1155353069783067
1742,4,-1.7064660455873804
1742,5,-1.2443437541720317
1742,6,-1.1427778060834854
1742,7,-0.33921614594025956
1742,8,-2.5269031961399553
1742,9,-2.445504762229738
1742,10,-0.34787616466710725
1742,11,0.48830546539714326
1742,12,0.03558744010815715
1743,1,-0.5759911715577094
1743,2,0.042332865471684855
1743,3,0.4472664088888555
1743,4,-0.44923074217895353
1743,5,-0.2453814888876441
1743,6,-0.32334794130868205
1743,7,-0.46254707857757915
1743,8,-0.8160837469036768
1743,9,-1.8974935127318628
1743,10,-0.40383640133555165
1743,11,-0.33828918218307663
1743,12,-0.9849193481490957
1744,1,-1.252111278499029
1744,2,-1.974683617205933
1744,3,-0.8056822462959384
1744,4,0.2926300041367086
1744,5,-1.050395385897084
1744,6,-0.08029702791034535
1744,7,-0.7129859752283514
1744,8,-0.9939366128626739
1744,9,-0.3264342962793165
1744,10,0.5573937386679241
1744,11,0.2306768678373206
1744,12,-0.8764209977684778
1745,1,-0.7489022728724818
1745,2,-0.6559116034782817
1745,3,-0.03380948063058249
1745,4,0.6862035153493544
1745,5,-0.25754061045463333
1745,6,-0.5641401086152291
1745,7,-0.006820996505738188
1745,8,-0.13560465105861785
1745,9,-0.46714066241805796
1745,10,0.35029392788830643
1745,11,0.5967848270991823
1745,12,-0.08667982470703094
1746,1,-0.26657442958665456
1746,2,-0.7903785976524738
1746,3,-0.3839184727502766
1746,4,-0.4182941568617478
1746,5,0.4834334910434547
1746,6,-0.48709023032432863
1746,7,1.2796317018130932
1746,8,0.4534890521808337
1746,9,-0.3491143433425774
1746,10,-1.236664058897076
1746,11,-0.42782068436783005
1746,12,0.5819609577228324
1747,1,-0.37842241226661305
1747,2,1.5755532213972523
1747,3,-2.0494757835029382
1747,4,-0.779584967651842
1747,5,-0.38325158289555306
1747,6,-0.3481325668499027
1747,7,-0.5057688564647733
1747,8,-0.6324412399267423
1747,9,0.23678793115269403
1747,10,-0.23819774164355687
1747,11,-1.0561772857181615
1747,12,0.349722290202621
1748,1,-1.5940535999910725
1748,2,-0.7145689642811361
1748,3,-1.984061314242096
1748,4,-0.6545280837221045
1748,5,0.33367713781579444
1748,6,0.5772517894660318
1748,7,0.38674038456048154
1748,8,0.10346878744296595
1748,9,-1.3128885547154168
1748,10,-1.0872615475738978
1748,11,-0.7289523796433401
1748,12,0.27521347536911545
1749,1,1.4321251946782718
1749,2,-0.623593303886965
1749,3,-0.45647815295026184
1749,4,-0.41207799456095373
1749,5,0.04687333791219372
1749,6,-0.89722522615686
1749,7,0.3724858257095231
1749,8,-0.8196341303408311
1749,9,-1.7142571802406297
1749,10,-1.5486651652409276
1749,11,-0.891172887301614
1749,12,-1.667442799790432
1750,1,-1.220091868074978
1750,2,0.31398901688227243
1750,3,1.7782549982899751
1750,4,0.3967448432861541
1750,5,-0.981728995666427
1750,6,-1.119397783476604
1750,7,-0.41819526884692415
1750,8,-0.03481187476655427
1750,9,0.0055303091896365675
1750,10,-0.13988681569236733
1750,11,-1.0957143224442856
1750,12,-1.2040616468911232
1751,1,0.4642025752577347
1751,2,-1.29396593007944
1751,3,0.4248983176358037
1751,4,-0.5707452213250856
1751,5,-0.6514733699338444
1751,6,-1.4955632958298108
1751,7,-0.23254695865125616
1751,8,0.33244689885768086
1751,9,-0.7411489718332099
1751,10,-0.4100514641068934
1751,11,-1.2747112220123962
1751,12,-0.4849666849232725
1752,1,0.5509123281776475
1752,2,0.4869270413500022
1752,3,0.2170059129786825
1752,4,-0.40572128326817924
1752,5,-0.49985579297527605
1752,6,0.176338270216773
1752,7,-0.6876905199502326
1752,8,-0.8479502729024517
1752,9,0.1977113780474193
1752,10,-0.7419135263616251
1752,11,-0.9801132847787932
1752,12,-0.7440553856413396
1753,1,-0.37031166473102084
1753,2,-0.21157199792528006
1753,3,0.3889152697003697
1753,4,-0.20906821528833827
1753,5,-1.229706621096207
1753,6,-0.9031658578764445
1753,7,-0.7351345127259823
1753,8,-2.226884114895813
1753,9,-2.1321830531731103
1753,10,-0.024525686922139772
1753,11,-0.5545918556575662
1753,12,0.13098891404950597
1754,1,-0.5002457329728408
1754,2,-1.3030328248801002
1754,3,-1.151836096863761
1754,4,-0.15444346668666423
1754,5,0.24125124018570715
1754,6,-0.07404653637389506
1754,7,-0.415491812643631
1754,8,-0.6693815343716336
1754,9,-1.3754827315949105
1754,10,-0.1288989327071174
1754,11,0.21187312649884749
1754,12,-1.3257206301371216
1755,1,-2.3865847982298924
1755,2,-1.8955308631386407
1755,3,0.2559190745361548
1755,4,1.7086306394710595
1755,5,-1.6591406199093477
1755,6,0.1964667834634028
1755,7,-0.6969397560597801
1755,8,-1.3053285954586764
1755,9,-0.9314363984075613
1755,10,-0.0685634935954229
1755,11,0.39169893529636846
1755,12,0.2956238503203311
1756,1,0.07198237373131891
1756,2,0.3673499127864144
1756,3,0.4919005507000985
1756,4,-0.010203083771971938
1756,5,-1.1788467779423302
1756,6,-0.03365565514177887
1756,7,-0.7621358114872094
1756,8,-0.8267838085411626
1756,9,-0.9319143270227739
1756,10,-0.2638498550743202
1756,11,-1.1758405831151257
1756,12,-0.8053731298554203
1757,1,-0.17708825895388183
1757,2,-0.39802437650382394
1757,3,-0.5479946059671565
1757,4,0.16920648354873988
1757,5,0.4511009872703583
1757,6,-1.4085173220591911
1757,7,0.28946702272967667
1757,8,0.5047980914005711
1757,9,-1.8422894670343566
1757,10,-1.2099709472480638
1757,11,0.12306904559700944
1757,12,-0.2525141096019181
1758,1,-1.8375020327705323
1758,2,-1.2179017149326254
1758,3,-0.05129446326176045
1758,4,-0.15976085453748906
1758,5,-0.8627078240129583
1758,6,-1.1952398086948297
1758,7,-0.7232753790753155
1758,8,-0.7676396339512481
1758,9,-1.6308560994880128
1758,10,-0.6598077169574781
1758,11,0.1510238919657601
1758,12,0.2457198563844124
1759,1,0.03256899500820773
1759,2,0.8289697909382796
1759,3,0.3152934311210007
1759,4,-0.3651597379259761
1759,5,-1.1344504696888094
1759,6,-0.7814485762923566
1759,7,-0.0019087919570983936
1759,8,-1.446408810583661
1759,9,-1.1277463320511791
1759,10,1.1160796499560435
1759,11,-1.6721493054425558
1759,12,0.6431007259794292
1760,1,0.2114518456214757
1760,2,0.03884998706202523
1760,3,-1.4508916855047325
1760,4,0.7736288912550962
1760,5,-0.48428221661762855
1760,6,-0.09545417884701926
1760,7,-0.5794764794237646
1760,8,-0.6119321241415774
1760,9,-1.0386303952785223
1760,10,0.5725613449560265
1760,11,-0.7491405230802382
1760,12,0.3292589532690692
1761,1,-0.940187439690519
1761,2,-0.5053659199583097
1761,3,-0.24056728138382877
1761,4,-0.5835192354526129
1761,5,0.3090609865126976
1761,6,-0.5886523574219895
1761,7,-0.4169198948043765
1761,8,-1.0027380493645432
1761,9,-0.4908337419596148
1761,10,-0.14744051487564813
1761,11,-0.41194086776650246
1761,12,-0.6958171010450999
1762,1,-0.027139288022520754
1762,2,-0.6426647119616462
1762,3,-1.7808537861594997
1762,4,0.45975648324216245
1762,5,-0.08972730232867808
1762,6,-0.8601807510439278
1762,7,0.0673986072056383
1762,8,0.20267937577050843
1762,9,-1.2670384949177182
1762,10,-0.2644482044376085
1762,11,-0.46319340030464584
1762,12,-1.9304019854469927
1763,1,-0.9372015419610207
1763,2,1.6419584218149157
1763,3,-0.7581093841553392
1763,4,-0.2545445428335769
1763,5,-1.0960590949586289
1763,6,-0.4139459295528225
1763,7,0.43506236971746204
1763,8,0.9265398328571874
1763,9,-0.9938822516900636
1763,10,-1.2466356468095037
1763,11,-0.8477274934248105
1763,12,1.1369050194634718
1764,1,1.0119362093944881
1764,2,1.90319447874342
1764,3,-0.7932157908327782
1764,4,-0.6197719981969725
1764,5,0.09606059386708743
1764,6,-0.7448661424751712
1764,7,-0.011263157709427207
1764,8,-0.8712844420127603
1764,9,-1.9390554949723247
1764,10,-1.1494937824668527
1764,11,0.18831139084711743
1764,12,1.0855761138615376
1765,1,1.7078378971478894
1765,2,-6.456010781685229e-4
1765,3,0.7127810542160153
1765,4,-0.12503081531371119
1765,5,-0.8196166233713027
1765,6,-0.5799950717453866
1765,7,-1.7491625064604994
1765,8,-0.3279189286777794
1765,9,-1.0538284591135187
1765,10,0.31990068347434963
1765,11,-0.3603961212830646
1765,12,-0.597847729440564
1766,1,-3.2433557452570385
1766,2,-1.2678460796805044
1766,3,-0.4109167929921034
1766,4,-0.011468970690189989
1766,5,-0.18524476585976085
1766,6,0.13806540373531545
1766,7,-0.1779166059925566
1766,8,-0.5357338406637446
1766,9,-0.8776750345546545
1766,10,-0.24890773680783093
1766,11,0.7698235218223216
1766,12,-0.48832256995181184
1767,1,-2.226725808845217
1767,2,0.46098577980809907
1767,3,-0.13467507709090304
1767,4,-0.9626523106254782
1767,5,-1.2138592584633452
1767,6,-0.8207229000908091
1767,7,0.9237918507197911
1767,8,-0.9360351201471535
1767,9,-1.7544411042957897
1767,10,0.02766882091427013
1767,11,-0.04644512711159468
1767,12,-1.7558627894701253
1768,1,-0.14751132574226913
1768,2,-1.3811272967038288
1768,3,-0.8303579841319263
1768,4,-0.10616522868243333
1768,5,-1.0995775834467232
1768,6,-1.0971638071730077
1768,7,-0.37880552245321375
1768,8,0.6348563353454455
1768,9,0.26838324933750646
1768,10,-0.02600712002989069
1768,11,0.04227509609222713
1768,12,-0.3668620982083573
1769,1,1.2836260816069398
1769,2,0.35504125278910104
1769,3,-0.21778410658224046
1769,4,-0.04618796230009342
1769,5,-0.7944633411635867
1769,6,-0.8493899594223214
1769,7,-0.8822690432149827
1769,8,-0.6545257255368315
1769,9,-0.4980274912321243
1769,10,-1.7593659490538114
1769,11,0.6744447332808209
1769,12,-0.5866125004336727
1770,1,-0.7302398852809153
1770,2,0.49743063932869314
1770,3,-0.158534460085868
1770,4,-0.4870523850202857
1770,5,-0.5429620072109653
1770,6,-1.0938584711081198
1770,7,-0.9959955634642716
1770,8,-1.1879766516790007
1770,9,-0.1734018836489726
1770,10,0.30553112402557314
1770,11,0.3036610994126549
1770,12,0.19062349720056815
1771,1,0.5892173603530528
1771,2,-0.9652020587715913
1771,3,-1.1075537983812245
1771,4,-1.5521862464924792
1771,5,0.7191609755027669
1771,6,-1.474050523522334
1771,7,-1.2757897564501945
1771,8,-0.6144405272439557
1771,9,-0.3011332926934559
1771,10,0.027630147174582873
1771,11,-1.1650336544790456
1771,12,0.3980557282933007
1772,1,1.4785708534431934
1772,2,2.1499121323326733
1772,3,1.8158041071957145
1772,4,0.42478584815649956
1772,5,-0.9879254709170197
1772,6,0.0863002726776406
1772,7,-1.0375948980065788
1772,8,-0.7828593365648163
1772,9,0.1489479497566627
1772,10,-0.1202705490941115
1772,11,0.31099791862898807
1772,12,0.4578573864283552
1773,1,0.4341791780585391
1773,2,-0.7989907471901203
1773,3,-0.92132409583938
1773,4,-0.6543815229404674
1773,5,-0.5300367209188046
1773,6,-0.33344607571537466
1773,7,-1.3566121835367084
1773,8,-1.492278924696843
1773,9,-1.0581576722017683
1773,10,0.07979656150763463
1773,11,0.22620144890090513
1773,12,1.1344816166867493
1774,1,0.4638779706213285
1774,2,0.2549177013516485
1774,3,0.670268280374692
1774,4,0.590538121137675
1774,5,-0.4398192558657529
1774,6,-0.14134293807291454
1774,7,0.302836578581383
1774,8,0.017520318489633785
1774,9,-0.29852012549861207
1774,10,-1.374725895141827
1774,11,-0.968815040898156
1774,12,-2.4102291303381387
1775,1,-1.5014728783553402
1775,2,0.319783588414345
1775,3,-0.2638355869734413
1775,4,-0.8369764904290715
1775,5,-0.6218142492257424
1775,6,0.6736644902198012
1775,7,0.21575744992239226
1775,8,0.44330928551044296
1775,9,-0.5636694505919064
1775,10,0.23882445311958572
1775,11,0.06669879105475082
1775,12,-1.0827758955885225
1776,1,0.2167837810735332
1776,2,0.9456055518607054
1776,3,0.7630268080969808
1776,4,-0.0634321939772989
1776,5,-0.9858761801066278
1776,6,-0.34614734268719405
1776,7,-0.135261677150952
1776,8,-0.02297092108005247
1776,9,-1.5463366386124955
1776,10,-1.3101303304246745
1776,11,-0.320737659002285
1776,12,-1.1837463631211984
1777,1,-0.674660877489809
1777,2,-0.47996448867029406
1777,3,0.9046061422428964
1777,4,-0.5029306859078253
1777,5,-0.18373788502930077
1777,6,-0.6248154970185452
1777,7,-0.7367808873367914
1777,8,0.01237776640224135
1777,9,-0.6096866576805441
1777,10,-0.4221920516843562
1777,11,-0.3760967091932078
1777,12,-1.1804967107477462
1778,1,1.3562862301415404
1778,2,-0.40877706688179966
1778,3,0.22943174781492237
1778,4,1.0445496713336304
1778,5,0.4213690997865716
1778,6,-0.39598786368647704
1778,7,0.327683849989641
1778,8,-1.162792524884957
1778,9,-2.0443939404794653
1778,10,0.09888008797481951
1778,11,-0.25893062459609
1778,12,0.7454530604764334
1779,1,-3.0777000773921195
1779,2,0.29869266662825233
1779,3,-0.5396932112771163
1779,4,1.0414096227582348
1779,5,0.5620983794671943
1779,6,-0.5815781370381451
1779,7,-0.8334290328882048
1779,8,-0.4272784824894154
1779,9,-0.579788860218934
1779,10,0.5414506653265
1779,11,0.6113295594224075
1779,12,1.2746843125385974
1780,1,-0.6464786248430832
1780,2,-1.5118189530990702
1780,3,0.9644031554436382
1780,4,-0.9027160070698782
1780,5,0.048558076664165346
1780,6,-0.11726159707800841
1780,7,-0.625730777958569
1780,8,-1.1824878941408556
1780,9,-1.2596253500628876
1780,10,0.4316692300336134
1780,11,-0.7622154374741887
1780,12,-1.4851202764382405
1781,1,-0.3534787223358003
1781,2,-0.4068822470501189
1781,3,0.2941643205662533
1781,4,0.3646756765240746
1781,5,-0.21154168089414133
1781,6,-0.6517489746085859
1781,7,-0.4032921581585548
1781,8,0.5396803559070198
1781,9,-0.2797516160823203
1781,10,-1.380770656291084
1781,11,0.19146817925242016
1781,12,-0.6651733474403347
1782,1,-1.26264814466218
1782,2,-2.437238051205731
1782,3,-0.45527199028474097
1782,4,-0.08821212072276241
1782,5,0.32448816189421836
1782,6,1.2621576435884583
1782,7,0.06218146456140543
1782,8,0.5724462804765057
1782,9,-0.330040590450258
1782,10,-0.7487963251445361
1782,11,-1.531978869658608
1782,12,-0.8496420765466665
1783,1,-0.17335702023623467
1783,2,1.1718880672846885
1783,3,0.8509509143331109
1783,4,-0.34818418108284044
1783,5,0.30642746021852224
1783,6,-0.5487538603516808
1783,7,0.033532269928841785
1783,8,-1.384350505119649
1783,9,-0.8207169003665984
1783,10,0.6422515428003017
1783,11,-1.5145993726021105
1783,12,-0.6744285209422455
1784,1,-0.9852697059634388
1784,2,-1.5699849617850614
1784,3,0.2269958521748037
1784,4,-0.6023459445884909
1784,5,1.1669202871615816
1784,6,0.2572453549337905
1784,7,-0.3583416577729017
1784,8,-0.6617254487360262
1784,9,0.8165390160365187
1784,10,-1.2272198103003755
1784,11,-0.9634610134270759
1784,12,-0.2542800132852013
1785,1,-0.4979227977051789
1785,2,-1.5154551949003627
1785,3,-2.154778610442543
1785,4,-1.20316146269013
1785,5,0.14427413462158342
1785,6,-0.4303203973173062
1785,7,-1.4091117149485475
1785,8,-1.0398546987882067
1785,9,0.5568479416851997
1785,10,0.03557248064969487
1785,11,0.452773119761591
1785,12,0.3913565315015873
1786,1,-0.08192031420335162
1786,2,-0.5218537303496416
1786,3,0.43291508635446274
1786,4,0.58564456646033
1786,5,-0.05533533814645708
1786,6,-0.2690786918955558
1786,7,-1.7107974877766106
1786,8,-2.1545841585885084
1786,9,-1.2684180063463102
1786,10,-1.6994685461976948
1786,11,-0.5617175073660081
1786,12,-0.36138878698754623
1787,1,-1.9361129822190972
1787,2,-0.5392074801690206
1787,3,0.2359448118271462
1787,4,0.03230006042147528
1787,5,-0.8872463219048186
1787,6,-0.6265585592379256
1787,7,-0.6725435134004165
1787,8,-0.38540482122570446
1787,9,-0.8677019975422335
1787,10,0.18135494944628236
1787,11,0.20128020432757227
1787,12,1.1086815143868387
1788,1,0.027300759865359667
1788,2,0.7969459477795711
1788,3,1.3358378120713872
1788,4,0.19571119065833223
1788,5,-0.06339979651981431
1788,6,0.45286001441522433
1788,7,0.4779193307234682
1788,8,-0.7532194891057519
1788,9,0.02157109597739333
1788,10,-0.008818952684799666
1788,11,-0.931613818573064
1788,12,-2.064904959925962
1789,1,-1.102760250106435
1789,2,0.3893881163947204
1789,3,-0.7450627475578314
1789,4,0.711815467518276
1789,5,0.9129848202377833
1789,6,-0.9963011379189255
1789,7,-0.8359524946718973
1789,8,-1.3255793941785212
1789,9,-0.6485818698551515
1789,10,0.1333062845530169
1789,11,-0.912028551525509
1789,12,-1.1334418819280614
1790,1,-0.9704948028026181
1790,2,1.1134572751372236
1790,3,-0.28311117783677164
1790,4,-0.8681367081097405
1790,5,-0.05272843031947065
1790,6,0.33059554109425987
1790,7,-1.2830829069718126
1790,8,-0.7504231418345948
1790,9,-0.6106251892360688
1790,10,0.4244649945046484
1790,11,0.401873510829248
1790,12,-0.019190925989819422
1791,1,0.9134252603251046
1791,2,-0.33529721614517843
1791,3,0.4954921492633785
1791,4,1.17859222170895
1791,5,-0.5612428006038459
1791,6,-0.4374475640603942
1791,7,-0.5332148374122352
1791,8,-0.625773841023203
1791,9,-1.5415046314923688
1791,10,-0.1793331136711428
1791,11,0.043455001228705936
1791,12,0.13745484818813475
1792,1,0.4557011174961823
1792,2,-0.2033783817209841
1792,3,0.6337485314432917
1792,4,0.7025741461618764
1792,5,0.07827015125958123
1792,6,0.7786109249853056
1792,7,-0.4536583332642303
1792,8,-0.9932108737267795
1792,9,-0.5559541745111326
1792,10,-0.02147097812142932
1792,11,-0.5938096562089994
1792,12,-0.7461816153013008
1793,1,-1.2631208130790577
1793,2,0.26327479393407555
1793,3,0.2194880201111592
1793,4,-1.1383350592747075
1793,5,-1.4028568129734134
1793,6,-0.56048687607715
1793,7,-0.4430877639191629
1793,8,0.11664287820881364
1793,9,0.10644768480366909
1793,10,-0.13540208956020422
1793,11,0.12513304089824284
1793,12,0.8794419578420554
1794,1,0.5034426435760789
1794,2,1.502665155816119
1794,3,0.9378506960811356
1794,4,1.2360045359521292
1794,5,0.05921372640663578
1794,6,-0.759027216235695
1794,7,0.401784389686774
1794,8,-0.461630566257496
1794,9,-0.6168900190261408
1794,10,-0.9600846922975339
1794,11,0.03633093818274398
1794,12,-1.27812265069325
1795,1,-2.774632760592348
1795,2,-0.6624920370988103
1795,3,0.18889728578786913
1795,4,0.3215398542721743
1795,5,0.16822797095278036
1795,6,-0.36992898028014165
1795,7,-1.7470536156031693
1795,8,-0.4726675644444336
1795,9,-1.1430269939751023
1795,10,0.4710334880908529
1795,11,-0.8448280905384635
1795,12,0.5640824364508319
1796,1,1.4674857164405464
1796,2,1.0255502135896422
1796,3,-1.2115087802039315
1796,4,-1.2189259191666975
1796,5,-0.4456748515696124
1796,6,-0.5129708107540415
1796,7,-0.4774760679782936
1796,8,-0.863004653334886
1796,9,0.48895928128336064
1796,10,-4.7605355829172247e-4
1796,11,-0.36285297115570325
1796,12,-1.1777792616542184
1797,1,0.06283885917807873
1797,2,0.6762153277738548
1797,3,-0.8928920053189131
1797,4,0.6871838164304794
1797,5,0.548393041942931
1797,6,-0.8802788841471758
1797,7,-0.05654273112975265
1797,8,0.4499171942815333
1797,9,0.5610023154259101
1797,10,0.09582840344123325
1797,11,-0.2020650222978759
1797,12,-0.19817023193409095
1798,1,-0.32359727466620725
1798,2,0.8416176388555386
1798,3,0.10998524218073982
1798,4,-0.17751327977842463
1798,5,-0.3649685728238202
1798,6,0.06387150004603384
1798,7,0.4370711721752539
1798,8,-0.8450042422568556
1798,9,-0.2516516257608528
1798,10,-1.0718342866751442
1798,11,-0.9991372926742295
1798,12,-1.7054596703621878
1799,1,-3.345931087538829
1799,2,0.16938671826613746
1799,3,-0.6415982265440044
1799,4,-0.28523137076156585
1799,5,-0.7223012159522383
1799,6,-1.077961139066861
1799,7,-1.0813917459171976
1799,8,-0.781905585824627
1799,9,-0.4052978818273343
1799,10,-0.33966434916373245
1799,11,-0.8702258383902892
1799,12,-1.794648322285844
1800,1,1.392970355945996
1800,2,-0.05286095542420932
1800,3,-2.3184352033652886
1800,4,2.1710154210614374
1800,5,0.8185548285718404
1800,6,-0.6772382424657775
1800,7,-0.2454250048360467
1800,8,-0.5339566852806525
1800,9,0.18438629129954964
1800,10,-0.03932757509113059
1800,11,0.4362945961314117
1800,12,-0.08588862329082542
1801,1,-0.22076311384649694
1801,2,0.16986862885998233
1801,3,1.3202721390805836
1801,4,0.5691155020253785
1801,5,0.09645862670370159
1801,6,-0.27249995093638285
1801,7,-0.6537414515407293
1801,8,-2.1716696050462536
1801,9,-0.17775384471658418
1801,10,0.47204460318350017
1801,11,0.9051299264450285
1801,12,0.667716509394197
1802,1,-0.900633931972838
1802,2,-0.1758546411066962
1802,3,-0.056934892647306654
1802,4,-0.23963746372578154
1802,5,-0.3930278623453664
1802,6,1.469257351028388
1802,7,-1.0368891453527396
1802,8,-0.06661698577525627
1802,9,-0.31887088878761716
1802,10,1.524883564850508
1802,11,1.0478538439048077
1802,12,0.9237757850667574
1803,1,-0.3812942560988779
1803,2,-2.3159185493146186
1803,3,-0.15423906987437813
1803,4,1.02981959051385
1803,5,-0.6524143313772403
1803,6,-0.5615653172780738
1803,7,-1.2282926269613461
1803,8,-1.7052541944737427
1803,9,-2.4403410775949563
1803,10,-0.3159654006224301
1803,11,0.34800419644676756
1803,12,-0.5816096057639129
1804,1,2.008388703869138
1804,2,-1.3149402459198574
1804,3,-0.5877688020367328
1804,4,0.3843096107306857
1804,5,0.3253925868732377
1804,6,0.3266537327869229
1804,7,-0.37124356337460374
1804,8,-0.2597509238191385
1804,9,0.359739110928574
1804,10,0.40460888256260863
1804,11,-0.8005197051595094
1804,12,-0.5188721379403156
1805,1,0.39560892290552635
1805,2,-0.7799606770361185
1805,3,-1.0076268895140228
1805,4,-1.265922743908788
1805,5,-1.292289360654158
1805,6,-0.6410361447506472
1805,7,-2.1974417218398217
1805,8,-1.350174390142922
1805,9,-1.0352523025143028
1805,10,-0.9504236417526829
1805,11,-2.448306858621988
1805,12,-0.9872007378260366
1806,1,0.4212444091155674
1806,2,0.8865625410237308
1806,3,0.16022139545747738
1806,4,-1.049948885641544
1806,5,0.22893611933897975
1806,6,-0.04688974179462324
1806,7,-0.7952715138243162
1806,8,-1.4858095067422021
1806,9,-0.5724828615966868
1806,10,-0.10555768928865628
1806,11,0.06827088931941311
1806,12,0.7023250323747278
1807,1,-0.23206057319653345
1807,2,0.038472376290573096
1807,3,-1.2836045672553327
1807,4,-0.8927123398062904
1807,5,1.0998111070269452
1807,6,-0.3108117221780654
1807,7,-0.8107772347506113
1807,8,0.5687814151960975
1807,9,0.2269655076950306
1807,10,1.362925958207367
1807,11,1.3475846864984709
1807,12,-0.734373592009101
1808,1,-0.4234569553489693
1808,2,-1.5559588749206021
1808,3,-2.9176199266487086
1808,4,-0.9704941374263694
1808,5,0.485575681613319
1808,6,-0.6990085861803088
1808,7,-0.03305658243489702
1808,8,-0.34427106810362956
1808,9,-0.1782185653662419
1808,10,-1.8870279075496128
1808,11,0.06365330726899585
1808,12,-2.004338494816694
1809,1,1.1695166066572165
1809,2,0.29117931138618564
1809,3,-0.36106239185818334
1809,4,-1.16325517415656
1809,5,-1.021478495255696
1809,6,-0.2666242356692913
1809,7,-0.49512069011819637
1809,8,-0.46809712665237213
1809,9,-0.9073099437534816
1809,10,-1.1389230267118937
1809,11,-0.8365585000901933
1809,12,0.22693231028636027
1810,1,-0.19199880099292016
1810,2,-0.23593809602880977
1810,3,1.1547944807277113
1810,4,-0.18652158515183023
1810,5,0.894098636600311
1810,6,-2.450049400079013
1810,7,-1.045553312472754
1810,8,-0.8763132063652725
1810,9,0.010601587690190525
1810,10,0.07978404015977987
1810,11,-0.5246457588239752
1810,12,0.8078497641132728
1811,1,-0.2922534254102009
1811,2,-0.017817932874891515
1811,3,0.25395910460836724
1811,4,0.5400507114433097
1811,5,0.647075441514381
1811,6,0.8671783305240586
1811,7,-0.367392451853506
1811,8,-0.7053517474089628
1811,9,-0.9510140231244257
1811,10,1.1991307398932345
1811,11,-0.1822311332644348
1811,12,-0.9139157394782329
1812,1,-1.4504766407272771
1812,2,0.899297228329736
1812,3,0.1791751760758281
1812,4,-1.4088468200523634
1812,5,-0.5837028690544399
1812,6,-0.2985142664365693
1812,7,-1.471080867944519
1812,8,-1.7709228317914536
1812,9,-2.425825939233403
1812,10,-0.19378481368644798
1812,11,-0.7380012808632668
1812,12,-1.929346513319202
1813,1,-1.22264071934767
1813,2,0.21556422167585418
1813,3,-0.6258217233401349
1813,4,0.09571424492082115
1813,5,-0.12672729894056245
1813,6,-1.7468910366950456
1813,7,-1.9131616064538575
1813,8,-2.342061607763597
1813,9,-1.8162736243515225
1813,10,0.3363954087624027
1813,11,-0.45870054289257367
1813,12,0.7905719843384762
1814,1,1.7142280931331866
1814,2,-2.681896648853669
1814,3,-0.1063633044367599
1814,4,0.3984252458316245
1814,5,-2.427110439195769
1814,6,-1.4306135362902583
1814,7,-1.0615058112935642
1814,8,-2.5621902231069256
1814,9,-3.9204313175482133
1814,10,-0.8715554841177906
1814,11,-0.005382006211049395
1814,12,1.029678872878338
1815,1,-0.7382871826711783
1815,2,0.7817795175724183
1815,3,0.9019813022137548
1815,4,0.22346404638455303
1815,5,-0.05858715664729737
1815,6,-1.235756997771349
1815,7,-2.0839876840852494
1815,8,-1.777077672669271
1815,9,-0.8335454585563781
1815,10,-0.29652367300528926
1815,11,-0.9629857013385942
1815,12,-1.80504786362938
1816,1,0.45989325932899466
1816,2,-0.7080616564492032
1816,3,-0.5637823826263173
1816,4,-0.31482935883199287
1816,5,-1.2589613276682348
1816,6,-2.1977147739520904
1816,7,-2.1419128212407754
1816,8,-2.619651435585794
1816,9,-1.8628586152221418
1816,10,-0.2696866323194482
1816,11,-0.27180213872420106
1816,12,-1.5651846094890711
1817,1,0.028979816605365874
1817,2,0.8649659118702526
1817,3,-0.03793207979621826
1817,4,-1.9547407742475431
1817,5,-0.6914397089401563
1817,6,-0.37979113891500527
1817,7,-1.5098495922448874
1817,8,-0.7458356931188181
1817,9,-0.5060288525509432
1817,10,-0.9613032236845495
1817,11,-0.3990267832270349
1817,12,0.3922891550573172
1818,1,-0.41549007986259046
1818,2,1.0208712715476744
1818,3,0.9651720579402392
1818,4,0.16900151695379087
1818,5,-0.9375528441753319
1818,6,-0.9845877224880933
1818,7,-0.5866976616645202
1818,8,-1.4184654055520358
1818,9,-1.0261405868025055
1818,10,-0.6395013922426631
1818,11,-0.22462198701774813
1818,12,-0.8124529211732021
1819,1,-1.1157555594620323
1819,2,0.46676012287181373
1819,3,0.7253598141551502
1819,4,0.8184096667966684
1819,5,-0.5644393674761077
1819,6,-0.47643257142663487
1819,7,-1.1054841790276082
1819,8,-1.5460587693382755
1819,9,-1.0623475303291565
1819,10,0.801356727076914
1819,11,1.1997514283584136
1819,12,0.44035057730652494
1820,1,-0.08425376561537037
1820,2,0.4261953560254803
1820,3,-0.453799081951182
1820,4,0.9103161365090375
1820,5,0.725648939557539
1820,6,-0.813009274692839
1820,7,-0.48776543722710775
1820,8,1.6291993388529633
1820,9,-0.24789380536576722
1820,10,0.47521728925874873
1820,11,-0.4744525403079749
1820,12,-0.46519863518931787
1821,1,1.067806566472446
1821,2,-1.3029608482830095
1821,3,0.031122668581055266
1821,4,0.591900908404611
1821,5,0.16349379744270237
1821,6,-2.3237085724742235
1821,7,-1.7294874332477845
1821,8,-1.2703301970865843
1821,9,-0.2679471191902888
1821,10,-0.5755470203005008
1821,11,0.5785980681448044
1821,12,1.13700724086731
1822,1,-0.9207158762266574
1822,2,0.3210442968835449
1822,3,2.0679174464372556
1822,4,0.39890154550081713
1822,5,0.7226788821162918
1822,6,1.4960560313596811
1822,7,0.07216545298976633
1822,8,-0.050022048257286705
1822,9,0.4928811612333356
1822,10,0.8277869593837202
1822,11,0.3337551984082347
1822,12,-0.8382054992983785
1823,1,-0.5473216532308205
1823,2,1.3891782603682703
1823,3,-0.49522691430288046
1823,4,-0.3305188958182814
1823,5,0.7726997838954672
1823,6,-0.940211119610324
1823,7,-1.4388317608906478
1823,8,-0.43394545941421314
1823,9,-0.17715476820438947
1823,10,0.3432812200133566
1823,11,-1.2863933843922069
1823,12,0.059780390059459274
1824,1,-0.24247327797753357
1824,2,1.0696125589829102
1824,3,-0.8882606458318014
1824,4,-0.6115961936370369
1824,5,0.09672594074319776
1824,6,-1.2031801991970372
1824,7,-0.9013807548273861
1824,8,0.10519146734023278
1824,9,0.5356510247007091
1824,10,0.5070249686258891
1824,11,0.4932997692568047
1824,12,0.8899511527095578
1825,1,-0.2816892277571128
1825,2,-0.5798232488814725
1825,3,-1.2714538246290088
1825,4,0.3375289599016752
1825,5,-0.5015309421791021
1825,6,-1.4978434079739533
1825,7,-1.808776828763115
1825,8,-1.5996605867090623
1825,9,-1.278719449440839
1825,10,-1.201041826942061
1825,11,0.8721902213611383
1825,12,2.7339041742973507
1826,1,-1.7172989715870624
1826,2,0.04703126143427111
1826,3,0.194472782767608
1826,4,-0.1281210423033296
1826,5,-1.8735906230392938
1826,6,-1.6086789184333532
1826,7,-0.9096128727462383
1826,8,-0.9889808102673948
1826,9,0.05895241796831152
1826,10,1.128486572729059
1826,11,-0.7979269216076663
1826,12,0.37229144723565577
1827,1,0.35441740926847554
1827,2,-0.41713366439038063
1827,3,0.29926504418873373
1827,4,0.03629050075698901
1827,5,0.22152152608975817
1827,6,-0.5498711230588167
1827,7,-0.33261655776710913
1827,8,-1.1060969717443312
1827,9,-1.9748225918376385
1827,10,1.0046200616454999
1827,11,-1.5796338314217524
1827,12,0.0775697543151073
1828,1,-0.6056883683801225
1828,2,-0.22196347220083124
1828,3,0.8539432722064209
1828,4,0.8396517486335423
1828,5,0.6565006519620213
1828,6,0.864661511094678
1828,7,0.41011699575178934
1828,8,-0.6531710213363532
1828,9,0.41965421349900783
1828,10,-0.5102167443736292
1828,11,-0.48008917973537724
1828,12,-0.3727502068122321
1829,1,0.5553003591467084
1829,2,-1.9198227865129833
1829,3,0.1595004103261321
1829,4,0.857834695810437
1829,5,-0.8097230808145397
1829,6,-1.8005809136617779
1829,7,-1.0664115784896988
1829,8,-2.24551232761951
1829,9,-0.15330504038069925
1829,10,-0.9541434225490811
1829,11,-1.9896777510283004
1829,12,-2.618411330082305
1830,1,-2.8614639436603873
1830,2,-1.5663589338816242
1830,3,-0.45478233170120275
1830,4,1.3745434690213094
1830,5,0.9771998062622298
1830,6,0.3493233506187403
1830,7,0.10665625130666818
1830,8,0.5247592404167235
1830,9,-0.5656360515250984
1830,10,-1.169371023811413
1830,11,0.10468713396994489
1830,12,1.1622020057747098
1831,1,0.0030204113220963173
1831,2,0.12311888906598312
1831,3,0.2966831543860733
1831,4,0.56364410351419
1831,5,-0.19398224414243856
1831,6,-0.7442375376244337
1831,7,-1.1216937955648483
1831,8,-1.4285851474007973
1831,9,-1.7603929010608725
1831,10,0.29494800284040107
1831,11,-0.33999580381672956
1831,12,0.20405220379955127
1832,1,-0.10404231179308218
1832,2,0.4994846439426497
1832,3,0.2459751423523783
1832,4,-0.7516958064250606
1832,5,-1.2125048601573325
1832,6,-2.063228860325254
1832,7,-1.7354247068992088
1832,8,-0.9584167608599774
1832,9,-1.5657736551768617
1832,10,-0.5019479228889621
1832,11,-1.166403845133985
1832,12,-1.6650461110744845
1833,1,-1.589096041759589
1833,2,1.5543880893196176
1833,3,-0.44079300547272926
1833,4,-0.43834758666929163
1833,5,1.2789076909208634
1833,6,0.41643322573246366
1833,7,-2.4519696269183875
1833,8,-2.022101953497013
1833,9,-1.8750500678991857
1833,10,-0.5609132982197105
1833,11,-0.058095557327614115
1833,12,1.0424391756237756
1834,1,1.8949990063217843
1834,2,0.2556420593299936
1834,3,-0.41781456696558517
1834,4,-0.6755797552381724
1834,5,0.8970802664411327
1834,6,0.7108658110543804
1834,7,0.7443416031350069
1834,8,-0.4036033176390818
1834,9,1.1714895531359424
1834,10,-0.46840815089751864
1834,11,0.2155205558518818
1834,12,-0.9620501085594213
1835,1,0.2850485735439928
1835,2,0.7111772911069589
1835,3,-0.20635691059677175
1835,4,-1.3864888717827268
1835,5,-0.5060224696190724
1835,6,-0.6342989011546357
1835,7,-0.6777987829393928
1835,8,-1.8672022313989847
1835,9,-1.99341916545061
1835,10,-1.0144828958045846
1835,11,-3.003264568110681
1835,12,-2.4114390149819624
1836,1,-1.861462838336529
1836,2,0.0347157175916763
1836,3,1.9940185978230842
1836,4,-0.5061623003827231
1836,5,-1.8157239493264403
1836,6,0.17960336528605572
1836,7,-0.06699462952338389
1836,8,-0.9116969406433464
1836,9,-0.04838291790811291
1836,10,-0.16020162568599225
1836,11,-0.901443841448889
1836,12,1.0578408509336013
1837,1,0.5928466470644019
1837,2,-0.3395525173192176
1837,3,-1.0887884732852335
1837,4,-0.4241792441595585
1837,5,-2.150327150055573
1837,6,-0.419659208544353
1837,7,-1.422081849288956
1837,8,0.11086899875472818
1837,9,-2.1313490431645588
1837,10,-2.082835079432427
1837,11,-1.1388383379099982
1837,12,-0.8357235728187844
1838,1,-0.7963223799088276
1838,2,-0.37100531719019225
1838,3,-0.2357904279980787
1838,4,-1.1931588576335144
1838,5,-0.22342485213017665
1838,6,-0.026152302010689785
1838,7,-1.5030994594952476
1838,8,-1.5881660781029039
1838,9,-0.5111684810987596
1838,10,-1.0935874061853226
1838,11,1.0862120120954715
1838,12,-0.9263601550049919
1839,1,-0.3823983204027808
1839,2,-0.49728294413439067
1839,3,-0.9478965947011297
1839,4,-0.9152017765796472
1839,5,-0.6887026334694035
1839,6,1.0019471472976365
1839,7,-0.19654977859332284
1839,8,-0.7471537034622162
1839,9,-0.3825042776369537
1839,10,1.0828235829690647
1839,11,1.6867195274044409
1839,12,1.3593509697853532
1840,1,-0.33900964433400543
1840,2,-0.2918476499281253
1840,3,-2.4939994412439725
1840,4,-0.9606083293826488
1840,5,-0.4039970243720083
1840,6,0.2968718774445946
1840,7,-1.2251351813386737
1840,8,-1.4400995267349566
1840,9,-0.28726303176271656
1840,10,-1.20013507923887
1840,11,1.1386647090873836
1840,12,-1.5153401779473892
1841,1,0.09385805581319571
1841,2,0.3580655120740826
1841,3,0.24151105907538717
1841,4,0.7186525796319256
1841,5,1.6967038086259971
1841,6,-0.24302407948536964
1841,7,0.42687731103506554
1841,8,-0.9001506531949998
1841,9,-0.3065589579995015
1841,10,1.7098812658026936
1841,11,0.04060953712345062
1841,12,1.2026737187227519
1842,1,-1.3917126328077283
1842,2,-2.258046636791294
1842,3,0.40069759375863245
1842,4,-1.1504360433075453
1842,5,-0.7831152997081123
1842,6,0.06500943111304186
1842,7,-1.0095536243804384
1842,8,-1.7074103421425186
1842,9,-1.5431314631902355
1842,10,-1.3020623341822894
1842,11,-0.1330661944456797
1842,12,0.602774100079044
1843,1,0.24081222326220342
1843,2,2.583557142667964
1843,3,-0.21494578000639672
1843,4,0.31690099909475505
1843,5,-0.9802959138668657
1843,6,-1.5222169805714982
1843,7,-2.169466480028989
1843,8,-1.193582476828516
1843,9,-1.091283617998307
1843,10,0.07592918258558178
1843,11,-0.6357151296256933
1843,12,0.2765841323844745
1844,1,-0.9974802264562381
1844,2,-0.12487248103408546
1844,3,-0.6603058340129371
1844,4,-0.2655613896550816
1844,5,-0.9609424532041879
1844,6,0.12263408631422365
1844,7,-1.1582414228388915
1844,8,-1.9301947500531735
1844,9,0.8624311086327301
1844,10,1.2880472997167467
1844,11,0.8357927760182335
1844,12,-0.689931284673147
1845,1,2.113696103499966
1845,2,-1.1241386505451396
1845,3,-0.6822592596167543
1845,4,0.048541331388772445
1845,5,-1.5952820711011229
1845,6,-0.39940041787811764
1845,7,0.20874391284233862
1845,8,-1.8656953446464044
1845,9,-0.5372401189451359
1845,10,-0.18810169624765202
1845,11,0.6606327191834376
1845,12,1.071063408375376
1846,1,1.0295733303425028
1846,2,1.1728721153721828
1846,3,1.7553433932455922
1846,4,0.8287938593042952
1846,5,0.3101876673471965
1846,6,0.6116838311529869
1846,7,0.5990911857614435
1846,8,-0.10392028426724609
1846,9,-0.20748469272084788
1846,10,0.3485582585600371
1846,11,-0.718110325798604
1846,12,-0.19470791045735542
1847,1,0.03671140467904245
1847,2,-0.7439254841676886
1847,3,-1.0921018924617378
1847,4,-0.1596196716147784
1847,5,1.426617012180601
1847,6,-1.3482185470553263
1847,7,-0.9994557811641649
1847,8,-1.1161236052741672
1847,9,-1.09266416004194
1847,10,-0.5024542222898255
1847,11,-1.3501263887354953
1847,12,-0.521770557820724
1848,1,-1.9470265057879967
1848,2,-0.2534726268326421
1848,3,0.5753805790447312
1848,4,0.601367589936663
1848,5,-0.8646590890915595
1848,6,1.1414535605669793
1848,7,-0.6822567405262896
1848,8,-0.4267410587168077
1848,9,-0.32908032638395446
1848,10,0.862852386612899
1848,11,-1.1113174828259025
1848,12,-0.7654814991116992
1849,1,-0.8020317723875974
1849,2,0.6124346149549855
1849,3,-0.5659903548850056
1849,4,-0.37387580223567474
1849,5,-0.23382997941545758
1849,6,1.6531843797289056
1849,7,-0.6861697396953804
1849,8,-0.9666650280238602
1849,9,0.3682299323742917
1849,10,0.4623267886701198
1849,11,-0.2602814698601562
1849,12,-1.6709506913568202
1850,1,-2.490611969022218
1850,2,0.26834963712924476
1850,3,-1.2197451876921492
1850,4,-0.4064176718212107
1850,5,-1.541036639822941
1850,6,-1.1420207269945921
1850,7,-0.8450947039695778
1850,8,-0.2503163219497704
1850,9,-1.5965498140077128
1850,10,-1.1403648474369983
1850,11,0.11991152857550053
1850,12,0.44340414188458166
1851,1,-0.3447805706269783
1851,2,-0.19122099716088772
1851,3,0.06926575452203705
1851,4,-0.17562329869906645
1851,5,-1.4104807481892456
1851,6,-1.16389621430519
1851,7,-1.0195967269765953
1851,8,-1.8161552889160886
1851,9,-1.7458270129036186
1851,10,0.10948801415134583
1851,11,-0.6362624051196778
1851,12,-1.670281865625787
1852,1,0.8692081670010545
1852,2,0.09926565347143598
1852,3,-1.3863706142196772
1852,4,-1.5335341862148093
1852,5,-0.5806421916448157
1852,6,-0.3673206338048955
1852,7,-0.5602578634902868
1852,8,-1.1723193618431513
1852,9,0.17530375448346838
1852,10,-0.39058529601289
1852,11,1.8433743583852946
1852,12,1.082522862897588
1853,1,2.1480463836925177
1853,2,-0.22282271926359384
1853,3,-1.2536707065386943
1853,4,-1.3142884057355535
1853,5,-0.5050299055128522
1853,6,-1.4944021696115226
1853,7,1.0713817725396007
1853,8,0.050936647721334855
1853,9,0.04474896542284096
1853,10,0.2075468131043448
1853,11,0.09197854082982486
1853,12,-1.1805032549975858
1854,1,0.7805797622437871
1854,2,-1.3352367789445263
1854,3,-1.0935856096689918
1854,4,-0.2956062121684015
1854,5,-0.37886291182597553
1854,6,-1.017166780115144
1854,7,-0.29805452691636825
1854,8,-0.6410222818605771
1854,9,-0.7909049674576114
1854,10,-0.8240072816116534
1854,11,-0.8465501493586041
1854,12,-0.2415417089729915
1855,1,-0.8277951995048978
1855,2,1.2190317768929555
1855,3,0.5433587654306823
1855,4,-0.4915554819361672
1855,5,-0.5075251136496921
1855,6,-0.8003569295548711
1855,7,-0.30898079237546605
1855,8,-0.5430287837873647
1855,9,-0.43968116806851165
1855,10,1.570001144419545
1855,11,0.6927119694755896
1855,12,-1.537417003295317
1856,1,2.262534944596275
1856,2,0.9291309751234378
1856,3,-0.5093602589919822
1856,4,0.7570842172409078
1856,5,-0.6727937036141874
1856,6,-0.13114016663155928
1856,7,-1.2788859202994467
1856,8,-0.5242760746873079
1856,9,-1.049787397406153
1856,10,-0.6125183721918184
1856,11,-2.4887230621140244
1856,12,-0.6149726713259662
1857,1,-0.16885962394293166
1857,2,-1.531535813044556
1857,3,-0.7808146325001866
1857,4,-0.25830479709471943
1857,5,-0.8280115341393602
1857,6,-1.2713774270776437
1857,7,-0.6198972358593331
1857,8,-1.456732386310974
1857,9,-0.8084033575016493
1857,10,0.7811334668753025
1857,11,0.23112117745920022
1857,12,-0.9021063684553331
1858,1,-2.4414559144220416
1858,2,-3.1532579571816366
1858,3,-0.9394557624566587
1858,4,0.9295255680864802
1858,5,-0.40169483567458697
1858,6,0.020748050576369553
1858,7,-0.9015318376210677
1858,8,-1.5261473930978624
1858,9,-0.37089363805459297
1858,10,1.2394728425019497
1858,11,-0.8330360435767519
1858,12,-0.8732930795123812
1859,1,-2.2428810460571693
1859,2,-0.22844978174878816
1859,3,0.39825151578612916
1859,4,0.39735366422831214
1859,5,-0.29113879780301233
1859,6,-1.0993328324439968
1859,7,0.11207099862362319
1859,8,-0.10442888004332829
1859,9,-1.0165033963724062
1859,10,1.8429765433215353
1859,11,0.3041770512978599
1859,12,-1.72248657448775
1860,1,0.4466612205385979
1860,2,-1.6658874877903052
1860,3,-1.5662584561684962
1860,4,-0.1731116978371331
1860,5,0.43330372178337195
1860,6,0.2751588914547987
1860,7,-2.168227753720417
1860,8,-0.9791057206190473
1860,9,0.7857354820131945
1860,10,-0.46276394531554244
1860,11,-0.6312480516205591
1860,12,0.2833597609238621
1861,1,-1.2861448490606315
1861,2,1.2702037807311342
1861,3,0.13089605008135635
1861,4,-0.19638481311672146
1861,5,-0.758189359960526
1861,6,-0.2443350606265937
1861,7,-0.044272627890676874
1861,8,0.35372237126079153
1861,9,-0.14010134053635584
1861,10,-0.3192397101459188
1861,11,1.1882536608243914
1861,12,-1.0910809884935921
1862,1,-0.7184340285101823
1862,2,0.00932090960812168
1862,3,1.465067283452135
1862,4,0.23496655653682036
1862,5,0.6208518914854102
1862,6,0.24321028713878712
1862,7,-0.4124803291974905
1862,8,-0.7838615709326744
1862,9,-0.07315351483163311
1862,10,1.4505537993574928
1862,11,0.4253595616299013
1862,12,-0.9924774354750864
1863,1,1.7955807293973685
1863,2,0.4660057829655547
1863,3,1.1646946014004014
1863,4,0.457050682660469
1863,5,0.7202797699860211
1863,6,0.061028537392597185
1863,7,-0.6463021770215156
1863,8,-0.1886075321852989
1863,9,0.03754258063567453
1863,10,0.32965009398157036
1863,11,0.48541480489273237
1863,12,-0.5767177873053029
1864,1,-3.2782677883936246
1864,2,-0.24458689510571568
1864,3,0.9027441236947646
1864,4,-1.6544622728245213
1864,5,-1.3291739405212852
1864,6,-0.4751995746378772
1864,7,-0.8559821199410999
1864,8,-1.8627268782695077
1864,9,-1.4496912130287547
1864,10,-1.4146099720892455
1864,11,0.5456172903383829
1864,12,-0.0372338697813458
1865,1,0.6069988146592933
1865,2,-1.5488477642308291
1865,3,-2.1144282551705693
1865,4,0.1484901952343325
1865,5,1.1250870077207544
1865,6,-0.5863018156562538
1865,7,-0.13493201394418033
1865,8,-0.5005401817496644
1865,9,0.0646790802340476
1865,10,0.36811426916971346
1865,11,0.4756521909947292
1865,12,-0.5369613098270218
1866,1,0.17137219555378627
1866,2,1.9094513351977147
1866,3,0.9945147240862664
1866,4,0.3372401946041167
1866,5,-1.434632869393412
1866,6,0.14386481261626788
1866,7,-0.8050051931773794
1866,8,-2.3841952856944855
1866,9,-0.12398210111047735
1866,10,-0.8853627639583157
1866,11,-0.46975194433321527
1866,12,-0.016699871729028565
1867,1,1.7985923631692526
1867,2,1.3279272129968258
1867,3,1.2440123482278185
1867,4,0.9081489066998564
1867,5,1.1914159290996593
1867,6,0.3916781807401214
1867,7,-0.6778426731935772
1867,8,-0.2202844400309548
1867,9,0.694647071933763
1867,10,-0.9471502814329029
1867,11,-1.9693931535890483
1867,12,-2.123690732552569
1868,1,-1.2721043004423942
1868,2,-0.724318655737312
1868,3,-1.3784817516340806
1868,4,-0.714605684798693
1868,5,2.14717622963289
1868,6,0.28064936380511657
1868,7,-1.3762418544481134
1868,8,-0.5906554745391375
1868,9,-0.17718480428657302
1868,10,0.666265675568729
1868,11,-0.9634540937904714
1868,12,2.0405171684955117
1869,1,-2.0868516505694017
1869,2,1.5097436883768265
1869,3,-1.6779593513449456
1869,4,-0.11843933261200823
1869,5,2.0356901149549538
1869,6,-0.40581118002067723
1869,7,-0.7722183051993682
1869,8,-1.5615504794957857
1869,9,-0.651861149084396
1869,10,-1.4226604840895516
1869,11,-0.7797773784736592
1869,12,0.650627330461256
1870,1,-1.2375534197944547
1870,2,-0.911475377548893
1870,3,-1.3277383528150848
1870,4,-1.5777176736094
1870,5,1.44370004528944
1870,6,0.5055272280813095
1870,7,-0.12682247033225097
1870,8,-1.7255443273219742
1870,9,-1.724891961158797
1870,10,-1.08022491926014
1870,11,1.1604687192657002
1870,12,-0.5921192971538628
1871,1,-0.8669244128039433
1871,2,-0.8917227720419255
1871,3,-0.300905507159546
1871,4,0.16129212471545923
1871,5,-0.27848380388593885
1871,6,-1.5842482009150767
1871,7,-0.006852597881207026
1871,8,-1.083374617065992
1871,9,0.250135513415429
1871,10,-0.9476410219072474
1871,11,0.18706034227037727
1871,12,-3.4409752035073087
1872,1,0.09641080288684374
1872,2,0.3423994572939587
1872,3,1.312223500752454
1872,4,0.7286737237481726
1872,5,0.7700778163591048
1872,6,-0.9961110844942235
1872,7,-0.3941035831658402
1872,8,-1.2505203214546987
1872,9,0.4371636759560178
1872,10,1.5131565167058905
1872,11,0.8168968114351742
1872,12,2.2233958102486646
1873,1,1.4432147107192428
1873,2,-0.2736263533702093
1873,3,1.6509769371983083
1873,4,-0.24858736908028106
1873,5,-1.0217203754432127
1873,6,-1.2150495947113444
1873,7,0.5431394606833654
1873,8,0.41024184304603795
1873,9,-0.7168859676393171
1873,10,1.0345725594810833
1873,11,0.22226707544578866
1873,12,-1.285589322903418
1874,1,-1.1605253182122017
1874,2,-1.9764532742117842
1874,3,-2.2815041441020236
1874,4,0.07433523604832434
1874,5,-2.529001802222387
1874,6,1.0062833480661884
1874,7,0.033247240086237403
1874,8,-1.7627762968983811
1874,9,0.36371291841407055
1874,10,0.4811661778035865
1874,11,-1.5427561777099363
1874,12,0.57963070642708
1875,1,-0.26289268942476784
1875,2,-2.520173333947497
1875,3,-3.2117433700705655
1875,4,-1.7566266449664742
1875,5,1.5004960810294894
1875,6,1.0945562656816556
1875,7,-0.7248748196570292
1875,8,-0.4376040980106143
1875,9,-1.0357128264373905
1875,10,-1.020355063328803
1875,11,-0.9595497578474417
1875,12,-2.407046579935576
1876,1,-0.9222506223171886
1876,2,0.2024644589820922
1876,3,0.8532097746477976
1876,4,0.644223110166666
1876,5,-0.7930977146282135
1876,6,-0.6493702781260243
1876,7,-0.9671663467267427
1876,8,-0.8260027939869553
1876,9,-0.5806772432630345
1876,10,0.6265662341512128
1876,11,-1.9865098190401567
1876,12,2.176295608722746
1877,1,0.9684009385128777
1877,2,-0.04445102653250463
1877,3,-1.0499153258087286
1877,4,0.24489377131437776
1877,5,-0.7535024534472627
1877,6,0.6962012257018562
1877,7,-0.2837727467189303
1877,8,0.6656398943555739
1877,9,-0.2762127937519282
1877,10,-2.8208010628780973
1877,11,0.3908661760775833
1877,12,-0.8695121922247534
1878,1,-1.6392761665780906
1878,2,-0.7537918649325688
1878,3,-0.7371346094451761
1878,4,0.31686673008190114
1878,5,1.1038387553806328
1878,6,0.5837572183080169
1878,7,-1.1411002260759162
1878,8,-0.08549441049182774
1878,9,0.051634763921444685
1878,10,1.1963114354679778
1878,11,0.8720257148632986
1878,12,-0.7241895778317078
1879,1,0.4669881023701462
1879,2,2.1085109216755886
1879,3,-0.0668187742570875
1879,4,-0.07833982785994949
1879,5,-2.2155925404801375
1879,6,0.8855853673391483
1879,7,-1.2637881080059397
1879,8,0.3793404553908475
1879,9,0.3907765391603034
1879,10,-1.2404977406792848
1879,11,-1.607841482485817
1879,12,-4.391820777586788
1880,1,-3.0423239343792403
1880,2,-0.3631335918618128
1880,3,-1.0288827518950636
1880,4,0.7958873149483408
1880,5,-0.6288277676951829
1880,6,-0.29973470682914827
1880,7,0.28072705259489905
1880,8,-1.9830088009685705
1880,9,-0.7195316238509506
1880,10,0.7767679807342394
1880,11,1.1906033973398684
1880,12,0.9639916631115429
1881,1,0.7805934739187017
1881,2,-0.30266141831287197
1881,3,0.5721950479872626
1881,4,1.0640906787900706
1881,5,-0.8899411734085851
1881,6,-1.217559376284339
1881,7,0.22260086396159537
1881,8,0.5168687615922982
1881,9,-1.172077482755316
1881,10,-1.0528414971951832
1881,11,-1.2607864972111036
1881,12,-0.5103557559337359
1882,1,0.6773973800517279
1882,2,-0.7710167972594499
1882,3,1.9089568488353807
1882,4,-0.24015330305789662
1882,5,0.08151896627681256
1882,6,-0.36466383738425845
1882,7,-1.2948516732463133
1882,8,-1.794243473298726
1882,9,-0.8957807570280303
1882,10,0.5216808739096263
1882,11,0.5953720481730345
1882,12,0.937008703651119
1883,1,-0.24715913638352222
1883,2,0.1963381269212553
1883,3,-2.3015790731256525
1883,4,-1.4937269523582637
1883,5,-0.6777291269761272
1883,6,-0.7735394882742554
1883,7,-0.6987622343857994
1883,8,-1.1410674385166844
1883,9,-0.9988096503392071
1883,10,-0.943068804595756
1883,11,-0.06692877271296577
1883,12,-2.110128134882915
1884,1,-0.7363761196784504
1884,2,0.4004883297095652
1884,3,0.3711812864130212
1884,4,0.2653276188455789
1884,5,0.9516929986239453
1884,6,-3.5664998105609493
1884,7,-1.1983470924384427
1884,8,-2.3158817340290305
1884,9,-1.3960762461737888
1884,10,-1.7955944422280596
1884,11,-3.032834395568622
1884,12,-0.2062760473979306
1885,1,-0.9948264362964607
1885,2,1.1601419572012772
1885,3,0.4864186749168883
1885,4,0.123481051741278
1885,5,-0.23750787678581795
1885,6,-0.6265268985103678
1885,7,-0.560238832419123
1885,8,0.021277430511536966
1885,9,-0.4513731684266835
1885,10,-0.25086977689404
1885,11,0.19957343857535867
1885,12,-1.8997820313665588
1886,1,0.06458861988737141
1886,2,-0.41804619667576576
1886,3,-1.6834751049847396
1886,4,-0.032373917438417055
1886,5,-0.48324246823587735
1886,6,-0.6808143600200818
1886,7,-1.0129286441874479
1886,8,-1.7393058135959034
1886,9,0.45513224491060866
1886,10,0.9784705087738454
1886,11,0.4539809166535065
1886,12,0.6819708324847344
1887,1,-0.4001174420620123
1887,2,-1.5543428113175581
1887,3,0.4391810737425855
1887,4,-0.9350888595053737
1887,5,-0.6654834161281771
1887,6,-0.19569967318248677
1887,7,0.3903093697380349
1887,8,-0.34613272969180026
1887,9,0.33664963293617345
1887,10,-2.244220417191244
1887,11,0.08831855365070873
1887,12,-0.8644830459667698
1888,1,-3.0374931045596973
1888,2,-1.714266583818121
1888,3,0.04304491796073055
1888,4,0.014285224581924943
1888,5,0.0013348185472247323
1888,6,0.8685693266994867
1888,7,-0.7815292573258565
1888,8,-2.3486997439582176
1888,9,0.4377573455469394
1888,10,-1.4653964152158494
1888,11,-1.1798673023430175
1888,12,-0.2947902106658359
1889,1,-1.5066997355416352
1889,2,-1.2538943788741739
1889,3,-1.5997178221345765
1889,4,-0.5109769646659377
1889,5,0.5689894198011862
1889,6,0.5643225130815183
1889,7,-0.7154866366572354
1889,8,-0.5495414951854319
1889,9,-1.6476284871871005
1889,10,0.6745725887347047
1889,11,-1.2154568021765606
1889,12,-2.4017117959004253
1890,1,1.09700136950494
1890,2,-1.4506929333180745
1890,3,-0.7815464108369754
1890,4,-0.11441691228683618
1890,5,-0.2021263799888099
1890,6,-0.6581185924008096
1890,7,-0.5320259463125039
1890,8,0.3067974693369026
1890,9,-2.058919529306151
1890,10,-1.5241587763669233
1890,11,-1.086589931309672
1890,12,-1.7112345761306689
1891,1,-2.876535743811453
1891,2,-2.905909135764836
1891,3,-0.483951791405198
1891,4,-1.2987044359455475
1891,5,-0.0471438767284037
1891,6,-0.5700223896025798
1891,7,-0.020323760788601444
1891,8,-0.33619757801929584
1891,9,-0.0674312411026859
1891,10,0.7236329701139099
1891,11,0.4327667611624572
1891,12,0.020449000935387728
1892,1,0.38484188845306266
1892,2,1.0002747582063725
1892,3,-1.2580359079254892
1892,4,0.15551258442700253
1892,5,-0.1399753124664332
1892,6,0.33319820437530384
1892,7,-0.5593892319372802
1892,8,-0.5981220645498151
1892,9,-0.25165502046458876
1892,10,0.7104783210116633
1892,11,-0.5894316054941799
1892,12,-1.4118263014605383
1893,1,-3.9267736310888646
1893,2,-0.6691581131346045
1893,3,-0.3754227878995511
1893,4,-0.1535909307836085
1893,5,-0.6736812660886978
1893,6,-0.5545666395519813
1893,7,-0.7786712423524638
1893,8,-0.9053909573533937
1893,9,0.599601723767431
1893,10,0.46225035613428783
1893,11,1.206750246251341
1893,12,-0.19615469442560438
1894,1,-1.425006175780518
1894,2,-0.4669862721528394
1894,3,-0.8951884784124087
1894,4,0.550720834078196
1894,5,-0.3217328747474172
1894,6,-0.5378760755778902
1894,7,0.08184566518383381
1894,8,-0.8684789293451015
1894,9,0.03976282132754708
1894,10,0.8019600734294817
1894,11,0.1602564304541761
1894,12,-1.5157714776662745
1895,1,-0.22691865771586822
1895,2,-1.981216800909103
1895,3,-1.0249067456995826
1895,4,0.7042535499506013
1895,5,-0.71283474398900315
1895,6,-0.2614241784473208
1895,7,0.1335208889095627
1895,8,-1.0014112519724683
1895,9,0.7814228204835815
1895,10,0.565107824136575
1895,11,1.0594033581376594
1895,12,0.028324356187432724
1896,1,-2.204974832029375
1896,2,-0.4100080482442937
1896,3,0.688613497502931
1896,4,-2.306943907672906
1896,5,-1.70002762624887
1896,6,-0.3923797081003764
1896,7,-0.29743676441133393
1896,8,-2.0061737488616025
1896,9,-0.6115029376419041
1896,10,0.5804357757209052
1896,11,-0.25865273799474753
1896,12,0.5329013532371417
1897,1,0.5307433234335486
1897,2,1.3492659498596746
1897,3,1.0185340388239617
1897,4,0.7002469984806947
1897,5,-1.2412667400529622
1897,6,9.23191309970782e-5
1897,7,0.4318366253606892
1897,8,-0.013542087024945595
1897,9,0.2281439244012448
1897,10,-1.657465921938181
1897,11,-1.9494956091685673
1897,12,-1.100335097431819
1898,1,1.3356826757989828
1898,2,0.061246653370471575
1898,3,0.36372478403055397
1898,4,0.4790312102726044
1898,5,-0.35709651477538773
1898,6,0.14426078636924128
1898,7,-1.2945252973693084
1898,8,-0.924357511847953
1898,9,0.005079266615171087
1898,10,0.8183063712216654
1898,11,2.654236252838058
1898,12,0.02098667963821947
1899,1,1.3269034575483845
1899,2,1.1130333562813999
1899,3,0.5221328521924513
1899,4,0.23576591192298763
1899,5,0.03231040036776973
1899,6,-1.0471984799511738
1899,7,-1.3908148206440396
1899,8,-0.7119585944310167
1899,9,-0.37967897921803495
1899,10,-0.21219144011160784
1899,11,0.14072277676884554
1899,12,-1.3365024158001182
1900,1,0.911982863674011
1900,2,1.8452737577384282
1900,3,-1.334046260989122
1900,4,-1.128060166209591
1900,5,-0.670708169950407
1900,6,0.17973041219839875
1900,7,-0.8293208549077441
1900,8,-1.2948591985581572
1900,9,0.4682906871610271
1900,10,1.960349700609759
1900,11,1.420080553963871
1900,12,0.47028806206986784
1901,1,-1.5656124760820593
1901,2,-2.0342424121288336
1901,3,0.30216087917173906
1901,4,0.2577738927089965
1901,5,-1.0187440625858337
1901,6,-0.06907503089864732
1901,7,-0.14276673499140036
1901,8,-1.3129828868708073
1901,9,-0.220900423860812
1901,10,0.08971988157615535
1901,11,-0.7309947955103289
1901,12,1.1280849201728465
1902,1,0.535720011208286
1902,2,2.028536035262976
1902,3,0.03970244030765438
1902,4,0.9711715575064492
1902,5,-2.4287019075865452
1902,6,-1.3098677617806744
1902,7,0.4485159523499539
1902,8,0.03544877337870818
1902,9,0.17420298235046958
1902,10,0.1514590910058512
1902,11,-1.2134464221046088
1902,12,-1.273416375438617
1903,1,-0.031120930583497
1903,2,0.4205954451281016
1903,3,0.03035349579750239
1903,4,-1.6351991375208055
1903,5,-0.3743241831774307
1903,6,-1.8212706999312562
1903,7,-1.4194794844677991
1903,8,0.31123800822229425
1903,9,0.12231896058717276
1903,10,0.2850890217143066
1903,11,-0.3848026646597052
1903,12,0.9054619682903666
1904,1,0.13323182980944517
1904,2,1.4566176694129014
1904,3,0.37935835894343306
1904,4,0.4044436011151886
1904,5,0.7914926195018672
1904,6,1.2939803930793117
1904,7,1.187035647219973
1904,8,-0.2617735225158091
1904,9,-1.7048085154108397
1904,10,-0.9477955623595592
1904,11,-2.4439838082347887
1904,12,-1.1420147444136948
1905,1,-3.432810250469082
1905,2,-2.278660339022261
1905,3,-0.0552772520531817
1905,4,0.12490748007435032
1905,5,-0.6663038417937435
1905,6,-0.5331594907866571
1905,7,0.7283968362228612
1905,8,0.009062828550888987
1905,9,1.0534157301926086
1905,10,-2.857399375735917
1905,11,0.6781195592515887
1905,12,-0.8684807214969295
1906,1,-0.42884748946038165
1906,2,-1.2087142386251104
1906,3,-0.32887107724144116
1906,4,-0.4219944456907469
1906,5,-0.6367921707920898
1906,6,-1.0816107584943662
1906,7,-0.7760021604269484
1906,8,-0.3851841133099273
1906,9,-1.7675488127302823
1906,10,-0.9013573883565773
1906,11,0.9840582797896029
1906,12,-1.1422079414810788
1907,1,-2.0430563863337134
1907,2,-2.0897455702119463
1907,3,-3.063057528932381
1907,4,-2.037151984347549
1907,5,0.5683829637919757
1907,6,-0.28420455716121473
1907,7,-1.3561244516425384
1907,8,0.31694933771445166
1907,9,0.11582490220526964
1907,10,2.0279177404441713
1907,11,0.3361707052075332
1907,12,0.9999906578197855
1908,1,-0.6260682727018723
1908,2,-0.10397090723411209
1908,3,-0.9973319680244397
1908,4,-1.7367616527575813
1908,5,1.929243316280147
1908,6,0.7046141222032913
1908,7,-1.166364472894961
1908,8,-1.02148733153495
1908,9,-1.0162261486971058
1908,10,-0.3770678245709501
1908,11,-1.5562538206778096
1908,12,-1.2653473289347534
1909,1,-1.7869897030099005
1909,2,-2.6759062227118786
1909,3,-0.6780286790803749
1909,4,0.6212730046273602
1909,5,-0.6231780291886533
1909,6,-0.8805073549514381
1909,7,-1.5669437449237782
1909,8,-0.8940057796539629
1909,9,-0.7715624404148791
1909,10,0.3059314139258332
1909,11,-1.3138969289930191
1909,12,1.7028349383487607
1910,1,0.17420737548072912
1910,2,0.43106843841642073
1910,3,-0.35743777867462123
1910,4,-0.39517727864880836
1910,5,-1.2720249602455072
1910,6,-0.7503010959722726
1910,7,-1.937581152261517
1910,8,-0.9813552770744272
1910,9,-2.2333064343211237
1910,10,-0.21493654855529015
1910,11,-0.9040447779535679
1910,12,1.4395003290606188
1911,1,-1.4428027401824877
1911,2,-2.1268925989721352
1911,3,-0.44014371870291313
1911,4,-1.058305634969629
1911,5,-1.3157779437742603
1911,6,-0.44999140449051983
1911,7,-0.525136500105176
1911,8,0.5233664852764126
1911,9,0.28637128281086216
1911,10,0.3649500592237301
1911,11,1.8712623091697065
1911,12,0.8474662839539094
1912,1,-0.058191462807454984
1912,2,2.327003884939016
1912,3,1.4520092412075711
1912,4,-1.3665781499076393
1912,5,-0.21353785107246295
1912,6,-0.586585241288079
1912,7,-0.6812951615595491
1912,8,-1.4785136093447684
1912,9,-3.346084818083554
1912,10,-1.4209733871710055
1912,11,-2.4541578250410874
1912,12,-0.033723294909321355
1913,1,0.9005197094243108
1913,2,-1.2171869636270407
1913,3,1.0362642606563233
1913,4,-0.15341041791320487
1913,5,-0.5999161282038386
1913,6,-0.09197449049597135
1913,7,-2.8452154725280696
1913,8,-1.8266541071752602
1913,9,0.2796282831809725
1913,10,0.5924712390372152
1913,11,1.0546301488578282
1913,12,-0.043945040141399785
1914,1,-2.4417972402777415
1914,2,0.9397254935568825
1914,3,0.968014366081938
1914,4,0.9382692362073195
1914,5,-0.15597634173585717
1914,6,-1.8955466699361856
1914,7,-2.0078336295676316
1914,8,-1.3697703474954703
1914,9,-1.6197485896638004
1914,10,-1.4817148823835087
1914,11,-0.9999871900022468
1914,12,0.8734554795838422
1915,1,0.5641583784237331
1915,2,-0.1490291666054846
1915,3,-0.4518649520020548
1915,4,-0.6386946957816413
1915,5,0.7055142356284947
1915,6,0.24725811834082284
1915,7,-0.6370315857505866
1915,8,-1.076043697112686
1915,9,-2.250476354979239
1915,10,-1.8490496385570103
1915,11,-1.03990415699657
1915,12,1.9126914063844085
1916,1,0.5329539245398422
1916,2,0.6950336298973863
1916,3,1.842145908287727
1916,4,0.3231083989995574
1916,5,0.504491705653586
1916,6,0.4786196765385896
1916,7,0.1322751025576469
1916,8,-1.5196721580796848
1916,9,-1.9773974306639446
1916,10,-0.7163867361930107
1916,11,0.9615920584744071
1916,12,2.3394144488568904
1917,1,0.45310470625743304
1917,2,-1.480267144985699
1917,3,-1.1822105212504328
1917,4,-1.4147590046824663
1917,5,0.19240691634248083
1917,6,0.7523621605096209
1917,7,-0.49381694067006665
1917,8,0.41697252990622424
1917,9,1.0324173360518072
1917,10,0.2372913428691615
1917,11,-0.6501298395794889
1917,12,-1.5545140763630014
1918,1,-0.07998985106889422
1918,2,-0.7506432420034839
1918,3,-1.092000905620225
1918,4,0.041245732762749024
1918,5,-0.1387109194239654
1918,6,-1.8897730853204833
1918,7,-0.8415564015198918
1918,8,-1.1857202998566323
1918,9,1.473762170419989
1918,10,-0.7025505948574915
1918,11,-0.7314228628979695
1918,12,0.24423408570411426
1919,1,1.3261826225963702
1919,2,-0.19494916751479577
1919,3,0.8381878487056222
1919,4,-0.3556546878617983
1919,5,-2.5911438496039003
1919,6,-0.5039672728805343
1919,7,-1.901263683860877
1919,8,-0.6788979266404027
1919,9,0.32785449407791006
1919,10,-1.2220556297848915
1919,11,-0.4279203774491034
1919,12,-0.25695817946225047
1920,1,1.4688072385065267
1920,2,0.4177452118640767
1920,3,1.154328763925686
1920,4,1.2931583224427918
1920,5,1.7839725683368695
1920,6,-0.009274622371122532
1920,7,0.4453517378104998
1920,8,-0.967829400004885
1920,9,0.12775174988212193
1920,10,-1.1351325855023324
1920,11,-1.9417974609477995
1920,12,0.49335567516815315
1921,1,1.1772134736146664
1921,2,-0.20594357628568496
1921,3,-0.14216298156664509
1921,4,-0.7983314316675485
1921,5,0.7469313404165769
1921,6,-1.8386618866725395
1921,7,0.13338758832251432
1921,8,-0.33373147377652984
1921,9,-0.16377089237169054
1921,10,0.6114639597491779
1921,11,-1.079396147236505
1921,12,-1.4107105983348374
1922,1,-1.029173158827135
1922,2,-1.2332692965195493
1922,3,1.8245516875552208
1922,4,0.28321996938922867
1922,5,0.785664548040496
1922,6,0.718097661202902
1922,7,-0.13711228508317602
1922,8,1.0000200744198569
1922,9,-1.1889968191835845
1922,10,-0.5673584947351359
1922,11,-2.496374645980611
1922,12,-1.1067312438920518
1923,1,-0.7592864232803489
1923,2,0.07260320322628423
1923,3,-0.4405315881292792
1923,4,-0.2793991362746009
1923,5,0.7072712643626962
1923,6,-2.0727983739690923
1923,7,0.478761418874785
1923,8,0.7172920641062215
1923,9,0.24932867258818026
1923,10,1.5008712275438887
1923,11,2.402689538020323
1923,12,-0.09477510889099182
1924,1,-1.8153162380957695
1924,2,-0.37655753830515853
1924,3,-0.615921508833984
1924,4,0.7387322924093547
1924,5,1.9966188547318642
1924,6,0.622090949147989
1924,7,-0.005295126685175872
1924,8,-1.7922838453869487
1924,9,1.046655723819697
1924,10,-0.19137632652700137
1924,11,-1.2662946923972673
1924,12,0.04068466927132056
1925,1,1.045110899396913
1925,2,2.189860025617482
1925,3,-1.0268716875885837
1925,4,0.19570263878442604
1925,5,-0.5933298143062762
1925,6,-0.48617895156080204
1925,7,-1.1259353017912614
1925,8,-0.4280563397327184
1925,9,-0.9145199963646815
1925,10,0.013345876142170886
1925,11,0.69207018948956
1925,12,-1.0701189516206482
1926,1,-0.10226846853885495
1926,2,2.078387691832633
1926,3,0.231572988832158
1926,4,0.9756792716603424
1926,5,-0.7832663820703183
1926,6,-1.4694666484482097
1926,7,-2.0637638380386445
1926,8,-1.5712915364206288
1926,9,0.7013168790787068
1926,10,1.5767515330075186
1926,11,3.776022413364182
1926,12,-0.10535282830755124
1927,1,0.8147357092148628
1927,2,-0.8706824441151934
1927,3,1.3234484220015683
1927,4,0.9572040294118837
1927,5,0.7886991588418855
1927,6,1.5449096746743707
1927,7,1.4555916029381157
1927,8,0.6609420622986892
1927,9,0.5656259362644445
1927,10,-0.4420012626829921
1927,11,2.210527849391468
1927,12,0.39778957139391924
1928,1,0.5272531431967501
1928,2,-0.01807466930889679
1928,3,-0.3547420333410492
1928,4,0.9612651156106888
1928,5,-0.9262469524546613
1928,6,0.5326468106906821
1928,7,2.531974897929202
1928,8,2.2442252162643754
1928,9,0.5875414880423633
1928,10,0.6618919571912407
1928,11,0.7256562253036491
1928,12,-1.4478361370923432
1929,1,-2.474417471857967
1929,2,-4.437121781061121
1929,3,-2.276425145518347
1929,4,-1.1495488986123847
1929,5,0.4437953656672866
1929,6,0.9733012639496849
1929,7,0.4344238809942267
1929,8,-0.33706081999685006
1929,9,-0.22599148273099734
1929,10,0.048693456082545605
1929,11,0.9358405257695721
1929,12,-0.15405409614154067
1930,1,0.9474479709849135
1930,2,-0.20769788801327382
1930,3,0.9636858473310301
1930,4,0.5838921771323999
1930,5,-0.42671474949922317
1930,6,0.6012979930778201
1930,7,-0.07012080775543246
1930,8,-0.519424553570173
1930,9,0.5611520351321637
1930,10,0.11463515379135648
1930,11,0.7809492169549307
1930,12,0.33611868698342
1931,1,0.8048455496266115
1931,2,-0.2297162825198236
1931,3,-0.27225981070905686
1931,4,-0.8751911326021149
1931,5,0.735994822885129
1931,6,2.564065396648579
1931,7,1.2314749356704313
1931,8,0.37120699550210545
1931,9,-1.6573835197763094
1931,10,-0.742688299306573
1931,11,-0.10679517660654307
1931,12,-2.2913112357580756
1932,1,-0.08678478740254852
1932,2,-2.8009048723503405
1932,3,-1.8199063211420339
1932,4,-0.5905808083015132
1932,5,0.1814674141031478
1932,6,-1.5414627379074226
1932,7,-0.6676115666753385
1932,8,0.5428980116054366
1932,9,2.6320847447322393
1932,10,2.277408205218274
1932,11,0.5473642796578253
1932,12,1.6631294444452704
1933,1,-0.39979272730084686
1933,2,-0.21611180747396577
1933,3,-0.6024656426798772
1933,4,-0.12456248546004606
1933,5,-0.7432476653316494
1933,6,-1.8958871923391485
1933,7,-0.7269172945007261
1933,8,-0.43176011788707225
1933,9,-0.47797964457037645
1933,10,0.7099397254400532
1933,11,0.6127003696233165
1933,12,-1.6407465920439832
1934,1,-0.3539244948832443
1934,2,-0.5353708502771062
1934,3,0.497463067646046
1934,4,1.1481096383609657
1934,5,1.5069149237992399
1934,6,0.3229426644394007
1934,7,-0.04239241200609892
1934,8,-0.6792626460401656
1934,9,-0.1319320257869274
1934,10,-0.5744873723573696
1934,11,0.7592316711539762
1934,12,1.4423829999831126
1935,1,-2.5983919208651614
1935,2,-0.5625960689520136
1935,3,-1.2993084098752496
1935,4,-0.09601149003300552
1935,5,-0.8615445629289917
1935,6,1.3753803723887108
1935,7,0.17947558727308088
1935,8,-0.3083302166226904
1935,9,0.4261104304086413
1935,10,2.2134622655190315
1935,11,0.6231453090313738
1935,12,0.8153430918015863
1936,1,3.5875672792857793
1936,2,0.9065611605989068
1936,3,1.199094525441749
1936,4,1.1019295446722175
1936,5,-0.08268695909581522
1936,6,-0.3837008774148055
1936,7,0.3896370602283864
1936,8,-0.22968716227059421
1936,9,-0.28812741409375453
1936,10,-2.3886129752686185
1936,11,-0.5138895741704917
1936,12,-0.37876418552319957
1937,1,-0.06869128779844226
1937,2,1.9300909497968437
1937,3,1.9519667600362047
1937,4,-0.10015413556551508
1937,5,0.25913506661560853
1937,6,1.9927098082126944
1937,7,0.31374329709325743
1937,8,-0.42835917659975214
1937,9,-0.04622136050341635
1937,10,0.4530467457546607
1937,11,0.25649867361212375
1937,12,-0.28667788883382617
1938,1,-1.1517919668522714
1938,2,-1.1107521722028522
1938,3,0.3346563418705912
1938,4,-1.8845185755317082
1938,5,-1.5717560373986563
1938,6,1.2917129907007072
1938,7,0.7112984162126346
1938,8,0.03836689595887097
1938,9,-0.4987235911352572
1938,10,0.49837696747367927
1938,11,0.4590666241414327
1938,12,-0.4805789952459212
1939,1,1.6603008581373948
1939,2,1.0513029203037783
1939,3,-1.952890178178258
1939,4,0.9761897502129873
1939,5,-1.5306417933234366
1939,6,-1.024944572126648
1939,7,1.349300695362222
1939,8,-0.17672039213575863
1939,9,-0.4329736433642317
1939,10,0.611167962923636
1939,11,-0.050495867753508714
1939,12,-0.21208438277009453
1940,1,-1.3258514115698485
1940,2,-0.30287597468493455
1940,3,-0.29211326006511834
1940,4,-0.6073383830174106
1940,5,-0.7510066516180736
1940,6,-1.1629592179260815
1940,7,-0.8235897030474493
1940,8,-2.091313499198673
1940,9,-0.11833829668633075
1940,10,0.8082999686710737
1940,11,0.7496771484328171
1940,12,-3.611724369884178
1941,1,0.25846295096912886
1941,2,1.4621463593465545
1941,3,0.807743447644983
1941,4,0.01279466435342086
1941,5,-1.3093202907646497
1941,6,-0.2626432416340757
1941,7,0.46546396945522295
1941,8,-0.5261574507743143
1941,9,-2.0985913775745297
1941,10,-1.4343609448635783
1941,11,-1.2449488238445716
1941,12,-2.4643458704837853
1942,1,-3.85503319673204
1942,2,-2.0199320076080274
1942,3,-0.166846865709048
1942,4,0.44311112645694456
1942,5,0.5269991395279263
1942,6,0.40909008301890415
1942,7,-0.1866841722375316
1942,8,-0.2500224082826663
1942,9,1.0467556235087272
1942,10,0.7648846811943073
1942,11,-0.7475580733552629
1942,12,0.6874500056460928
1943,1,-0.6975112352795406
1943,2,0.9470959129721264
1943,3,0.1830592281314381
1943,4,0.3793949658985362
1943,5,-0.029611019811459
1943,6,-0.3249579919398327
1943,7,0.1690013026637891
1943,8,1.3680465284004961
1943,9,2.0067634763633526
1943,10,1.3363612662481619
1943,11,-0.28057956900366515
1943,12,1.0611061781791982
1944,1,-0.2246123992671242
1944,2,-1.1855757992957139
1944,3,-2.5835336895880032
1944,4,0.5654633253329141
1944,5,-0.05218895222180369
1944,6,-0.39975409117646465
1944,7,-0.0346525300510539
1944,8,0.7234341239473786
1944,9,-0.06944733121312545
1944,10,-0.03753372875202615
1944,11,-0.6387886368633173
1944,12,-0.880594276723484
1945,1,-2.4868815914505262
1945,2,-0.8529766364294398
1945,3,0.27598681088543703
1945,4,0.8060971365217977
1945,5,1.9650489267042572
1945,6,2.124651414709746
1945,7,1.8690265433800053
1945,8,1.5006308037071348
1945,9,0.5168887079372263
1945,10,-1.3671409902954215
1945,11,-0.3828660129067196
1945,12,-0.37269162042859294
1946,1,-0.5484563505818396
1946,2,0.09195036572356272
1946,3,-0.31374447205582734
1946,4,1.1616275331102965
1946,5,0.17214881397151513
1946,6,0.9920258536102078
1946,7,1.571916602907006
1946,8,1.4033255058104135
1946,9,2.5104610710969975
1946,10,-0.1416583073812819
1946,11,0.5401278674426875
1946,12,-1.6461049312339904
1947,1,-2.734169800249008
1947,2,1.119021936867854
1947,3,2.739706681557658
1947,4,1.4031436903791457
1947,5,0.9451514298928789
1947,6,1.5756393702352711
1947,7,1.3373906195386835
1947,8,1.3540369350338373
1947,9,1.253213204957495
1947,10,0.25764663751132716
1947,11,0.8909116693867706
1947,12,-0.32902939026091726
1948,1,2.577102104387563
1948,2,-0.09200359975297558
1948,3,0.37972929562999186
1948,4,-0.20415077762237963
1948,5,0.5588434156009439
1948,6,-0.8848048935691144
1948,7,-2.169843929088393
1948,8,-0.21926805400317603
1948,9,-0.30536124850682833
1948,10,1.6380331066751572
1948,11,0.12777480561732812
1948,12,-1.0993108160232028
1949,1,0.6911411583886031
1949,2,-0.1307840671042416
1949,3,-2.3313316357621447
1949,4,0.825008733062623
1949,5,0.0784980720927288
1949,6,-0.3345376936279061
1949,7,-0.03483530062684874
1949,8,-0.3912095193673384
1949,9,0.43823132404181553
1949,10,0.5300896660319543
1949,11,0.2772516078365248
1949,12,0.9992311399411427
1950,1,-0.5338537770940033
1950,2,0.8002359937562903
1950,3,0.4253043414655396
1950,4,0.49113882496192646
1950,5,0.9120649465473218
1950,6,2.1127677986398057
1950,7,2.5878123298480737
1950,8,1.5072207474458073
1950,9,0.5777739308514145
1950,10,-0.06104902694226714
1950,11,0.012764478230556611
1950,12,0.7920905081527294
1951,1,1.4864303726702357
1951,2,1.7963317617682333
1951,3,0.4346324896421444
1951,4,0.19625409933361357
1951,5,-0.17574320646828556
1951,6,0.7773536944816168
1951,7,-0.15609814513524267
1951,8,0.38757620569909257
1951,9,0.6915689935173743
1951,10,-1.3961856759015265
1951,11,1.0408095515235756
1951,12,0.09553311314619337
1952,1,0.0059665297590812665
1952,2,-1.1805142602188752
1952,3,-0.03819467353214137
1952,4,1.8973861018867813
1952,5,0.3790941316041623
1952,6,1.7080546396053005
1952,7,1.5494241023898412
1952,8,2.139307298861048
1952,9,0.48558074085189024
1952,10,0.36229933201960285
1952,11,-0.5160391121952668
1952,12,0.41965043744899033
1953,1,-1.0883830829999113
1953,2,-1.1284276911129576
1953,3,-0.9978206779634592
1953,4,0.6493237767002772
1953,5,-0.11976090756746605
1953,6,-0.7455210325325534
1953,7,0.8384172687774503
1953,8,-0.19810425700514508
1953,9,0.8879770334411643
1953,10,0.9412017575302709
1953,11,-0.8362442543409164
1953,12,1.0405890770940636
1954,1,-2.441376860867262
1954,2,-2.627783166149888
1954,3,0.6405633915408373
1954,4,-1.141032439164896
1954,5,-1.2969514910546045
1954,6,0.9219235816418234
1954,7,-1.086894652484425
1954,8,-0.5623956120559968
1954,9,0.979781546279638
1954,10,-1.2200532921282392
1954,11,-0.582514115344293
1954,12,0.7973370941026687
1955,1,2.8205925808752053
1955,2,2.234026459485503
1955,3,-0.19894555880187909
1955,4,-0.8349008612748916
1955,5,0.37619064393998647
1955,6,0.14029887184760878
1955,7,0.10928107993080724
1955,8,-0.9027248358958553
1955,9,-0.8318198757566377
1955,10,-0.6635354426877507
1955,11,-0.7049652278036436
1955,12,1.9610637880889503
1956,1,1.9969870676189772
1956,2,-4.679251660273742
1956,3,-1.9791026812989565
1956,4,-0.8474771104662504
1956,5,-0.16884214195631034
1956,6,-1.4069565469944283
1956,7,-0.2384651227360854
1956,8,1.0350904345463428
1956,9,1.0166228032920719
1956,10,-1.4087148987240892
1956,11,-1.0533769165150542
1956,12,-0.7526994856296632
1957,1,-0.2653549748682491
1957,2,2.195044759875862
1957,3,0.6617882536468764
1957,4,0.17554361725562861
1957,5,-1.4583023172286151
1957,6,1.180550573288864
1957,7,-0.21768641733841904
1957,8,-0.05481025316228389
1957,9,-0.54278275525184
1957,10,0.17728402756973247
1957,11,0.2395800280835027
1957,12,-0.1283019065230976
1958,1,-0.10571921232470481
1958,2,2.0340072500776665
1958,3,-1.7346955943119657
1958,4,-1.562407505139813
1958,5,1.2873769977673075
1958,6,-0.3216467201975478
1958,7,0.17672021133646343
1958,8,1.2828148938099326
1958,9,0.23464934249867106
1958,10,-0.02829412021870652
1958,11,0.7961754441796633
1958,12,1.824643005628856
1959,1,0.4291863004888662
1959,2,0.0981968232813149
1959,3,1.545589046381567
1959,4,0.2475255587776782
1959,5,-0.09573517377635513
1959,6,-0.6411410317015236
1959,7,0.40841521011966864
1959,8,-0.9351164459893919
1959,9,-1.1242525850668152
1959,10,-1.669671037829022
1959,11,-0.11548890893740626
1959,12,1.2498904210384376
1960,1,0.467955766615727
1960,2,0.7790104133019693
1960,3,0.6259827538693186
1960,4,-0.19549999224541392
1960,5,0.3755131413488927
1960,6,0.6963209999506608
1960,7,-1.378844966972724
1960,8,-0.25336725395746434
1960,9,-1.2901010546621556
1960,10,1.188918671753024
1960,11,1.847674946031796
1960,12,1.1792001936609164
1961,1,0.5117023317328098
1961,2,1.2088993671572101
1961,3,1.1129576971188326
1961,4,2.0363636625020187
1961,5,-0.30443545296454066
1961,6,0.24987216644801116
1961,7,-0.5630739025515284
1961,8,-0.015050312670204444
1961,9,0.9233036611755085
1961,10,0.5603970034555441
1961,11,1.4285006865306653
1961,12,0.36727769005972444
1962,1,1.257845489160741
1962,2,-0.8312430090704699
1962,3,-1.2444186484052766
1962,4,0.40611511952463586
1962,5,0.2157897477255496
1962,6,-0.6803667168253784
1962,7,-0.30968165684389787
1962,8,1.6917022275731837
1962,9,0.5424532751636784
1962,10,0.28687479492465595
1962,11,0.21592335679274305
1962,12,-1.4460182249949352
1963,1,-2.018388889902394
1963,2,-1.1893715995884777
1963,3,-0.8443947959104652
1963,4,0.3811320298236091
1963,5,-0.3925020201328142
1963,6,0.17770996060572578
1963,7,1.195084109451294
1963,8,0.3285533348599452
1963,9,0.35046180361164225
1963,10,-0.402897271888286
1963,11,2.7158244650474
1963,12,0.11679386040266135
1964,1,-0.842964120959802
1964,2,0.1101286413882238
1964,3,0.6203493829585627
1964,4,0.396723202206966
1964,5,0.5605207928247675
1964,6,1.1226773313977865
1964,7,0.09286124225603887
1964,8,-0.5394868131569628
1964,9,-0.29327521743244456
1964,10,-0.45058753434161014
1964,11,0.28444402171790706
1964,12,0.3711426477403562
1965,1,1.0078415199344586
1965,2,-2.6679335103955735
1965,3,0.19039096970885663
1965,4,-1.0692130491210339
1965,5,-0.7138159079123512
1965,6,0.1552843835981685
1965,7,0.5957272383861045
1965,8,-0.9087622435294312
1965,9,-0.4667556653193601
1965,10,0.1473918475327828
1965,11,0.8805703910853337
1965,12,1.2548450947942515
1966,1,-0.4203415375481965
1966,2,2.5730504875731874
1966,3,-0.3479617670278008
1966,4,0.8232908329409705
1966,5,-0.021664424590996295
1966,6,0.3149395006182739
1966,7,-1.0753688888007555
1966,8,-0.26152493750348277
1966,9,0.4351178765426293
1966,10,2.3893475990623294
1966,11,-0.35010048889071477
1966,12,-0.6253757758329603
1967,1,-0.9791506025972395
1967,2,0.5006551297695286
1967,3,0.7659385432530557
1967,4,-0.3623776788787697
1967,5,0.39733756824813943
1967,6,-1.393253942940949
1967,7,0.24222341752275559
1967,8,0.7159106012156241
1967,9,-0.5416880916469239
1967,10,1.3465315160075755
1967,11,1.2568792881148512
1967,12,-0.6748025812574305
1968,1,-0.9007405480193944
1968,2,1.6643531388794175
1968,3,0.1399175200931614
1968,4,1.6254628329867993
1968,5,1.379417772937162
1968,6,-0.3458743784301712
1968,7,3.569369660941929e-4
1968,8,-1.780992010438215
1968,9,-0.5482815571097384
1968,10,-0.48383094749614386
1968,11,0.7423295173817288
1968,12,-0.3929471080703494
1969,1,0.014053645899843106
1969,2,0.006974493793166239
1969,3,-0.07642649459328953
1969,4,-0.3182940469831025
1969,5,1.118925254971133
1969,6,-1.5435359511005564
1969,7,-1.323638035745026
1969,8,-1.021693505986589
1969,9,-0.03588642234718649
1969,10,0.5401963632222229
1969,11,1.8451106067734857
1969,12,-1.3462604553106305
1970,1,1.7259028286732436
1970,2,0.36940782048949294
1970,3,0.023316748209440716
1970,4,-0.11726178903463971
1970,5,-1.3687855122465373
1970,6,0.0987134527733256
1970,7,-0.9652005147197573
1970,8,-0.21404558984588687
1970,9,0.9892258679075858
1970,10,-1.086224346106626
1970,11,0.8807460971816627
1970,12,0.19690952682003002
1971,1,1.371038482181377
1971,2,0.12162926305207823
1971,3,-1.750650763254587
1971,4,0.6289939781406845
1971,5,1.0898986459521083
1971,6,-0.2066369644812784
1971,7,0.05350771010354436
1971,8,1.6023615044044215
1971,9,-1.6115835052142042
1971,10,-1.6408026328230938
1971,11,-0.4131663135736048
1971,12,-0.4268832067404462
1972,1,0.2872701661021001
1972,2,2.202991985551964
1972,3,1.3736898888614508
1972,4,0.6021309162454123
1972,5,-0.3068534391112554
1972,6,0.3517447679022593
1972,7,-0.6360677419367012
1972,8,-1.4105518849269911
1972,9,-1.9956758709042608
1972,10,-2.288796406918464
1972,11,-0.10978114983301615
1972,12,-0.035167829908946624
1973,1,0.2746442469793572
1973,2,-0.63368194104781606
1973,3,-1.5746775254099385
1973,4,-1.3263110588064437
1973,5,0.5305833011673374
1973,6,0.019773707607265906
1973,7,0.09371676760686289
1973,8,-0.032846810623490735
1973,9,0.8132787138705808
1973,10,0.25072190079918855
1973,11,-0.635251863540213
1973,12,0.10287527910615614
1974,1,0.7372238866704028
1974,2,1.3201700086130035
1974,3,0.7687719637571797
1974,4,-0.685845873549026
1974,5,-0.6319695971186579
1974,6,-0.29603947307672535
1974,7,-0.34374338824695405
1974,8,-0.026983971656423578
1974,9,-0.1273834821802959
1974,10,-3.038267095210804
1974,11,-0.9305321196826082
1974,12,-0.3635326412402309
1975,1,0.586812953644329
1975,2,0.1252343561778615
1975,3,0.8879900649532284
1975,4,0.1167618350141992
1975,5,0.09816388028107535
1975,6,-0.8890483635332488
1975,7,0.11071183005915952
1975,8,-0.7402488254951882
1975,9,1.3430055320581415
1975,10,-0.17233976550797
1975,11,-0.5835238060721876
1975,12,0.1504804225561068
1976,1,-0.3916308232649848
1976,2,0.028496398741675394
1976,3,-1.5445756735835285
1976,4,-0.5765387066018491
1976,5,-0.45152725468527577
1976,6,-0.36946254783546617
1976,7,-0.32016711337407666
1976,8,-2.0900507588468002
1976,9,-1.7767565670934147
1976,10,0.07680192750212952
1976,11,-0.25597498941323893
1976,12,0.209317642854705
1977,1,1.9656435700877157
1977,2,2.9469724043415884
1977,3,1.8999450500571808
1977,4,0.20012484559332352
1977,5,0.3166976023678637
1977,6,-1.1088333953341845
1977,7,-0.4265858100003293
1977,8,-1.0551878433153319
1977,9,-1.0509004438041383
1977,10,0.1271086565906694
1977,11,0.6986488265485993
1977,12,-0.8781237783146343
1978,1,0.42057641300241533
1978,2,0.7126362717793335
1978,3,0.3330276435223495
1978,4,-1.1501043524626515
1978,5,-1.431373156345051
1978,6,-0.5272334163396432
1978,7,-1.1928116091081957
1978,8,-1.049288030165276
1978,9,-1.1442583241838369
1978,10,-0.5872990446547472
1978,11,-1.6323463883750424
1978,12,0.8249535772565985
1979,1,-0.008202898867310515
1979,2,1.3955257781741635
1979,3,1.413468329495668
1979,4,-1.2078206740245192
1979,5,0.5254199381778277
1979,6,1.2836244543384896
1979,7,-0.14795107745176544
1979,8,-1.034313200249307
1979,9,-0.582309055080994
1979,10,0.056759481573170165
1979,11,-0.4901018006911446
1979,12,1.2222767454784587
1980,1,-0.13271083755171048
1980,2,0.44289188016454284
1980,3,-0.12097852767760144
1980,4,-1.5604877438991607
1980,5,-2.5898496922973577
1980,6,-1.1975588210431232
1980,7,-1.855918288558505
1980,8,0.006989088444311689
1980,9,0.36681942307256854
1980,10,0.09618933921774954
1980,11,0.3789856200286933
1980,12,-1.757139313905113
1981,1,-2.1760285964344184
1981,2,-1.2561699278520186
1981,3,1.5886349211005368
1981,4,0.5324412760731951
1981,5,-0.48647962532536493
1981,6,0.8568291828495793
1981,7,-0.8163963276679445
1981,8,-0.24020165925238202
1981,9,0.13039385907518275
1981,10,1.40412423316151
1981,11,-1.8166870093153273
1981,12,0.8408918413021255
1982,1,0.8855036275363704
1982,2,-1.2181168060016303
1982,3,-0.776174650363379
1982,4,-0.5944739046740372
1982,5,0.25628225110371705
1982,6,1.3037323636022822
1982,7,1.2434150298362536
1982,8,0.41443555130921356
1982,9,1.5375312194076929
1982,10,0.8256118982669755
1982,11,0.32483962112585296
1982,12,0.8629608616727442
1983,1,0.6816639402962975
1983,2,-0.9733325681674556
1983,3,0.6373284016971171
1983,4,0.5803070153624353
1983,5,1.1003593286249278
1983,6,-0.4359287858751069
1983,7,1.5158478078795445
1983,8,-0.0015681862549635738
1983,9,0.09645310060937815
1983,10,-0.5297653232198593
1983,11,-1.184290543681285
1983,12,0.052118930625666755
1984,1,0.80702202732461
1984,2,-0.4524185026224657
1984,3,-0.9383871602621583
1984,4,-1.0129407819335636
1984,5,-0.8112728293604667
1984,6,-1.0808014750455945
1984,7,-0.28734683406813133
1984,8,-1.0403353397978627
1984,9,-0.7727183035827883
1984,10,0.6223329763061105
1984,11,1.26800877182086
1984,12,0.29731020876752406
1985,1,-1.5023416231405786
1985,2,-0.9498244105050828
1985,3,-0.15932155577561855
1985,4,0.9100434326464226
1985,5,0.3726065021495203
1985,6,0.47999002095696736
1985,7,0.9922081484657687
1985,8,0.6477972419801004
1985,9,1.0757703873007047
1985,10,-0.10726613108196134
1985,11,-0.13065230479331968
1985,12,1.0464567936483917
1986,1,0.7509800827116836
1986,2,-0.24794380184741785
1986,3,-0.06233198046962696
1986,4,0.6882627516771872
1986,5,2.013036191221179
1986,6,-0.24182235600935573
1986,7,-0.20845794133185808
1986,8,1.5322861290749303
1986,9,0.679199240257816
1986,10,0.3185300138530531
1986,11,-0.1730308942380473
1986,12,-0.6168388856660976
1987,1,-0.04591532610579568
1987,2,0.7470966619185689
1987,3,-3.1091352260285925
1987,4,0.45017960744712926
1987,5,-1.6833950502261854
1987,6,-0.06123204797476731
1987,7,1.5452887806050635
1987,8,0.9274241348088199
1987,9,2.9605882596201196
1987,10,1.1935337914342274
1987,11,0.421549283622283
1987,12,0.9585925907492878
1988,1,3.012050447840235
1988,2,1.1362201776776004
1988,3,0.35619779826630277
1988,4,0.19479415443102427
1988,5,1.2976154808479623
1988,6,-0.09021710939527963
1988,7,2.1902211652322663
1988,8,1.682401605849366
1988,9,0.3356798466146609
1988,10,1.1191656158420562
1988,11,-2.148122517640749
1988,12,-1.2472222589427608
1989,1,0.38807690910055614
1989,2,1.8031932643026143
1989,3,1.8589691655786127
1989,4,1.418837446736898
1989,5,-0.12583837006088186
1989,6,-0.9639460405716507
1989,7,0.3790452228077238
1989,8,0.6819294608630786
1989,9,-0.21861755546234118
1989,10,-1.1247872164635502
1989,11,-0.2432519869244218
1989,12,1.0475981876279443
1990,1,0.39397132903495746
1990,2,2.8122899100371113
1990,3,1.7887400269831495
1990,4,0.2308552757751057
1990,5,0.5528147514038266
1990,6,0.14909309476390206
1990,7,0.66803279530497806
1990,8,0.37917173270380966
1990,9,0.348546580179
1990,10,1.711005958869833
1990,11,0.7990512155060691
1990,12,-0.5489996816112431
1991,1,0.2814345780843507
1991,2,-0.7812539059224678
1991,3,1.6017432279672617
1991,4,-1.0388054559752615
1991,5,-2.3782674568947577
1991,6,-0.3284336686907118
1991,7,0.4251368576866314
1991,8,0.6464712650299013
1991,9,1.5849483742735915
1991,10,-0.13532897260962984
1991,11,-0.19682067478227103
1991,12,-2.40044593202118
1992,1,-0.3314373498277784
1992,2,-0.20177333938286138
1992,3,0.19022306187955854
1992,4,0.23432640113230802
1992,5,0.4191990907214859
1992,6,-0.8607702604052045
1992,7,-0.191425801420742
1992,8,2.695743490469281
1992,9,0.8878941856385312
1992,10,1.0019080537147131
1992,11,1.4273962028523988
1992,12,0.47444881520350074
1993,1,-0.032425186776839886
1993,2,-1.3417273729652837
1993,3,-1.0155529987050653
1993,4,0.1712279915726778
1993,5,0.8823523259963737
1993,6,1.1092464057632396
1993,7,-0.14492954629333596
1993,8,1.6655286408653787
1993,9,0.30661961630168694
1993,10,1.563018088942484
1993,11,-0.8614434540733205
1993,12,1.0293007442417332
1994,1,1.4109963509353851
1994,2,0.227660174935881
1994,3,2.379711914141951
1994,4,-0.37524058830735424
1994,5,0.8364077810867028
1994,6,0.7621732545975985
1994,7,2.0173689024541064
1994,8,2.655723209225485
1994,9,1.8316150963145796
1994,10,0.2780051196825201
1994,11,0.827874274136018
1994,12,0.5069826927413924
1995,1,-0.24656555255749985
1995,2,2.45481452639364
1995,3,-0.5236082435136283
1995,4,-0.6573864516398757
1995,5,-0.7047742483232216
1995,6,-0.3131634372101033
1995,7,1.4967632179218966
1995,8,-0.10249469623275655
1995,9,-0.9736328942041579
1995,10,0.46223819321369375
1995,11,-1.3744960771660546
1995,12,0.6001003628235774
1996,1,1.1945572580038024
1996,2,-1.3618405595255656
1996,3,-1.4491794408545209
1996,4,-0.06434488998252308
1996,5,0.7299051753028596
1996,6,0.968851887647961
1996,7,0.07458734199663494
1996,8,0.2749585476259027
1996,9,-2.836486247347888
1996,10,-1.017832111780939
1996,11,0.4335228585024421
1996,12,0.3723088373966075
1997,1,1.520358790816449
1997,2,1.1927306974669352
1997,3,0.5871480284935586
1997,4,-1.5189853291230406
1997,5,0.812163632381196
1997,6,1.0169243971528377
1997,7,-0.019272002818218715
1997,8,-0.11703512203487408
1997,9,0.9768810291036973
1997,10,-0.16093159709211352
1997,11,0.5195760831042974
1997,12,0.7068092844642264
1998,1,1.4039344353274754
1998,2,1.6340674767126264
1998,3,-0.6269520004424819
1998,4,0.7303565150350231
1998,5,0.08629262111484978
1998,6,1.3866476098058618
1998,7,1.5202170678977227
1998,8,2.2682643679013816
1998,9,0.19234651797676733
1998,10,0.3515301407544069
1998,11,-1.1655422972863423
1998,12,-1.6503430131538295
1999,1,0.835026505165187
1999,2,-0.8186002562392001
1999,3,0.6433382101768801
1999,4,0.6314119168621057
1999,5,1.6178985812634903
1999,6,1.8271576687859958
1999,7,0.6070833219827516
1999,8,1.5557733047633235
1999,9,1.1741123731453496
1999,10,1.3074438036512084
1999,11,-0.4357500954385114
1999,12,0.6528861251605758
2000,1,-1.0330256132938906
2000,2,0.8367501060745289
2000,3,0.8604502284600215
2000,4,1.3080537268549108
2000,5,2.3026277683693532
2000,6,2.218253320722088
2000,7,0.19872956682517226
2000,8,1.7955175233738472
2000,9,0.5103896916486487
2000,10,0.9024923556830247
2000,11,2.0849866853788637
2000,12,2.041572062663062
2001,1,2.392321280963058
2001,2,1.3500052683510044
2001,3,3.143140866806676
2001,4,0.3262617615484307
2001,5,1.3548504203618394
2001,6,0.41099585151573453
2001,7,1.3273431671955174
2001,8,1.8814376742845935
2001,9,-0.5268588064848189
2001,10,2.9541636191856036
2001,11,-0.6347845150149171
2001,12,-1.9125278615498025
2002,1,-0.3950730521053294
2002,2,2.037884449256879
2002,3,2.0659689550304225
2002,4,0.5945830896833805
2002,5,0.8501888976895826
2002,6,1.8682317793782297
2002,7,1.28803883248936
2002,8,-0.4718141685589612
2002,9,-0.6182807170719039
2002,10,0.2602530990106482
2002,11,2.1194874582116965
2002,12,0.876785244142702
2003,1,0.8995742376402377
2003,2,-2.6563284472751914
2003,3,0.2173823911614513
2003,4,0.13437764851118855
2003,5,2.398969400080155
2003,6,4.018940739187283
2003,7,2.693082533736444
2003,8,3.1830821778135627
2003,9,0.0049415880256229484
2003,10,0.19695529225884945
2003,11,1.194298611839933
2003,12,0.49758169620489723
2004,1,-0.3835801953829102
2004,2,0.4661669160836651
2004,3,0.0856140676392306
2004,4,0.4676942697597196
2004,5,-1.0053688935914142
2004,6,1.0080320802507865
2004,7,1.0950510981581378
2004,8,1.001165754549779
2004,9,0.8595097727073164
2004,10,2.380513274127267
2004,11,0.31065025586326767
2004,12,1.48673654394341
2005,1,-0.3179982073773915
2005,2,-1.7962188856669155
2005,3,-0.29099265633188187
2005,4,0.26403784574871914
2005,5,1.3228216918136728
2005,6,0.783673890644958
2005,7,1.0334136917750425
2005,8,-0.9195501225475916
2005,9,0.32959667265285403
2005,10,0.21014286167128277
2005,11,0.2744278459413699
2005,12,-0.1254822551129792
2006,1,-0.8341758713736076
2006,2,0.10726974341213973
2006,3,-0.06941282242426791
2006,4,1.0841096006343114
2006,5,1.4080512506165197
2006,6,1.0583355959940755
2006,7,2.2581660937032346
2006,8,-0.13987564538519276
2006,9,0.8990846704695918
2006,10,1.3525877828148984
2006,11,0.7415281163698733
2006,12,0.9675688010581229
2007,1,2.134059566204029
2007,2,2.59045083737296
2007,3,1.0374584985448432
2007,4,2.063327676363353
2007,5,1.922400191551286
2007,6,1.9007114980880189
2007,7,1.5522032589286532
2007,8,0.7851929808041797
2007,9,-0.5598548102951986
2007,10,-0.5650067166282515
2007,11,-0.9019332203031054
2007,12,-0.9544827172464094
2008,1,1.455435885597998
2008,2,1.1975950602298493
2008,3,1.0708024728580892
2008,4,0.9024594671485784
2008,5,1.2875148797823466
2008,6,1.384036199549411
2008,7,1.1623442529760413
2008,8,1.3955791438174532
2008,9,-0.0822345681676028
2008,10,0.9664150300330854
2008,11,1.2865880028445853
2008,12,0.8559493501856248
