year,month,value
1420,1,1.5621492866902505e-5
1420,2,1.6753497700665383e-5
1420,3,1.510850214067071e-5
1420,4,1.537908300559608e-5
1420,5,1.3343289256629643e-5
1420,6,7.030188787273663e-6
1420,7,1.4740007086811443e-6
1420,8,4.073851857606429e-6
1420,9,8.512148169937195e-6
1420,10,2.325452908001961e-5
1420,11,2.07272866707559e-5
1420,12,1.4192080481448273e-5
1421,1,1.5515342504053598e-5
1421,2,1.3932558065299968e-5
1421,3,1.388342443583549e-5
1421,4,1.368322470717387e-5
1421,5,9.476962414694087e-6
1421,6,4.521684047079101e-6
1421,7,1.1691340050169472e-6
1421,8,1.6034377605757126e-6
1421,9,1.254578728171923e-5
1421,10,2.0285759098499062e-5
1421,11,2.090217595583523e-5
1421,12,1.6070095346313026e-5
1422,1,1.683855589799176e-5
1422,2,1.2384329417927539e-5
1422,3,1.4979170587259484e-5
1422,4,1.5161263373943608e-5
1422,5,1.1592094046533216e-5
1422,6,7.580355601509392e-6
1422,7,2.2365825609195095e-6
1422,8,1.652700127767382e-6
1422,9,9.901137666939855e-6
1422,10,1.8582528432641475e-5
1422,11,1.8782477056178534e-5
1422,12,1.594784944517917e-5
1423,1,1.664846418273796e-5
1423,2,2.1095876983474756e-5
1423,3,1.5789248553511737e-5
1423,4,1.3958352216095703e-5
1423,5,1.2588801312667005e-5
1423,6,5.765655261685715e-6
1423,7,1.776228166325786e-6
1423,8,1.8679602334126594e-6
1423,9,1.0695630639880074e-5
1423,10,2.0784532415960138e-5
1423,11,2.0685199935304108e-5
1423,12,2.0111520725552055e-5
1424,1,1.809144271936676e-5
1424,2,1.6232433654346868e-5
1424,3,1.840722320004852e-5
1424,4,1.739247659686736e-5
1424,5,1.0103229032704323e-5
1424,6,5.414867135071634e-6
1424,7,1.2237011615247175e-6
1424,8,4.30540928911042e-6
1424,9,9.772518844252956e-6
1424,10,2.2496444748096318e-5
1424,11,1.7609200587431373e-5
1424,12,1.608997240149661e-5
1425,1,1.8597905128201144e-5
1425,2,1.3979532474179596e-5
1425,3,1.5234502342299936e-5
1425,4,1.8004598164574017e-5
1425,5,1.5185144257035489e-5
1425,6,6.482798083119678e-6
1425,7,1.3976812323043219e-6
1425,8,1.8194762335269635e-6
1425,9,9.51919521402347e-6
1425,10,2.1386192478589502e-5
1425,11,1.702989377695098e-5
1425,12,1.6777094479912723e-5
1426,1,1.6012412317059274e-5
1426,2,1.639096258286568e-5
1426,3,1.551024397588674e-5
1426,4,1.7891191256997505e-5
1426,5,1.434758466394778e-5
1426,6,8.020677350126462e-6
1426,7,1.6425255423060053e-6
1426,8,1.5417451250714287e-6
1426,9,9.58832215487402e-6
1426,10,1.8583773378613298e-5
1426,11,2.4862961332170095e-5
1426,12,1.2600628720748491e-5
1427,1,1.4956098114270008e-5
1427,2,1.82746006283201e-5
1427,3,1.487537566229673e-5
1427,4,1.8124522981580884e-5
1427,5,1.0764473850610517e-5
1427,6,6.846189902850684e-6
1427,7,1.3738249446313387e-6
1427,8,1.9478785674939776e-6
1427,9,9.623032213337577e-6
1427,10,2.0399855223145617e-5
1427,11,1.7189683486441165e-5
1427,12,2.0970157437444833e-5
1428,1,2.0211381616276418e-5
1428,2,1.6681567778636608e-5
1428,3,1.7498886825422363e-5
1428,4,1.4763039483426972e-5
1428,5,1.4094242381064685e-5
1428,6,5.535694287491669e-6
1428,7,1.2046662370620055e-6
1428,8,1.5721351343219095e-6
1428,9,1.0464156351137095e-5
1428,10,2.2827880196319446e-5
1428,11,1.9827824485076957e-5
1428,12,1.8106656831827754e-5
1429,1,1.7258469771958668e-5
1429,2,1.605298606255963e-5
1429,3,1.386915111302277e-5
1429,4,1.3435244801721049e-5
1429,5,1.001364816597634e-5
1429,6,4.428935492580449e-6
1429,7,1.2430242992672562e-6
1429,8,2.09043260840148e-6
1429,9,1.0444538492477214e-5
1429,10,1.9352739714179884e-5
1429,11,1.9091518699386395e-5
1429,12,1.8458415292421903e-5
1430,1,1.3441123529298009e-5
1430,2,1.9489418060192885e-5
1430,3,1.8701558034218453e-5
1430,4,1.5544397311425624e-5
1430,5,1.9506759261823077e-5
1430,6,5.304901444693745e-6
1430,7,1.3989253023529556e-6
1430,8,8.0862246637171e-7
1430,9,9.647093556652406e-6
1430,10,1.9712811042394184e-5
1430,11,1.6037631187336324e-5
1430,12,1.6842733877711045e-5
1431,1,1.4056366499644858e-5
1431,2,1.930943619985895e-5
1431,3,1.6776397226596773e-5
1431,4,1.7791963606571123e-5
1431,5,1.5429687257464948e-5
1431,6,3.2218895544407447e-6
1431,7,1.2756029578292568e-6
1431,8,1.1718100277470102e-6
1431,9,1.0163974068021237e-5
1431,10,1.966513435499559e-5
1431,11,1.7629138648568853e-5
1431,12,1.431269957569746e-5
1432,1,2.027083379465096e-5
1432,2,1.548388286537754e-5
1432,3,1.519875130058315e-5
1432,4,1.4187175070802532e-5
1432,5,9.971539153305595e-6
1432,6,5.893198911369027e-6
1432,7,1.4971357482392952e-6
1432,8,2.2205317810491696e-6
1432,9,1.1908932185435964e-5
1432,10,1.6330517440474858e-5
1432,11,2.000233733205891e-5
1432,12,1.4977935940144777e-5
1433,1,1.9493960877869582e-5
1433,2,1.4000177895948394e-5
1433,3,1.589099239951318e-5
1433,4,1.5335133670242347e-5
1433,5,1.7712681651675273e-5
1433,6,5.6740913696239015e-6
1433,7,2.235112803467037e-6
1433,8,9.217500688962935e-7
1433,9,9.675132848223661e-6
1433,10,2.5945016168869354e-5
1433,11,2.0608718065863528e-5
1433,12,2.03308189845567e-5
1434,1,1.620425539398612e-5
1434,2,1.6028304166250014e-5
1434,3,1.750755233544475e-5
1434,4,1.3966631679525447e-5
1434,5,1.3268254358774929e-5
1434,6,5.3168644824803545e-6
1434,7,8.232222791740052e-7
1434,8,2.0251502917457205e-6
1434,9,1.2632348838354945e-5
1434,10,2.075171211111515e-5
1434,11,2.1268348172238945e-5
1434,12,1.8958239613776693e-5
1435,1,1.4410285856104794e-5
1435,2,1.8802015453181365e-5
1435,3,1.3964003956078714e-5
1435,4,1.2373259585986165e-5
1435,5,1.2248046965437279e-5
1435,6,4.641224751531049e-6
1435,7,9.944729174159144e-7
1435,8,1.5222303941845203e-6
1435,9,9.350167251056978e-6
1435,10,2.5233866226344777e-5
1435,11,1.765177387211368e-5
1435,12,1.5787731800248464e-5
1436,1,1.5385766094231817e-5
1436,2,1.7846617940914006e-5
1436,3,1.5340402275817667e-5
1436,4,1.5961170124518712e-5
1436,5,1.1064490482818756e-5
1436,6,8.684138730914008e-6
1436,7,1.400990056000694e-6
1436,8,3.3969065539665035e-6
1436,9,9.599339724064693e-6
1436,10,2.072844625407667e-5
1436,11,1.7349433586348956e-5
1436,12,1.2650578948877184e-5
1437,1,1.9783157363362785e-5
1437,2,1.9106139480108517e-5
1437,3,1.5583679317132622e-5
1437,4,1.4183059065134665e-5
1437,5,1.2478572405376973e-5
1437,6,5.810432528721031e-6
1437,7,1.6849606637907884e-6
1437,8,9.247971962038794e-7
1437,9,9.621428950758754e-6
1437,10,2.5468740031321386e-5
1437,11,2.227483792623618e-5
1437,12,1.9676675465278423e-5
1438,1,1.5910664285506886e-5
1438,2,1.9105481391375514e-5
1438,3,1.325338265998704e-5
1438,4,1.2374619722806032e-5
1438,5,1.0149417587901257e-5
1438,6,3.804118139482966e-6
1438,7,7.707663336792843e-7
1438,8,1.7880562856043864e-6
1438,9,1.291543620071993e-5
1438,10,2.6082556784654046e-5
1438,11,1.4759288059587765e-5
1438,12,1.5454282259195087e-5
1439,1,1.79176665181646e-5
1439,2,1.8071616182218812e-5
1439,3,1.5203688914930406e-5
1439,4,1.2349812277984823e-5
1439,5,1.096342532007689e-5
1439,6,7.086224014690454e-6
1439,7,8.464725984304951e-7
1439,8,1.6885517177446297e-6
1439,9,8.96890922237769e-6
1439,10,1.9194776172952777e-5
1439,11,1.8465661447862635e-5
1439,12,1.963174444102991e-5
1440,1,1.73861661296554e-5
1440,2,1.9753433475952065e-5
1440,3,1.6896187175450543e-5
1440,4,1.4397227421404694e-5
1440,5,1.2188404577476334e-5
1440,6,6.054127174307417e-6
1440,7,3.7410411480134136e-6
1440,8,1.3588441533679342e-6
1440,9,1.2254286688359215e-5
1440,10,2.4391559381576437e-5
1440,11,1.9418610625505047e-5
1440,12,1.1203244363856816e-5
1441,1,1.77004779033805e-5
1441,2,1.803980332063787e-5
1441,3,1.1903042543538704e-5
1441,4,1.573596751555783e-5
1441,5,1.258993281853026e-5
1441,6,8.692620052094087e-6
1441,7,7.3126528657005e-7
1441,8,1.0756946762196275e-6
1441,9,8.869969325665056e-6
1441,10,1.8995840911402713e-5
1441,11,1.741378421953249e-5
1441,12,1.9832635380219246e-5
1442,1,1.4779529254839085e-5
1442,2,1.4064756903453203e-5
1442,3,1.930101260468082e-5
1442,4,1.723352376788928e-5
1442,5,1.233193640879717e-5
1442,6,6.537201648833048e-6
1442,7,1.0495008430725118e-6
1442,8,3.7340824429210425e-6
1442,9,1.2435895038701695e-5
1442,10,2.2749586274113223e-5
1442,11,2.3791473002882863e-5
1442,12,2.382684254173771e-5
1443,1,1.9326650360244182e-5
1443,2,2.229759551354102e-5
1443,3,1.5592541368917542e-5
1443,4,1.652461145491743e-5
1443,5,1.2940723469918544e-5
1443,6,7.072789142291101e-6
1443,7,2.6017876147924353e-6
1443,8,1.5893822291821589e-6
1443,9,9.243412909938169e-6
1443,10,1.8260357107785157e-5
1443,11,1.6074725654576835e-5
1443,12,1.7244841875700534e-5
1444,1,1.4076281019298386e-5
1444,2,1.683900299410781e-5
1444,3,1.659749207464888e-5
1444,4,1.3795679867270645e-5
1444,5,1.3923013332896506e-5
1444,6,5.867319646388622e-6
1444,7,1.025910096498737e-6
1444,8,2.033647878051041e-6
1444,9,1.4802122124948077e-5
1444,10,2.057237278430944e-5
1444,11,2.053748286899398e-5
1444,12,1.5516925001773628e-5
1445,1,1.763979028717954e-5
1445,2,1.7534216319799244e-5
1445,3,1.773205606844722e-5
1445,4,1.3388455848064722e-5
1445,5,1.1139648036904764e-5
1445,6,4.756542086889159e-6
1445,7,1.8518241137421498e-6
1445,8,1.358438415221239e-6
1445,9,1.3445327852950062e-5
1445,10,2.045717405246167e-5
1445,11,1.9296525466734787e-5
1445,12,1.7600138935715025e-5
1446,1,1.6870638306578007e-5
1446,2,1.6166131661408088e-5
1446,3,1.6412829754538466e-5
1446,4,1.3272308038546316e-5
1446,5,1.0450882845389896e-5
1446,6,4.652126094967467e-6
1446,7,1.5130810034651585e-6
1446,8,1.4220600241233866e-6
1446,9,1.0503519078745591e-5
1446,10,1.5901658820866184e-5
1446,11,1.7873862631683637e-5
1446,12,1.9595180194538376e-5
1447,1,1.71764157265815e-5
1447,2,2.2139679803887457e-5
1447,3,1.4969562657741879e-5
1447,4,1.7885424426749052e-5
1447,5,1.1809635884147754e-5
1447,6,4.84671742501955e-6
1447,7,1.9677100133990703e-6
1447,8,2.4470942275763824e-6
1447,9,1.4976463385573596e-5
1447,10,2.275542495852477e-5
1447,11,2.0585425048736832e-5
1447,12,1.656916131950187e-5
1448,1,1.9813501280711576e-5
1448,2,1.4502955100099816e-5
1448,3,1.613835178766632e-5
1448,4,1.2131557904065188e-5
1448,5,1.028118439746984e-5
1448,6,6.038451964513382e-6
1448,7,1.447598909535355e-6
1448,8,1.74271891886115e-6
1448,9,1.5227697631648373e-5
1448,10,1.918037525784095e-5
1448,11,1.3061137152639017e-5
1448,12,2.4078334589231798e-5
1449,1,1.5499958127041602e-5
1449,2,2.149609336502231e-5
1449,3,1.3299654516115176e-5
1449,4,1.2461039770333846e-5
1449,5,1.3989228776574183e-5
1449,6,7.12042715081988e-6
1449,7,1.1376022808503956e-6
1449,8,8.36149965379035e-7
1449,9,8.229819113230164e-6
1449,10,1.861576960954563e-5
1449,11,1.7394734090501714e-5
1449,12,1.787358942208419e-5
1450,1,1.448574602781739e-5
1450,2,1.96915705379872e-5
1450,3,1.689708881044834e-5
1450,4,1.42796631865835e-5
1450,5,9.800398891783439e-6
1450,6,6.851317653589058e-6
1450,7,1.5183267015740462e-6
1450,8,3.2548738444740686e-6
1450,9,1.180674040734538e-5
1450,10,2.7021341450622453e-5
1450,11,1.653218950008014e-5
1450,12,1.84444633985687e-5
1451,1,1.7125964975429352e-5
1451,2,1.6254583059974478e-5
1451,3,1.1908653819538342e-5
1451,4,1.7811475000799073e-5
1451,5,1.629403426538208e-5
1451,6,1.0076791476406702e-5
1451,7,2.0539111893055254e-6
1451,8,2.461333460195088e-6
1451,9,1.0117468594448083e-5
1451,10,1.907285698695199e-5
1451,11,1.8349783081589722e-5
1451,12,1.617933628909696e-5
1452,1,1.6074656518346074e-5
1452,2,1.3802495648431816e-5
1452,3,1.2215207802697624e-5
1452,4,1.3619110066250467e-5
1452,5,1.202060370278183e-5
1452,6,6.639880644909006e-6
1452,7,6.073099414705478e-7
1452,8,1.4611033627034257e-6
1452,9,8.473214827326951e-6
1452,10,2.2926772569514774e-5
1452,11,2.154568154453058e-5
1452,12,2.11765419511034e-5
1453,1,2.3791374327913477e-5
1453,2,1.8562235091654683e-5
1453,3,1.4294456064956532e-5
1453,4,1.7309502913169225e-5
1453,5,9.378924039822893e-6
1453,6,4.5965248837278195e-6
1453,7,9.422370871297928e-7
1453,8,3.6071238408324934e-6
1453,9,9.597718127148069e-6
1453,10,1.9237249091237514e-5
1453,11,2.2827195082921107e-5
1453,12,2.1692954633205275e-5
1454,1,1.8709379491301535e-5
1454,2,1.832063282490455e-5
1454,3,1.4983457532667337e-5
1454,4,2.2302833144962658e-5
1454,5,1.0579004758964783e-5
1454,6,5.8617580284081675e-6
1454,7,1.7421617672395608e-6
1454,8,1.9428585692422214e-6
1454,9,8.184230931167211e-6
1454,10,2.1021282221999704e-5
1454,11,1.9481992155460184e-5
1454,12,1.907356846393332e-5
1455,1,2.030213114764219e-5
1455,2,1.6967551590198594e-5
1455,3,1.5738454674232337e-5
1455,4,1.2371786575970482e-5
1455,5,9.394142797361934e-6
1455,6,7.2293175178815405e-6
1455,7,1.44566575984913e-6
1455,8,1.93775130849059e-6
1455,9,1.0851046770076e-5
1455,10,1.9433719766243238e-5
1455,11,1.626215409366624e-5
1455,12,2.375662209521692e-5
1456,1,2.1918969611262776e-5
1456,2,1.740305915166503e-5
1456,3,1.4878720492035922e-5
1456,4,1.3943687703506065e-5
1456,5,8.334689887049518e-6
1456,6,5.237372350100302e-6
1456,7,2.260035570995729e-6
1456,8,1.9550168971949532e-6
1456,9,1.5546866498175135e-5
1456,10,1.9381458365421603e-5
1456,11,2.4171468602236166e-5
1456,12,1.7347497879421378e-5
1457,1,2.5134436214673673e-5
1457,2,2.1214356994906886e-5
1457,3,1.683927104308589e-5
1457,4,1.722746624565338e-5
1457,5,1.5537707639586235e-5
1457,6,6.2559964472010494e-6
1457,7,1.1466835469990565e-6
1457,8,1.1646539560345326e-6
1457,9,9.158470015823114e-6
1457,10,2.3504026000462207e-5
1457,11,2.0163541011688658e-5
1457,12,1.7590274400238777e-5
1458,1,2.245370897887753e-5
1458,2,1.62071326208183e-5
1458,3,1.3779825866514998e-5
1458,4,1.6258542630927387e-5
1458,5,1.0135119648276486e-5
1458,6,8.847130417774675e-6
1458,7,2.3911379307114044e-6
1458,8,2.445729429435188e-6
1458,9,1.0107024578922493e-5
1458,10,1.3636932533753325e-5
1458,11,1.8504222160490814e-5
1458,12,1.4122186441238643e-5
1459,1,1.811543791366736e-5
1459,2,1.561540483333464e-5
1459,3,6.415473160026444e-6
1459,4,1.510152878104426e-5
1459,5,1.2358866979593592e-05
1459,6,7.301562012212954e-6
1459,7,1.6683437086873362e-6
1459,8,1.548318105730109e-6
1459,9,1.3689439694320217e-5
1459,10,2.0972979644042392e-5
1459,11,2.212293957434437e-5
1459,12,1.8881617001408764e-5
1460,1,1.421019823971827e-5
1460,2,1.3827972877313634e-5
1460,3,1.243049466215527e-5
1460,4,1.5723710078809616e-5
1460,5,1.1380207001736434e-5
1460,6,4.8972050814968615e-6
1460,7,1.5534155096594809e-6
1460,8,2.7200448108887408e-6
1460,9,1.1823675211734664e-5
1460,10,1.7504890606198145e-5
1460,11,2.242654771838225e-5
1460,12,1.4824749579784101e-5
1461,1,1.6476809761722336e-5
1461,2,1.598803801580526e-5
1461,3,1.5202947919622107e-5
1461,4,1.5299503791358965e-5
1461,5,1.2725048814332799e-5
1461,6,5.302268471696108e-6
1461,7,1.0869460784021295e-6
1461,8,1.0314110396437034e-6
1461,9,1.0322993697017397e-5
1461,10,2.1997714944796216e-5
1461,11,1.7526029635130986e-5
1461,12,2.0946919748638767e-5
1462,1,1.8437001816533563e-5
1462,2,1.8417473375850227e-5
1462,3,1.136284610079862e-5
1462,4,1.4521283649282333e-5
1462,5,8.088145294289386e-6
1462,6,5.610737428116579e-6
1462,7,1.7287567509749077e-6
1462,8,1.1714236090695157e-6
1462,9,7.931801997379881e-6
1462,10,2.5136518880973935e-5
1462,11,1.8825246147091066e-5
1462,12,1.3433186328943897e-5
1463,1,1.9446001246048637e-5
1463,2,1.5374102841948355e-5
1463,3,1.9559599917832988e-5
1463,4,1.50472518179655e-5
1463,5,9.913464852041403e-6
1463,6,6.308476565796748e-6
1463,7,3.9780932980843985e-6
1463,8,8.003193459872015e-7
1463,9,1.1767501048987647e-5
1463,10,2.205993958138692e-5
1463,11,1.9469526777126042e-5
1463,12,1.471419612360931e-5
1464,1,1.71607414700074e-5
1464,2,1.314772563211273e-5
1464,3,1.478246563753864e-5
1464,4,1.4600737531038699e-5
1464,5,1.393882384668529e-5
1464,6,5.513445767451548e-6
1464,7,9.578613520143885e-7
1464,8,2.445048475235047e-6
1464,9,9.499363558582963e-6
1464,10,1.8247444875830378e-5
1464,11,1.578798262453901e-5
1464,12,2.060509842016796e-5
1465,1,1.7581597536008886e-5
1465,2,2.1031974065657864e-5
1465,3,1.1964626980925565e-5
1465,4,1.8502050325686706e-5
1465,5,1.1358738660371129e-5
1465,6,5.9796528683018955e-6
1465,7,3.101675934190736e-6
1465,8,1.421224029813821e-6
1465,9,1.1500125105078662e-5
1465,10,1.940706041440172e-5
1465,11,2.3244348085543956e-5
1465,12,1.540632222709686e-5
1466,1,1.3500647465658405e-5
1466,2,1.4665309374830778e-5
1466,3,1.3723283185579215e-5
1466,4,1.568870588177628e-5
1466,5,9.27899899618117e-6
1466,6,9.201539111390457e-6
1466,7,9.605877849322393e-7
1466,8,1.536309260492107e-6
1466,9,1.0493571876526748e-5
1466,10,2.3680958418990723e-5
1466,11,2.000716553410384e-5
1466,12,1.8666487520092222e-5
1467,1,1.4385100691755737e-5
1467,2,1.707437721637913e-5
1467,3,1.5250253486445306e-5
1467,4,1.4046189730804913e-5
1467,5,1.1718036162602237e-5
1467,6,9.278130977992725e-6
1467,7,1.8992543983452885e-6
1467,8,1.973594185901064e-6
1467,9,1.203009811308093e-5
1467,10,2.3086390933375965e-5
1467,11,2.1234129654080665e-5
1467,12,2.0965011426110163e-5
1468,1,2.3297538706040148e-5
1468,2,2.3487274913002194e-5
1468,3,1.5328631458761724e-5
1468,4,1.6526599257340765e-5
1468,5,1.2556712178397266e-5
1468,6,3.6374676905494633e-6
1468,7,1.7717298502809293e-6
1468,8,9.527865454799814e-7
1468,9,1.1254167405686621e-5
1468,10,2.044810399743774e-5
1468,11,1.7759266721929777e-5
1468,12,1.559354332476311e-5
1469,1,1.936336957458182e-5
1469,2,1.3917371769572852e-5
1469,3,1.2026314108160722e-5
1469,4,1.5188355123146219e-5
1469,5,1.5558755258353243e-5
1469,6,9.619872623073327e-6
1469,7,2.261511560424609e-6
1469,8,2.3055215615169154e-6
1469,9,7.612588258257506e-6
1469,10,1.4886415692017317e-5
1469,11,1.696970438386414e-5
1469,12,1.228113426789895e-5
1470,1,1.6995818148551815e-5
1470,2,1.709602505991971e-5
1470,3,1.8618622833844934e-5
1470,4,1.0680348199466945e-5
1470,5,1.5090973464193958e-5
1470,6,5.045652641569171e-6
1470,7,2.9760217383030575e-7
1470,8,2.043216934613198e-6
1470,9,9.990760191329242e-6
1470,10,1.8058143333760492e-5
1470,11,1.608387667418118e-5
1470,12,1.5251879266716409e-5
1471,1,1.6996346667252533e-5
1471,2,2.022551700967412e-5
1471,3,1.4181608709774765e-5
1471,4,1.3221872720620178e-5
1471,5,1.3672929565320143e-5
1471,6,5.946576339308848e-6
1471,7,6.799994344440349e-7
1471,8,2.4543372073648335e-6
1471,9,1.3532296769533375e-5
1471,10,2.1596909331229213e-5
1471,11,2.144461180709034e-5
1471,12,1.4568829017200852e-5
1472,1,1.9146238747544662e-5
1472,2,1.700265355147132e-5
1472,3,1.500695070721714e-5
1472,4,1.916211654814967e-5
1472,5,1.5380292466096224e-5
1472,6,8.509157837084805e-6
1472,7,3.358806806953359e-6
1472,8,2.056879942241728e-6
1472,9,9.315211420092921e-6
1472,10,2.159995829900315e-5
1472,11,1.9129700895355195e-5
1472,12,1.9617996801368462e-5
1473,1,1.881083068680743e-5
1473,2,1.5413872516459493e-5
1473,3,1.1286705681397931e-5
1473,4,1.301594600809296e-5
1473,5,1.1425450488635229e-5
1473,6,8.388777079223272e-6
1473,7,2.108166154565032e-6
1473,8,1.0611605717095666e-6
1473,9,8.034351059178385e-6
1473,10,2.6865329751935977e-5
1473,11,2.3439688830248118e-5
1473,12,1.802071888952375e-5
1474,1,2.1301856254847785e-5
1474,2,1.5892221359026442e-5
1474,3,1.570893356068988e-5
1474,4,1.4369425049083887e-5
1474,5,1.234289522344432e-5
1474,6,6.0367157726826156e-06
1474,7,1.3859682597009724e-6
1474,8,1.9492272099149246e-6
1474,9,1.1888759514377517e-5
1474,10,1.919111985034175e-5
1474,11,1.7859724404607707e-5
1474,12,2.2188312212812927e-5
1475,1,1.4611388734147424e-5
1475,2,1.908315094547722e-5
1475,3,1.5694799066412155e-5
1475,4,1.5053517268614894e-5
1475,5,1.1278950717808538e-5
1475,6,4.532684001120939e-6
1475,7,1.9616821203621105e-6
1475,8,1.05385558734155e-6
1475,9,1.071768532191278e-5
1475,10,2.5218640728610605e-5
1475,11,2.0293507539664505e-5
1475,12,2.0030882010547382e-5
1476,1,1.6468580190014835e-5
1476,2,1.557235413988104e-5
1476,3,1.3473877865736719e-5
1476,4,1.1591887681994952e-5
1476,5,1.0418481303671796e-5
1476,6,6.6383935319551704e-6
1476,7,5.541445640719679e-7
1476,8,1.951633667512451e-6
1476,9,1.1996516854605184e-5
1476,10,2.2604422728364766e-5
1476,11,2.3283495004350877e-5
1476,12,1.642442034503212e-5
1477,1,1.7104808923772707e-5
1477,2,2.0724534631898445e-5
1477,3,1.5001877189220315e-5
1477,4,1.4517859986557529e-5
1477,5,1.1342095771292353e-5
1477,6,7.444416797246104e-6
1477,7,2.079117977384611e-6
1477,8,2.0318290239349517e-6
1477,9,1.3711899047158946e-5
1477,10,2.1535425358658658e-5
1477,11,2.427411316850245e-5
1477,12,1.7360421904108753e-5
1478,1,1.742033684790673e-5
1478,2,1.974832334284277e-5
1478,3,1.4787435974753805e-5
1478,4,1.4852341925834098e-5
1478,5,1.6005855392227008e-5
1478,6,6.9386016508205596e-6
1478,7,2.369793094470247e-6
1478,8,2.0760184908730293e-6
1478,9,1.5430182310908672e-5
1478,10,1.775543356819822e-5
1478,11,1.600189500205951e-5
1478,12,1.8407208273861203e-5
1479,1,1.558208502073055e-5
1479,2,1.878267936436556e-5
1479,3,1.604157393864727e-5
1479,4,1.382590727721179e-5
1479,5,1.0528396541385777e-5
1479,6,5.379314453898175e-6
1479,7,1.90965170355061e-6
1479,8,7.674572966785969e-7
1479,9,1.280802057822479e-5
1479,10,2.1521172591058605e-5
1479,11,1.5345703461515225e-5
1479,12,1.9608035897461516e-5
1480,1,1.3607964906200127e-5
1480,2,1.936507560416704e-5
1480,3,1.4401429535020931e-5
1480,4,1.2766819670452412e-5
1480,5,9.107479974376189e-6
1480,6,5.1389001059947325e-6
1480,7,1.0748158928634668e-6
1480,8,7.270329014583164e-7
1480,9,1.6694406394960124e-5
1480,10,2.067720943034652e-5
1480,11,2.5144545425942904e-5
1480,12,1.8500425271749754e-5
1481,1,2.07416280872554e-5
1481,2,1.3411129080112024e-5
1481,3,1.2499116378551061e-5
1481,4,1.444241426071468e-5
1481,5,9.369870451038586e-6
1481,6,7.894774437571542e-6
1481,7,2.97290647278717e-6
1481,8,1.2935173737730482e-6
1481,9,1.043441600859658e-5
1481,10,2.296168042223078e-5
1481,11,2.154500536114884e-5
1481,12,2.0695116754821276e-5
1482,1,1.6251268061355788e-5
1482,2,1.9714121660754192e-5
1482,3,1.3909368737895168e-5
1482,4,1.552470310662631e-5
1482,5,1.2212365064486844e-5
1482,6,9.798918606609175e-6
1482,7,6.671847183938415e-7
1482,8,1.7159458505343707e-6
1482,9,8.736490776677028e-6
1482,10,2.104887001819727e-5
1482,11,1.7215987128580547e-5
1482,12,1.8643548936953738e-5
1483,1,1.982543584949984e-5
1483,2,1.611206508087606e-5
1483,3,1.4470530963252175e-5
1483,4,1.3228492949887469e-5
1483,5,1.0442144842930441e-5
1483,6,5.151907698084695e-6
1483,7,5.513296463844621e-7
1483,8,1.4251712584308525e-6
1483,9,1.275518732376632e-5
1483,10,1.6741799362083736e-5
1483,11,1.8908783715562806e-5
1483,12,2.1969163076216223e-5
1484,1,1.3930966242694702e-5
1484,2,1.7461012122847303e-5
1484,3,2.0912918596200556e-5
1484,4,1.3280932529028838e-5
1484,5,9.657730677731754e-6
1484,6,2.9839633960673496e-6
1484,7,1.0231106063357382e-6
1484,8,1.7622739751997996e-6
1484,9,1.4359379496376045e-5
1484,10,2.030354067837853e-5
1484,11,2.1352223776985435e-5
1484,12,2.2531016031524305e-5
1485,1,1.8329622162505854e-5
1485,2,1.1663369576380526e-5
1485,3,1.2759696573264589e-5
1485,4,1.6070050943126803e-5
1485,5,1.2375475136139342e-5
1485,6,6.362330588030925e-6
1485,7,1.8175581335647006e-6
1485,8,1.977330484719773e-6
1485,9,1.0285451858934036e-5
1485,10,1.935749783464923e-5
1485,11,2.3278169519378545e-5
1485,12,2.3268137211355716e-5
1486,1,1.8747639216476617e-5
1486,2,1.598835082632504e-5
1486,3,1.0306483908053262e-5
1486,4,1.5242101968940247e-5
1486,5,1.1108332852576704e-5
1486,6,4.895161981529593e-6
1486,7,3.276832469053039e-7
1486,8,2.2592272248356352e-6
1486,9,1.0065160065598233e-5
1486,10,1.9868326698131323e-5
1486,11,1.6191641679233035e-5
1486,12,1.4290230410122987e-5
1487,1,1.618332434426608e-5
1487,2,1.808390678991461e-5
1487,3,1.7793191767120504e-5
1487,4,1.6995841526091848e-5
1487,5,1.3255634554313772e-5
1487,6,6.8631642162804674e-6
1487,7,1.6097918898720403e-6
1487,8,6.107980356962277e-7
1487,9,1.3367815888694563e-5
1487,10,2.1612132909626592e-5
1487,11,2.084144193508398e-5
1487,12,2.0115967651572104e-5
1488,1,1.5435639412806974e-5
1488,2,1.850274238222654e-5
1488,3,1.8487530910098247e-5
1488,4,1.4022261191022328e-5
1488,5,1.4529711077346144e-5
1488,6,5.522681568846931e-6
1488,7,3.209984684247884e-6
1488,8,2.174270006997479e-6
1488,9,1.0751900982722829e-5
1488,10,2.2959680632085145e-5
1488,11,2.359386794131794e-5
1488,12,1.8522510986896794e-5
1489,1,1.4571085351774927e-5
1489,2,1.8403187190311733e-5
1489,3,1.6662132349464095e-5
1489,4,1.530294098196888e-5
1489,5,1.2088066216976215e-5
1489,6,6.11859714127302e-6
1489,7,2.1087066747454713e-6
1489,8,1.9096776788462658e-6
1489,9,8.343993890834436e-6
1489,10,2.2552952216903855e-5
1489,11,1.5544225622048556e-5
1489,12,2.2728761512338075e-5
1490,1,1.896003137315605e-5
1490,2,1.4787778824433316e-5
1490,3,1.4975666239681349e-5
1490,4,1.345184550028684e-5
1490,5,1.4199316248949341e-5
1490,6,5.581579746224182e-6
1490,7,2.0898593613133073e-6
1490,8,2.954715491829769e-6
1490,9,1.3474790717927043e-5
1490,10,1.9444352757780376e-5
1490,11,1.9237643157317896e-5
1490,12,1.2688788861066332e-5
1491,1,1.987645697314878e-5
1491,2,1.4839166934811363e-5
1491,3,1.2812781080799056e-5
1491,4,1.685575147763209e-5
1491,5,1.1854691346577532e-5
1491,6,4.771907887529491e-6
1491,7,2.7350420936663466e-6
1491,8,1.3036392086671922e-6
1491,9,1.005156909763278e-5
1491,10,2.132828834193088e-5
1491,11,2.087256629396091e-5
1491,12,1.8820684796128406e-5
1492,1,1.90850516234694e-5
1492,2,1.4391760549923358e-5
1492,3,1.4341151185030473e-5
1492,4,1.7011996474806133e-5
1492,5,1.329826503155432e-5
1492,6,7.13500246427056e-6
1492,7,1.6614195152688976e-6
1492,8,2.379082619922096e-6
1492,9,9.80346858202897e-6
1492,10,1.9344795561339957e-5
1492,11,1.7710396812016925e-5
1492,12,2.156753149782913e-5
1493,1,1.537950849603205e-5
1493,2,1.2718807932227482e-5
1493,3,1.4598532283540508e-5
1493,4,1.8228390518075375e-5
1493,5,1.2613461260441534e-5
1493,6,4.8900572744533115e-6
1493,7,1.256012892747952e-6
1493,8,9.24367729023003e-7
1493,9,8.426604751837858e-6
1493,10,2.4473067523339216e-5
1493,11,1.8761184286113102e-5
1493,12,2.025519674542584e-5
1494,1,1.4252349575259483e-5
1494,2,1.3784614238239368e-5
1494,3,1.3075407977997376e-5
1494,4,1.6603721515168626e-5
1494,5,1.5045715491700005e-5
1494,6,6.005794736825634e-6
1494,7,1.5659248147699755e-6
1494,8,8.483457998186491e-7
1494,9,1.3550951629092716e-5
1494,10,2.328583696520696e-5
1494,11,2.1450031605640688e-5
1494,12,1.5861280956706162e-5
1495,1,2.1278030289711123e-5
1495,2,1.788402573250089e-5
1495,3,1.809206907879679e-5
1495,4,1.2606851723764553e-5
1495,5,1.1467766887384556e-5
1495,6,8.756952961636672e-6
1495,7,2.0329305939134445e-6
1495,8,1.2946308476586495e-6
1495,9,1.249840174001e-5
1495,10,1.945697576198635e-5
1495,11,2.5651120024241945e-5
1495,12,2.0845411138425426e-5
1496,1,1.7180224356179236e-5
1496,2,1.7729165251003872e-5
1496,3,1.669284193793319e-5
1496,4,1.305133026175078e-5
1496,5,8.684891560475734e-6
1496,6,5.337558455138126e-6
1496,7,1.352888878127895e-6
1496,8,2.12455744579573e-6
1496,9,1.0288637028417338e-5
1496,10,2.2601756345621966e-5
1496,11,2.0272488433856164e-5
1496,12,2.2335025464855965e-5
1497,1,1.994809665689911e-5
1497,2,1.5174425548871981e-5
1497,3,1.0669701871886578e-5
1497,4,1.1844577346939058e-5
1497,5,1.2025667828145141e-5
1497,6,4.540073624880331e-6
1497,7,1.2462245988633048e-6
1497,8,3.7927139027178036e-6
1497,9,8.82447977043178e-6
1497,10,2.728255821239532e-5
1497,11,2.1252025375210094e-5
1497,12,1.7874005140837787e-5
1498,1,1.337037737356009e-5
1498,2,1.910668734636715e-5
1498,3,1.4264185155975719e-5
1498,4,1.4709221578028108e-5
1498,5,1.0371825734089298e-5
1498,6,5.6332898301524495e-6
1498,7,6.250822588001094e-7
1498,8,9.018933379752607e-7
1498,9,1.0666196905344747e-5
1498,10,1.9380578581495852e-5
1498,11,2.1649100660206166e-5
1498,12,1.8386021419197087e-5
1499,1,1.619926665509841e-5
1499,2,1.666974098850134e-5
1499,3,1.3139503993450692e-5
1499,4,1.438609639330354e-5
1499,5,1.116455854257141e-5
1499,6,3.889957363662895e-6
1499,7,2.5285449201647605e-6
1499,8,1.0469158214064358e-6
1499,9,6.523709333918868e-6
1499,10,2.0594166522432738e-5
1499,11,2.2825532552096713e-5
1499,12,1.641626690935021e-5
1500,1,1.788794773843686e-5
1500,2,1.3454781584868295e-5
1500,3,1.0844161394766122e-5
1500,4,1.4669867682525257e-5
1500,5,1.3761018346291198e-5
1500,6,5.531380967586465e-6
1500,7,1.8007769627492596e-6
1500,8,1.1978057600911716e-6
1500,9,9.355606618389114e-6
1500,10,2.493307861918685e-5
1500,11,1.9819113955848475e-5
1500,12,1.2868535820428965e-5
1501,1,1.734948547325614e-5
1501,2,1.9510635845358822e-5
1501,3,1.7383231954438735e-5
1501,4,1.8836298677496456e-5
1501,5,1.0583429044370886e-5
1501,6,7.3695166074253445e-6
1501,7,1.0200791656927219e-6
1501,8,9.284979714918935e-7
1501,9,9.294456378039661e-6
1501,10,2.1850108942179963e-5
1501,11,1.4982499524554224e-5
1501,12,1.8595690341747418e-5
1502,1,2.2667222666028073e-5
1502,2,1.5494157456302277e-5
1502,3,1.6455653932947842e-5
1502,4,2.0924614839243474e-5
1502,5,1.2027581607837485e-5
1502,6,4.8215921387828225e-6
1502,7,9.744403542597374e-7
1502,8,1.8646968355143559e-6
1502,9,1.038546938589358e-5
1502,10,1.7755473605807765e-5
1502,11,2.1167211735501588e-5
1502,12,1.9778574322818357e-5
1503,1,1.55379960281051e-5
1503,2,1.922842773772445e-5
1503,3,1.9197230362994525e-5
1503,4,1.888553827472246e-5
1503,5,1.5411003719964436e-5
1503,6,4.5964987329009695e-6
1503,7,1.331955482216905e-6
1503,8,1.4005755727757842e-6
1503,9,6.171184338393684e-6
1503,10,2.365528586192655e-5
1503,11,2.0398278966064716e-5
1503,12,1.6989431762716213e-5
1504,1,1.7994691232033662e-5
1504,2,1.898551279277618e-5
1504,3,1.2058120955592566e-5
1504,4,1.622138354544581e-5
1504,5,1.0133666931540599e-5
1504,6,6.67786702441728e-6
1504,7,7.84671263792059e-7
1504,8,9.71158721284962e-7
1504,9,1.3391565157745895e-5
1504,10,2.0751109331925005e-5
1504,11,1.7490264373231654e-5
1504,12,2.0586062625970364e-5
1505,1,2.4347438381201717e-5
1505,2,1.9527908022975235e-5
1505,3,1.3083747005563096e-5
1505,4,1.6007875418821087e-5
1505,5,1.3559149563147118e-5
1505,6,6.687002692595425e-6
1505,7,1.3688511993310849e-6
1505,8,2.258090256302409e-6
1505,9,1.4153485478632763e-5
1505,10,1.867074517469498e-5
1505,11,1.9362682579926133e-5
1505,12,2.1430559372583948e-5
1506,1,2.145947721816332e-5
1506,2,1.7585848769047716e-5
1506,3,1.4775261878161758e-5
1506,4,1.5660816770045097e-5
1506,5,1.4575136935392169e-5
1506,6,7.073658837672047e-6
1506,7,1.0474496123757772e-6
1506,8,5.272162261533743e-6
1506,9,1.2965157734172792e-5
1506,10,2.3388553519383635e-5
1506,11,2.2174470649382573e-5
1506,12,1.6260301050460006e-5
1507,1,2.2762845796505292e-5
1507,2,1.5197471292758048e-5
1507,3,1.5184078329221733e-5
1507,4,2.0556961065948623e-5
1507,5,1.2031651329786689e-5
1507,6,8.920916761319874e-6
1507,7,1.931272158482535e-6
1507,8,2.5871143894319307e-6
1507,9,1.1590016254803065e-5
1507,10,2.1884285635036737e-5
1507,11,2.0710814889741934e-5
1507,12,2.233409728386075e-5
1508,1,1.7230873519906808e-5
1508,2,1.564874423357117e-5
1508,3,1.7283941426271432e-5
1508,4,1.6204881572705602e-5
1508,5,1.5036532457170995e-5
1508,6,5.518023876719927e-6
1508,7,2.1311563517116337e-06
1508,8,2.2754630017086765e-6
1508,9,1.2617937914294037e-5
1508,10,2.315794612106325e-5
1508,11,1.9965840228219174e-5
1508,12,2.1684596339921374e-5
1509,1,1.5656557126705244e-5
1509,2,1.747429010300131e-5
1509,3,1.2810830864539565e-5
1509,4,1.6015402602739648e-5
1509,5,1.4111578292967228e-5
1509,6,5.870030799287371e-6
1509,7,4.014828164118009e-6
1509,8,8.99265334410493e-7
1509,9,8.836917939561864e-6
1509,10,1.7895282359418853e-5
1509,11,1.8670868335254035e-5
1509,12,1.905136582361531e-5
1510,1,1.7962021416815012e-5
1510,2,1.7436426016585416e-5
1510,3,1.618092202287085e-5
1510,4,1.6364015722474878e-5
1510,5,1.1410896070600466e-5
1510,6,6.054398925004809e-6
1510,7,2.8963535227385785e-6
1510,8,1.3866156501670442e-6
1510,9,1.0298318041863809e-5
1510,10,1.8993672820016063e-5
1510,11,2.1795414051231673e-5
1510,12,1.569822764217447e-5
1511,1,1.876067083020149e-5
1511,2,2.1075883457455335e-5
1511,3,1.1951867919748967e-5
1511,4,1.3244291957570425e-5
1511,5,8.327617917299924e-6
1511,6,3.850558107796767e-6
1511,7,1.2377122566075672e-6
1511,8,1.9447820830161808e-6
1511,9,8.574556686936128e-6
1511,10,2.0212081083390367e-5
1511,11,1.4532744676826638e-5
1511,12,1.9866053013655483e-5
1512,1,1.6307979762015474e-5
1512,2,1.8504242426437477e-5
1512,3,1.4224381459277194e-5
1512,4,1.2926420152801664e-5
1512,5,1.3559470052317917e-5
1512,6,5.284445070208556e-6
1512,7,1.0057415685919307e-6
1512,8,1.7553992957617228e-6
1512,9,1.2807494238680086e-5
1512,10,2.307689027876078e-5
1512,11,2.0494860228945792e-5
1512,12,2.1119409855677323e-5
1513,1,1.896842189261542e-5
1513,2,1.6879056162561423e-5
1513,3,9.84292179176658e-6
1513,4,1.1539465366363184e-5
1513,5,1.2401472076237258e-5
1513,6,5.6471688942762724e-6
1513,7,1.3140489054195783e-6
1513,8,1.4974242666929604e-6
1513,9,1.1169703726214117e-5
1513,10,2.5089590757559787e-5
1513,11,1.7633638436691726e-5
1513,12,1.6597336601720723e-5
1514,1,1.56606480340456e-5
1514,2,1.9787253599942707e-5
1514,3,1.6008296051850346e-5
1514,4,1.3625788510336329e-5
1514,5,1.394441847424707e-5
1514,6,8.403102182960773e-6
1514,7,1.1198638530577396e-6
1514,8,1.452016822868646e-6
1514,9,8.65144621364659e-6
1514,10,2.3944680552406763e-5
1514,11,2.2232319540344258e-5
1514,12,1.7285630168052826e-5
1515,1,2.111265726312341e-5
1515,2,1.8107259941247436e-5
1515,3,1.2525824165589073e-5
1515,4,1.5941418908364274e-5
1515,5,1.1170103024514577e-5
1515,6,3.6166813685948316e-6
1515,7,1.1456601500555581e-6
1515,8,1.3816297515820879e-6
1515,9,8.751426456586425e-6
1515,10,2.0234565299018645e-5
1515,11,1.6795780145678233e-5
1515,12,2.0025294177764077e-5
1516,1,1.984934816388655e-5
1516,2,9.876307501057227e-6
1516,3,1.526008890306267e-5
1516,4,1.1341759526779675e-5
1516,5,1.3550181669299432e-5
1516,6,8.982490876384076e-6
1516,7,2.146763419296423e-6
1516,8,1.296250439715615e-6
1516,9,8.336935505548213e-6
1516,10,2.099684982401484e-5
1516,11,1.7058280865181412e-5
1516,12,1.7695986782027112e-5
1517,1,1.4667864965253865e-5
1517,2,1.8163059397292032e-5
1517,3,1.4672141397979603e-5
1517,4,1.4066024375983796e-5
1517,5,1.08114497919175e-5
1517,6,4.867531634938388e-6
1517,7,1.7294150779383535e-6
1517,8,8.343089517766768e-7
1517,9,1.1192769628011607e-5
1517,10,2.284908869325609e-5
1517,11,1.6156652797336734e-5
1517,12,2.1486825969922975e-5
1518,1,2.494772591720232e-5
1518,2,1.7751322839857105e-5
1518,3,1.6499217839686467e-5
1518,4,1.4473193858270635e-5
1518,5,1.2499283517173524e-5
1518,6,6.127963014705625e-6
1518,7,1.009555977691413e-6
1518,8,9.390923473178975e-7
1518,9,9.198454430685714e-6
1518,10,2.0438324966322972e-5
1518,11,1.9516697444189418e-5
1518,12,1.3045619417537412e-5
1519,1,1.708238910334727e-5
1519,2,1.3247812365959828e-5
1519,3,1.3042222413393497e-5
1519,4,1.6356562094031284e-5
1519,5,1.2432189532919875e-5
1519,6,5.122256436566581e-6
1519,7,1.4996270378909573e-6
1519,8,1.6681542387696592e-6
1519,9,9.340782610747761e-6
1519,10,1.9829148266404917e-5
1519,11,1.6459254626231777e-5
1519,12,1.2859402327976795e-5
1520,1,1.3747633785853476e-5
1520,2,1.4329191874745125e-5
1520,3,1.4704721767033658e-5
1520,4,1.5004514906811835e-5
1520,5,1.3858034009148515e-5
1520,6,7.78515609698138e-6
1520,7,1.5464319843872418e-6
1520,8,2.257780099719824e-6
1520,9,1.3297056619984219e-5
1520,10,2.3069052384416373e-5
1520,11,1.9538542008235587e-5
1520,12,1.8481075770167956e-5
1521,1,1.8121433649675832e-5
1521,2,1.819707672587575e-5
1521,3,1.3584290104235006e-5
1521,4,1.6827613397121247e-5
1521,5,1.1493461914805169e-5
1521,6,4.7232625025242176e-6
1521,7,9.243647005117592e-7
1521,8,2.471489107788949e-6
1521,9,1.1125033917633863e-5
1521,10,1.7764959749103265e-5
1521,11,1.981915284186836e-5
1521,12,2.1753867167914028e-5
1522,1,1.849026253003153e-5
1522,2,1.5233929983290163e-5
1522,3,1.673401058932955e-5
1522,4,1.6464270743981346e-5
1522,5,9.726708864375484e-6
1522,6,7.755731164893e-6
1522,7,2.642757030190652e-6
1522,8,2.0234337772318206e-6
1522,9,1.2479682061826554e-5
1522,10,1.878015395930793e-5
1522,11,2.4255013177563157e-5
1522,12,1.6834248978452793e-5
1523,1,1.6266797788122887e-5
1523,2,1.5364604288373684e-5
1523,3,1.4022387485224004e-5
1523,4,1.4983255270249128e-5
1523,5,1.1786379117563012e-5
1523,6,5.6311039631416445e-6
1523,7,4.534608001175374e-7
1523,8,1.9445344401020643e-6
1523,9,9.731668859755155e-6
1523,10,2.44470389925219e-5
1523,11,2.017026417197072e-5
1523,12,2.1792929482692772e-5
1524,1,1.3268362395691312e-5
1524,2,1.8779016983302227e-5
1524,3,1.3234035370837323e-5
1524,4,1.5246451748286229e-5
1524,5,1.243446748246187e-5
1524,6,6.364119308048283e-6
1524,7,3.088345365511786e-6
1524,8,1.7732713298975247e-6
1524,9,1.434155501223472e-5
1524,10,2.7257472305154547e-5
1524,11,1.903591556227089e-5
1524,12,1.8248051649662526e-5
1525,1,1.997572141961139e-5
1525,2,1.5083375297061956e-5
1525,3,1.2667659333453487e-5
1525,4,1.8459573086647e-5
1525,5,1.0859402537064193e-5
1525,6,5.820276339047589e-6
1525,7,1.6755883911185376e-6
1525,8,2.6261835582103363e-6
1525,9,1.0942771724682403e-5
1525,10,2.0468913834879433e-5
1525,11,2.049339972971233e-5
1525,12,1.788558223623837e-5
1526,1,1.5315942915202496e-5
1526,2,1.6472125903257323e-5
1526,3,1.6485523080259763e-5
1526,4,1.3429054641016246e-5
1526,5,1.1174395474151796e-5
1526,6,5.648135318622895e-6
1526,7,8.578710172927346e-7
1526,8,1.5057203042391845e-6
1526,9,7.660833183383925e-6
1526,10,1.9950029733665722e-5
1526,11,1.7662711808067324e-5
1526,12,1.7207629808507457e-5
1527,1,1.608252318419107e-5
1527,2,1.1184561663892008e-5
1527,3,1.502512348469812e-5
1527,4,1.4114883025530582e-5
1527,5,9.849233475061075e-6
1527,6,6.4719325187287755e-6
1527,7,1.6579539877169335e-6
1527,8,8.991470203361657e-7
1527,9,1.055476324705117e-5
1527,10,1.7452472779420412e-5
1527,11,1.8819418509355108e-5
1527,12,2.0637771661743712e-5
1528,1,1.730289613111037e-5
1528,2,2.0767524305297515e-5
1528,3,1.575982515582565e-5
1528,4,1.3225516446392138e-5
1528,5,1.1662892108103347e-5
1528,6,7.500077205555647e-6
1528,7,1.2842378509605625e-6
1528,8,1.3112090990080861e-6
1528,9,1.0104337874323727e-5
1528,10,2.2757214504662807e-5
1528,11,1.6430950625939766e-5
1528,12,1.3821021583771636e-5
1529,1,1.789515290737539e-5
1529,2,1.8792167036766504e-5
1529,3,1.389820246418817e-5
1529,4,1.7073864022047388e-5
1529,5,1.0527599990592687e-5
1529,6,5.7123077645428026e-6
1529,7,3.380358135434308e-6
1529,8,2.4677835352628453e-6
1529,9,1.162517939989794e-5
1529,10,1.6425036643279827e-5
1529,11,1.8327403429229275e-5
1529,12,1.4175929763487652e-5
1530,1,1.736222591465937e-5
1530,2,1.4980927816503814e-5
1530,3,1.4269525344028423e-5
1530,4,1.5552287759771916e-5
1530,5,1.1715235819281112e-5
1530,6,7.736422006043017e-6
1530,7,1.1324971130326546e-6
1530,8,2.223618462186704e-6
1530,9,9.670148234883644e-6
1530,10,2.4005229698950437e-5
1530,11,2.0993977204957165e-5
1530,12,1.620961522158438e-5
1531,1,1.8232895216931954e-5
1531,2,1.2405730386455073e-5
1531,3,1.1960232676385118e-5
1531,4,1.4621724656409533e-5
1531,5,1.3049634499291051e-5
1531,6,5.279406240620482e-6
1531,7,7.296050840886041e-7
1531,8,1.8955904254007546e-6
1531,9,9.033589159474568e-6
1531,10,2.000604659043235e-5
1531,11,1.9562937025550007e-5
1531,12,1.9571114399181534e-05
1532,1,1.81105750493915e-5
1532,2,1.8291415844602424e-5
1532,3,1.5600912850732405e-5
1532,4,1.3808256868143423e-5
1532,5,1.1735678702283687e-5
1532,6,4.816899254601123e-6
1532,7,1.4458912046070004e-6
1532,8,1.8932945873529333e-6
1532,9,9.453789876957579e-6
1532,10,2.2602650052990242e-5
1532,11,2.7374469636116277e-5
1532,12,1.9180679515790366e-5
1533,1,1.7290311528906078e-5
1533,2,1.8473565268830046e-5
1533,3,1.2100770822668931e-5
1533,4,1.3509554288494347e-5
1533,5,1.2173678147128462e-5
1533,6,8.436431959373471e-6
1533,7,6.008926949307884e-7
1533,8,1.7895359967038218e-6
1533,9,1.0422862782583162e-5
1533,10,1.5416997447192197e-5
1533,11,1.8912039715972452e-5
1533,12,2.0169298230934085e-5
1534,1,1.676618843443807e-5
1534,2,1.997642774131957e-5
1534,3,1.4461837460587618e-5
1534,4,1.4732095856531512e-5
1534,5,1.4354822567805697e-5
1534,6,4.534770130645187e-6
1534,7,8.002867372167956e-7
1534,8,1.7642785406285388e-6
1534,9,9.629195248022657e-6
1534,10,1.9613172467098952e-5
1534,11,2.0034932361792852e-5
1534,12,1.799347213762743e-5
1535,1,1.8456246554764094e-5
1535,2,1.940425346938677e-5
1535,3,1.7479865792775164e-5
1535,4,1.6193567336984594e-5
1535,5,1.1214495032524565e-5
1535,6,5.446822907981297e-6
1535,7,1.7011206884579149e-6
1535,8,1.1393178177844111e-6
1535,9,9.083400855219355e-6
1535,10,1.972009827217415e-5
1535,11,2.2990282680169242e-5
1535,12,1.552272516393128e-5
1536,1,1.4939456442042502e-5
1536,2,1.3664148973332392e-5
1536,3,1.5138398534964093e-5
1536,4,1.2987216262132208e-5
1536,5,1.3935356426886852e-5
1536,6,5.589623265800755e-6
1536,7,1.3939356140822773e-6
1536,8,1.2774079772379407e-6
1536,9,1.114865256878504e-5
1536,10,2.199844124335087e-5
1536,11,2.231479614249798e-5
1536,12,1.9574506480950373e-5
1537,1,2.0944048330607584e-5
1537,2,1.7356403655693067e-5
1537,3,1.577298553134047e-5
1537,4,1.5810824905875323e-5
1537,5,1.2429671208444425e-5
1537,6,4.301627202368775e-6
1537,7,1.2973166107986938e-6
1537,8,1.1340644641527227e-6
1537,9,1.0650239754556569e-5
1537,10,2.45758286493927e-5
1537,11,1.988070421089939e-5
1537,12,1.7512852623169093e-5
1538,1,2.2012946347085634e-5
1538,2,1.5539785214354527e-5
1538,3,1.2939945894789245e-5
1538,4,1.043832428970931e-5
1538,5,9.525948712430506e-6
1538,6,5.536153881840264e-6
1538,7,1.315471814617971e-6
1538,8,2.149097810138645e-6
1538,9,8.401118070954623e-6
1538,10,2.220307903626185e-5
1538,11,1.783890260977577e-5
1538,12,1.5910758909783393e-5
1539,1,1.3901814794923912e-5
1539,2,1.6080651517604954e-5
1539,3,1.637055061216366e-5
1539,4,1.6648323050817976e-5
1539,5,1.333648353624386e-5
1539,6,5.5914531292990216e-6
1539,7,1.4443342560247897e-6
1539,8,1.6999801576749425e-6
1539,9,1.14508088773457e-5
1539,10,1.8235080201972895e-5
1539,11,2.231312299907791e-5
1539,12,1.7567768041410056e-5
1540,1,1.6325955771597544e-5
1540,2,1.7420421631084822e-5
1540,3,1.4429811176720357e-5
1540,4,1.4613804050015573e-5
1540,5,1.0529565922564997e-5
1540,6,3.112336427406675e-6
1540,7,8.49646277343476e-7
1540,8,2.5068166910580725e-6
1540,9,1.3462404568949103e-5
1540,10,1.8309043882959976e-5
1540,11,1.6846596163929286e-5
1540,12,1.8202603505697334e-5
1541,1,2.1004715606514323e-5
1541,2,2.195289041489613e-5
1541,3,1.4046247447540422e-5
1541,4,1.7788217536602497e-5
1541,5,1.3261485515457188e-5
1541,6,6.770098360309104e-6
1541,7,2.1985774609697824e-6
1541,8,1.391366480585104e-6
1541,9,1.0090436224393669e-5
1541,10,1.8479229737749583e-5
1541,11,1.7601734741372666e-5
1541,12,2.0060267430587103e-5
1542,1,1.756186506835457e-5
1542,2,1.863405413345479e-5
1542,3,1.5212982251801835e-5
1542,4,1.3728663227635656e-5
1542,5,1.3020688911392248e-5
1542,6,5.035183762054462e-6
1542,7,1.0943175780030227e-6
1542,8,2.3688451719479135e-6
1542,9,1.1090601440302283e-5
1542,10,1.8816658952692627e-5
1542,11,1.8344084369800408e-5
1542,12,1.5077504949864621e-5
1543,1,2.212992091262778e-5
1543,2,1.4516473381251595e-5
1543,3,1.40317429595822e-5
1543,4,1.2835612722307507e-5
1543,5,8.842943482929722e-6
1543,6,4.978037276614256e-6
1543,7,4.325224029254117e-7
1543,8,1.7890668854261402e-6
1543,9,9.173916240198958e-6
1543,10,2.0660378862621704e-5
1543,11,1.8102842855630657e-5
1543,12,2.6592310514461155e-5
1544,1,1.6454665033697157e-5
1544,2,1.9860331286791083e-5
1544,3,1.448105949593387e-5
1544,4,1.6300351732344588e-5
1544,5,1.180892627998714e-5
1544,6,6.176131937380471e-6
1544,7,3.9194474182064183e-7
1544,8,1.955887603355377e-6
1544,9,1.057969510303511e-5
1544,10,2.4641150156249024e-5
1544,11,2.0393999891494807e-5
1544,12,1.9191791004606745e-5
1545,1,1.715888404643259e-5
1545,2,1.4525924314354017e-5
1545,3,1.3152919324865073e-5
1545,4,1.1962239651954028e-5
1545,5,1.3074423441873559e-5
1545,6,6.271229838531769e-6
1545,7,1.2199295925709474e-6
1545,8,1.1809977756337794e-6
1545,9,7.204651666938184e-6
1545,10,1.8758149416497945e-5
1545,11,1.9874810611195653e-5
1545,12,1.721307850757393e-5
1546,1,1.9521368039184e-5
1546,2,2.1011903942209607e-5
1546,3,1.5525804530692234e-5
1546,4,1.5026851142397622e-5
1546,5,1.0991640772268077e-5
1546,6,4.166992496942533e-6
1546,7,1.0830820429673126e-6
1546,8,1.7324191207610646e-6
1546,9,8.743279416382541e-6
1546,10,2.64076435127593e-5
1546,11,2.5344590947142986e-5
1546,12,1.8638714335524458e-5
1547,1,1.3724842986840884e-5
1547,2,1.3607247533418046e-5
1547,3,1.2180430363656098e-5
1547,4,1.5229921317285774e-5
1547,5,1.1807717509949188e-5
1547,6,4.206375439674165e-6
1547,7,1.4239250664959663e-6
1547,8,1.3370194915804147e-6
1547,9,1.1731327455645934e-5
1547,10,2.3974354983128793e-5
1547,11,2.020629424650364e-5
1547,12,1.3869000978283347e-5
1548,1,1.7985705896535802e-5
1548,2,1.6339487917374696e-5
1548,3,1.4975119193880631e-5
1548,4,1.4677469980147876e-5
1548,5,9.123643252314086e-6
1548,6,3.835865040419284e-6
1548,7,1.0117396856265408e-6
1548,8,1.9768581865803296e-6
1548,9,1.1948214981613037e-5
1548,10,2.4794100272290762e-5
1548,11,1.9513554663938153e-5
1548,12,1.4533704254813386e-5
1549,1,2.0017501748186708e-5
1549,2,1.37056971170095e-5
1549,3,1.2365318730885192e-5
1549,4,1.8157647099221615e-5
1549,5,1.5625774371779238e-5
1549,6,7.212899912741231e-6
1549,7,2.733934324331114e-6
1549,8,1.5343688363444888e-6
1549,9,9.02060827314358e-6
1549,10,1.686209461649704e-5
1549,11,1.8260830659393664e-5
1549,12,1.887541825857662e-5
1550,1,1.6902233141978395e-5
1550,2,1.7883122031551752e-5
1550,3,1.4355831225960005e-5
1550,4,1.2520432744415746e-5
1550,5,1.323493611885924e-5
1550,6,5.944089526331884e-6
1550,7,2.9094249691999653e-6
1550,8,7.186088197442668e-7
1550,9,8.327623834853079e-6
1550,10,2.544358692102207e-5
1550,11,1.7255783900200984e-5
1550,12,1.879233325827557e-5
1551,1,1.4851280455718198e-5
1551,2,1.9895538761096484e-5
1551,3,1.7480978351243046e-5
1551,4,1.1873003872623794e-5
1551,5,1.3884453008924973e-5
1551,6,6.600855100505167e-6
1551,7,1.6674709296386205e-6
1551,8,1.1444378546164137e-6
1551,9,1.0646872392070933e-5
1551,10,2.4542190795434844e-5
1551,11,1.754246336541063e-5
1551,12,1.731284123939193e-5
1552,1,1.699943105535293e-5
1552,2,1.5737229287742237e-5
1552,3,1.6907107041179044e-5
1552,4,1.5534809538603013e-5
1552,5,2.0483444869131313e-5
1552,6,7.548507746734327e-6
1552,7,1.2680640466672477e-6
1552,8,1.3548038188982067e-6
1552,9,1.1081628228891862e-5
1552,10,2.223724979929921e-5
1552,11,1.9098618362034153e-5
1552,12,2.3742209779711056e-5
1553,1,1.709800257330076e-5
1553,2,1.5372755813277237e-5
1553,3,1.2692957574037443e-5
1553,4,1.1759620119660666e-5
1553,5,1.1290441698158369e-5
1553,6,5.06577651780198e-6
1553,7,2.086361537521739e-6
1553,8,2.1506873222139266e-6
1553,9,1.21065306790376e-5
1553,10,1.8223296986758097e-5
1553,11,1.616783843228221e-5
1553,12,2.0064864290599464e-5
1554,1,1.6824448914712254e-5
1554,2,1.796855094705761e-5
1554,3,1.4895788650980859e-5
1554,4,1.2680967635837997e-5
1554,5,1.0497285460389398e-5
1554,6,4.776490017710424e-6
1554,7,1.8418703326502698e-6
1554,8,1.2423207047818445e-6
1554,9,1.4933937862705534e-5
1554,10,2.1506219026495973e-5
1554,11,2.11501640982474e-5
1554,12,1.5172779288630845e-5
1555,1,1.8692948283341252e-5
1555,2,1.5746689575597454e-5
1555,3,1.2084989258546743e-5
1555,4,1.2957286513822666e-5
1555,5,6.9666794719254965e-6
1555,6,6.109610080593407e-6
1555,7,1.1781512073896103e-6
1555,8,1.7910470646983231e-6
1555,9,9.80242941535013e-6
1555,10,2.4867034885500163e-5
1555,11,1.8152216619681324e-5
1555,12,1.7430134839896512e-5
1556,1,1.67822824029364e-5
1556,2,1.3716930644436513e-5
1556,3,1.586792815644544e-5
1556,4,1.8206005612398138e-5
1556,5,1.223044830628637e-5
1556,6,6.711163208882173e-6
1556,7,9.007752124858287e-7
1556,8,1.2316816883666857e-6
1556,9,1.313231715279658e-5
1556,10,1.9075110328530216e-5
1556,11,2.133437735687245e-5
1556,12,1.7002588003438418e-5
1557,1,2.3787846338820567e-5
1557,2,1.8062106798336506e-5
1557,3,1.4622870280043632e-5
1557,4,1.3632462028677613e-5
1557,5,1.1562785077982908e-5
1557,6,6.432288267005622e-6
1557,7,1.406047188306463e-6
1557,8,1.230773237836827e-6
1557,9,9.685724440838252e-6
1557,10,2.556592566710434e-5
1557,11,2.448055971092301e-5
1557,12,2.1192614781533173e-5
1558,1,1.4158975856608739e-5
1558,2,1.3374813175737143e-5
1558,3,1.7411409694408234e-5
1558,4,1.5820707997722214e-5
1558,5,1.276028621845024e-5
1558,6,4.652952933605082e-6
1558,7,2.563604781834552e-7
1558,8,1.4880500294514297e-6
1558,9,1.0450810322021392e-5
1558,10,1.990140773575463e-5
1558,11,1.9684944417765366e-5
1558,12,1.937982196582923e-5
1559,1,2.054070632470092e-5
1559,2,1.4740262159923711e-5
1559,3,1.7737954805191914e-5
1559,4,1.6040962073418777e-5
1559,5,1.5628213567877704e-5
1559,6,3.5433628031451167e-6
1559,7,1.3622149173170305e-6
1559,8,1.5999014764426139e-6
1559,9,1.456369193086933e-5
1559,10,2.4599743648338295e-5
1559,11,2.01153276996437e-5
1559,12,1.9042496299327e-5
1560,1,2.3946153288639497e-5
1560,2,1.9501651187238987e-5
1560,3,1.464138871144613e-5
1560,4,1.1487397969271578e-5
1560,5,1.272300099654217e-5
1560,6,5.1732521601580786e-6
1560,7,1.3164100574207492e-6
1560,8,1.7375087997118979e-6
1560,9,1.1562392235204693e-5
1560,10,2.0111107275282083e-5
1560,11,1.4098371251983302e-5
1560,12,1.5636589894038606e-5
1561,1,1.7839531961167786e-5
1561,2,1.602832021980382e-5
1561,3,1.3588659699393916e-5
1561,4,1.0495876845675445e-5
1561,5,9.057929445981511e-6
1561,6,7.103304955542284e-6
1561,7,1.6701803367793749e-6
1561,8,1.7727180362452116e-6
1561,9,1.2789987427050316e-5
1561,10,2.256968263082857e-5
1561,11,2.5793471119685346e-5
1561,12,2.055456033707448e-5
1562,1,1.847866252929779e-5
1562,2,1.7304360418501466e-5
1562,3,1.5438628959369836e-5
1562,4,1.3432490510709696e-5
1562,5,1.0665469876313673e-5
1562,6,5.006744780031417e-6
1562,7,1.9942859564402873e-6
1562,8,2.6085594658217326e-6
1562,9,1.2350129592615714e-5
1562,10,2.239190448378245e-5
1562,11,2.0017468409902437e-5
1562,12,1.622981365685305e-5
1563,1,1.234657932788687e-5
1563,2,1.5313650734886617e-5
1563,3,1.5167743844591886e-5
1563,4,1.340017226624705e-5
1563,5,9.277077851810381e-6
1563,6,5.6724561420968005e-6
1563,7,1.8134596126623428e-6
1563,8,1.9578865587648497e-6
1563,9,1.0514924545538914e-5
1563,10,1.7699885520045577e-5
1563,11,1.588387168084433e-5
1563,12,1.8509824502067926e-5
1564,1,1.5802507481215615e-5
1564,2,1.7886381812010493e-5
1564,3,1.0901538291232903e-5
1564,4,1.462288748475325e-5
1564,5,1.1248285016221138e-5
1564,6,3.955115420288864e-6
1564,7,1.0643088349547406e-6
1564,8,2.1814318310379335e-6
1564,9,1.0871876765220233e-5
1564,10,2.2047686863494135e-5
1564,11,1.7158089211135414e-5
1564,12,1.8937877172022164e-5
1565,1,1.7417616287381113e-5
1565,2,1.3602257617794787e-5
1565,3,1.668307584315896e-5
1565,4,1.3389469192039916e-5
1565,5,1.2677378540756035e-5
1565,6,6.4270177448925614e-6
1565,7,1.7990832551893277e-6
1565,8,2.1294247889791566e-6
1565,9,7.705295934722252e-6
1565,10,2.252272713221542e-5
1565,11,1.9548475438923406e-5
1565,12,2.039439131688625e-5
1566,1,1.5131410326874508e-5
1566,2,1.6224922066120925e-5
1566,3,1.699286222683208e-5
1566,4,1.3395247619978968e-5
1566,5,1.11880685617058e-5
1566,6,6.25395844266399e-6
1566,7,1.5367999898798888e-6
1566,8,1.4081864645128411e-6
1566,9,1.1299737152037282e-5
1566,10,2.2655002826294563e-5
1566,11,1.9878731838187865e-5
1566,12,1.748937029062479e-5
1567,1,1.8316691690939475e-5
1567,2,1.4786522963069693e-5
1567,3,1.8172228842623753e-5
1567,4,1.3485048705408766e-5
1567,5,1.123268270940082e-5
1567,6,6.485275480426088e-6
1567,7,1.927425778095848e-6
1567,8,3.0092829928924393e-6
1567,9,1.3597333936329113e-5
1567,10,2.1958349267065375e-5
1567,11,2.2088988987092703e-5
1567,12,1.8738334702139294e-5
1568,1,1.740177454102714e-5
1568,2,1.5130685533228475e-5
1568,3,1.54167795078916e-5
1568,4,1.2919403239361098e-5
1568,5,1.2134015648684152e-5
1568,6,4.252480895296148e-6
1568,7,6.269435825084115e-7
1568,8,1.992050369662559e-6
1568,9,1.2190533961277293e-5
1568,10,2.086602420060687e-5
1568,11,1.828726602609452e-5
1568,12,1.933528051220895e-5
1569,1,1.9897100768172963e-5
1569,2,1.8626874444421533e-5
1569,3,1.469123159423129e-5
1569,4,1.594871676043339e-5
1569,5,1.0210418204267798e-5
1569,6,5.125705106992917e-6
1569,7,8.50561466260489e-7
1569,8,1.722341439672272e-6
1569,9,7.343061667748459e-6
1569,10,1.829748766361056e-5
1569,11,1.9250788551545384e-5
1569,12,1.624096424070818e-5
1570,1,1.5388045809543004e-5
1570,2,1.4563632191857887e-5
1570,3,1.4193360288348595e-5
1570,4,1.220121792220887e-5
1570,5,1.2394981684825935e-5
1570,6,5.506729408530738e-6
1570,7,1.2603416650359204e-6
1570,8,2.6841687728806075e-6
1570,9,1.023830701404806e-5
1570,10,2.0447300258465683e-5
1570,11,2.250874084813134e-5
1570,12,1.5797200564435832e-5
1571,1,1.3223385921633018e-5
1571,2,1.9141028517402136e-5
1571,3,1.3740748932566494e-5
1571,4,1.543217272687721e-5
1571,5,1.4077400865089589e-5
1571,6,5.485465583627545e-6
1571,7,1.2062794328927538e-6
1571,8,1.802127253367612e-6
1571,9,1.1872092284165565e-5
1571,10,1.7536984107571024e-5
1571,11,1.8337261906870883e-5
1571,12,1.9754882456705922e-5
1572,1,1.555582926736556e-5
1572,2,1.7540435029025947e-5
1572,3,1.4659067448870617e-5
1572,4,1.4814911256095876e-5
1572,5,9.619877336387266e-6
1572,6,5.043058388663749e-6
1572,7,5.82602073102994e-7
1572,8,2.365076776013759e-6
1572,9,6.246819665690272e-6
1572,10,2.461490171109718e-5
1572,11,1.971680506678415e-5
1572,12,1.8346102287845376e-5
1573,1,1.813450017422609e-5
1573,2,1.7133787429903163e-5
1573,3,1.325072224965369e-5
1573,4,1.2730172419505233e-5
1573,5,1.5447753266491063e-05
1573,6,6.570037142284824e-6
1573,7,1.4183654178459056e-6
1573,8,2.5162671372082935e-6
1573,9,7.441999111105127e-6
1573,10,2.4269059044715407e-5
1573,11,2.40077172779056e-5
1573,12,1.3432434516255855e-5
1574,1,1.580613118933149e-5
1574,2,2.08096138768076e-5
1574,3,1.3887332236489663e-5
1574,4,1.3138199468158321e-5
1574,5,1.4974273470655578e-5
1574,6,5.920123513965717e-6
1574,7,1.2911619488750287e-6
1574,8,1.7383783751935156e-6
1574,9,8.343495323875614e-6
1574,10,2.0697711505813673e-5
1574,11,1.771822199194062e-5
1574,12,2.2867312423289526e-5
1575,1,1.4611558238053276e-5
1575,2,1.6894100945542647e-5
1575,3,1.420492126615347e-5
1575,4,1.5490805555010652e-5
1575,5,1.089214514002342e-5
1575,6,4.947117295368439e-6
1575,7,1.7247175318736899e-6
1575,8,2.8254930275382815e-6
1575,9,1.0945417795602757e-5
1575,10,2.6201241168296337e-5
1575,11,1.9348780238409965e-5
1575,12,1.5229490425182204e-5
1576,1,1.5822706753436067e-5
1576,2,1.525888952688648e-5
1576,3,1.4682425415108574e-5
1576,4,1.7194399656110857e-5
1576,5,1.0161861198720894e-5
1576,6,6.139161124688367e-6
1576,7,2.018068617030444e-6
1576,8,3.7187334877444925e-6
1576,9,6.894308678720111e-6
1576,10,1.699006887029209e-5
1576,11,2.028670376917556e-5
1576,12,2.0671187815903234e-5
1577,1,1.5545331056369324e-5
1577,2,1.5957216468081798e-5
1577,3,1.4022534598643174e-5
1577,4,1.377329339832513e-5
1577,5,1.3291145827207449e-5
1577,6,6.3418067368163414e-06
1577,7,1.6472077086574237e-6
1577,8,2.602112569560237e-6
1577,9,9.445098660352046e-6
1577,10,2.0838457128966668e-5
1577,11,2.003506402090159e-5
1577,12,1.9865927649912578e-5
1578,1,1.0999826263828824e-5
1578,2,1.6701012960133382e-5
1578,3,1.7736364199472813e-5
1578,4,1.4189745349513049e-5
1578,5,1.0836084920240801e-5
1578,6,4.225225467300838e-6
1578,7,8.415290997972976e-7
1578,8,1.494679464587872e-6
1578,9,1.3768048339457563e-5
1578,10,2.4868041130927264e-5
1578,11,2.2279384092213653e-5
1578,12,2.298826385412988e-5
1579,1,2.1794714540018027e-5
1579,2,1.2643254018318213e-5
1579,3,1.5460814298903637e-5
1579,4,1.470656663010084e-5
1579,5,1.0197571880631223e-5
1579,6,6.3112670464099565e-6
1579,7,1.117197923923241e-6
1579,8,1.3168227840316268e-6
1579,9,1.0282884838125848e-5
1579,10,2.567913412462732e-5
1579,11,1.8607457564562967e-5
1579,12,1.5852424473781736e-5
1580,1,1.6174152259606776e-5
1580,2,1.3266813174869922e-5
1580,3,1.6266726022611608e-5
1580,4,1.107948328531074e-5
1580,5,9.651181183786908e-6
1580,6,3.523230902077065e-6
1580,7,3.0082246397382904e-6
1580,8,1.580884569995999e-6
1580,9,8.269645178126725e-6
1580,10,1.882190917613835e-5
1580,11,1.9007912903340483e-5
1580,12,1.9722645317178385e-5
1581,1,1.4799296411750908e-5
1581,2,1.5780870708447066e-5
1581,3,1.345616964766853e-5
1581,4,1.5409665232535654e-5
1581,5,1.0064814635626216e-5
1581,6,4.859103954781947e-6
1581,7,1.0843800377666915e-6
1581,8,2.657447461894073e-6
1581,9,8.497350242428239e-6
1581,10,2.4512409085429328e-5
1581,11,1.5580270115652007e-5
1581,12,1.6642282034860975e-5
1582,1,2.0563665137043655e-5
1582,2,2.144801935179507e-5
1582,3,1.6206479381438314e-5
1582,4,1.1443383703215694e-5
1582,5,1.1678773579089362e-5
1582,6,6.7353159505880104e-6
1582,7,2.3903051505314167e-6
1582,8,3.085127314325825e-6
1582,9,8.28775472732607e-6
1582,10,2.8722558242581454e-5
1582,11,2.3429375519452968e-5
1582,12,1.732806832846422e-5
1583,1,1.8581163230219296e-5
1583,2,1.6620071358948593e-5
1583,3,1.2515238060062197e-5
1583,4,1.3908083509733423e-5
1583,5,1.2144701061098474e-5
1583,6,6.057665462751751e-6
1583,7,9.325251484640234e-7
1583,8,9.066550066648089e-7
1583,9,1.3724524598820745e-5
1583,10,2.1203664485113302e-5
1583,11,2.4195643911030156e-5
1583,12,2.028638056375371e-5
1584,1,1.4818137848520836e-5
1584,2,1.5460074542631854e-5
1584,3,1.7452570387655888e-5
1584,4,1.1483343121207514e-5
1584,5,1.3232190541475404e-5
1584,6,3.3133013076348587e-6
1584,7,1.1984813370924376e-6
1584,8,1.791734709490068e-6
1584,9,8.52846780979854e-6
1584,10,2.288530319858753e-5
1584,11,1.79471864332877e-5
1584,12,1.4831881947719671e-5
1585,1,1.4055194166482121e-5
1585,2,1.7658201458559523e-5
1585,3,1.641717551072636e-5
1585,4,1.4360031645635622e-5
1585,5,1.0522593474152392e-5
1585,6,8.276030143284268e-6
1585,7,3.426819568813811e-6
1585,8,1.2123347355779523e-6
1585,9,1.427158536232075e-5
1585,10,1.9217056739360158e-5
1585,11,2.1949311580948792e-5
1585,12,1.658925202777698e-5
1586,1,1.7460722291228556e-5
1586,2,1.3922021362050075e-5
1586,3,1.5526140786530878e-5
1586,4,1.281291865488974e-5
1586,5,1.1434759113178576e-5
1586,6,5.203529825964659e-6
1586,7,7.369332957262796e-7
1586,8,7.253673013723927e-7
1586,9,8.31581839760669e-6
1586,10,1.7348536818314997e-5
1586,11,1.9936917272421166e-5
1586,12,1.5704846204271457e-5
1587,1,1.4787302528810985e-5
1587,2,1.6138013663236314e-5
1587,3,1.2796291647181358e-5
1587,4,1.2539516137751899e-5
1587,5,1.1168817102692184e-5
1587,6,4.946380936757499e-6
1587,7,1.44563735477396e-6
1587,8,2.379140960456726e-6
1587,9,1.0229211172766878e-5
1587,10,2.3716111352162416e-5
1587,11,2.5455881478784566e-5
1587,12,2.2744819048261442e-5
1588,1,1.628110188437848e-5
1588,2,2.1132359758197354e-5
1588,3,1.2170613632097041e-5
1588,4,1.3543187409328947e-5
1588,5,1.2687492101907415e-5
1588,6,3.1612381974837256e-6
1588,7,1.2721785995165745e-6
1588,8,2.497476884890822e-6
1588,9,1.15627195383706e-5
1588,10,2.1044060870344264e-5
1588,11,2.1957942684192632e-5
1588,12,1.7003810480228388e-5
1589,1,1.5817804861000355e-5
1589,2,1.4006618673154219e-5
1589,3,1.7662131309791146e-5
1589,4,1.829416370670701e-5
1589,5,9.300384460610008e-6
1589,6,5.215558104550363e-6
1589,7,3.057470282727025e-6
1589,8,2.324286090280313e-6
1589,9,1.048203221219004e-5
1589,10,2.8630040925142888e-5
1589,11,1.954503532663781e-5
1589,12,1.671839941686552e-5
1590,1,1.6224912014669696e-5
1590,2,1.5896524010370297e-5
1590,3,1.577325042174927e-5
1590,4,1.0875692113811146e-5
1590,5,1.2408815419573147e-5
1590,6,5.632509860993469e-6
1590,7,2.0113179540382662e-6
1590,8,1.43506841940608e-6
1590,9,1.2134919435526313e-5
1590,10,2.257582603779974e-5
1590,11,1.6647083424612685e-5
1590,12,1.614492050365496e-5
1591,1,1.5128117710327537e-5
1591,2,1.4553203069272766e-5
1591,3,1.5030178135489629e-5
1591,4,2.013076812324845e-5
1591,5,1.0132016498248098e-5
1591,6,5.011403582797609e-6
1591,7,1.0178883705634124e-6
1591,8,7.880506861868207e-7
1591,9,8.47437357371527e-6
1591,10,1.9685661557302936e-5
1591,11,1.611125646796226e-5
1591,12,1.8622760275349853e-5
1592,1,2.173074425701598e-5
1592,2,1.9855613666573695e-5
1592,3,1.7213517129199386e-5
1592,4,1.3974014514091025e-5
1592,5,9.894085276019194e-6
1592,6,7.595265537337621e-6
1592,7,9.594314408317542e-7
1592,8,1.3039389557241787e-6
1592,9,1.0025537947106328e-5
1592,10,2.207250768751661e-5
1592,11,1.5973017281118927e-5
1592,12,1.3374505567228541e-5
1593,1,1.7663870261472278e-5
1593,2,1.5856428668423344e-5
1593,3,1.445965315306012e-5
1593,4,1.1036718173895307e-5
1593,5,1.2262096759173914e-5
1593,6,4.7023387639263304e-6
1593,7,1.5152672979654558e-6
1593,8,1.4992348350887403e-6
1593,9,1.3274382712408878e-5
1593,10,1.8321535562575305e-05
1593,11,1.9332622363980105e-5
1593,12,1.756478440370297e-5
1594,1,1.7945892417984744e-5
1594,2,1.915177361327917e-5
1594,3,1.3397534904562403e-5
1594,4,1.1323029753620469e-5
1594,5,1.055353154701771e-5
1594,6,4.465972334157464e-6
1594,7,1.3789796112394093e-6
1594,8,2.7526006631735893e-6
1594,9,8.263779611021453e-6
1594,10,2.3453839027052588e-5
1594,11,1.6656402136106483e-5
1594,12,2.088506572102393e-5
1595,1,1.9404897524065904e-5
1595,2,1.8918069478216695e-5
1595,3,1.4091621545621284e-5
1595,4,1.3754764581311345e-5
1595,5,1.041052270152662e-5
1595,6,5.136186177202678e-6
1595,7,1.660351364015304e-6
1595,8,1.1096584454158507e-6
1595,9,1.0420164451413675e-5
1595,10,2.2746640521380437e-5
1595,11,1.8495313586834585e-5
1595,12,1.7345835589062255e-5
1596,1,1.7877034924437354e-5
1596,2,2.029731304034776e-5
1596,3,1.618815142743121e-5
1596,4,1.887917197650754e-5
1596,5,1.1800659007317953e-5
1596,6,8.969533923168622e-6
1596,7,1.5143990293865804e-6
1596,8,2.708580018043738e-6
1596,9,1.1640720996403416e-5
1596,10,1.8462214190352795e-5
1596,11,1.8646499256407484e-5
1596,12,2.017985306272037e-5
1597,1,2.2024846167666166e-5
1597,2,2.281238089885159e-5
1597,3,1.3427721214408102e-5
1597,4,1.8434341465810834e-5
1597,5,1.1597161614802623e-5
1597,6,6.191452405148677e-6
1597,7,1.1559963736758507e-6
1597,8,1.407297125451256e-6
1597,9,1.1307229384617646e-5
1597,10,1.916662929930942e-5
1597,11,1.8664922618483693e-5
1597,12,1.8239222272320395e-5
1598,1,1.7915723252249686e-5
1598,2,2.1566500004788648e-5
1598,3,1.3745064073200197e-5
1598,4,1.5220382204563048e-5
1598,5,1.0428039709946634e-5
1598,6,6.333399554130905e-6
1598,7,8.863072532062174e-7
1598,8,2.7838649203818687e-6
1598,9,1.2476970149432667e-5
1598,10,2.8428848516886466e-5
1598,11,2.0634065599609267e-5
1598,12,1.6314216641581963e-5
1599,1,1.7521918359238343e-5
1599,2,1.4598503874821185e-5
1599,3,1.3438973078663058e-5
1599,4,1.3496427697317936e-5
1599,5,9.69014172743853e-6
1599,6,4.341325550019886e-6
1599,7,1.991569468140993e-6
1599,8,1.738700296617596e-6
1599,9,1.182712506251048e-5
1599,10,1.9686585101856865e-5
1599,11,1.9010373365098064e-5
1599,12,2.237667719828833e-5
1600,1,1.516478318486232e-5
1600,2,1.2847167564429269e-5
1600,3,1.867645853928836e-5
1600,4,1.5255531217153914e-5
1600,5,1.109041284467767e-5
1600,6,6.3444993923472135e-6
1600,7,2.3656892246081734e-6
1600,8,1.9762322340034344e-6
1600,9,1.5570434350366046e-5
1600,10,1.5120548215099619e-5
1600,11,1.733089381361346e-5
1600,12,1.959078943664202e-5
1601,1,1.4248047423606115e-5
1601,2,1.3853909831928994e-5
1601,3,8.111864316793891e-6
1601,4,1.2793443391086861e-5
1601,5,1.1397143573746661e-5
1601,6,5.101677959913523e-6
1601,7,2.965811939938993e-6
1601,8,3.300950664697972e-6
1601,9,1.2978248551946443e-5
1601,10,2.5687234171775944e-5
1601,11,1.720683745862101e-5
1601,12,2.1048863999284063e-5
1602,1,1.7427057934967615e-5
1602,2,1.4958476487784692e-5
1602,3,1.7482771192783644e-5
1602,4,1.8830984020033504e-5
1602,5,1.4612098727515216e-5
1602,6,7.365341883688152e-6
1602,7,2.559532065737484e-6
1602,8,1.8767526025376927e-6
1602,9,1.3938538459631762e-5
1602,10,1.916640040786313e-5
1602,11,2.206168317695302e-5
1602,12,1.831920020713575e-5
1603,1,1.8627761915802307e-5
1603,2,1.686349831281762e-5
1603,3,1.2790178537621708e-5
1603,4,1.3449910634074426e-5
1603,5,1.3550048186972994e-5
1603,6,5.03431529779327e-6
1603,7,1.6122391936282204e-6
1603,8,7.978582324995939e-7
1603,9,1.2620832464492259e-5
1603,10,2.218111637184724e-5
1603,11,2.0148378868110805e-5
1603,12,1.732509039330282e-5
1604,1,1.7370411292397632e-5
1604,2,1.6404773579238113e-5
1604,3,1.4167378317924519e-5
1604,4,1.487834470652017e-5
1604,5,1.1222836892025183e-5
1604,6,8.427361142430916e-6
1604,7,5.518764647536053e-7
1604,8,1.4304866149715102e-6
1604,9,1.0593781119286577e-5
1604,10,1.9854217148182817e-5
1604,11,1.9217743254955076e-5
1604,12,1.7698522194676323e-5
1605,1,2.115903364715726e-5
1605,2,1.4456778561749245e-5
1605,3,2.016941421503425e-5
1605,4,1.0196432467548506e-5
1605,5,1.2432381129616171e-5
1605,6,6.221631246106232e-6
1605,7,5.697825133912594e-7
1605,8,2.084158721721581e-6
1605,9,9.896672149513277e-6
1605,10,2.483871775196507e-5
1605,11,1.9535402177699257e-5
1605,12,1.9069351823171646e-5
1606,1,2.330913159205365e-5
1606,2,1.851260264527412e-5
1606,3,1.642603017845921e-5
1606,4,1.3692517248028484e-5
1606,5,7.862477625138752e-6
1606,6,5.097697506965008e-6
1606,7,3.0757926886712774e-6
1606,8,9.87079256311633e-7
1606,9,1.111595835300081e-5
1606,10,2.718844298368873e-5
1606,11,1.9957992730002195e-5
1606,12,2.104773470312381e-5
1607,1,1.9937381468613824e-5
1607,2,1.831705973399975e-5
1607,3,1.5983216672401835e-5
1607,4,1.9604172323035653e-5
1607,5,1.1618363895652543e-5
1607,6,6.08333142367524e-6
1607,7,1.7156295857393363e-6
1607,8,1.387305226605725e-6
1607,9,5.778753501385664e-6
1607,10,2.1770894751532112e-5
1607,11,1.9013470630952066e-5
1607,12,1.9531262688160517e-5
1608,1,2.0479951772701435e-5
1608,2,1.0472511950627196e-5
1608,3,1.5932578167623707e-5
1608,4,1.6745167943217496e-5
1608,5,1.163960364769804e-5
1608,6,9.727183002658873e-6
1608,7,8.016083836897636e-7
1608,8,1.20647856388034e-6
1608,9,1.0963933801940874e-5
1608,10,1.749298280434814e-5
1608,11,1.8890242740002337e-5
1608,12,1.6265349783789882e-5
1609,1,1.5217813379971454e-5
1609,2,1.7608340814436045e-5
1609,3,1.3779733006064109e-5
1609,4,1.3751791007436754e-5
1609,5,1.206640481273059e-5
1609,6,6.8772286386767835e-6
1609,7,1.985452598232074e-6
1609,8,1.4132072251389589e-6
1609,9,1.1607146508621589e-5
1609,10,1.742877136262339e-5
1609,11,2.7338353479283683e-5
1609,12,1.4873920362712191e-5
1610,1,2.0929042993322074e-5
1610,2,2.1261408789548353e-5
1610,3,1.7915893644699788e-5
1610,4,1.7780533003294156e-5
1610,5,1.1715216311214924e-5
1610,6,5.6629618262827e-6
1610,7,1.5102711192108404e-6
1610,8,2.397727863327276e-6
1610,9,1.1933446734755683e-5
1610,10,2.296014361622564e-5
1610,11,2.5437622672108394e-5
1610,12,1.6178943742857517e-5
1611,1,1.822380584404351e-5
1611,2,2.272149784286075e-5
1611,3,1.5323884374141514e-5
1611,4,1.568011900713698e-5
1611,5,1.255353257916775e-5
1611,6,6.9182627056643805e-6
1611,7,1.0957404576505603e-6
1611,8,3.1756248362926465e-6
1611,9,7.290002137233644e-6
1611,10,1.6505861275660006e-5
1611,11,1.896525247482091e-5
1611,12,1.6628861062040612e-5
1612,1,1.7362011681398423e-5
1612,2,1.696874128504163e-5
1612,3,1.4098001305661296e-5
1612,4,1.6283854787914407e-5
1612,5,1.2882509510309621e-5
1612,6,5.198997254731646e-6
1612,7,7.180097068688947e-7
1612,8,2.846417798231111e-6
1612,9,9.226348277226631e-6
1612,10,1.8775694574113037e-5
1612,11,2.171824845115231e-5
1612,12,1.5393845335978737e-5
1613,1,1.8255474428976116e-5
1613,2,1.6701692562002845e-5
1613,3,1.228650514622376e-5
1613,4,1.4418942978036852e-5
1613,5,1.3415389200594099e-5
1613,6,5.6671173190747025e-6
1613,7,1.6190382096909261e-6
1613,8,1.183273627273044e-6
1613,9,9.307244321209273e-6
1613,10,2.5546062537737723e-5
1613,11,1.749615876499837e-5
1613,12,1.503200286967655e-5
1614,1,1.706548485433277e-5
1614,2,2.1841926392363126e-5
1614,3,1.8959541323335196e-5
1614,4,1.5634085758825073e-5
1614,5,1.222409248589128e-5
1614,6,6.495570804397864e-6
1614,7,1.7384511815336094e-6
1614,8,2.34159327587323e-6
1614,9,1.398800361455346e-5
1614,10,2.0405386283090054e-5
1614,11,2.129209208604949e-5
1614,12,1.2571116143839875e-5
1615,1,1.743183646526797e-5
1615,2,1.932968457727018e-5
1615,3,1.5643559663138362e-5
1615,4,1.4668595959148697e-5
1615,5,8.492863035819043e-6
1615,6,7.0813804741022095e-6
1615,7,1.630075171752107e-6
1615,8,1.4109122536028378e-6
1615,9,1.240195900743247e-5
1615,10,2.149270614520227e-5
1615,11,2.299627075774578e-5
1615,12,2.187595311876176e-5
1616,1,1.4714668862812913e-5
1616,2,1.5712705789689687e-5
1616,3,1.6948668215011692e-5
1616,4,1.9100106827718258e-5
1616,5,1.2868857957285758e-5
1616,6,6.722425368451793e-6
1616,7,1.483480369879046e-6
1616,8,2.206284839703905e-6
1616,9,1.59209985749841e-5
1616,10,2.393205761106393e-5
1616,11,1.8190883550577347e-5
1616,12,1.93763331227773e-5
1617,1,1.9464289303071173e-5
1617,2,2.018771639399031e-5
1617,3,1.3472704338225414e-5
1617,4,1.4700378357974271e-5
1617,5,1.1279433856881028e-5
1617,6,5.697524538533413e-6
1617,7,1.3686411641871766e-6
1617,8,2.686506617363873e-6
1617,9,1.1318111233393341e-5
1617,10,2.2351579711627098e-5
1617,11,1.6265140528211295e-5
1617,12,1.7621204492939573e-5
1618,1,1.6805906763297758e-5
1618,2,1.686576141130262e-5
1618,3,1.3250339726879305e-5
1618,4,1.4934080083101578e-5
1618,5,1.2909167044511373e-5
1618,6,4.230407272451759e-6
1618,7,8.977959602009801e-7
1618,8,3.1483381245138777e-6
1618,9,8.639782072713366e-6
1618,10,1.992194580193016e-5
1618,11,2.3878357751915627e-5
1618,12,1.710889475128714e-5
1619,1,1.7430313686441884e-5
1619,2,1.510704968200419e-5
1619,3,1.8467873127664263e-5
1619,4,1.6929236500005154e-5
1619,5,1.2611236939072348e-5
1619,6,5.0289226702439325e-6
1619,7,1.087196464885617e-6
1619,8,8.818202648623255e-7
1619,9,1.1648091641763525e-5
1619,10,2.2150664636372895e-5
1619,11,2.166592244295629e-5
1619,12,1.6604216108231474e-5
1620,1,1.4617477524832545e-5
1620,2,1.4611592987361504e-5
1620,3,1.6512727245839e-5
1620,4,1.8037269256601865e-5
1620,5,1.200207198106613e-5
1620,6,7.0311649242172385e-6
1620,7,7.677272907694002e-7
1620,8,1.7096461933216926e-6
1620,9,1.2855872386584648e-5
1620,10,2.0893412937471717e-5
1620,11,1.8599367830830257e-5
1620,12,1.8885301676562423e-5
1621,1,1.5231926695790736e-5
1621,2,1.9928374084934493e-5
1621,3,1.4684822012069263e-5
1621,4,1.1961765831232373e-5
1621,5,1.4999746661506318e-5
1621,6,5.582224673245762e-6
1621,7,8.395516239417403e-7
1621,8,1.4072036306659385e-6
1621,9,1.2394380066175563e-5
1621,10,2.175914429108327e-5
1621,11,2.1182803274198986e-5
1621,12,1.423828760688491e-5
1622,1,1.6168767024614242e-5
1622,2,1.692504575949455e-5
1622,3,1.544405416459467e-5
1622,4,1.519353787143343e-5
1622,5,6.559510376242684e-6
1622,6,4.645439414495381e-6
1622,7,1.4159879350945552e-6
1622,8,2.663852360910655e-6
1622,9,1.0550936123735136e-5
1622,10,1.785127092837277e-5
1622,11,2.1219310698211772e-5
1622,12,1.3660696419885655e-5
1623,1,1.4001353588795335e-5
1623,2,1.5376759081643862e-5
1623,3,1.7446131061156782e-5
1623,4,1.4304603483738324e-5
1623,5,1.2006571965976582e-5
1623,6,4.810015032537049e-6
1623,7,1.699243887426965e-6
1623,8,1.7335405671134904e-6
1623,9,1.0945786985612892e-5
1623,10,1.9271383310640514e-5
1623,11,2.297677914270087e-5
1623,12,1.7542778054589614e-5
1624,1,2.4274761588065455e-5
1624,2,1.5199996682982904e-5
1624,3,1.6398704527804715e-5
1624,4,1.6297419135470983e-5
1624,5,1.275077606197067e-5
1624,6,4.851502179724222e-6
1624,7,2.3840529052404514e-6
1624,8,4.7636197034308737e-7
1624,9,1.3642206744854308e-5
1624,10,1.7949266445626932e-5
1624,11,2.0275969140662048e-5
1624,12,1.9272728754560056e-5
1625,1,1.822385596097444e-5
1625,2,1.6461197304293126e-5
1625,3,1.4753818237046785e-5
1625,4,1.3715984502480737e-5
1625,5,1.3769745443381083e-5
1625,6,5.638542898052786e-6
1625,7,1.2980933291761803e-6
1625,8,1.7207138478348493e-6
1625,9,1.0630430543156228e-5
1625,10,2.183966888445634e-5
1625,11,1.9114789888439467e-5
1625,12,2.029644148410017e-5
1626,1,1.2104016926650324e-5
1626,2,2.197849188764648e-5
1626,3,1.4875743129071692e-5
1626,4,1.4057935977800777e-5
1626,5,9.683927176082011e-6
1626,6,3.910135041056531e-6
1626,7,2.014262440010819e-6
1626,8,3.1615165583278605e-6
1626,9,1.2157582669405686e-5
1626,10,1.977711962792575e-5
1626,11,1.8734025782846805e-5
1626,12,1.9259320836453013e-5
1627,1,1.5462335219709794e-5
1627,2,1.5555799543936693e-5
1627,3,1.5298036823321473e-5
1627,4,1.4675033147686369e-5
1627,5,1.1863350634954971e-5
1627,6,7.044662287241525e-6
1627,7,2.1701538370389645e-6
1627,8,1.1271700855020769e-6
1627,9,9.931224037259639e-6
1627,10,2.1907215693465915e-5
1627,11,1.323317182808704e-5
1627,12,2.0746638246156068e-5
1628,1,1.5040590095362698e-5
1628,2,1.566665896735657e-5
1628,3,1.3172994840012688e-5
1628,4,1.4483770203034607e-5
1628,5,1.1988820797901456e-5
1628,6,6.303509450503212e-6
1628,7,9.321880157674189e-7
1628,8,1.770758588938234e-6
1628,9,8.98258086510894e-6
1628,10,1.995676109673628e-5
1628,11,2.5152242387723017e-5
1628,12,1.963197312076471e-5
1629,1,2.0528769385796485e-5
1629,2,2.253635342700648e-5
1629,3,1.2339578314884057e-5
1629,4,1.594695149263994e-5
1629,5,1.3626818508142077e-5
1629,6,5.899962691605519e-6
1629,7,1.5241638795995199e-6
1629,8,1.312734830133569e-6
1629,9,1.2903230558423575e-5
1629,10,1.922135716114855e-5
1629,11,2.2030485576102423e-5
1629,12,2.4591547414735797e-5
1630,1,2.180956379299421e-5
1630,2,2.0795253697097638e-5
1630,3,1.607071713555502e-5
1630,4,1.4510319617354682e-5
1630,5,1.1126286779856754e-5
1630,6,7.218026566401374e-6
1630,7,1.405993045967854e-6
1630,8,2.405845003335289e-6
1630,9,8.568407270651458e-6
1630,10,2.2050694739209044e-5
1630,11,1.693643146817534e-5
1630,12,1.631184334179423e-5
1631,1,1.8235339187503433e-5
1631,2,1.680361665064991e-5
1631,3,1.722845084486496e-5
1631,4,1.3165784363648276e-5
1631,5,1.3299475214957448e-5
1631,6,7.434800000213015e-6
1631,7,2.7637585996643385e-6
1631,8,2.306625327998801e-6
1631,9,1.0022647807421424e-5
1631,10,2.8487914542254244e-5
1631,11,1.777856666606976e-5
1631,12,1.4152075863367462e-5
1632,1,1.874204094309308e-5
1632,2,1.800105223551567e-5
1632,3,1.3146696876184382e-5
1632,4,1.2220535248204855e-5
1632,5,1.1440058344341808e-5
1632,6,5.489176895015036e-6
1632,7,1.017914307583672e-6
1632,8,1.884825387531881e-6
1632,9,1.0093109180794615e-5
1632,10,2.1360346671555942e-5
1632,11,2.2335927378777323e-5
1632,12,1.7333935220911237e-5
1633,1,1.8915213477172508e-5
1633,2,1.5605027399278895e-5
1633,3,1.5090492648987966e-5
1633,4,1.65850778913049e-5
1633,5,1.358329418638923e-5
1633,6,9.79433296812223e-6
1633,7,3.0615241335457095e-6
1633,8,2.7623650498165006e-6
1633,9,8.975480658156056e-6
1633,10,2.0183705561917183e-5
1633,11,1.9307854718142528e-5
1633,12,1.9091040918441755e-5
1634,1,1.4783390024372371e-5
1634,2,1.4616155404984437e-5
1634,3,1.3875369771614019e-05
1634,4,1.2878596086502448e-5
1634,5,8.73975682929531e-6
1634,6,5.014858360616977e-6
1634,7,7.412146580504505e-7
1634,8,1.5893438003961836e-6
1634,9,1.094717737650927e-5
1634,10,2.1446914731042706e-5
1634,11,1.8903597006648258e-5
1634,12,1.8994251472658176e-5
1635,1,1.815151229201624e-5
1635,2,1.539767618812123e-5
1635,3,1.2556949573051036e-5
1635,4,1.2609821119601892e-5
1635,5,1.321448712063478e-5
1635,6,6.019887079240653e-6
1635,7,1.2980236635630517e-6
1635,8,2.198094468678613e-6
1635,9,8.215811539444114e-6
1635,10,1.9980571471187492e-5
1635,11,1.5483726581018964e-5
1635,12,1.9397766235124867e-5
1636,1,2.5404779704722983e-5
1636,2,1.3216074500174449e-5
1636,3,1.5985613439612624e-5
1636,4,1.4966127703151592e-5
1636,5,1.0012114376448229e-5
1636,6,6.017864313364177e-6
1636,7,1.1278785159469468e-6
1636,8,1.040042959750873e-6
1636,9,1.1810168304230159e-5
1636,10,2.040812082837625e-5
1636,11,2.1691210251799294e-5
1636,12,1.602855734350705e-5
1637,1,1.835652596845873e-5
1637,2,1.7358337710701494e-5
1637,3,1.625331842148691e-5
1637,4,1.591741876191318e-5
1637,5,1.2275739100560966e-5
1637,6,6.520208728609674e-6
1637,7,1.1714843255794261e-6
1637,8,2.2545602479253334e-6
1637,9,1.0096072642114074e-5
1637,10,2.1395785842708127e-5
1637,11,2.2843263135103846e-5
1637,12,1.6483139493654157e-5
1638,1,1.7966521351388368e-5
1638,2,1.7356964046113353e-5
1638,3,1.776993665954779e-5
1638,4,1.3222465877046847e-5
1638,5,9.476187914265546e-6
1638,6,4.921040999489076e-6
1638,7,1.6884546560149868e-6
1638,8,1.9011169581661627e-6
1638,9,7.255965925514168e-6
1638,10,2.1831582959178365e-5
1638,11,2.149732782329424e-5
1638,12,1.598363157796846e-5
1639,1,1.279136792672488e-5
1639,2,2.3138827721948912e-5
1639,3,1.4072478979394565e-5
1639,4,1.621049994369395e-5
1639,5,1.2147805274175711e-5
1639,6,4.939900616683795e-6
1639,7,1.1885036851979428e-6
1639,8,1.5454590250439347e-6
1639,9,1.4633252568866765e-5
1639,10,2.029426506337684e-5
1639,11,1.8334557109798477e-5
1639,12,1.635891616985688e-5
1640,1,1.680572854891392e-5
1640,2,1.448825048876155e-5
1640,3,1.4431692700532217e-5
1640,4,1.1199268974537581e-5
1640,5,1.133505205475402e-5
1640,6,3.268444708304105e-6
1640,7,7.784078493746507e-7
1640,8,1.3976993684428644e-6
1640,9,8.468245124223566e-6
1640,10,2.1310355355212576e-5
1640,11,2.3123524096811203e-5
1640,12,2.1585057425558135e-5
1641,1,2.086573777367463e-5
1641,2,1.3389031469158024e-5
1641,3,1.7165305130350263e-5
1641,4,1.576509431877858e-5
1641,5,1.1845928704141367e-5
1641,6,7.784151150958314e-6
1641,7,2.6571752950324545e-6
1641,8,1.8287843673300499e-6
1641,9,1.157137128872586e-5
1641,10,2.0807877546839468e-5
1641,11,2.1495034363452578e-5
1641,12,1.8622489913588137e-5
1642,1,1.711253965831951e-5
1642,2,1.5126354368278788e-5
1642,3,1.2570032519696811e-5
1642,4,1.5011115267032844e-5
1642,5,1.3904529501988623e-5
1642,6,5.45554869026506e-6
1642,7,2.596502109540559e-6
1642,8,2.438928942813317e-6
1642,9,1.2069176096284872e-5
1642,10,1.749748484793923e-5
1642,11,1.942144549121384e-5
1642,12,1.747106154468469e-5
1643,1,1.8449287134274052e-5
1643,2,1.8402913549889332e-5
1643,3,1.3957777793965619e-5
1643,4,1.8180228882972893e-5
1643,5,1.2566821843333137e-5
1643,6,5.390121966252545e-6
1643,7,2.0834238301722535e-6
1643,8,1.413588287653474e-6
1643,9,9.221109394470237e-6
1643,10,2.714237393546194e-5
1643,11,2.320917284712507e-5
1643,12,1.6941079609768213e-5
1644,1,2.0211089677976044e-5
1644,2,2.0248391006571894e-5
1644,3,1.2852969028659484e-5
1644,4,1.5174727610547135e-5
1644,5,1.0611469724434225e-5
1644,6,6.582481529435939e-6
1644,7,1.5687094849250381e-6
1644,8,1.9311431641199944e-6
1644,9,1.1183547716979164e-5
1644,10,2.2684356095633227e-5
1644,11,1.8602742749695088e-5
1644,12,2.2712996346911058e-5
1645,1,1.9676516203218794e-5
1645,2,1.8620072688431752e-5
1645,3,1.7653088649791462e-5
1645,4,1.3561602393366429e-5
1645,5,9.66052929948447e-6
1645,6,4.548974170126627e-6
1645,7,5.525002554370495e-7
1645,8,2.9674395331896074e-6
1645,9,1.1190242159495528e-5
1645,10,2.3655495512449868e-5
1645,11,2.2948461903714124e-5
1645,12,1.2426021849853403e-5
1646,1,1.6885256845632336e-5
1646,2,2.2096309928795796e-5
1646,3,1.631066838494791e-5
1646,4,1.2875595424415257e-5
1646,5,1.1040615771847396e-5
1646,6,5.450074241973734e-6
1646,7,2.6315240549748624e-6
1646,8,2.3339799064564146e-6
1646,9,1.0662638961905647e-5
1646,10,1.823651933728539e-5
1646,11,1.7318339208621067e-5
1646,12,1.8032101693234697e-5
1647,1,1.4078670355358727e-5
1647,2,1.7496870671641965e-5
1647,3,1.6167111185125434e-5
1647,4,1.3379577943471562e-5
1647,5,1.397013129214295e-5
1647,6,7.955329054211563e-6
1647,7,8.394329102018779e-7
1647,8,2.6077224379066857e-6
1647,9,1.0311630778921263e-5
1647,10,2.1262768582392134e-5
1647,11,1.9721401896639913e-5
1647,12,1.7272076169862796e-5
1648,1,1.61860345129531e-5
1648,2,1.5187193699480875e-5
1648,3,1.4312300026565535e-5
1648,4,1.4884410376538402e-5
1648,5,1.7445293258567258e-5
1648,6,4.864730137185886e-6
1648,7,8.673924208832703e-7
1648,8,2.0513252403119176e-6
1648,9,1.3254518899436439e-5
1648,10,1.95640130067395e-5
1648,11,1.7563547558936582e-05
1648,12,2.2549853413698383e-5
1649,1,1.761239436142402e-5
1649,2,2.628890134912935e-5
1649,3,1.4264596426815966e-5
1649,4,1.2280120780825795e-5
1649,5,8.811507438326554e-6
1649,6,6.948012270245197e-6
1649,7,7.963408812702811e-7
1649,8,1.604116213452736e-6
1649,9,7.161472295006676e-6
1649,10,2.5314549157357817e-5
1649,11,2.2821431910828443e-5
1649,12,1.5979374196404752e-5
1650,1,1.8905688457762956e-5
1650,2,1.870470153378274e-5
1650,3,1.4189575760313657e-5
1650,4,1.440670257626254e-5
1650,5,1.3859965927125832e-5
1650,6,5.8029120309569225e-6
1650,7,1.4582139275931269e-6
1650,8,1.6043708328988577e-6
1650,9,6.7740776503179915e-6
1650,10,2.238076892928186e-5
1650,11,2.008412170288139e-5
1650,12,1.5555994293350164e-5
1651,1,2.3331474666755124e-5
1651,2,1.5119681422742363e-5
1651,3,1.2944977554522985e-5
1651,4,1.4867622236935298e-5
1651,5,1.1434955778177692e-5
1651,6,5.271264041442782e-6
1651,7,7.42331579865616e-7
1651,8,2.8184639400872133e-6
1651,9,1.413579552072449e-5
1651,10,2.0599999933511924e-5
1651,11,2.1290417253958057e-5
1651,12,1.7270794206455808e-5
1652,1,1.91742191499294e-5
1652,2,1.670346961638238e-5
1652,3,1.4096130031038903e-5
1652,4,1.254545110372775e-5
1652,5,9.729360568627074e-6
1652,6,6.562325188140466e-6
1652,7,1.0231760644274768e-6
1652,8,2.312179769161654e-6
1652,9,9.083206916149383e-6
1652,10,1.8869220388121945e-5
1652,11,2.1124373505358007e-5
1652,12,1.5848728574970423e-5
1653,1,2.5084680250135906e-5
1653,2,1.824053529881768e-5
1653,3,1.5484394423630837e-5
1653,4,1.2842320165517846e-5
1653,5,1.1548386032400936e-5
1653,6,6.20224169621959e-6
1653,7,1.488119757866333e-6
1653,8,2.676785235942527e-6
1653,9,1.3269354258937321e-5
1653,10,2.1011269541987914e-5
1653,11,1.5121288332491322e-5
1653,12,1.786347785207215e-5
1654,1,1.4954168454717428e-5
1654,2,1.5793105802215004e-5
1654,3,1.703171846553922e-5
1654,4,1.6342246903073514e-5
1654,5,1.1581813262294547e-5
1654,6,6.816260937421867e-6
1654,7,1.2878919263147036e-6
1654,8,2.195424552087389e-6
1654,9,9.690244635773207e-6
1654,10,2.0863230632699733e-5
1654,11,2.3771804367992887e-5
1654,12,1.6766004037020303e-5
1655,1,1.4447576595264101e-5
1655,2,2.0480646242021783e-5
1655,3,1.141678983448214e-5
1655,4,1.3306066457674044e-5
1655,5,1.386935570118984e-5
1655,6,8.157303783659703e-6
1655,7,1.7828921262425497e-6
1655,8,2.0861098494739224e-6
1655,9,1.1824005632441998e-5
1655,10,2.566229580134287e-5
1655,11,1.4479097115821906e-5
1655,12,1.482440920543239e-5
1656,1,1.8107342827257123e-5
1656,2,1.6117082299247483e-5
1656,3,1.1346844073474248e-5
1656,4,1.6826496966120556e-5
1656,5,1.6417216975794423e-5
1656,6,5.987044543702484e-6
1656,7,2.8732892562616443e-6
1656,8,2.24371749838406e-6
1656,9,1.1462259491659497e-5
1656,10,1.890285821310217e-5
1656,11,1.5118799240284218e-5
1656,12,1.7415148322673325e-5
1657,1,1.8046480656157826e-5
1657,2,1.4115621859480186e-5
1657,3,1.4881683857312607e-5
1657,4,1.4174788710794514e-5
1657,5,1.0962740640046324e-5
1657,6,7.0359591818780345e-6
1657,7,1.9599217571574593e-6
1657,8,1.3607035852049383e-6
1657,9,1.0862219785965898e-5
1657,10,1.5329361560778823e-5
1657,11,2.0561987727239654e-5
1657,12,1.763013479757293e-5
1658,1,1.4051804686594046e-5
1658,2,1.44629811957333e-5
1658,3,1.5766891659056463e-5
1658,4,2.0562443872747332e-5
1658,5,1.5751329345400566e-5
1658,6,7.671528544681715e-6
1658,7,2.166807032448051e-6
1658,8,1.7005428557543025e-6
1658,9,9.85664936671688e-6
1658,10,2.213221372735937e-5
1658,11,1.755630165537306e-5
1658,12,2.3101872364442214e-5
1659,1,1.9248241758255724e-5
1659,2,1.8388480284022267e-5
1659,3,1.5704101593037376e-5
1659,4,1.5168152823292559e-5
1659,5,1.1394913577314994e-5
1659,6,7.3041459761534705e-6
1659,7,1.3169511536653113e-6
1659,8,1.5174923141294103e-6
1659,9,7.1113090174310745e-6
1659,10,1.7399737567024573e-5
1659,11,1.4244456960320631e-5
1659,12,1.6544440685842862e-5
1660,1,1.6107574659258147e-5
1660,2,1.5761079284514237e-5
1660,3,1.2391945253858075e-5
1660,4,1.0986864012348022e-5
1660,5,9.686655263530419e-6
1660,6,5.580566052125718e-6
1660,7,8.178423402198219e-7
1660,8,1.138085894424352e-6
1660,9,1.2012453733712995e-5
1660,10,1.9145557457261725e-5
1660,11,2.0667926564602215e-5
1660,12,1.6592433160351408e-05
1661,1,1.4658188560853056e-5
1661,2,2.071794036305839e-5
1661,3,1.6957711112408223e-5
1661,4,1.9109910616242584e-5
1661,5,9.87001017127036e-6
1661,6,5.1081573804703485e-6
1661,7,1.9188993387959606e-6
1661,8,2.1268015566908352e-6
1661,9,1.0275234834231033e-5
1661,10,1.6193443589528766e-5
1661,11,2.32731582632641e-5
1661,12,2.065920677893895e-5
1662,1,1.5050128139971398e-5
1662,2,1.9802086912847522e-5
1662,3,1.7409300540531706e-5
1662,4,1.792773545180432e-5
1662,5,1.4816098259303809e-5
1662,6,7.172178353365519e-6
1662,7,1.5619534641721715e-6
1662,8,2.54674216960927e-6
1662,9,9.983372192577118e-6
1662,10,1.6418127560176957e-5
1662,11,2.0190271186744788e-5
1662,12,1.6782958508407125e-5
1663,1,1.5483980873287148e-5
1663,2,1.7368572576494044e-5
1663,3,1.7580502933425877e-5
1663,4,1.4738825551334396e-5
1663,5,1.2959923922316864e-5
1663,6,7.526015817666557e-6
1663,7,1.1901067050516117e-6
1663,8,2.216578606417748e-6
1663,9,9.36381087309996e-6
1663,10,1.750935163758933e-5
1663,11,2.043702806402848e-5
1663,12,2.4909598250106607e-5
1664,1,1.6372526401521434e-5
1664,2,1.5405871380176327e-5
1664,3,1.5589157047870123e-5
1664,4,1.7628073192193593e-5
1664,5,1.5517652718054282e-5
1664,6,5.224253826778004e-6
1664,7,1.8518773917553614e-6
1664,8,9.68658622117567e-7
1664,9,1.7927774361678986e-5
1664,10,2.3304955819603186e-5
1664,11,1.895278770444102e-5
1664,12,2.009254495684691e-5
1665,1,1.4559376180595064e-5
1665,2,1.5282795873540462e-5
1665,3,1.2643748594372686e-5
1665,4,1.1377993789725157e-5
1665,5,9.703732114440662e-6
1665,6,6.430046299114551e-6
1665,7,8.905603057028e-7
1665,8,1.7764447169521026e-6
1665,9,9.204224157005893e-6
1665,10,2.3152968419595523e-5
1665,11,1.5329448354440846e-5
1665,12,1.964051329316657e-5
1666,1,2.0647221575836378e-5
1666,2,1.5775523897291804e-5
1666,3,1.8480059522787092e-5
1666,4,2.0135116042571e-5
1666,5,1.4125714492716181e-5
1666,6,4.5292705554507266e-6
1666,7,3.03173676048118e-6
1666,8,3.0994588651394948e-6
1666,9,9.354859299321896e-6
1666,10,1.9725556710597918e-5
1666,11,2.7221606670926226e-5
1666,12,1.5525833541585467e-5
1667,1,1.9215479016045625e-5
1667,2,1.6433553730064276e-5
1667,3,1.4106094000511822e-5
1667,4,1.5571760557629758e-5
1667,5,9.376302378544746e-6
1667,6,5.2031454445313144e-6
1667,7,3.0283022702463734e-6
1667,8,1.0612455975482936e-6
1667,9,8.788472573893413e-6
1667,10,1.837586506296995e-5
1667,11,1.9805321176535994e-5
1667,12,2.1254014680377272e-5
1668,1,1.8005569242512774e-5
1668,2,1.4849555931404862e-5
1668,3,1.302029797259538e-5
1668,4,1.358278820678401e-5
1668,5,1.1093390935601137e-5
1668,6,7.694563054668938e-6
1668,7,1.832970071439889e-6
1668,8,1.885569991478761e-6
1668,9,1.2683303265695295e-5
1668,10,1.8723567883419068e-5
1668,11,1.5564631262591633e-5
1668,12,1.6931988035277032e-5
1669,1,1.5546494959343524e-5
1669,2,2.324030805964952e-5
1669,3,1.539932738145252e-5
1669,4,1.681514056711791e-5
1669,5,1.0642013700659904e-5
1669,6,3.2663539911616218e-6
1669,7,3.741728603999542e-7
1669,8,1.4872907812478489e-6
1669,9,1.1202009819151157e-5
1669,10,2.0712141681984197e-5
1669,11,2.4164121680624226e-5
1669,12,2.125858826429181e-5
1670,1,1.5208188638639662e-5
1670,2,1.6847253107553874e-5
1670,3,2.0073666428547366e-5
1670,4,1.7013559367569186e-5
1670,5,1.2313760642242296e-5
1670,6,4.107376862555448e-6
1670,7,1.598360524995536e-6
1670,8,1.5265331687429234e-6
1670,9,1.0938524278926953e-5
1670,10,1.7121244701943717e-5
1670,11,1.9930071951329854e-5
1670,12,1.9747383648766587e-5
1671,1,1.9177925985910653e-5
1671,2,1.710376337135398e-5
1671,3,1.627749749856018e-5
1671,4,1.4435749333678759e-5
1671,5,1.1100799249262568e-5
1671,6,4.16825397541915e-6
1671,7,1.140640386236054e-6
1671,8,1.682976400033605e-6
1671,9,1.2281078093550557e-5
1671,10,2.4192275768058042e-5
1671,11,1.6684223477262908e-5
1671,12,1.5147882206335774e-5
1672,1,1.5152078323645956e-5
1672,2,1.850103470722012e-5
1672,3,1.857063914975811e-5
1672,4,1.4194737109669712e-5
1672,5,1.2501708930537905e-5
1672,6,6.339443494009481e-6
1672,7,1.1997044673166837e-6
1672,8,7.86750497450275e-7
1672,9,1.1691739571506708e-5
1672,10,2.1224638740150377e-5
1672,11,2.054395473675137e-5
1672,12,2.0556809877044552e-5
1673,1,1.7970694347994966e-5
1673,2,2.0112428503533674e-5
1673,3,1.9047881089584267e-5
1673,4,1.4983766668971195e-5
1673,5,1.2269998094355856e-5
1673,6,6.555056706660347e-6
1673,7,1.6946440440215353e-6
1673,8,1.2284125317412133e-6
1673,9,8.112675494904718e-6
1673,10,1.4926778031312508e-5
1673,11,1.9320699926055053e-5
1673,12,1.4979319787206606e-5
1674,1,1.596513304490963e-5
1674,2,2.0213603039477455e-5
1674,3,1.6245253093657077e-5
1674,4,1.4338841691043095e-5
1674,5,1.0907720127009367e-5
1674,6,7.329845675467945e-6
1674,7,1.5129324112739536e-6
1674,8,2.104514542498867e-6
1674,9,9.902781368688069e-6
1674,10,2.0686287844426996e-5
1674,11,2.2186999283704063e-5
1674,12,2.1911621698429564e-5
1675,1,1.7233546501182333e-5
1675,2,1.8700508037753028e-5
1675,3,1.7846074986557577e-5
1675,4,1.3930440119225333e-5
1675,5,8.998566725121903e-6
1675,6,7.497042782008896e-6
1675,7,1.2889728379297719e-6
1675,8,1.620722904456722e-6
1675,9,1.2997141649796714e-5
1675,10,2.1321153422407335e-5
1675,11,1.8934926103434973e-5
1675,12,1.6943975930847553e-5
1676,1,1.3190828744998548e-5
1676,2,1.4055269339602974e-5
1676,3,1.5112872893599418e-5
1676,4,1.583287774218031e-5
1676,5,1.2609535835350826e-5
1676,6,5.133298821049335e-6
1676,7,7.688857619166557e-7
1676,8,2.002990651676739e-6
1676,9,9.046766670740945e-6
1676,10,2.2530559955522545e-5
1676,11,2.179050632880803e-5
1676,12,1.8674474712468056e-5
1677,1,1.6997966814974908e-5
1677,2,2.1504476578082028e-5
1677,3,2.1036027617700796e-5
1677,4,1.3573470257289643e-5
1677,5,1.0082371434443391e-5
1677,6,4.877481455718414e-6
1677,7,1.0239596929676485e-6
1677,8,1.908969512611453e-6
1677,9,9.116308255721613e-6
1677,10,2.473517247641725e-5
1677,11,1.5109820350270354e-5
1677,12,1.7556413000174698e-5
1678,1,2.0533359969044076e-5
1678,2,2.1234363536755085e-5
1678,3,1.3685069522161901e-5
1678,4,1.653284921791412e-5
1678,5,1.1430054850515911e-5
1678,6,8.850210797539182e-6
1678,7,7.261186707977426e-7
1678,8,9.139732364093509e-7
1678,9,6.7588668934460135e-6
1678,10,2.4329817273839787e-5
1678,11,2.209520429757631e-5
1678,12,1.3853043726093744e-5
1679,1,1.8003103514973533e-5
1679,2,1.84931930665187e-5
1679,3,1.4572574578269334e-5
1679,4,1.171185566939245e-5
1679,5,9.983903753584345e-6
1679,6,4.704601965825849e-6
1679,7,1.1249087524018797e-6
1679,8,1.3186623746156586e-6
1679,9,1.396508540868281e-5
1679,10,2.5338370147318067e-5
1679,11,2.111962195968272e-5
1679,12,2.24005896634078e-5
1680,1,2.375074985039744e-5
1680,2,2.352156502444489e-5
1680,3,1.4798164715844029e-5
1680,4,1.3997813069795048e-5
1680,5,1.1889178059385217e-5
1680,6,4.8250732970516485e-6
1680,7,1.6473840320584844e-6
1680,8,1.7064071171772124e-6
1680,9,1.0998344307485912e-5
1680,10,1.7465470549010492e-5
1680,11,1.8717054009061306e-5
1680,12,1.842428265048612e-5
1681,1,1.4757367807560128e-5
1681,2,2.168540605795872e-5
1681,3,1.2805085388004539e-5
1681,4,1.3706548435105944e-5
1681,5,1.0726301275078861e-5
1681,6,4.334387377386412e-6
1681,7,1.4388469317673085e-6
1681,8,1.3085278696841837e-6
1681,9,9.39098047483979e-6
1681,10,2.3789879889929464e-5
1681,11,1.8489616891010847e-5
1681,12,1.5943685415555394e-5
1682,1,1.7425129985393058e-5
1682,2,1.7999235424162202e-5
1682,3,1.5288559318513986e-5
1682,4,1.1804462249000976e-5
1682,5,1.2207355944392447e-5
1682,6,1.027119546965857e-5
1682,7,2.703601462655165e-6
1682,8,9.572684056728313e-7
1682,9,1.4572531485652159e-5
1682,10,2.547952021065124e-5
1682,11,1.9462615542913533e-5
1682,12,1.680239195806736e-5
1683,1,1.6223765420851057e-5
1683,2,2.0649995841802038e-5
1683,3,1.427201931852119e-5
1683,4,1.365178936057948e-5
1683,5,1.2877368098106845e-5
1683,6,8.498417340928449e-6
1683,7,6.705297461697493e-7
1683,8,2.15236036621761e-6
1683,9,1.0814828957789024e-5
1683,10,1.760201635615525e-5
1683,11,2.2535303757725204e-5
1683,12,1.9994982001543116e-5
1684,1,1.689811063063882e-5
1684,2,1.7910908091300028e-5
1684,3,1.3112744561605617e-5
1684,4,1.5296325658047052e-5
1684,5,9.182600724234936e-6
1684,6,6.6639969451329675e-6
1684,7,2.47799668642837e-6
1684,8,2.1492691814850033e-6
1684,9,9.82735903068686e-6
1684,10,2.0571241060134517e-5
1684,11,1.7709235540345992e-5
1684,12,2.2478036559971576e-5
1685,1,2.0349900456826376e-5
1685,2,1.6086244022609528e-5
1685,3,1.3637156870159635e-5
1685,4,1.3676257760999733e-5
1685,5,1.3297063677060025e-5
1685,6,4.284841442999758e-6
1685,7,1.0705216092261761e-6
1685,8,2.113853115403558e-6
1685,9,7.834992715643562e-6
1685,10,2.6134893111896658e-5
1685,11,2.1660324108433823e-5
1685,12,1.4645930340128486e-5
1686,1,1.5586860142425705e-5
1686,2,2.0900279413701865e-5
1686,3,1.518666005499117e-5
1686,4,1.2248363966743299e-5
1686,5,1.1161757379907961e-5
1686,6,4.556694723502431e-6
1686,7,1.7764758102227404e-6
1686,8,9.025629121965e-7
1686,9,8.698934177495826e-6
1686,10,2.037117698486027e-5
1686,11,1.834272218526513e-5
1686,12,1.8702510301276717e-5
1687,1,1.4962331527273006e-5
1687,2,1.57469133251505e-5
1687,3,1.2489213109149063e-5
1687,4,1.5038066979742833e-5
1687,5,1.1016171747569692e-5
1687,6,5.18841382963825e-6
1687,7,1.7652341977357315e-6
1687,8,2.013631165987787e-6
1687,9,1.2257467506606991e-5
1687,10,1.81315826233846e-5
1687,11,2.313986669979821e-5
1687,12,1.2928116658389646e-5
1688,1,1.3987518616592698e-5
1688,2,1.864822587067675e-5
1688,3,1.2221878979200123e-5
1688,4,1.4804298902865134e-5
1688,5,1.2135084780550798e-5
1688,6,4.904281698957584e-6
1688,7,1.6141439080838092e-6
1688,8,1.8424960415986516e-6
1688,9,8.55445052478487e-6
1688,10,2.3813696867198106e-5
1688,11,1.6720604840618985e-5
1688,12,1.633483176261897e-5
1689,1,1.9832470823962594e-5
1689,2,1.7322284404297138e-5
1689,3,1.6897575350889216e-5
1689,4,1.7694315413535795e-5
1689,5,1.2571116350019685e-5
1689,6,6.1358217750475885e-6
1689,7,1.1081165973015818e-6
1689,8,1.7442717710303144e-6
1689,9,1.1509093659355626e-5
1689,10,2.3730433644529924e-5
1689,11,1.9709620625112124e-5
1689,12,2.3389392079436046e-5
1690,1,1.4739934140956639e-5
1690,2,2.157924755465576e-5
1690,3,1.567005714884453e-5
1690,4,1.3724964988390538e-5
1690,5,1.2120711468656971e-5
1690,6,8.554153812081683e-6
1690,7,7.823738657346963e-7
1690,8,6.955492158700795e-7
1690,9,1.0912113692975895e-5
1690,10,2.2846038426486535e-5
1690,11,1.487485491952943e-5
1690,12,2.1492034242081742e-5
1691,1,1.9355839086441022e-5
1691,2,1.7647207629422823e-5
1691,3,1.4077639465831652e-5
1691,4,1.4065930522317392e-5
1691,5,1.4273034641832524e-5
1691,6,6.917163426061684e-6
1691,7,6.535695592639537e-7
1691,8,1.2671684232280037e-6
1691,9,1.3261387179873014e-5
1691,10,2.089578681497918e-5
1691,11,2.617485180130782e-5
1691,12,1.625581210506838e-5
1692,1,1.3963624746995939e-5
1692,2,1.4139140797820344e-5
1692,3,1.4604238550157104e-5
1692,4,1.4416841185358882e-5
1692,5,1.4428811992998266e-5
1692,6,5.428247833469295e-6
1692,7,1.4020271498296268e-6
1692,8,1.5729960958348115e-6
1692,9,7.612520706885216e-6
1692,10,2.3852388088279728e-5
1692,11,1.9691633958133756e-5
1692,12,1.9786646539242178e-5
1693,1,2.129122351964906e-5
1693,2,2.0204498395851335e-5
1693,3,1.4735889860610928e-5
1693,4,1.2343666343734883e-5
1693,5,1.6999085360438462e-5
1693,6,5.1785164964662e-6
1693,7,1.4778068699560888e-6
1693,8,8.162347434812425e-7
1693,9,9.500904200758645e-6
1693,10,2.6784925817426686e-5
1693,11,2.0096800651585326e-5
1693,12,1.8802868833736883e-5
1694,1,1.3842323554726914e-5
1694,2,1.305360674131592e-5
1694,3,1.2264744630978863e-5
1694,4,1.7616756012945472e-5
1694,5,1.1873171285057872e-5
1694,6,5.610897571024862e-6
1694,7,9.584044846490546e-7
1694,8,1.7514409634444567e-6
1694,9,9.714995727473407e-6
1694,10,1.964216674759994e-5
1694,11,1.7434231894734998e-5
1694,12,1.7946595392371687e-5
1695,1,2.0600624734024176e-5
1695,2,1.9532342768970443e-5
1695,3,1.6978359857453913e-5
1695,4,1.729569365163517e-5
1695,5,9.533119512582609e-6
1695,6,3.7232280980815424e-6
1695,7,1.0458345176643542e-6
1695,8,1.7651400703447955e-6
1695,9,1.4305525828365777e-5
1695,10,1.6136221415097184e-5
1695,11,2.2197328996477764e-5
1695,12,1.4350083784683879e-5
1696,1,1.919943286552402e-5
1696,2,1.8183027105088443e-5
1696,3,1.516783773162042e-5
1696,4,2.1097993407485522e-5
1696,5,8.766215729885877e-6
1696,6,5.7675250853226e-6
1696,7,1.4942967365761491e-6
1696,8,1.564861030422305e-6
1696,9,1.3360445514080938e-5
1696,10,2.6085678286329503e-5
1696,11,1.8523575972852588e-5
1696,12,1.585612130052287e-5
1697,1,1.4678166765738301e-5
1697,2,1.9165087935547926e-5
1697,3,1.6782371098381113e-5
1697,4,1.412383377526124e-5
1697,5,1.0065558796425003e-5
1697,6,5.331273964730675e-6
1697,7,2.1484137439443545e-6
1697,8,1.9172929489722453e-6
1697,9,1.1400463314613979e-5
1697,10,1.9812927818804844e-5
1697,11,1.8425650484972582e-5
1697,12,1.7417140886731676e-5
1698,1,1.4670144662856659e-5
1698,2,1.8177906285158697e-5
1698,3,1.708322469202274e-5
1698,4,1.451867526856099e-5
1698,5,1.3800193163636189e-5
1698,6,9.186501147061315e-6
1698,7,3.0449248016275666e-6
1698,8,2.901438632609693e-6
1698,9,1.2365986087716863e-5
1698,10,1.875356847448888e-5
1698,11,1.5436968816674962e-5
1698,12,2.16100358863804e-5
1699,1,1.3426437941567488e-5
1699,2,2.1485015227828887e-5
1699,3,1.3650600855145893e-5
1699,4,1.4761316973147989e-5
1699,5,8.913857382746367e-6
1699,6,6.196690304158141e-6
1699,7,1.0416767561705311e-6
1699,8,1.1390628711779666e-6
1699,9,1.3491045166544678e-5
1699,10,2.5725253908996234e-5
1699,11,1.4573784644679482e-5
1699,12,1.648417024989388e-5
1700,1,1.767477078484378e-5
1700,2,1.7088669124701376e-5
1700,3,1.2696739439947849e-5
1700,4,1.5945317121166363e-5
1700,5,1.3893237050195009e-5
1700,6,8.290908231625284e-6
1700,7,1.593552369961248e-6
1700,8,2.1279409257856414e-6
1700,9,1.0400715766861206e-5
1700,10,1.9586255928949845e-5
1700,11,1.8325682629882147e-5
1700,12,1.767276246170757e-5
1701,1,2.1532610087311287e-5
1701,2,1.880324122723952e-5
1701,3,1.5715815115538903e-5
1701,4,1.1036317508907003e-5
1701,5,1.0529848816054228e-5
1701,6,7.194201988926745e-6
1701,7,2.705017066575704e-6
1701,8,1.8318748544982926e-6
1701,9,1.0550368729630395e-5
1701,10,2.51240319686778e-5
1701,11,2.067074267781162e-5
1701,12,2.3765134632346497e-5
1702,1,1.8742640264610564e-5
1702,2,1.5416263834637513e-5
1702,3,1.2783535807469224e-5
1702,4,1.7050683182541857e-5
1702,5,1.2846370156245679e-5
1702,6,6.928584237701838e-6
1702,7,1.9112424404960384e-6
1702,8,3.109391318112975e-6
1702,9,1.1418954308965738e-5
1702,10,2.464659987613281e-5
1702,11,2.7287650158404637e-5
1702,12,1.6745063334865496e-5
1703,1,1.549053228880946e-5
1703,2,1.3989202028576168e-5
1703,3,1.730387346849116e-5
1703,4,1.6421821909851923e-5
1703,5,1.2540786048413597e-5
1703,6,9.45800445471868e-6
1703,7,2.2694566553528104e-6
1703,8,1.168034943518806e-6
1703,9,1.0435409898172514e-5
1703,10,2.3807878245363723e-5
1703,11,1.8010981470585368e-5
1703,12,1.6916147807958637e-5
1704,1,2.0618278815238676e-5
1704,2,1.8014700534144732e-5
1704,3,1.7766605481275597e-5
1704,4,1.3929107456456991e-5
1704,5,1.2570150254099625e-5
1704,6,6.3812507856216865e-6
1704,7,2.047520200727236e-6
1704,8,1.4629084358685673e-6
1704,9,9.850337558212179e-6
1704,10,2.8457807023323933e-5
1704,11,2.244307402423469e-5
1704,12,2.6791217167006947e-5
1705,1,1.7065366756319335e-5
1705,2,1.711147108424579e-5
1705,3,1.3875137225471851e-5
1705,4,1.5551249869085462e-5
1705,5,1.279795836496689e-5
1705,6,6.12244465030847e-6
1705,7,6.06547674792836e-7
1705,8,6.165646431127421e-7
1705,9,1.0911822500527155e-5
1705,10,2.5224209680372214e-5
1705,11,2.10553888734254e-5
1705,12,1.800220063930411e-5
1706,1,1.899524249510496e-5
1706,2,1.490954780585699e-5
1706,3,1.1857735178791165e-5
1706,4,1.1238656409395909e-5
1706,5,9.292443333509896e-6
1706,6,6.001706286202205e-6
1706,7,2.0028559596693554e-6
1706,8,2.815873479656556e-6
1706,9,7.773432667222632e-6
1706,10,2.01055622284604e-5
1706,11,2.4043290888119825e-5
1706,12,1.9674857554651878e-5
1707,1,1.3484643232291414e-5
1707,2,2.201766753169263e-5
1707,3,1.633483673807985e-5
1707,4,1.2783888258234845e-5
1707,5,1.2374474338646077e-5
1707,6,7.254302885370891e-6
1707,7,1.5206527284805817e-6
1707,8,2.521926932272374e-6
1707,9,1.298939373160633e-5
1707,10,2.4599358807456334e-5
1707,11,1.7671211435622402e-5
1707,12,1.413597033987399e-5
1708,1,2.060848005218087e-5
1708,2,1.758068685568106e-5
1708,3,1.807313867110746e-5
1708,4,1.1434602155079118e-5
1708,5,1.0735861889854395e-5
1708,6,5.385360882791972e-6
1708,7,2.138257205681915e-6
1708,8,1.7397232958733312e-6
1708,9,7.637989628153696e-6
1708,10,2.2663755826113092e-5
1708,11,1.8767390962258585e-5
1708,12,2.1563426686160488e-5
1709,1,2.0912525327089235e-5
1709,2,1.78166065093345e-5
1709,3,2.0263244301967076e-5
1709,4,1.7956428841352425e-5
1709,5,1.2704235985267022e-5
1709,6,4.660287454819787e-6
1709,7,1.0369577312381686e-6
1709,8,1.3893372021338365e-6
1709,9,1.2438057266956548e-5
1709,10,2.598040957266329e-5
1709,11,1.5371953419844243e-5
1709,12,1.6750078897836846e-5
1710,1,1.654143978043134e-5
1710,2,1.846869584352942e-5
1710,3,1.4310574529812671e-5
1710,4,1.7654924743947132e-5
1710,5,1.357714199803893e-5
1710,6,4.518317074108205e-6
1710,7,1.660645033941038e-6
1710,8,1.8242704968610174e-6
1710,9,1.0762414544899518e-5
1710,10,1.7257414566073643e-5
1710,11,1.971692401739498e-5
1710,12,1.966687900515965e-5
1711,1,1.8312301329939926e-5
1711,2,1.4768946836345478e-5
1711,3,1.618915325618223e-5
1711,4,1.532999609651903e-5
1711,5,1.1122757535282927e-5
1711,6,7.83438771570915e-6
1711,7,1.6201413175166776e-6
1711,8,1.6853047362605014e-6
1711,9,8.22397727460578e-6
1711,10,2.312791521197102e-5
1711,11,1.600435303481329e-5
1711,12,1.2891578184551029e-5
1712,1,1.866639819870399e-5
1712,2,1.7150890439430052e-5
1712,3,1.2491671262134829e-05
1712,4,1.5956555460638813e-5
1712,5,1.2092756904845402e-5
1712,6,4.644686377044648e-6
1712,7,5.26743120742801e-7
1712,8,2.245942028674523e-6
1712,9,1.0024109251694393e-5
1712,10,2.3835158005748196e-5
1712,11,1.7133487376133822e-5
1712,12,1.3662146274161819e-5
1713,1,1.7124423853821657e-5
1713,2,2.6657387227056097e-5
1713,3,1.4269444238219756e-5
1713,4,1.5774328605001176e-5
1713,5,9.711797797550698e-6
1713,6,6.7561578773437744e-6
1713,7,2.8126920662071068e-6
1713,8,2.991900408151157e-6
1713,9,1.4060610738113725e-5
1713,10,2.3086060363993977e-5
1713,11,1.864765825388857e-5
1713,12,2.1694075838624954e-5
1714,1,1.7760669780071513e-5
1714,2,1.4915959375860142e-5
1714,3,1.3302889077811432e-5
1714,4,1.433579075863917e-5
1714,5,1.1905286602815167e-5
1714,6,3.673233269609662e-6
1714,7,1.1226667156861635e-6
1714,8,1.1968264525901051e-6
1714,9,1.612067308232701e-5
1714,10,1.971061247860932e-5
1714,11,1.799067415241534e-5
1714,12,9.981781246649434e-6
1715,1,1.7174345171844478e-5
1715,2,2.226487663161348e-5
1715,3,1.2424381151124448e-5
1715,4,1.4578208665678203e-5
1715,5,9.708101936007266e-6
1715,6,5.797961785068116e-6
1715,7,3.6622300020921094e-6
1715,8,1.1157576483939055e-6
1715,9,8.815773218972854e-6
1715,10,2.7606195231613048e-5
1715,11,1.967681235377427e-5
1715,12,1.7919635998486998e-5
1716,1,1.538227257849369e-5
1716,2,2.1482709699889e-5
1716,3,1.9849240158917427e-5
1716,4,1.4372505661076661e-5
1716,5,1.5402378326386233e-5
1716,6,6.124003352106679e-6
1716,7,1.2423331495214729e-6
1716,8,1.7503394123698908e-6
1716,9,1.0098555086526984e-5
1716,10,2.3944247423166834e-5
1716,11,1.5744728500649593e-5
1716,12,1.738352453868181e-5
1717,1,1.400305756552395e-5
1717,2,1.8566664811018137e-5
1717,3,1.4438692441203649e-5
1717,4,1.948832610529375e-5
1717,5,1.200245734897875e-5
1717,6,7.18364456449247e-6
1717,7,9.09570856567788e-7
1717,8,1.5667086850058562e-6
1717,9,9.007325784735654e-6
1717,10,2.1463775738897022e-5
1717,11,2.523229727742556e-5
1717,12,1.9470198941272122e-5
1718,1,1.829298193014648e-5
1718,2,1.7571774475385125e-5
1718,3,1.403128848522567e-5
1718,4,1.4561528941782621e-5
1718,5,8.858295612638835e-6
1718,6,6.6266298541004135e-6
1718,7,1.2154193369758388e-6
1718,8,1.1926560363192747e-6
1718,9,8.638511155986857e-6
1718,10,2.566648452952322e-5
1718,11,2.27148901885319e-5
1718,12,1.922934948111122e-5
1719,1,1.7592301284488318e-5
1719,2,1.3793711525255393e-5
1719,3,1.514673304122029e-5
1719,4,1.403905505900142e-5
1719,5,9.917015953236768e-6
1719,6,5.752768944517316e-6
1719,7,2.002034787822784e-6
1719,8,8.905946396974676e-7
1719,9,8.739387915854666e-6
1719,10,2.217768256972331e-5
1719,11,2.2228753873689224e-5
1719,12,1.9523144732357835e-5
1720,1,1.5454410225474786e-5
1720,2,1.3950228912387979e-5
1720,3,1.497577880775518e-5
1720,4,1.6486123005286706e-5
1720,5,1.1521855419755838e-5
1720,6,5.743135027530621e-6
1720,7,2.297340540042604e-6
1720,8,1.7354163552328956e-6
1720,9,8.628294760470802e-6
1720,10,2.1996487000959834e-5
1720,11,2.1890712613323797e-5
1720,12,2.1769461731036615e-5
1721,1,2.056413129289282e-5
1721,2,1.698395419816537e-5
1721,3,1.964418819153903e-5
1721,4,1.621618394551988e-5
1721,5,1.4895104844596935e-5
1721,6,6.289233324940672e-6
1721,7,1.733370691888722e-6
1721,8,1.9571834208821747e-6
1721,9,1.2003000558902485e-5
1721,10,2.0055423186941602e-5
1721,11,1.7079635430754374e-5
1721,12,1.6450710651555208e-5
1722,1,1.2517874211905739e-5
1722,2,1.477975642802299e-5
1722,3,1.587325786715762e-5
1722,4,1.696312436654587e-5
1722,5,1.64295602207156e-5
1722,6,9.375761174626106e-6
1722,7,2.4915236811010854e-6
1722,8,1.8977327816865705e-6
1722,9,1.109786393393961e-5
1722,10,2.2937956331563965e-5
1722,11,2.2229150310074534e-5
1722,12,1.584253249875813e-5
1723,1,1.8340904796769243e-5
1723,2,1.5991417104900596e-5
1723,3,1.2013863457518303e-5
1723,4,1.227754602487309e-5
1723,5,1.0877020635051857e-5
1723,6,5.318318909388665e-6
1723,7,1.2157755998045074e-6
1723,8,2.5143824388324526e-6
1723,9,1.0312559196933844e-5
1723,10,1.7901942318258065e-5
1723,11,1.8936476449019065e-5
1723,12,2.5129097397108522e-5
1724,1,2.07521812230586e-5
1724,2,1.66417901470134e-5
1724,3,1.410687939500631e-5
1724,4,1.9188501421146164e-5
1724,5,8.941121455101843e-6
1724,6,5.466881258004489e-6
1724,7,1.1831403786271577e-6
1724,8,1.966260116123463e-6
1724,9,1.0890815767952591e-5
1724,10,2.334671398283007e-5
1724,11,1.8449303598228804e-5
1724,12,1.3693153300439203e-5
1725,1,1.8244549982770423e-5
1725,2,1.7887870180545777e-5
1725,3,1.8564775926300805e-5
1725,4,1.3813900578988234e-5
1725,5,1.1533147331122126e-5
1725,6,9.060643160536823e-6
1725,7,1.0100852355961439e-6
1725,8,1.0078432428531094e-6
1725,9,1.250199290160418e-5
1725,10,2.5151783775532903e-5
1725,11,1.970496742626716e-5
1725,12,2.3129664193653983e-5
1726,1,1.5045227372171119e-5
1726,2,1.5925292997924656e-5
1726,3,1.45309539087307e-5
1726,4,1.483051762770729e-5
1726,5,1.3147899360775741e-5
1726,6,5.968776176269085e-6
1726,7,2.43095786900763e-6
1726,8,1.085792479306109e-6
1726,9,8.110199000238636e-6
1726,10,2.2135401232665345e-5
1726,11,1.9552317506845046e-5
1726,12,2.0396892807537925e-5
1727,1,1.5181322921345025e-5
1727,2,1.3876677136572203e-5
1727,3,1.5989370858648538e-5
1727,4,1.5432198967756032e-5
1727,5,1.3572055494289663e-5
1727,6,6.311801573984254e-6
1727,7,1.0364549904358757e-6
1727,8,1.5990714786451786e-6
1727,9,1.3978263674657599e-5
1727,10,2.3377030207361938e-5
1727,11,1.94209380752318e-5
1727,12,1.7079267885095112e-5
1728,1,2.121361419909348e-5
1728,2,2.2099345423713307e-5
1728,3,1.2925021058806916e-5
1728,4,1.5040538256401877e-5
1728,5,1.3792581121956528e-5
1728,6,6.937648658914922e-6
1728,7,5.619028090337916e-7
1728,8,1.116937896922823e-6
1728,9,1.1946139914808743e-5
1728,10,2.4746161772420895e-5
1728,11,1.863054970979704e-5
1728,12,1.7179722317288413e-5
1729,1,1.532013550536374e-5
1729,2,2.0678569867617512e-5
1729,3,1.5216151011950611e-5
1729,4,1.2469402684866963e-5
1729,5,1.0393427975769285e-5
1729,6,6.447785797971867e-6
1729,7,1.59660455444819e-6
1729,8,1.9428994003274604e-6
1729,9,9.446961554468961e-6
1729,10,2.070329635978647e-5
1729,11,1.429414086268993e-5
1729,12,1.8630694613591475e-5
1730,1,1.4366295850357251e-5
1730,2,1.4687503345023373e-5
1730,3,1.663522742894987e-5
1730,4,1.6642019655920745e-5
1730,5,1.3774489362908725e-5
1730,6,5.62452446435835e-6
1730,7,1.2019351207027604e-6
1730,8,1.728496397494281e-6
1730,9,1.0027122740009534e-5
1730,10,1.9951106063484007e-5
1730,11,2.154615867491106e-5
1730,12,2.1007652242685196e-5
1731,1,1.2917521368192016e-5
1731,2,1.745313129527301e-5
1731,3,1.5130404612373988e-5
1731,4,1.6990078321598967e-5
1731,5,1.3749966480446697e-5
1731,6,5.103076717577211e-6
1731,7,2.5234392152392613e-6
1731,8,2.068305495871298e-6
1731,9,1.2260547804331046e-5
1731,10,2.2335598319388387e-5
1731,11,2.215728850035563e-5
1731,12,2.0083400169662744e-5
1732,1,1.4866710246338376e-5
1732,2,1.4078688132990529e-5
1732,3,1.2839199816252103e-5
1732,4,1.4375064533707226e-5
1732,5,1.4024727276371352e-5
1732,6,7.135450530775113e-6
1732,7,1.719005720426972e-6
1732,8,9.230536513572897e-7
1732,9,1.1516899845090672e-5
1732,10,1.7346097116354722e-5
1732,11,1.8452361260055313e-5
1732,12,1.6220526429940974e-5
1733,1,1.806723475296117e-5
1733,2,1.7448775614919553e-5
1733,3,1.2130851240793813e-5
1733,4,1.3325140801188883e-5
1733,5,1.0945301099176675e-5
1733,6,4.701635164975674e-6
1733,7,1.6228466686150838e-6
1733,8,1.4110755630330433e-6
1733,9,1.1584861826392968e-5
1733,10,1.929024439714049e-5
1733,11,1.7253282169812004e-5
1733,12,1.8086717308359374e-5
1734,1,1.863066375540844e-5
1734,2,1.4836390968963225e-5
1734,3,1.3635590039476346e-5
1734,4,1.351617046366366e-5
1734,5,1.3243746743571704e-5
1734,6,6.561637293737377e-6
1734,7,1.087438075010621e-6
1734,8,1.4838828268821063e-6
1734,9,8.114760776276217e-6
1734,10,2.357462116856413e-5
1734,11,2.566332882756413e-5
1734,12,1.764737999627374e-5
1735,1,2.1680619362637894e-5
1735,2,1.661840778394377e-5
1735,3,1.6581004153043766e-5
1735,4,1.3043688060316663e-5
1735,5,1.0720718758790801e-5
1735,6,5.426981277282497e-6
1735,7,2.2250856695472867e-6
1735,8,1.6471969356559557e-6
1735,9,1.0493907624469166e-5
1735,10,1.4564849330865188e-5
1735,11,1.8211875964817655e-5
1735,12,1.3757771707348996e-5
1736,1,1.5685406030275733e-5
1736,2,1.665624201908271e-5
1736,3,1.770809981681296e-5
1736,4,1.6235746647188293e-5
1736,5,1.2601868778449158e-5
1736,6,7.38104278699385e-6
1736,7,9.565608768293404e-7
1736,8,1.34892004417042e-6
1736,9,1.2687870060399269e-5
1736,10,2.4881269894419464e-5
1736,11,2.289037044513193e-5
1736,12,1.733976681426634e-5
1737,1,2.0941184468621454e-5
1737,2,1.6177102331462905e-5
1737,3,1.4718125186264052e-5
1737,4,1.39385909381366e-5
1737,5,1.1757279132247755e-5
1737,6,6.96100493148473e-6
1737,7,2.0132763360791273e-6
1737,8,1.8775465360569255e-6
1737,9,1.0150305758561003e-5
1737,10,2.436702213060882e-5
1737,11,1.6255233899336202e-5
1737,12,1.826332723574663e-5
1738,1,1.648852058129269e-5
1738,2,2.564547959053359e-5
1738,3,1.3743488400028459e-5
1738,4,1.4674264159018983e-5
1738,5,9.950186184062506e-6
1738,6,6.447510417265412e-6
1738,7,8.824575844912235e-7
1738,8,7.025182322931687e-7
1738,9,8.256376037027043e-6
1738,10,2.5486384752459073e-5
1738,11,1.6080266188557265e-5
1738,12,2.0721544461107113e-5
1739,1,1.8564668072885323e-5
1739,2,1.4994539840052295e-5
1739,3,1.4472890097394909e-5
1739,4,1.3479253895116537e-5
1739,5,1.218032278684865e-5
1739,6,1.2915229400032979e-5
1739,7,2.6321252019092505e-6
1739,8,9.210638334680382e-7
1739,9,1.0903048524294336e-5
1739,10,1.7636841184880613e-5
1739,11,1.994408907259488e-5
1739,12,1.5916731944691927e-5
1740,1,1.8051591881098204e-5
1740,2,1.8726176022651702e-5
1740,3,1.9255270600450428e-5
1740,4,1.6802429459260342e-5
1740,5,1.4114279877031352e-5
1740,6,7.4828005375786475e-6
1740,7,1.7772286640087216e-6
1740,8,4.283307772317407e-6
1740,9,1.204998337765631e-5
1740,10,2.5569102257830952e-5
1740,11,1.7181330486094675e-5
1740,12,1.5864040022967324e-5
1741,1,1.3815924143846764e-5
1741,2,2.2140212137630235e-5
1741,3,1.4520230558626522e-5
1741,4,1.3369240913316176e-5
1741,5,1.3222400267153633e-5
1741,6,5.515043224641999e-6
1741,7,1.8697727595558656e-6
1741,8,5.535948929360757e-6
1741,9,1.3259697883141609e-5
1741,10,2.0089578319488717e-5
1741,11,1.7111213329278504e-5
1741,12,2.089221961594088e-5
1742,1,1.900419228409099e-5
1742,2,2.1161519954008668e-5
1742,3,1.7938058436072533e-5
1742,4,1.2124064598105783e-5
1742,5,1.139647027532352e-5
1742,6,6.64420672928666e-6
1742,7,1.923460241921152e-6
1742,8,1.5947317797193217e-6
1742,9,1.205093117395509e-5
1742,10,2.4677115261227572e-5
1742,11,1.864793855772395e-5
1742,12,1.9176177503426414e-5
1743,1,1.5046319845973574e-5
1743,2,1.620510583361407e-5
1743,3,1.690123850880052e-5
1743,4,1.5475361788120045e-5
1743,5,1.0593826199729735e-5
1743,6,7.961427666203231e-6
1743,7,1.2828515098615505e-6
1743,8,1.9910516526309216e-6
1743,9,8.727425011230765e-6
1743,10,2.1888534694301155e-5
1743,11,2.279766571464278e-5
1743,12,1.718484103755579e-5
1744,1,1.5845166648581617e-5
1744,2,1.611842454008646e-5
1744,3,1.3323773091861628e-5
1744,4,1.634974717762677e-5
1744,5,1.3340152186091148e-5
1744,6,7.1134535862040694e-6
1744,7,1.04946467072728e-6
1744,8,1.1275676584716093e-6
1744,9,1.0990945699987206e-5
1744,10,2.2582168949289436e-5
1744,11,2.1975334248046293e-5
1744,12,1.9945233505714418e-5
1745,1,1.764939141787705e-5
1745,2,1.737689307056104e-5
1745,3,1.1886753322877688e-5
1745,4,1.2613121442568891e-5
1745,5,1.140713382494831e-5
1745,6,5.020260100282333e-6
1745,7,1.0611984933958202e-6
1745,8,1.3123149975333078e-6
1745,9,1.0637806871019617e-5
1745,10,2.8549215536540486e-5
1745,11,1.6698530192854567e-5
1745,12,1.3421722475523013e-5
1746,1,2.1496955073968177e-5
1746,2,1.6902704950741948e-5
1746,3,1.5475330915074595e-5
1746,4,1.3240856531967774e-5
1746,5,1.3324297000277616e-5
1746,6,5.7713091718738894e-6
1746,7,1.1819417917625865e-6
1746,8,1.7925010814865626e-6
1746,9,1.0022150793339587e-5
1746,10,2.4584240079140752e-5
1746,11,1.8712168924745245e-5
1746,12,1.7374173499741497e-5
1747,1,1.647983759955199e-5
1747,2,1.4485415168750694e-5
1747,3,1.4688330611718294e-5
1747,4,1.4148447636765873e-5
1747,5,1.3673726705430191e-5
1747,6,3.820873908427013e-6
1747,7,1.3801739027689013e-6
1747,8,2.625843624024305e-6
1747,9,8.39308694146054e-6
1747,10,2.1790122229419524e-5
1747,11,1.8581091108555752e-5
1747,12,1.4282933002299242e-5
1748,1,1.7287530869736156e-5
1748,2,1.4366668181775656e-5
1748,3,1.4341154280563208e-5
1748,4,1.828599725178346e-5
1748,5,1.5473704644264263e-5
1748,6,6.047328138525995e-6
1748,7,1.5270440884991669e-6
1748,8,1.7675069029588412e-6
1748,9,8.07914802067237e-6
1748,10,2.7379800246380537e-5
1748,11,1.715785727209394e-5
1748,12,1.7905913068708903e-5
1749,1,1.5923703843343942e-5
1749,2,1.710280095545125e-5
1749,3,1.5258834725011715e-5
1749,4,1.4766624112222825e-5
1749,5,1.3893162100544912e-5
1749,6,6.945504194746562e-6
1749,7,1.0237528443084999e-6
1749,8,1.6630949721565941e-6
1749,9,1.2286899137834251e-5
1749,10,1.9662674389404346e-5
1749,11,1.631849011142838e-5
1749,12,2.4754181620123597e-5
1750,1,1.9563094173639375e-5
1750,2,1.3883357902422162e-5
1750,3,1.8134314427339044e-5
1750,4,1.402934559148224e-5
1750,5,1.0697459380489024e-5
1750,6,7.747170190761958e-6
1750,7,1.584300535588856e-6
1750,8,1.2257112048816717e-6
1750,9,1.136538427361952e-5
1750,10,2.545553058453437e-5
1750,11,2.0673285279641358e-5
1750,12,2.0327163320529908e-5
1751,1,1.474875787036784e-5
1751,2,1.6543514967549717e-5
1751,3,1.5438355225647288e-5
1751,4,1.3660433556621022e-5
1751,5,1.1493021617603095e-5
1751,6,5.121155200058497e-6
1751,7,7.061496843647409e-7
1751,8,1.8672080822617209e-6
1751,9,1.252068682473665e-5
1751,10,2.1557145726376418e-5
1751,11,2.8079239955714905e-5
1751,12,2.043426345810255e-5
1752,1,1.9747394434924043e-5
1752,2,1.3871255241957403e-5
1752,3,1.7427162382795003e-5
1752,4,1.3685101789155645e-5
1752,5,1.295303847337559e-5
1752,6,6.008089994304456e-6
1752,7,3.7897571022355007e-6
1752,8,3.5666432456477167e-6
1752,9,1.3765483177246905e-5
1752,10,2.3299923979593004e-5
1752,11,2.3607716726476342e-5
1752,12,2.246849931876905e-5
1753,1,2.2202213459378332e-5
1753,2,1.593795235940431e-5
1753,3,1.4486071625754654e-5
1753,4,1.3347782912279978e-5
1753,5,1.3305758552387216e-5
1753,6,5.532096199983532e-6
1753,7,1.3485978343183837e-6
1753,8,1.5955388006684675e-6
1753,9,1.3742918046991036e-5
1753,10,1.9114529532785852e-5
1753,11,2.157159606812867e-5
1753,12,1.6902509537658365e-5
1754,1,1.6975086836183757e-5
1754,2,1.317031260619411e-5
1754,3,1.1908231206072559e-5
1754,4,1.4277671361954046e-5
1754,5,1.3001173514962647e-5
1754,6,5.921008546502962e-6
1754,7,8.364501375591467e-7
1754,8,2.867032239540579e-6
1754,9,9.245272816428073e-6
1754,10,1.781943907431221e-5
1754,11,2.5244181357699082e-5
1754,12,1.7678145717924105e-5
1755,1,1.55740746948379e-5
1755,2,1.9130815007825928e-5
1755,3,1.4264465943315114e-5
1755,4,1.1721761930568285e-5
1755,5,1.284895840473416e-5
1755,6,3.58492571473635e-6
1755,7,2.537281140534838e-6
1755,8,1.3934189438098468e-6
1755,9,9.130382022234388e-6
1755,10,2.141364675551316e-5
1755,11,1.9017191741044176e-5
1755,12,1.837823616261254e-5
1756,1,1.876064721537498e-5
1756,2,1.6744276595534658e-5
1756,3,1.3398632385918502e-5
1756,4,1.5353071992241836e-5
1756,5,1.2033823917544154e-5
1756,6,3.1744163142713065e-6
1756,7,1.022021208487641e-6
1756,8,1.4991507653882503e-6
1756,9,1.0782536001180287e-5
1756,10,2.531658722107454e-5
1756,11,1.780567112956648e-5
1756,12,1.6355564653242574e-5
1757,1,2.1750070385931384e-5
1757,2,1.614422090425612e-5
1757,3,1.7353206343067427e-5
1757,4,1.283211957051826e-5
1757,5,1.2598398902202044e-5
1757,6,6.5065042972481545e-6
1757,7,1.5327416022454478e-6
1757,8,3.229679938779349e-6
1757,9,1.1879990704116933e-5
1757,10,2.4025558533769143e-5
1757,11,1.9006637782752088e-5
1757,12,1.7161476179861127e-5
1758,1,1.534505388676917e-5
1758,2,1.5748713782905478e-5
1758,3,1.6467341748277423e-5
1758,4,1.641712859358004e-5
1758,5,1.3561572160494125e-5
1758,6,4.9212396788765645e-6
1758,7,1.4387872524676935e-6
1758,8,2.3272785061809367e-6
1758,9,1.0336300933319395e-5
1758,10,2.3090947982112125e-5
1758,11,2.388742086365542e-5
1758,12,1.6907513024888314e-5
1759,1,2.1962913035891396e-5
1759,2,1.731952514502501e-5
1759,3,1.9421895421108587e-5
1759,4,1.1969634277147237e-5
1759,5,1.0248961727336905e-5
1759,6,4.975131633251087e-6
1759,7,1.655814624149872e-6
1759,8,1.5744191615003238e-6
1759,9,5.285154640811074e-6
1759,10,1.6117578606966303e-5
1759,11,2.125200701536237e-5
1759,12,1.45450763813855e-5
1760,1,1.7624947495539526e-5
1760,2,1.7992898878190732e-5
1760,3,1.2688298718168692e-5
1760,4,1.6950259721838348e-5
1760,5,1.2303225991350542e-5
1760,6,5.449930895089772e-6
1760,7,2.109492298934309e-6
1760,8,1.517720109234434e-6
1760,9,8.792068314911226e-6
1760,10,2.510640437571003e-5
1760,11,2.0175261148179445e-5
1760,12,2.4190371537883308e-5
1761,1,2.2744507589473665e-5
1761,2,1.7942426526313684e-5
1761,3,1.383811485862246e-5
1761,4,1.7134900782831554e-5
1761,5,1.0708906688989194e-5
1761,6,5.860097744775686e-6
1761,7,3.353683663423476e-6
1761,8,3.501286760878523e-6
1761,9,1.3349820491957376e-5
1761,10,2.4666335388255563e-5
1761,11,2.2735897609742514e-5
1761,12,1.530848599561704e-5
1762,1,1.1043110052598003e-5
1762,2,1.606744117942042e-5
1762,3,1.1586778066607034e-5
1762,4,1.2930107581929052e-5
1762,5,1.212827729915159e-5
1762,6,6.811245360201847e-6
1762,7,1.278727958151091e-6
1762,8,1.87903786761073e-6
1762,9,9.045612753052771e-6
1762,10,2.1912804697498803e-5
1762,11,1.5295730651710394e-5
1762,12,1.5376773485252393e-5
1763,1,1.4107464249635993e-5
1763,2,1.6366632920784663e-5
1763,3,2.0932518277823448e-5
1763,4,1.6067703005657218e-5
1763,5,1.2674165737015452e-5
1763,6,8.0809495305503e-6
1763,7,2.054934918607345e-6
1763,8,1.6106518204123615e-6
1763,9,7.566872702284483e-6
1763,10,2.0644612850059808e-5
1763,11,1.9556155438393067e-5
1763,12,1.836441103234382e-5
1764,1,1.6776319408493744e-5
1764,2,1.4563909390552539e-5
1764,3,1.6970515263253192e-5
1764,4,1.4331793101358166e-5
1764,5,1.3274003602839905e-5
1764,6,5.871809913928546e-6
1764,7,6.024838853169937e-7
1764,8,6.273696847210775e-6
1764,9,1.4683152122823281e-5
1764,10,1.708992928364459e-5
1764,11,2.674308899281549e-5
1764,12,1.5708597915767573e-5
1765,1,1.5393903000270315e-5
1765,2,1.7586624025976774e-5
1765,3,1.69659307341449e-5
1765,4,1.3482406334304983e-5
1765,5,1.119366746628698e-5
1765,6,4.754433100629269e-6
1765,7,1.5478570631417792e-6
1765,8,9.226855343242209e-7
1765,9,8.924351484556192e-6
1765,10,2.0157437882602414e-5
1765,11,2.1506382667579644e-05
1765,12,1.7819516743554525e-5
1766,1,1.7535847535463734e-5
1766,2,1.7656845809346896e-5
1766,3,1.660936718123245e-5
1766,4,1.6569865729572865e-5
1766,5,1.1658153686744187e-5
1766,6,5.118319940622354e-6
1766,7,1.0126850040007794e-6
1766,8,1.5526519523337678e-6
1766,9,1.1748457374694127e-5
1766,10,2.383529571153934e-5
1766,11,2.112351889679277e-5
1766,12,1.8574034632290134e-5
1767,1,1.2396143502659084e-5
1767,2,1.8848347163380105e-5
1767,3,1.3949324446296575e-5
1767,4,1.3654255144240676e-5
1767,5,1.0995265728297855e-5
1767,6,5.452030439317475e-6
1767,7,1.968221694690737e-6
1767,8,1.6402790051841282e-6
1767,9,1.526929421686966e-5
1767,10,2.298662363531575e-5
1767,11,1.9775782183373328e-5
1767,12,1.6094097050501454e-5
1768,1,2.524816936994036e-5
1768,2,1.355808621009701e-5
1768,3,9.514087804724252e-6
1768,4,1.1030130589051696e-5
1768,5,1.287124484158519e-5
1768,6,3.368896828408445e-6
1768,7,1.921874446183497e-6
1768,8,1.9735545378503023e-6
1768,9,1.4676113692303232e-5
1768,10,2.6007905746595513e-5
1768,11,2.383522034327572e-5
1768,12,1.9492495988916265e-5
1769,1,1.0922402632861818e-5
1769,2,2.480797468284601e-5
1769,3,1.4441455192189198e-5
1769,4,1.287587264384808e-5
1769,5,1.0518623364382445e-5
1769,6,8.130041468414831e-6
1769,7,3.241820232613774e-6
1769,8,3.7149264486371373e-6
1769,9,1.2172310407666154e-5
1769,10,1.9941502257575524e-5
1769,11,1.8572432831495794e-5
1769,12,1.757960729189949e-5
1770,1,1.9649456387181574e-5
1770,2,1.3706277970037203e-5
1770,3,1.135746456961193e-5
1770,4,1.4886014308383345e-5
1770,5,1.5785182684867307e-5
1770,6,5.893249990587191e-6
1770,7,1.5788563686556996e-6
1770,8,1.3792497983818218e-6
1770,9,1.284053996543681e-5
1770,10,2.1135945697717852e-5
1770,11,1.7309761660581177e-5
1770,12,1.7670957835684826e-5
1771,1,2.1313633001081894e-5
1771,2,1.7773116054781227e-5
1771,3,1.713265024794209e-5
1771,4,2.0243895940553866e-5
1771,5,1.3813353753777361e-5
1771,6,1.0049389321723153e-5
1771,7,2.4150717144537975e-6
1771,8,1.6591962664529222e-6
1771,9,1.0084680529888378e-5
1771,10,1.8377603814286308e-5
1771,11,1.8992493284567284e-5
1771,12,1.3533585291524235e-5
1772,1,1.7111602596657492e-5
1772,2,1.9107154214942305e-5
1772,3,1.449321415307219e-5
1772,4,1.3297728931244197e-5
1772,5,1.2168653951305006e-5
1772,6,4.4841616928287385e-6
1772,7,1.7912431817713698e-6
1772,8,2.39605426816253e-6
1772,9,7.373108934048887e-6
1772,10,2.4559508615508183e-5
1772,11,2.0950882581999713e-5
1772,12,2.34081265823399e-5
1773,1,1.8804198929079892e-5
1773,2,1.3580751373902037e-5
1773,3,1.5140057974210433e-5
1773,4,1.3660353617033084e-5
1773,5,1.2738180091266241e-5
1773,6,3.5987411594850787e-6
1773,7,1.2720825764479313e-6
1773,8,1.3358650852087236e-6
1773,9,1.618944837963701e-5
1773,10,1.7925234274905294e-5
1773,11,2.1512479484862385e-5
1773,12,1.8888215605233333e-5
1774,1,1.658090206982359e-5
1774,2,1.4374003875172652e-5
1774,3,1.3337484492582717e-5
1774,4,1.4744903870645212e-5
1774,5,1.1639746031782122e-5
1774,6,6.159221310275663e-6
1774,7,8.484228517802127e-7
1774,8,1.7761445366668627e-6
1774,9,1.0746111827862508e-5
1774,10,2.414144710764524e-5
1774,11,2.761198342335049e-5
1774,12,1.6834175316694608e-5
1775,1,1.3647612356642407e-5
1775,2,1.665065602558885e-5
1775,3,1.3712255148135513e-5
1775,4,1.6267008537752928e-5
1775,5,1.4935267327531214e-5
1775,6,8.392368971315744e-6
1775,7,1.878231013992093e-6
1775,8,2.5867003836026796e-6
1775,9,9.503155292121055e-6
1775,10,2.3384066828824777e-5
1775,11,1.667005380978563e-5
1775,12,1.4112237846188111e-5
1776,1,2.1873184338160525e-5
1776,2,1.9100017106066777e-5
1776,3,1.5443158876401504e-5
1776,4,1.2911933561015757e-5
1776,5,8.99191812094753e-6
1776,6,5.423738663879475e-6
1776,7,4.2802543594720265e-6
1776,8,3.0485851258838925e-6
1776,9,1.5243105378828886e-5
1776,10,1.8717779997958472e-5
1776,11,1.7761325015025603e-5
1776,12,1.6784494863433333e-5
1777,1,1.922268826238199e-5
1777,2,2.1014050754784536e-5
1777,3,1.666671218321713e-5
1777,4,1.674873486728491e-5
1777,5,9.282976689608757e-6
1777,6,8.527441351543287e-6
1777,7,1.0837350540432857e-6
1777,8,9.497797160721432e-7
1777,9,1.2119696596297911e-5
1777,10,1.9719387950245654e-5
1777,11,2.211297204384206e-5
1777,12,2.025899637402194e-5
1778,1,1.2244025933482998e-5
1778,2,1.4834872482889766e-5
1778,3,1.3837252190044221e-5
1778,4,1.2267517162975377e-5
1778,5,1.0636898817855203e-5
1778,6,4.8912258879777025e-6
1778,7,1.1357681925110883e-6
1778,8,2.598345971364996e-6
1778,9,1.1555690708359257e-5
1778,10,2.5392053098619848e-5
1778,11,1.8704783475478202e-5
1778,12,1.7979226895098025e-5
1779,1,1.4447276570976101e-5
1779,2,1.8967544874845075e-5
1779,3,1.827533298727544e-5
1779,4,1.6613755252178145e-5
1779,5,1.0338003398211161e-5
1779,6,4.964946897709119e-6
1779,7,2.275883422144042e-6
1779,8,1.1523359569551334e-6
1779,9,9.230758942323505e-6
1779,10,1.6660552174529275e-5
1779,11,1.6585887124437286e-5
1779,12,1.7550502626860027e-5
1780,1,7.2833251269044585e-6
1780,2,1.2114195764908739e-5
1780,3,1.4227705730697315e-5
1780,4,1.9902774883174746e-5
1780,5,1.2480880344779269e-5
1780,6,6.2387082644654e-6
1780,7,2.208414074960224e-6
1780,8,6.296643000672408e-7
1780,9,1.149789160249692e-5
1780,10,2.5828988889364076e-5
1780,11,1.782761802999791e-5
1780,12,1.7664271201439326e-5
1781,1,1.8416425234028228e-5
1781,2,1.2135173023835163e-5
1781,3,1.137723253228714e-5
1781,4,1.4046033672323604e-5
1781,5,1.2974646880097012e-5
1781,6,6.991120899952077e-6
1781,7,1.2203573314272094e-6
1781,8,1.8675423527866376e-6
1781,9,1.2825186781288443e-5
1781,10,2.2017389671180075e-5
1781,11,2.0328023818015627e-5
1781,12,1.6252318302573853e-5
1782,1,1.2122288347949864e-5
1782,2,1.3322836289242621e-5
1782,3,1.434996334451235e-5
1782,4,1.4629952670641005e-5
1782,5,1.0212086220931136e-5
1782,6,6.59669831413521e-6
1782,7,2.5631824870180807e-6
1782,8,2.1790204173374466e-6
1782,9,1.1685074730503795e-5
1782,10,2.2056875405754034e-5
1782,11,2.3291791193017204e-5
1782,12,2.296659684504139e-5
1783,1,2.1317431237905227e-5
1783,2,1.7759052818958294e-5
1783,3,1.639468218319276e-5
1783,4,1.4094926530775392e-5
1783,5,1.009285294687587e-5
1783,6,4.7122729478011864e-6
1783,7,4.369884471656477e-6
1783,8,3.633124822912625e-6
1783,9,1.283270502854354e-5
1783,10,2.4356056536653914e-5
1783,11,1.3847478715841874e-5
1783,12,1.884911145354588e-5
1784,1,1.930475756349741e-5
1784,2,1.7624443057036676e-5
1784,3,1.9282527161651265e-5
1784,4,1.3400536582443561e-5
1784,5,1.439216133432011e-5
1784,6,7.022868519353685e-6
1784,7,3.214010045995158e-6
1784,8,3.1983575185962934e-6
1784,9,1.1933801890689634e-5
1784,10,1.495481652042141e-5
1784,11,1.8321666645866696e-5
1784,12,1.4730198917474265e-5
1785,1,1.681167466421873e-5
1785,2,1.2489012169489692e-5
1785,3,1.4136089705130214e-5
1785,4,9.858732233621463e-6
1785,5,1.4643948599134588e-5
1785,6,7.009809777776465e-6
1785,7,2.9190107044623904e-6
1785,8,2.6119784860331036e-6
1785,9,9.768555166858005e-6
1785,10,1.5631372251508203e-5
1785,11,1.960779754561226e-5
1785,12,1.5393654556427543e-5
1786,1,1.8602758126319995e-5
1786,2,1.7141681538285776e-5
1786,3,1.4953505663862161e-5
1786,4,1.606267300884727e-5
1786,5,9.56151220053675e-6
1786,6,7.753197753682424e-6
1786,7,2.1220541702417055e-6
1786,8,2.7355551893303616e-6
1786,9,1.1179971026864748e-5
1786,10,2.767584612900949e-5
1786,11,1.952033048487774e-5
1786,12,1.744897929204531e-5
1787,1,1.3943694690114817e-5
1787,2,2.062510051252559e-5
1787,3,1.8101241541582124e-5
1787,4,1.8985895760197705e-5
1787,5,9.869184683052529e-6
1787,6,7.452896083159419e-6
1787,7,2.764178741065154e-6
1787,8,2.4231252917998033e-6
1787,9,1.1911812069789771e-5
1787,10,2.1420866953820163e-5
1787,11,1.8871722054624922e-5
1787,12,1.6890895861924916e-5
1788,1,1.614195472267416e-5
1788,2,1.5877230953337893e-5
1788,3,1.46445722795825e-5
1788,4,1.4450600933073172e-5
1788,5,1.2196325621695805e-5
1788,6,5.0517206750774756e-6
1788,7,8.677127736642121e-7
1788,8,2.333468736624026e-6
1788,9,1.316743318835818e-5
1788,10,2.0653195721561046e-5
1788,11,2.1355929268698047e-5
1788,12,1.9958402041092808e-5
1789,1,1.6322489013350596e-5
1789,2,1.3658978068971967e-5
1789,3,1.74360637369252e-5
1789,4,1.2101656491159689e-5
1789,5,1.6936554715727916e-5
1789,6,6.632726079020015e-6
1789,7,1.6632274339441179e-6
1789,8,1.6194969185471184e-6
1789,9,1.009688008800655e-5
1789,10,2.130250219717445e-5
1789,11,2.1994939464085146e-5
1789,12,1.715927279966259e-5
1790,1,1.8917376300024217e-5
1790,2,1.503877919027732e-5
1790,3,1.489262472823232e-5
1790,4,1.8324400668081293e-5
1790,5,1.1334535798763264e-5
1790,6,6.044791520731199e-6
1790,7,1.913830875797459e-6
1790,8,2.1365838258786956e-6
1790,9,1.424414899082574e-5
1790,10,1.93385538397694e-5
1790,11,2.0542654159606754e-5
1790,12,1.8462179543685817e-5
1791,1,1.6093854720812884e-5
1791,2,1.88555865950134e-5
1791,3,1.5258506074130358e-5
1791,4,1.7194204480898283e-5
1791,5,1.3413155283020781e-5
1791,6,7.682919039372859e-6
1791,7,1.3164482703037358e-6
1791,8,1.8624571604634399e-6
1791,9,1.7305426072456672e-5
1791,10,2.4336593479897637e-5
1791,11,2.3191998666373043e-5
1791,12,2.1074734664394415e-5
1792,1,2.2334045413189912e-5
1792,2,1.7401368378713965e-5
1792,3,1.7688276027687568e-5
1792,4,1.5960881749175773e-5
1792,5,1.1944901836164967e-5
1792,6,5.889933849292407e-6
1792,7,1.3763911936597986e-6
1792,8,2.2837946716358243e-6
1792,9,1.1690545151207703e-5
1792,10,1.7754016796841028e-5
1792,11,2.1840140652834432e-5
1792,12,1.6696353588627877e-5
1793,1,2.6137259393131168e-5
1793,2,1.9672118797020056e-5
1793,3,1.697404719057257e-5
1793,4,1.5740194734906428e-5
1793,5,1.388862461090912e-5
1793,6,4.8893229623640505e-6
1793,7,1.6507406675959363e-6
1793,8,2.1074121636707083e-6
1793,9,1.3470451431230821e-5
1793,10,2.4514492706662273e-5
1793,11,1.8153943654647777e-5
1793,12,2.391996934944522e-5
1794,1,1.8790525356143037e-5
1794,2,1.6790759778314218e-5
1794,3,1.8672167464458076e-5
1794,4,1.7573204380803076e-5
1794,5,1.3891264710049812e-5
1794,6,7.110875255423161e-6
1794,7,2.155585536733916e-6
1794,8,1.3380518620658325e-6
1794,9,1.1704713786669773e-5
1794,10,1.7250958103948e-5
1794,11,1.8199975523201e-5
1794,12,1.588781121459835e-5
1795,1,1.951980473740015e-5
1795,2,1.936849192601714e-5
1795,3,1.7318639484557846e-5
1795,4,1.6360402526455834e-5
1795,5,1.4032532083261164e-5
1795,6,4.449146546689104e-6
1795,7,1.0543057210464747e-6
1795,8,1.1570904518971295e-6
1795,9,1.2406095443334686e-5
1795,10,1.8507129132904135e-5
1795,11,1.838071748525133e-5
1795,12,1.7224492216720416e-5
1796,1,1.595453468880149e-5
1796,2,1.945020786648097e-5
1796,3,1.9528808738359877e-5
1796,4,1.7722521971976354e-5
1796,5,1.5940250705607875e-5
1796,6,7.39683988739414e-6
1796,7,1.6444044280268696e-6
1796,8,2.7789293929380425e-6
1796,9,1.0502968792885135e-5
1796,10,2.4156461476294163e-5
1796,11,2.2874781370861593e-5
1796,12,2.0961407321483574e-5
1797,1,1.2087694365559847e-5
1797,2,1.7753699100569004e-5
1797,3,1.494044227181771e-5
1797,4,1.6189798560756e-5
1797,5,1.222216878435185e-5
1797,6,7.606908413384217e-6
1797,7,1.3262397440838904e-6
1797,8,3.426543172088446e-6
1797,9,9.334342987286934e-6
1797,10,2.0066058507501362e-5
1797,11,2.465897246040639e-5
1797,12,1.4126967231853104e-5
1798,1,1.8511065543346052e-05
1798,2,2.051040879767537e-5
1798,3,1.9762038559887276e-5
1798,4,1.3013198937787127e-5
1798,5,8.147530021853038e-6
1798,6,6.295303796781624e-6
1798,7,1.4033398436955095e-6
1798,8,2.827080124361509e-6
1798,9,1.5176233738694212e-5
1798,10,2.322441581158236e-5
1798,11,1.6730171620210265e-5
1798,12,1.4912504342270236e-5
1799,1,1.3094783990173362e-5
1799,2,2.1757367591003143e-5
1799,3,2.0239985926511124e-5
1799,4,1.6649478232491727e-5
1799,5,7.988434156836989e-6
1799,6,5.876009380214312e-6
1799,7,1.071612587274431e-6
1799,8,1.3517483927055517e-6
1799,9,8.555619770562923e-6
1799,10,1.731000387045678e-5
1799,11,1.910455824100103e-5
1799,12,2.0290916818202127e-5
1800,1,1.6604972555268916e-5
1800,2,1.5246996672603107e-5
1800,3,1.365272863706636e-5
1800,4,1.3215565749262038e-5
1800,5,1.2164542123559424e-5
1800,6,5.622446825350314e-6
1800,7,1.5582211719070308e-6
1800,8,1.012751583790645e-6
1800,9,1.4142265936712726e-5
1800,10,1.8427956765845842e-5
1800,11,1.8968982028860057e-5
1800,12,1.98283677394902e-5
1801,1,2.1817690852123706e-5
1801,2,1.634573817154032e-5
1801,3,1.591151997677528e-5
1801,4,1.289222348276417e-5
1801,5,1.518975673386959e-5
1801,6,5.502697165289988e-6
1801,7,1.1466088244777223e-6
1801,8,1.2236379736039957e-6
1801,9,1.0413915069381409e-5
1801,10,1.6996314052426993e-5
1801,11,2.2430219834391922e-5
1801,12,2.5169634278506388e-5
1802,1,1.5471967890696405e-5
1802,2,1.924355358237587e-5
1802,3,2.0690567411704895e-5
1802,4,1.746625055589452e-5
1802,5,1.2224049596888998e-5
1802,6,3.329427901072453e-6
1802,7,1.2783210294532582e-6
1802,8,2.2251135182729998e-6
1802,9,1.2314117300254351e-5
1802,10,2.1828872248623496e-5
1802,11,2.4051400757995878e-5
1802,12,2.0273805142002616e-5
1803,1,1.620132794063684e-5
1803,2,1.60630024511311e-5
1803,3,1.907001546549264e-5
1803,4,1.8578126449327267e-5
1803,5,1.1023360998709437e-5
1803,6,4.622782141747934e-6
1803,7,2.171053944870476e-6
1803,8,1.642522465071221e-6
1803,9,1.2088457918052227e-5
1803,10,2.7301903375390174e-5
1803,11,1.9695426617123064e-5
1803,12,1.7079381695845927e-5
1804,1,1.5160947272803957e-5
1804,2,1.6084756928908946e-5
1804,3,1.6444904672709088e-5
1804,4,1.1957856748281617e-5
1804,5,1.2991236871784944e-5
1804,6,6.031047565632607e-6
1804,7,1.2346737318069326e-6
1804,8,1.152790346652836e-6
1804,9,7.9721661430134e-6
1804,10,2.109613494954954e-5
1804,11,1.8887510546577597e-5
1804,12,1.737191229926259e-5
1805,1,1.6939791657644382e-5
1805,2,1.9899344376058256e-5
1805,3,1.627236946449064e-5
1805,4,1.6272524062104845e-5
1805,5,1.2878124747528665e-5
1805,6,5.895299096373097e-6
1805,7,1.369568656536302e-6
1805,8,2.4773445963487145e-6
1805,9,7.83876756339144e-6
1805,10,2.6133970134501204e-5
1805,11,1.92447126111718e-5
1805,12,2.119090972855813e-5
1806,1,1.889379212125998e-5
1806,2,1.7159154236858843e-5
1806,3,1.841012856691217e-5
1806,4,1.286570910704003e-5
1806,5,1.005117846192488e-5
1806,6,4.983692203511778e-6
1806,7,1.3860778462622931e-6
1806,8,1.7919774027039586e-6
1806,9,9.226808208415042e-6
1806,10,1.92439114058236e-5
1806,11,1.9602960351686032e-5
1806,12,1.7162512403093283e-5
1807,1,1.760631947263664e-5
1807,2,2.2305610321495034e-5
1807,3,1.4913041228755332e-5
1807,4,1.8575538216559893e-5
1807,5,2.2890518885365863e-5
1807,6,6.926161741928877e-6
1807,7,1.2882188659117166e-6
1807,8,1.0715637603095733e-6
1807,9,1.0909248730348308e-5
1807,10,2.8821787346157788e-5
1807,11,2.0375481715603388e-5
1807,12,2.3843050096011326e-5
1808,1,1.9630580700047394e-5
1808,2,1.64651685518732e-5
1808,3,1.7735999658184985e-5
1808,4,1.7663562615117956e-5
1808,5,1.0344860789127732e-5
1808,6,4.848711737050552e-6
1808,7,1.5019463686774595e-6
1808,8,3.595010783540739e-6
1808,9,8.564871900092345e-6
1808,10,1.7938293895514865e-5
1808,11,2.1027169532424476e-5
1808,12,1.982152161870709e-5
1809,1,2.1390157604704458e-5
1809,2,1.7847148547061574e-5
1809,3,1.752217431744729e-5
1809,4,1.1274395006534332e-5
1809,5,1.2526762286518364e-5
1809,6,8.092867119268637e-6
1809,7,1.4807870420908363e-6
1809,8,1.59670167946753e-6
1809,9,1.1176414430668561e-5
1809,10,2.6073347488111154e-5
1809,11,2.032143268544943e-5
1809,12,1.555057222802863e-5
1810,1,2.1194860379923916e-5
1810,2,1.9446911189697814e-5
1810,3,1.2735155941254707e-5
1810,4,1.262812211796811e-5
1810,5,1.3512634591661034e-5
1810,6,8.747383603484855e-6
1810,7,1.9374530973656083e-6
1810,8,1.5675058892543705e-6
1810,9,8.762444809510345e-6
1810,10,2.803568332271504e-5
1810,11,1.7736245023317392e-5
1810,12,1.616661762622571e-5
1811,1,1.9503899091617576e-5
1811,2,1.820203824958207e-5
1811,3,2.0003638594586704e-5
1811,4,1.6838528436075182e-5
1811,5,1.2946107330959774e-5
1811,6,6.926186421851633e-6
1811,7,3.4028517424138943e-6
1811,8,3.154598826326726e-6
1811,9,1.0152281093395133e-5
1811,10,2.0578164488323344e-5
1811,11,2.317476036908063e-5
1811,12,1.6133080146397602e-5
1812,1,1.840811054491895e-5
1812,2,1.4968743961917946e-5
1812,3,1.6511475340274756e-5
1812,4,1.5003057563130615e-5
1812,5,9.662082557321324e-6
1812,6,6.973157695007032e-6
1812,7,8.243608982000668e-7
1812,8,1.8715818045993428e-6
1812,9,1.1281504289652027e-5
1812,10,2.1852367029765914e-5
1812,11,2.1780286339695547e-5
1812,12,1.7272264982178157e-5
1813,1,1.3288888510244277e-5
1813,2,2.146716910427378e-5
1813,3,1.6134184638916764e-5
1813,4,1.623806042061547e-5
1813,5,8.824892042812547e-6
1813,6,5.35625404596118e-6
1813,7,1.1549939059354928e-6
1813,8,2.3034592283558398e-6
1813,9,1.0850853273312985e-5
1813,10,2.525645582017942e-5
1813,11,1.8893290702015764e-5
1813,12,1.882930842310424e-5
1814,1,2.694852680437649e-5
1814,2,1.5406340462538812e-5
1814,3,1.4425823589798873e-5
1814,4,9.394444624848114e-6
1814,5,9.391659634216398e-6
1814,6,6.743291638013235e-6
1814,7,1.8381387560667498e-6
1814,8,1.8189553809356747e-6
1814,9,9.626675901354079e-6
1814,10,2.1436254604629625e-5
1814,11,2.0084383856715886e-5
1814,12,2.099855696147629e-5
1815,1,1.7079013668410903e-5
1815,2,1.9789015592168876e-5
1815,3,1.2230165557560301e-5
1815,4,1.3958049403065417e-5
1815,5,1.2846953631473132e-5
1815,6,5.979035504063694e-6
1815,7,1.7741457390567102e-6
1815,8,1.675963284334799e-6
1815,9,1.0282647544317272e-5
1815,10,1.8626918088992892e-5
1815,11,2.1191124852353215e-05
1815,12,1.7702029436852123e-5
1816,1,1.719019908050663e-5
1816,2,1.660110917095643e-5
1816,3,1.4128826967105618e-5
1816,4,1.7020647864676596e-5
1816,5,1.2346004347198252e-5
1816,6,5.432492916962006e-6
1816,7,3.160894792664168e-6
1816,8,2.392962094460477e-6
1816,9,1.2907184664757742e-5
1816,10,2.354591273783017e-5
1816,11,2.6089539388677234e-5
1816,12,2.6657083095519837e-5
1817,1,2.1931213053127936e-5
1817,2,1.308827213813429e-5
1817,3,1.767872291324917e-5
1817,4,1.6326206998842945e-5
1817,5,1.2216543488111184e-5
1817,6,7.407480747643013e-6
1817,7,1.967499773332657e-6
1817,8,2.093794692021556e-6
1817,9,1.0928782056222837e-5
1817,10,2.047561708551323e-5
1817,11,1.3598234969336039e-5
1817,12,1.3700163587936089e-5
1818,1,2.4024958465317248e-5
1818,2,1.647786433171283e-5
1818,3,1.2561696426716215e-5
1818,4,1.308881067177691e-5
1818,5,1.1112081012121915e-5
1818,6,6.256531516993329e-6
1818,7,1.1621798917382638e-6
1818,8,1.643759612413754e-6
1818,9,8.895724302011736e-6
1818,10,2.4150007140259057e-5
1818,11,2.350109642070147e-5
1818,12,1.864922170105389e-5
1819,1,1.1680255723344667e-5
1819,2,1.3825431864222339e-5
1819,3,9.935727872073018e-6
1819,4,1.634743284345866e-5
1819,5,1.626300040372512e-5
1819,6,5.9745304058795025e-6
1819,7,1.49998530068479e-6
1819,8,3.030979887650532e-6
1819,9,1.3329455592314075e-5
1819,10,2.5357962803002467e-5
1819,11,1.586640783153001e-5
1819,12,1.339891199330918e-5
1820,1,1.9404948446065086e-5
1820,2,1.8771861372908697e-5
1820,3,1.6338669671356127e-5
1820,4,1.7244986052627373e-5
1820,5,1.3070663168932602e-5
1820,6,7.802880715396073e-6
1820,7,1.9704844762568742e-6
1820,8,1.044212187881444e-6
1820,9,1.0929745429822469e-5
1820,10,2.05082829942178e-5
1820,11,2.36745738016142e-5
1820,12,1.3404050248442776e-5
1821,1,2.00080932573323e-5
1821,2,1.8925594523912433e-5
1821,3,1.6006621235543685e-5
1821,4,1.1674389235089818e-5
1821,5,1.4039484905543606e-5
1821,6,4.4442459958462205e-6
1821,7,2.4162195593033506e-6
1821,8,2.117737570150684e-6
1821,9,7.88834864531343e-6
1821,10,2.5485720364489784e-5
1821,11,1.8085134751457494e-5
1821,12,1.7564750696423366e-5
1822,1,2.021422988845252e-5
1822,2,1.9925127557787754e-5
1822,3,1.3044791443653621e-5
1822,4,9.62578095002672e-6
1822,5,1.016841743790641e-5
1822,6,7.014488819276413e-6
1822,7,2.65240623139031e-6
1822,8,1.928452963262162e-6
1822,9,8.604685195039709e-6
1822,10,2.4945094706447443e-5
1822,11,1.7613179597934854e-5
1822,12,1.503475802400778e-5
1823,1,2.080719418616665e-5
1823,2,1.4501865452255822e-5
1823,3,1.7171142638433473e-5
1823,4,1.8349701773526636e-5
1823,5,1.6700888816668702e-5
1823,6,7.322527507856096e-6
1823,7,3.398004638117456e-6
1823,8,1.091181168929782e-6
1823,9,9.499210632084957e-6
1823,10,2.0379478395495706e-5
1823,11,1.976447091613996e-5
1823,12,2.1319317023789873e-5
1824,1,1.815455937318164e-5
1824,2,1.917600078855301e-5
1824,3,1.9039634271464498e-5
1824,4,1.2050559046854685e-5
1824,5,1.2610843621322296e-5
1824,6,5.21251648748164e-6
1824,7,1.7824152728029949e-6
1824,8,1.5560518449156098e-6
1824,9,1.2255917141433549e-5
1824,10,3.1380017463457154e-5
1824,11,2.0984136301009244e-5
1824,12,1.6445467998139044e-5
1825,1,1.362247113525284e-5
1825,2,1.719018021307582e-5
1825,3,1.4477998674274642e-5
1825,4,1.825606897945328e-5
1825,5,6.251636943655901e-6
1825,6,5.280090513824618e-6
1825,7,5.568050551110595e-7
1825,8,2.6132095183205984e-6
1825,9,8.141651839745116e-6
1825,10,1.8897813954361616e-5
1825,11,1.7251654420117758e-5
1825,12,1.664984204615304e-5
1826,1,1.4394072357851073e-5
1826,2,1.7398457299843922e-5
1826,3,1.3978934789482993e-5
1826,4,1.440245327318003e-5
1826,5,1.2494038695529817e-5
1826,6,5.889211543360552e-6
1826,7,1.8298887237984381e-6
1826,8,1.812117753529846e-6
1826,9,1.0443485269535694e-5
1826,10,2.3375412252222606e-5
1826,11,2.5535431369579304e-5
1826,12,1.8130019163058968e-5
1827,1,1.7115194615109674e-5
1827,2,2.024113444107613e-5
1827,3,1.6526517510380195e-5
1827,4,1.6224482212844117e-5
1827,5,9.81441016718485e-6
1827,6,5.118758026027054e-6
1827,7,1.5181788336756158e-6
1827,8,7.908290415474648e-7
1827,9,7.532815244503683e-6
1827,10,2.188556125655999e-5
1827,11,2.6196418868378362e-5
1827,12,2.0298880020445893e-5
1828,1,1.6854808852588672e-5
1828,2,1.60106504631692e-5
1828,3,1.6363265946791647e-5
1828,4,1.1850547289379163e-5
1828,5,1.0156170943537502e-5
1828,6,5.7102553143254975e-6
1828,7,1.1392666189115774e-6
1828,8,2.6125748839037992e-6
1828,9,9.870277694339134e-6
1828,10,2.6713443464324466e-5
1828,11,2.337951178478177e-5
1828,12,1.4972098424696146e-5
1829,1,1.9443805444086613e-5
1829,2,2.0982588135574533e-5
1829,3,1.7350934453823502e-5
1829,4,1.588344366722392e-5
1829,5,1.4272650513438772e-5
1829,6,5.662130943102826e-6
1829,7,2.5523904753635565e-6
1829,8,2.2816901349226396e-6
1829,9,6.3885288707392936e-6
1829,10,2.3722172801542905e-5
1829,11,1.968574559934229e-5
1829,12,2.3432097586663375e-5
1830,1,2.0138548288082758e-5
1830,2,1.8932630493085252e-5
1830,3,1.6153841415823547e-5
1830,4,1.4954470951995727e-5
1830,5,1.0503873474575066e-5
1830,6,6.370839684367124e-6
1830,7,2.746836594126713e-6
1830,8,1.18061751471802e-6
1830,9,1.0433590429564472e-5
1830,10,2.171793712477406e-5
1830,11,2.5538212832701148e-5
1830,12,1.7606686170683597e-5
1831,1,1.3798154042794292e-5
1831,2,1.921024487793761e-5
1831,3,1.6929595431221283e-5
1831,4,1.58330769257138e-5
1831,5,8.261808527851796e-6
1831,6,7.295372058353543e-6
1831,7,1.4612754907915965e-6
1831,8,1.8335051518431455e-6
1831,9,1.2127714798521164e-5
1831,10,1.6789892022846604e-5
1831,11,2.4746825211943107e-5
1831,12,1.4523210067514571e-5
1832,1,1.8019783239547247e-5
1832,2,2.1224158974504336e-5
1832,3,1.1961603863713197e-5
1832,4,1.2108551723060494e-5
1832,5,1.1098898527599809e-5
1832,6,7.829484075946697e-6
1832,7,9.885855403861467e-7
1832,8,2.4117880841893757e-6
1832,9,1.106301915923703e-5
1832,10,2.3134875885559505e-5
1832,11,2.2352153727609952e-5
1832,12,1.3834290195282885e-5
1833,1,1.4139683303164255e-5
1833,2,1.3451443757583792e-5
1833,3,1.448637650706335e-5
1833,4,1.5828190423002346e-5
1833,5,1.3123589975252303e-5
1833,6,5.351124581352743e-6
1833,7,1.0846123737931956e-6
1833,8,2.7329043995393187e-6
1833,9,8.259005523026701e-6
1833,10,2.0198968176515737e-5
1833,11,1.6177367076439833e-5
1833,12,2.0188532587209066e-5
1834,1,1.6085852780498113e-5
1834,2,1.9802597267511156e-5
1834,3,1.3682054962240885e-5
1834,4,1.3412808450974419e-5
1834,5,8.773125886300989e-6
1834,6,4.782789510207601e-6
1834,7,4.1861900594557127e-7
1834,8,4.883104407642207e-7
1834,9,5.92854391756915e-6
1834,10,2.2736196913587602e-5
1834,11,1.2099551818145937e-5
1834,12,1.5589233968942374e-5
1835,1,1.7894079744609186e-5
1835,2,1.9496446165952837e-5
1835,3,1.595581153951596e-5
1835,4,1.7658661738685017e-5
1835,5,1.1083961931382922e-5
1835,6,6.042406548739724e-6
1835,7,1.16071913208207e-6
1835,8,1.375133238155322e-6
1835,9,5.917407477224315e-6
1835,10,2.4324301356553318e-5
1835,11,1.6780062595230233e-5
1835,12,1.900399392036518e-5
1836,1,1.8415302564493932e-5
1836,2,1.6036350718024945e-5
1836,3,1.2900926747726359e-5
1836,4,1.1447103287184063e-5
1836,5,8.597902177073837e-6
1836,6,3.973564170636452e-6
1836,7,1.4373671426165945e-6
1836,8,1.9994209854761855e-6
1836,9,1.197487931159836e-5
1836,10,2.471841630976163e-5
1836,11,2.0311477307180402e-5
1836,12,1.62746440134988e-5
1837,1,1.558530842658322e-5
1837,2,2.011861179546289e-5
1837,3,2.034118554943501e-5
1837,4,9.726212948853763e-6
1837,5,9.367341546345365e-6
1837,6,3.7196443831315134e-6
1837,7,9.77702286167304e-7
1837,8,7.32981514347932e-7
1837,9,1.2097327898199413e-5
1837,10,2.6751967241923337e-5
1837,11,2.2467809223477978e-5
1837,12,1.7009082265112724e-5
1838,1,2.0386542549575014e-5
1838,2,1.4015759667591623e-5
1838,3,1.5442124655433368e-5
1838,4,1.2654124951467062e-5
1838,5,9.799594820982317e-6
1838,6,3.561135649901626e-6
1838,7,1.0353731501927746e-6
1838,8,1.678573540047511e-6
1838,9,1.2002900101386805e-5
1838,10,2.290110752807967e-5
1838,11,2.09954691561845e-5
1838,12,1.9584155081302022e-5
1839,1,2.0500706597611246e-5
1839,2,1.3873754813244745e-5
1839,3,1.1958010763581419e-5
1839,4,1.7509015278179605e-5
1839,5,9.799887336892239e-6
1839,6,5.994863855288164e-6
1839,7,1.5791835315403644e-6
1839,8,1.5652271787443287e-6
1839,9,1.3653371105885591e-5
1839,10,2.4238482771925647e-5
1839,11,1.942845813259877e-5
1839,12,1.6384337513119853e-5
1840,1,1.6980986923414252e-5
1840,2,1.8631603490154115e-5
1840,3,1.4638576146598926e-5
1840,4,1.6139361649954794e-5
1840,5,1.1272038830697358e-5
1840,6,5.144106141205006e-6
1840,7,1.218112903333486e-6
1840,8,9.957729518334348e-7
1840,9,1.1118329466976698e-5
1840,10,2.3932342575744113e-5
1840,11,2.2368517574694976e-5
1840,12,1.6762105976960246e-5
1841,1,1.74796842224996e-5
1841,2,2.047804595927263e-5
1841,3,1.5084448204124673e-5
1841,4,1.614728010925579e-5
1841,5,1.0754122230997702e-5
1841,6,5.5343270782248964e-6
1841,7,2.188123067818079e-6
1841,8,9.710659053308096e-7
1841,9,8.710107574483951e-6
1841,10,2.7390742929311746e-5
1841,11,2.4898490152558333e-5
1841,12,2.3538458197259178e-5
1842,1,1.5240803990977506e-5
1842,2,1.1627977510679632e-5
1842,3,1.8164057664030185e-5
1842,4,1.3178037792031828e-5
1842,5,1.0196494663644905e-5
1842,6,9.419324255101808e-6
1842,7,1.351484771988151e-6
1842,8,5.320420172920385e-7
1842,9,1.3173536571169302e-5
1842,10,2.3447658185978356e-5
1842,11,1.9778148831946793e-5
1842,12,2.540153151316981e-5
1843,1,1.7183898253901807e-5
1843,2,1.5098906473189711e-5
1843,3,1.453246214056671e-5
1843,4,1.1825290231735876e-5
1843,5,1.233222717974457e-5
1843,6,5.322232134178591e-6
1843,7,2.6699959871156774e-6
1843,8,1.2027684630152252e-6
1843,9,9.137828783092374e-6
1843,10,2.581754553457906e-5
1843,11,1.8290739167401226e-5
1843,12,1.7757381348745225e-5
1844,1,1.554428627926625e-5
1844,2,1.82598536227103e-5
1844,3,1.666249546060456e-5
1844,4,1.0932839238428475e-5
1844,5,1.0699384724321837e-5
1844,6,5.743633289992652e-6
1844,7,1.1599286441286406e-6
1844,8,1.4144637021417355e-6
1844,9,1.3379503070855501e-5
1844,10,1.9756728600167326e-5
1844,11,1.5439250211404553e-5
1844,12,1.96849493605427e-5
1845,1,2.779005002846228e-5
1845,2,2.3343760716514093e-5
1845,3,1.9358538879069826e-5
1845,4,1.1750911105409313e-5
1845,5,1.051408375949615e-5
1845,6,5.554168556590144e-6
1845,7,2.0351467378925303e-6
1845,8,1.983255240182354e-6
1845,9,1.2852996867146708e-5
1845,10,2.4697869270688367e-5
1845,11,1.9422667703398287e-5
1845,12,1.8395523379816685e-5
1846,1,1.57566991124895e-5
1846,2,2.0207741056917062e-5
1846,3,1.6593337664883815e-5
1846,4,1.1942544447469368e-5
1846,5,1.1259273475043231e-5
1846,6,5.498507015719484e-6
1846,7,1.6131333380804193e-6
1846,8,9.45582573555962e-7
1846,9,8.079753745304785e-6
1846,10,2.3401444537222783e-5
1846,11,1.906625421881376e-5
1846,12,1.2139255083362358e-5
1847,1,2.3702400726315623e-5
1847,2,1.594814053336636e-5
1847,3,1.6655443014561825e-5
1847,4,1.281071583151523e-5
1847,5,1.0901412120998633e-5
1847,6,7.937416344292945e-6
1847,7,1.4436823745329765e-6
1847,8,1.3690326612523906e-6
1847,9,5.565022107086004e-6
1847,10,1.8491422765284467e-5
1847,11,1.881582338531001e-5
1847,12,1.713743479637157e-5
1848,1,1.7600620499096516e-5
1848,2,1.777603392547397e-5
1848,3,1.2003877321537158e-5
1848,4,1.1781971541836972e-5
1848,5,1.099291256657444e-5
1848,6,4.044287645463958e-6
1848,7,1.8629138745995089e-6
1848,8,1.582222095606893e-6
1848,9,7.589688983071805e-6
1848,10,2.494769615713441e-5
1848,11,2.1428713588593582e-5
1848,12,1.7218520403391956e-5
1849,1,2.0464895085377852e-5
1849,2,2.2568493565665062e-5
1849,3,1.2757545614178014e-5
1849,4,9.935184219086904e-6
1849,5,1.0388370618302693e-5
1849,6,5.335230554662302e-6
1849,7,2.4548671558070076e-6
1849,8,1.8258620282431248e-6
1849,9,1.5122449506281835e-5
1849,10,2.5167958082813827e-5
1849,11,1.7603982170836286e-5
1849,12,2.2739636063975524e-5
