year,month,value
1420,1,281.10606793512136
1420,2,281.53364201164607
1420,3,283.4448046878729
1420,4,286.49502853282695
1420,5,291.1301950924212
1420,6,296.2743012770235
1420,7,302.4003594596314
1420,8,302.4945632679477
1420,9,296.30114030482395
1420,10,290.66414758968244
1420,11,285.29973319508264
1420,12,282.1643971927942
1421,1,281.57582560280457
1421,2,282.0055607411835
1421,3,283.09746408931244
1421,4,286.36471507808085
1421,5,291.0781170751892
1421,6,296.8417590959344
1421,7,302.4405465231111
1421,8,302.6682734439287
1421,9,296.36260598124977
1421,10,290.6388996588906
1421,11,285.6467692669281
1421,12,282.84088660579846
1422,1,281.8536641512312
1422,2,282.8525062109469
1422,3,284.43449868556377
1422,4,286.588994207174
1422,5,290.4435530986506
1422,6,295.89459376198994
1422,7,301.4021954355822
1422,8,301.7997700295147
1422,9,295.94499773080145
1422,10,290.08928573538003
1422,11,284.7233073603188
1422,12,283.11880943278345
1423,1,282.454942136045
1423,2,282.31807651806673
1423,3,283.64881420119866
1423,4,286.4574369032732
1423,5,290.3064047427579
1423,6,296.0094716125867
1423,7,301.643914230781
1423,8,301.5843184779929
1423,9,295.832676844128
1423,10,290.2728965767883
1423,11,284.8466811475252
1423,12,282.47044490400174
1424,1,281.1963765785391
1424,2,281.93196583648296
1424,3,283.58083265983174
1424,4,286.7407623110969
1424,5,290.7964105825314
1424,6,296.5201045897004
1424,7,302.09022978249106
1424,8,301.89318341589404
1424,9,296.3840714921897
1424,10,291.02268588195705
1424,11,285.2868997167027
1424,12,283.0252845474712
1425,1,281.6596620616551
1425,2,281.9118204380869
1425,3,283.7842907317968
1425,4,286.5909928494941
1425,5,290.69135935154105
1425,6,296.27905953744295
1425,7,302.2715390057914
1425,8,302.02855331454845
1425,9,296.32654613789646
1425,10,290.74607418114
1425,11,285.0239115138251
1425,12,282.60073814236364
1426,1,281.10922041195414
1426,2,281.3926153399839
1426,3,283.626194337588
1426,4,286.449083478331
1426,5,290.5050000676397
1426,6,296.47594637045654
1426,7,302.3466698263924
1426,8,302.75823249762493
1426,9,296.6859735527223
1426,10,290.7890223996105
1426,11,285.3896408651086
1426,12,282.777741117412
1427,1,281.3378428309028
1427,2,281.90504931910004
1427,3,283.38277726943295
1427,4,286.5082874189883
1427,5,290.9251723859597
1427,6,296.6043982897003
1427,7,302.34896222339967
1427,8,302.76712564391596
1427,9,296.42560008047144
1427,10,290.8077167436574
1427,11,285.39672395176865
1427,12,282.4559200737056
1428,1,281.4063679679754
1428,2,282.2361112194162
1428,3,283.55057599594517
1428,4,286.64134288104793
1428,5,290.6442336587363
1428,6,296.35230733723364
1428,7,302.1079795633625
1428,8,302.52489894597625
1428,9,296.7029192411361
1428,10,290.7224443560192
1428,11,285.0367471873947
1428,12,282.73495806924706
1429,1,281.561794655451
1429,2,282.04731868263036
1429,3,283.1334404093841
1429,4,286.20710995159016
1429,5,290.6861068656676
1429,6,296.6047520090579
1429,7,302.33017685899597
1429,8,302.44080700748606
1429,9,296.96333444702003
1429,10,290.7028476459757
1429,11,285.4308005721846
1429,12,282.81644336624544
1430,1,281.0194279702739
1430,2,282.0103855174361
1430,3,283.0632813770687
1430,4,286.33419242672664
1430,5,290.43028255799925
1430,6,296.1935017762312
1430,7,302.1956758032687
1430,8,302.73708628796106
1430,9,296.30942609307965
1430,10,290.76195394934405
1430,11,285.49257839300344
1430,12,282.30826873992066
1431,1,281.49093323483964
1431,2,282.3897877641119
1431,3,283.20016335417233
1431,4,286.3750717338678
1431,5,290.5474617222393
1431,6,296.84767829036787
1431,7,302.27689325715994
1431,8,302.575762214555
1431,9,296.5146921497773
1431,10,290.4367454179501
1431,11,285.446459088589
1431,12,282.55353632815275
1432,1,281.19342328173
1432,2,281.5093455615946
1432,3,283.18706607709703
1432,4,286.1510491227754
1432,5,290.77412850055396
1432,6,296.5272213215453
1432,7,302.4787645876655
1432,8,302.4522931247933
1432,9,296.68694866901956
1432,10,290.4542792513091
1432,11,285.4590406783355
1432,12,282.2407069321706
1433,1,281.4832556121063
1433,2,281.84326572340774
1433,3,283.42708685368416
1433,4,286.5410882309608
1433,5,290.59841887420663
1433,6,296.5576971644423
1433,7,302.24828118734763
1433,8,302.39156598578455
1433,9,296.66795344391335
1433,10,290.9256475280837
1433,11,285.2023018448574
1433,12,282.740770952759
1434,1,281.253328277465
1434,2,281.19133270437595
1434,3,283.0879979544602
1434,4,286.41533243032063
1434,5,290.97091789233343
1434,6,296.7810358754167
1434,7,302.6610125704718
1434,8,302.7682794811607
1434,9,296.5027015780467
1434,10,290.51442599064893
1434,11,285.313214907569
1434,12,281.5302608862985
1435,1,281.3489761478754
1435,2,281.84461194628113
1435,3,283.4889423626511
1435,4,286.5508395908397
1435,5,290.6300471102172
1435,6,296.46048301293206
1435,7,302.25942956995175
1435,8,302.43443663608696
1435,9,296.4923063712321
1435,10,290.48186595229396
1435,11,285.80342832435826
1435,12,282.91285466468275
1436,1,281.71163265152177
1436,2,280.8143516893806
1436,3,283.0658834265795
1436,4,286.3099592001909
1436,5,290.52711705851266
1436,6,296.39617536564066
1436,7,302.36907616712443
1436,8,302.4395854207992
1436,9,296.712741058607
1436,10,289.93040416268343
1436,11,285.2949183561699
1436,12,282.280161491512
1437,1,282.21136391022037
1437,2,282.56943230831996
1437,3,284.32347936875317
1437,4,286.79097391122366
1437,5,290.63983549621526
1437,6,295.984577685265
1437,7,301.93240925829383
1437,8,302.09475789380974
1437,9,296.43829262961276
1437,10,290.3456546688552
1437,11,285.16811118381054
1437,12,282.65024769324947
1438,1,281.0635978802196
1438,2,282.6150240421318
1438,3,284.34073899379433
1438,4,286.46544284974277
1438,5,290.6151530894283
1438,6,295.99812166123627
1438,7,301.7140336092667
1438,8,301.5610291093856
1438,9,295.9756565372667
1438,10,290.16701060501896
1438,11,285.05169041521094
1438,12,283.0001904840919
1439,1,281.89439032582834
1439,2,282.31862926014554
1439,3,283.3095533494035
1439,4,286.4638746347557
1439,5,290.66941653291656
1439,6,296.036353763723
1439,7,301.74255341900727
1439,8,301.85240348020756
1439,9,296.2085463109469
1439,10,290.58913711303035
1439,11,285.5594826134559
1439,12,282.2047803965273
1440,1,281.4626574196616
1440,2,281.4802334648957
1440,3,283.3944256651993
1440,4,286.4855863314323
1440,5,290.9334880287552
1440,6,296.5825927585092
1440,7,302.1829011813943
1440,8,302.72582798852267
1440,9,296.42851747277655
1440,10,290.33134332999214
1440,11,285.63529462979295
1440,12,282.761680556736
1441,1,281.80253119417364
1441,2,281.1787872431135
1441,3,283.3364791220833
1441,4,286.55160253157635
1441,5,290.90016706629086
1441,6,296.33650154966665
1441,7,302.02801530067853
1441,8,301.8968423051948
1441,9,296.3300014633953
1441,10,290.26696613034346
1441,11,285.08874816032846
1441,12,283.1689824770601
1442,1,281.0372384172311
1442,2,281.77258711311526
1442,3,283.0364153393223
1442,4,286.5193376456315
1442,5,290.8439144736302
1442,6,296.47980928108166
1442,7,302.296811415501
1442,8,302.6421939412388
1442,9,296.5224300842672
1442,10,290.0160185854399
1442,11,285.8070226472802
1442,12,283.16806527510516
1443,1,282.23971777410924
1443,2,282.4313528950542
1443,3,284.06557342328574
1443,4,286.80004758274333
1443,5,290.4006098968345
1443,6,295.67088120561345
1443,7,301.6244358289719
1443,8,301.53937785721644
1443,9,295.9747622083411
1443,10,290.21783833864095
1443,11,285.6729982054967
1443,12,282.53715035187815
1444,1,281.1002709512684
1444,2,282.00963913794817
1444,3,283.70100866322343
1444,4,286.83132352777665
1444,5,290.38967800448967
1444,6,296.1384131516616
1444,7,301.9071817181029
1444,8,301.9188645730225
1444,9,296.4352672861363
1444,10,290.72029713339305
1444,11,285.2214160953079
1444,12,282.86655661619926
1445,1,281.4144447420795
1445,2,281.99775701238013
1445,3,283.8930096219185
1445,4,286.46828442872777
1445,5,290.75779956631834
1445,6,296.1919879972906
1445,7,301.9390946209089
1445,8,302.08068515558784
1445,9,296.11046995944173
1445,10,290.59156054358596
1445,11,285.24037330745716
1445,12,282.72308201322573
1446,1,281.6774535014508
1446,2,281.89331223917776
1446,3,283.739993063631
1446,4,286.8806796674063
1446,5,291.00345978448127
1446,6,296.4215295702154
1446,7,302.2538198790169
1446,8,302.4061275531372
1446,9,296.5878509449491
1446,10,290.2852270869196
1446,11,285.8700362729584
1446,12,282.913501895953
1447,1,282.1964897464991
1447,2,282.94464707428733
1447,3,284.75543555458665
1447,4,287.11162335818744
1447,5,290.5253518349019
1447,6,295.76621487484
1447,7,300.71117347679217
1447,8,301.2146545565126
1447,9,295.46546612755145
1447,10,290.3944399667987
1447,11,285.5708434934123
1447,12,282.8019555325109
1448,1,282.21978330328
1448,2,282.6397043306107
1448,3,283.9593798040887
1448,4,286.9651336253052
1448,5,290.9579059722961
1448,6,296.30921100297485
1448,7,301.912985401399
1448,8,301.5226820306235
1448,9,295.6542117533097
1448,10,290.30423264331785
1448,11,285.4636754659797
1448,12,282.20686150346114
1449,1,281.3521311617675
1449,2,281.56245456073293
1449,3,283.494570211941
1449,4,286.6290313129955
1449,5,290.91455716569436
1449,6,296.1398490705567
1449,7,302.3858116344194
1449,8,302.8441863473531
1449,9,297.09864314857714
1449,10,290.86720767551185
1449,11,285.7704776924286
1449,12,281.92305934943806
1450,1,281.8294391507621
1450,2,282.6884190180694
1450,3,284.1936614729081
1450,4,286.4155113159412
1450,5,290.4842732147572
1450,6,295.8267279596735
1450,7,301.5871312540204
1450,8,301.3874940745033
1450,9,295.7398903465676
1450,10,289.6539821216877
1450,11,285.36065632726513
1450,12,281.9759070457861
1451,1,280.2787611915146
1451,2,281.5894363604224
1451,3,283.10078660569536
1451,4,286.0475415107717
1451,5,290.5014387779938
1451,6,296.32738428867196
1451,7,302.2425518230831
1451,8,302.93749497657143
1451,9,296.9476275381345
1451,10,290.84916648224123
1451,11,285.7685694478756
1451,12,283.5559053186836
1452,1,281.8526128214919
1452,2,282.23821258910493
1452,3,283.81460615411083
1452,4,286.7587937835543
1452,5,290.38929782223363
1452,6,296.1285710980588
1452,7,301.96202087701414
1452,8,301.6454370993547
1452,9,296.655431565337
1452,10,290.72424592403644
1452,11,285.42927041412327
1452,12,282.85994327887136
1453,1,281.7511279037784
1453,2,282.31957257050476
1453,3,284.0163421186295
1453,4,287.0421685316968
1453,5,290.41630510044956
1453,6,295.7772320343862
1453,7,301.35078033080106
1453,8,301.2792709890182
1453,9,295.79660645601814
1453,10,289.99324706099287
1453,11,284.383818037344
1453,12,281.91674521706443
1454,1,281.32094322462285
1454,2,281.5775054964055
1454,3,283.111140994132
1454,4,286.0288457249316
1454,5,290.56013353448174
1454,6,296.21729141835
1454,7,301.9361583791201
1454,8,302.17645499005516
1454,9,296.3384951582419
1454,10,290.6166385009649
1454,11,284.69374320524673
1454,12,282.16547015295066
1455,1,281.3417789999661
1455,2,281.70623425803115
1455,3,283.3532602653481
1455,4,286.2652164798976
1455,5,290.0308830954308
1455,6,296.0140635032692
1455,7,301.710570958031
1455,8,301.96978849628204
1455,9,296.3353552545094
1455,10,290.1038130044285
1455,11,285.2707954170702
1455,12,282.9551159069971
1456,1,282.01361629259213
1456,2,283.03940205845464
1456,3,284.58688499417605
1456,4,286.72350912444404
1456,5,290.0994200610638
1456,6,295.5497970274404
1456,7,300.5644393738406
1456,8,300.62913870459914
1456,9,295.7120547238348
1456,10,290.66525262059974
1456,11,285.75967971330397
1456,12,282.8275962187416
1457,1,282.1238013566385
1457,2,282.85944388552144
1457,3,283.75415554298047
1457,4,286.6300138115031
1457,5,289.8012998040459
1457,6,295.38336734856136
1457,7,300.9474732461607
1457,8,301.3473540022428
1457,9,295.5567910587539
1457,10,289.64261873773125
1457,11,284.97555995902894
1457,12,281.7621412381717
1458,1,280.54011459761875
1458,2,281.0695943015669
1458,3,283.1491501446393
1458,4,285.94626490670265
1458,5,290.8085497283796
1458,6,295.7736396663904
1458,7,301.34673893573967
1458,8,302.1289724669978
1458,9,296.4445152526617
1458,10,290.4815583193787
1458,11,284.7148909054125
1458,12,281.7637567111073
1459,1,281.59599170396706
1459,2,282.42608450412143
1459,3,284.2993310924495
1459,4,287.05651762221436
1459,5,290.3232402184632
1459,6,294.57493440577093
1459,7,299.98296478343855
1459,8,300.4166780478786
1459,9,295.6487196881349
1459,10,289.8227848892508
1459,11,284.60849980295257
1459,12,282.4440530780449
1460,1,280.6739963981475
1460,2,281.5123485433242
1460,3,283.57363192333685
1460,4,286.1163076809856
1460,5,290.5198277084087
1460,6,296.3688338362074
1460,7,302.0771315980906
1460,8,301.8488270636981
1460,9,296.1689148638176
1460,10,290.16810146398814
1460,11,285.2265739416642
1460,12,282.42564569517947
1461,1,282.0114503807831
1461,2,282.0396269205954
1461,3,283.5560045255851
1461,4,286.2293190338462
1461,5,290.4049358078329
1461,6,296.0306429482455
1461,7,301.6758617527296
1461,8,301.5218883851559
1461,9,295.8620762471693
1461,10,290.062845816768
1461,11,285.36714136196724
1461,12,282.23847495865834
1462,1,281.6656768453687
1462,2,282.2178238028388
1462,3,283.5581349546212
1462,4,286.705440623319
1462,5,290.5738831709087
1462,6,296.4991927841162
1462,7,302.06982639645844
1462,8,302.2172878562784
1462,9,296.2734329178742
1462,10,290.50639168440466
1462,11,285.44750373927457
1462,12,282.0085502328242
1463,1,281.0395497362393
1463,2,282.2542005148217
1463,3,283.329842221194
1463,4,286.4899250875141
1463,5,290.8259843449555
1463,6,296.1847513786515
1463,7,302.35880365859356
1463,8,302.6265853129514
1463,9,296.46249223027974
1463,10,290.05363973842725
1463,11,285.094752392474
1463,12,282.4318559533948
1464,1,281.52549730020394
1464,2,282.33506882877555
1464,3,283.6317053905068
1464,4,286.324121657162
1464,5,290.70468724333455
1464,6,296.5558802333243
1464,7,302.05593719489747
1464,8,302.08263318175267
1464,9,296.03949693800644
1464,10,290.3378942490358
1464,11,285.26601170838745
1464,12,282.529891157735
1465,1,281.7330362458153
1465,2,281.2524223058859
1465,3,283.23560350353534
1465,4,286.36358868961906
1465,5,290.8196304847302
1465,6,296.62206737430154
1465,7,302.1138609364017
1465,8,302.29564038667957
1465,9,296.27601084644436
1465,10,290.414441164441
1465,11,285.3767683903718
1465,12,282.75957639597345
1466,1,282.86793038038684
1466,2,282.70150315538797
1466,3,284.2038453646212
1466,4,286.8884425795919
1466,5,290.33970838223433
1466,6,295.4880613019357
1466,7,301.19437128767163
1466,8,301.34485079917977
1466,9,295.63144108851486
1466,10,290.3887306051611
1466,11,285.1832112036521
1466,12,282.1620178037344
1467,1,281.2005793680289
1467,2,281.15547922006016
1467,3,283.26463330960826
1467,4,285.9834943950064
1467,5,290.80752260478664
1467,6,296.14666169758283
1467,7,302.39830085253953
1467,8,302.68329077058297
1467,9,296.68028940895044
1467,10,290.77630895268373
1467,11,285.7829147369023
1467,12,282.92295779061453
1468,1,281.8005041110164
1468,2,282.00849254144475
1468,3,283.97504651526066
1468,4,286.52289373026906
1468,5,290.3231257977509
1468,6,296.040538366043
1468,7,301.6219823504525
1468,8,302.1155714206571
1468,9,296.2955136576337
1468,10,290.6014052172357
1468,11,285.2321384222653
1468,12,282.7005647790071
1469,1,280.8601288571424
1469,2,280.52191054505033
1469,3,282.6070259692985
1469,4,286.05735197962053
1469,5,290.6890931119957
1469,6,296.1616099086001
1469,7,302.3893858833982
1469,8,302.65028845942027
1469,9,297.25111026880097
1469,10,290.8908565442272
1469,11,284.9462622118533
1469,12,282.7062153489103
1470,1,281.64280392257183
1470,2,282.17431265608786
1470,3,283.56462874600743
1470,4,286.2073840803767
1470,5,290.7903181681341
1470,6,296.65909458836427
1470,7,302.318694883638
1470,8,302.2072957504783
1470,9,295.9685926894491
1470,10,290.26873509762413
1470,11,285.7910502240989
1470,12,282.5039501525906
1471,1,281.93518993846226
1471,2,282.2094530327216
1471,3,283.88745230470045
1471,4,286.69676834547363
1471,5,290.63175250906886
1471,6,295.79225976503363
1471,7,301.6859416282374
1471,8,301.69850162509954
1471,9,296.1142184540305
1471,10,290.2938394621974
1471,11,285.31296739391314
1471,12,282.7116676616182
1472,1,281.5067043060942
1472,2,281.6221389091239
1472,3,283.3303646614146
1472,4,285.94879281611975
1472,5,290.363811138238
1472,6,295.7112223894468
1472,7,301.30749983835403
1472,8,301.7849842263788
1472,9,296.20651484751295
1472,10,289.9044569703504
1472,11,285.1454466902922
1472,12,282.141347890696
1473,1,281.29343018381206
1473,2,281.88974666211675
1473,3,283.7400331153646
1473,4,286.5866274137768
1473,5,290.53807114232063
1473,6,296.1284091097994
1473,7,301.46209303817847
1473,8,301.7502460449655
1473,9,296.2435146651231
1473,10,289.72298284076044
1473,11,285.2629794321732
1473,12,282.2558191060308
1474,1,281.90529964737163
1474,2,282.6496868814718
1474,3,283.83129415397104
1474,4,286.20767785094233
1474,5,290.0120975390066
1474,6,295.35274199308765
1474,7,301.0422323137399
1474,8,300.79651649001323
1474,9,295.5322860860032
1474,10,290.7336347589171
1474,11,285.5432182868998
1474,12,282.8272465282287
1475,1,281.9892254584039
1475,2,282.182072473542
1475,3,283.504935706015
1475,4,286.14913662715776
1475,5,290.3403509545344
1475,6,296.22903433824706
1475,7,301.54577222102336
1475,8,302.1860323591639
1475,9,296.2868527036938
1475,10,290.6171133056399
1475,11,285.70346867355966
1475,12,282.8013970155585
1476,1,282.1140833253055
1476,2,282.2580950946821
1476,3,284.2370640983936
1476,4,286.8676479681816
1476,5,290.827143094543
1476,6,296.19040632444046
1476,7,301.7345818028466
1476,8,301.6505530929875
1476,9,295.6790893231385
1476,10,290.206250932861
1476,11,285.3793754914576
1476,12,282.2962061950493
1477,1,281.4659308746668
1477,2,281.43272342045566
1477,3,283.28518993725504
1477,4,285.8204837243943
1477,5,289.9681904399092
1477,6,295.235962639699
1477,7,300.7552526094297
1477,8,300.39644294841725
1477,9,295.5138823431643
1477,10,289.61568241596774
1477,11,284.76789178141826
1477,12,281.9242778556958
1478,1,281.5609388477027
1478,2,281.92789019618294
1478,3,283.16600872332134
1478,4,286.1058540234168
1478,5,290.48426764467524
1478,6,296.0087705353407
1478,7,301.691495456423
1478,8,301.92088589060234
1478,9,295.90280931989525
1478,10,290.2428178314137
1478,11,285.3690831274994
1478,12,282.5838885808427
1479,1,281.98411046237214
1479,2,282.059648085036
1479,3,283.17338837207865
1479,4,286.7182118098121
1479,5,290.55477413076545
1479,6,295.77113866240506
1479,7,301.4248915911303
1479,8,302.0301778867995
1479,9,295.9278548602341
1479,10,290.282944071359
1479,11,285.4459295975758
1479,12,282.53914127668213
1480,1,281.63909484284363
1480,2,282.4621388897731
1480,3,283.98432715259275
1480,4,287.0198615716329
1480,5,290.69939266767506
1480,6,295.98451666849036
1480,7,301.45307722339044
1480,8,301.2285745448654
1480,9,295.8763868471483
1480,10,290.59307414021475
1480,11,285.48756558353745
1480,12,282.5393600961469
1481,1,282.1169285457469
1481,2,282.7360847215971
1481,3,284.2433379975099
1481,4,286.42267265732323
1481,5,290.13709573913513
1481,6,295.5056045749112
1481,7,300.73006287713
1481,8,301.0623075117934
1481,9,295.77645316162597
1481,10,290.00859639338967
1481,11,285.17699861229823
1481,12,282.40945885968085
1482,1,280.945321944537
1482,2,281.27914025726307
1482,3,283.08219762792237
1482,4,286.21294605416307
1482,5,290.675827525832
1482,6,296.41439622001417
1482,7,302.2756541192231
1482,8,302.6285783482799
1482,9,296.3909537039267
1482,10,290.47030395561205
1482,11,285.08999731656627
1482,12,282.6294132234282
1483,1,281.76434859802623
1483,2,282.3008356501056
1483,3,283.75015579632
1483,4,286.85570133297466
1483,5,290.47969358637545
1483,6,295.8451588138354
1483,7,301.2068555011015
1483,8,301.2334871102432
1483,9,295.891352853785
1483,10,290.4772088608626
1483,11,285.3374786816159
1483,12,282.13652747352387
1484,1,281.9078241007064
1484,2,281.8615672131309
1484,3,283.90890070640967
1484,4,286.67019846038784
1484,5,290.6499635127569
1484,6,296.19114063710447
1484,7,301.7789886915015
1484,8,302.1753507633523
1484,9,295.9147337532248
1484,10,289.87331954751517
1484,11,285.3015238647572
1484,12,282.440566330705
1485,1,281.1532624466531
1485,2,280.8700524110009
1485,3,282.97347406340987
1485,4,286.2066571715135
1485,5,290.671257576201
1485,6,296.58004915395816
1485,7,302.55130821477326
1485,8,302.6025683320579
1485,9,296.4919072413504
1485,10,290.5649573968982
1485,11,285.3284936660792
1485,12,282.59359262352996
1486,1,281.9887919221385
1486,2,282.45420207723964
1486,3,283.9293677807873
1486,4,286.78312503025643
1486,5,290.95537300480385
1486,6,296.45542624634265
1486,7,301.98845859875894
1486,8,301.7554045295609
1486,9,296.00377937790876
1486,10,290.5824951461174
1486,11,285.23778659579006
1486,12,282.95764185549115
1487,1,280.70705514743406
1487,2,281.4712205982812
1487,3,283.78713665083876
1487,4,286.3140597529389
1487,5,290.7350526102579
1487,6,296.4985162129251
1487,7,301.9874326337173
1487,8,302.4603558474246
1487,9,296.2663965780452
1487,10,290.35495004752397
1487,11,285.5549457829858
1487,12,282.6128495703616
1488,1,281.3242375506892
1488,2,281.99686631329564
1488,3,283.2201140095613
1488,4,286.70417683914184
1488,5,290.7517730361613
1488,6,296.1909700512873
1488,7,301.6433964650149
1488,8,301.66066203438777
1488,9,295.7263765232659
1488,10,290.1176443934745
1488,11,285.02105973909494
1488,12,282.640756506094
1489,1,281.2326218128454
1489,2,281.79050653027
1489,3,283.1328320856887
1489,4,286.5589643699727
1489,5,290.71836954551304
1489,6,296.49485798753324
1489,7,302.2874771904708
1489,8,302.72294610509186
1489,9,296.3695023989022
1489,10,290.43114380660666
1489,11,285.6015238201061
1489,12,281.82431003389286
1490,1,281.54289798723465
1490,2,281.3561570402202
1490,3,282.7846056515765
1490,4,286.26991829720566
1490,5,290.6120576155971
1490,6,296.55429570245644
1490,7,302.2992860006128
1490,8,302.51830402371246
1490,9,296.59029088686225
1490,10,290.59188103079805
1490,11,285.2521413237089
1490,12,282.33733903629013
1491,1,281.90433029031703
1491,2,282.0858578406952
1491,3,283.1622473913688
1491,4,286.56899317325144
1491,5,290.3918727021503
1491,6,296.13049646449355
1491,7,301.94066567139646
1491,8,302.4261068454181
1491,9,296.6055827373099
1491,10,290.694878388642
1491,11,285.2822549938916
1491,12,283.3253690887216
1492,1,281.8007578778516
1492,2,282.14071549387165
1492,3,283.6878602576744
1492,4,286.72896291995283
1492,5,291.1094415519359
1492,6,296.46431982235845
1492,7,302.1951727418658
1492,8,302.521514735268
1492,9,296.3433891216316
1492,10,290.5985391759358
1492,11,285.7390353153903
1492,12,282.6736679966401
1493,1,281.81949359254816
1493,2,282.54297837905904
1493,3,284.0361630283347
1493,4,286.78703852942306
1493,5,290.7328523255184
1493,6,296.45214942480663
1493,7,301.9878938165166
1493,8,301.95725912876304
1493,9,296.2275193608999
1493,10,290.35906298213985
1493,11,285.51531998811924
1493,12,283.38285293640547
1494,1,280.83058394379117
1494,2,281.4757333502033
1494,3,283.4139019512035
1494,4,286.48264178640227
1494,5,290.6991723489342
1494,6,296.07758831987013
1494,7,302.4107646589946
1494,8,302.8097173816593
1494,9,296.3202864527718
1494,10,290.2930082441971
1494,11,285.9088069898937
1494,12,283.2278697940352
1495,1,282.03643914593226
1495,2,282.0416084285742
1495,3,283.6834767509167
1495,4,286.8479562323696
1495,5,290.8538083281422
1495,6,296.14060559306546
1495,7,301.81333611396144
1495,8,302.1721832536357
1495,9,295.93778078389323
1495,10,290.22198487689343
1495,11,285.4146940386099
1495,12,282.49607085123375
1496,1,281.45725007069996
1496,2,281.46066248600823
1496,3,282.97005272579105
1496,4,286.4387336224671
1496,5,291.1084149507642
1496,6,296.78064707643307
1496,7,302.54551224234683
1496,8,302.20855874874013
1496,9,296.79819000017596
1496,10,290.6203509878188
1496,11,285.77821041927945
1496,12,282.4131920297374
1497,1,280.9319547799298
1497,2,281.47165490309743
1497,3,283.79697970469203
1497,4,286.8337399822672
1497,5,290.7847917854028
1497,6,296.5119009403337
1497,7,301.698484157021
1497,8,301.79833092694105
1497,9,296.39077984371596
1497,10,290.2378513462782
1497,11,285.3615720431091
1497,12,283.30077683636813
1498,1,282.38094360604737
1498,2,282.3649443534002
1498,3,284.10193063816735
1498,4,286.4550853463504
1498,5,290.37661160379514
1498,6,296.0497857318355
1498,7,301.61799235954436
1498,8,301.5706637489043
1498,9,295.8875446586243
1498,10,290.4258643307562
1498,11,285.60892783158783
1498,12,282.22507952848525
1499,1,281.4819395195052
1499,2,282.2453192071565
1499,3,283.8976898438126
1499,4,286.9023558066463
1499,5,290.4731323196658
1499,6,296.69472237201956
1499,7,301.8089268636256
1499,8,301.74725325720226
1499,9,296.49858558947835
1499,10,290.77422284915474
1499,11,285.84645523162146
1499,12,283.19179204183024
1500,1,281.94927202385185
1500,2,281.960557684612
1500,3,283.95261439505776
1500,4,287.1932491768492
1500,5,290.40721970117966
1500,6,296.27127939440663
1500,7,301.82058576618425
1500,8,301.93270626094306
1500,9,296.29392213080666
1500,10,290.4477415680924
1500,11,285.6577386284472
1500,12,282.78260962169276
1501,1,281.89679309998826
1501,2,282.97815394830195
1501,3,283.8034554311439
1501,4,286.72536779875725
1501,5,291.0756882687825
1501,6,296.32495185807215
1501,7,301.617449182012
1501,8,302.1413971671924
1501,9,296.4978909418839
1501,10,290.70862965776416
1501,11,285.77276619106794
1501,12,282.9430143961147
1502,1,282.1382997669879
1502,2,282.3702352355846
1502,3,283.572653932997
1502,4,286.42918343980296
1502,5,290.2851205400834
1502,6,295.6986199339383
1502,7,301.16880650783276
1502,8,301.56598049334593
1502,9,296.25405944303316
1502,10,290.2443296315448
1502,11,285.63639760852067
1502,12,282.64163951567014
1503,1,282.1383062599433
1503,2,282.1781056438816
1503,3,284.3312507209464
1503,4,286.37395369327646
1503,5,290.343977916964
1503,6,296.0123706052482
1503,7,301.5135940607132
1503,8,301.6397319292272
1503,9,296.71064580284667
1503,10,290.98167077329106
1503,11,285.3552075923796
1503,12,283.0222870748842
1504,1,282.58513087209354
1504,2,282.6545843903489
1504,3,284.4898452398477
1504,4,287.07458598971766
1504,5,290.12751944637046
1504,6,295.9131880672355
1504,7,301.1169254482337
1504,8,301.56336549267985
1504,9,295.7205674061778
1504,10,289.9268383181501
1504,11,285.4811457034424
1504,12,282.66977021691116
1505,1,281.74572265941913
1505,2,282.1317635928385
1505,3,283.6124293675806
1505,4,286.4377755180469
1505,5,290.3905342689349
1505,6,296.17263255053814
1505,7,301.99353696750995
1505,8,302.172782552927
1505,9,296.36788601228784
1505,10,290.3993427018803
1505,11,285.37593349800227
1505,12,282.2519505972522
1506,1,281.8176029535646
1506,2,282.3038377353746
1506,3,283.2883381855669
1506,4,286.44946717767255
1506,5,290.53305850001215
1506,6,296.0629709463991
1506,7,302.08894455080497
1506,8,302.3007845785588
1506,9,296.6064923439654
1506,10,290.48538092675886
1506,11,285.885281716024
1506,12,282.6560015905034
1507,1,282.3815772177612
1507,2,281.9766709937047
1507,3,283.9379459722953
1507,4,286.71044139566516
1507,5,290.5097224328698
1507,6,295.67449169224767
1507,7,301.41330064226486
1507,8,301.50405304614026
1507,9,295.9297629909131
1507,10,290.752599825807
1507,11,285.305888752924
1507,12,282.8004560158581
1508,1,282.1868371820399
1508,2,281.8752957622816
1508,3,283.70520222790856
1508,4,286.40366035534004
1508,5,290.2872891763524
1508,6,295.9931524374399
1508,7,301.6342561272088
1508,8,301.9210558645931
1508,9,296.30714087094293
1508,10,290.37004851128563
1508,11,285.7134149711343
1508,12,282.50608826318637
1509,1,281.7462523860463
1509,2,281.5829894252489
1509,3,283.01983670785637
1509,4,286.30483451592863
1509,5,290.52018758431626
1509,6,296.498235562451
1509,7,302.10774538680175
1509,8,302.6974695761638
1509,9,296.70134656739566
1509,10,290.2636419858401
1509,11,285.72131474111086
1509,12,282.6564174760935
1510,1,281.1488853590953
1510,2,281.86649388071686
1510,3,283.2506732187678
1510,4,286.4831364863755
1510,5,290.5949135348538
1510,6,296.33498281743937
1510,7,301.9281742030243
1510,8,302.30421872344334
1510,9,296.93960388224184
1510,10,290.46057072101036
1510,11,285.26577852475157
1510,12,282.5963981395715
1511,1,282.4157279470169
1511,2,283.2155314607926
1511,3,284.15170141674065
1511,4,286.8524034534536
1511,5,289.9133219380071
1511,6,294.984215740336
1511,7,300.22741890043454
1511,8,300.7143920151069
1511,9,295.7523689101554
1511,10,290.4416536219095
1511,11,284.6367194290149
1511,12,283.0090709593697
1512,1,281.4990750173232
1512,2,282.91498758707564
1512,3,283.69163657394836
1512,4,286.65131752910133
1512,5,290.5623595317854
1512,6,296.1992784341717
1512,7,301.86176837757
1512,8,301.75440542066434
1512,9,295.93427586496927
1512,10,289.9816053041618
1512,11,285.5721348712978
1512,12,283.6905759297142
1513,1,281.9403070468612
1513,2,282.74765079504436
1513,3,284.6254197913365
1513,4,286.9119702530488
1513,5,290.46520830984196
1513,6,295.98529608558147
1513,7,301.43472015757874
1513,8,301.6955351872315
1513,9,295.8577759223191
1513,10,290.3195933605408
1513,11,285.7298739781818
1513,12,282.81115767012847
1514,1,281.2721042037647
1514,2,282.2259223552653
1514,3,283.10084335503143
1514,4,286.14451823410013
1514,5,290.90080072534744
1514,6,296.28360686187045
1514,7,302.0434046830302
1514,8,302.41941449732207
1514,9,296.63765228550085
1514,10,290.5181141076555
1514,11,285.58673254972484
1514,12,282.52211663119647
1515,1,281.4401356506785
1515,2,282.0803872435651
1515,3,283.7254611151403
1515,4,286.66869904301404
1515,5,290.6338226936491
1515,6,296.5289381132543
1515,7,302.0484275341664
1515,8,302.3028990787084
1515,9,296.2590277316429
1515,10,290.65596783957693
1515,11,285.14690053248756
1515,12,282.5942983659159
1516,1,281.79203232246584
1516,2,282.1785274421288
1516,3,284.1648836750544
1516,4,287.1056863102124
1516,5,290.5021275022691
1516,6,295.98953478150054
1516,7,301.60383387772174
1516,8,302.06107798642495
1516,9,296.4719678061971
1516,10,290.53283060669924
1516,11,285.32476595229446
1516,12,282.49298507304115
1517,1,281.22921789422094
1517,2,282.05353958790613
1517,3,283.4550111844826
1517,4,286.4423243686851
1517,5,290.0183991747489
1517,6,296.4440760307738
1517,7,301.96506134243054
1517,8,302.4501049686504
1517,9,296.3312923813566
1517,10,290.31426550280736
1517,11,284.8809558299712
1517,12,283.04348752733586
1518,1,281.6365848724402
1518,2,281.8778355784882
1518,3,283.5297424961111
1518,4,286.3099077662806
1518,5,290.2674177430231
1518,6,295.8773853962934
1518,7,301.74415990678654
1518,8,302.1770433837156
1518,9,296.1503230239848
1518,10,290.39242981559306
1518,11,285.020434495412
1518,12,282.1931747052068
1519,1,281.0035776750158
1519,2,281.5087752439433
1519,3,283.5569320089037
1519,4,286.5121835561482
1519,5,290.5715161185283
1519,6,296.1848801043557
1519,7,301.98953665949205
1519,8,302.3518193905012
1519,9,296.12046964327806
1519,10,290.3786766492457
1519,11,285.5014381563465
1519,12,281.8399268009322
1520,1,281.5123062137246
1520,2,281.2634401028005
1520,3,283.94547941497603
1520,4,286.8260395549796
1520,5,290.5963705806031
1520,6,296.17335608821327
1520,7,302.0378570383292
1520,8,302.1945091662754
1520,9,296.4685556316554
1520,10,290.5951654754763
1520,11,284.8749195612612
1520,12,282.5502654595573
1521,1,281.3968097167947
1521,2,281.9591688805001
1521,3,283.43272988423973
1521,4,286.11571164598513
1521,5,290.33124861513534
1521,6,296.09426855963
1521,7,301.80949241947013
1521,8,302.03826207594426
1521,9,296.48130911145756
1521,10,290.01550488641897
1521,11,285.6785528045259
1521,12,282.5359994013458
1522,1,281.91596057707886
1522,2,282.4783738017182
1522,3,283.74726690842215
1522,4,286.6463033850698
1522,5,290.6849769874225
1522,6,295.8235603353587
1522,7,301.46397176107666
1522,8,301.838122720879
1522,9,295.7109196024334
1522,10,290.74354614925846
1522,11,285.24949599468925
1522,12,282.6447412854301
1523,1,282.24438395287314
1523,2,282.5696655408936
1523,3,283.8153431214947
1523,4,287.0177846436219
1523,5,290.60452971147026
1523,6,296.4211643146701
1523,7,302.10123779239154
1523,8,302.2285250988689
1523,9,296.8708108356134
1523,10,290.39960740990864
1523,11,285.44697121091167
1523,12,282.69108137000336
1524,1,282.29825490251784
1524,2,282.42274982504694
1524,3,284.22487129854505
1524,4,286.4469862665152
1524,5,290.25403371912006
1524,6,295.7414467064648
1524,7,301.0900420764883
1524,8,301.40942301276414
1524,9,295.4914574170844
1524,10,290.40802358666195
1524,11,285.6293230772735
1524,12,282.1513097463904
1525,1,281.57606296693956
1525,2,282.193088912458
1525,3,283.6057099633066
1525,4,286.7749578904911
1525,5,290.5068620758373
1525,6,295.95456773322167
1525,7,301.83533141578573
1525,8,302.02069444289384
1525,9,296.5821752990619
1525,10,290.6613092225941
1525,11,285.8739627103815
1525,12,282.61954028501935
1526,1,282.03041587188847
1526,2,282.02636270985874
1526,3,283.8723478445059
1526,4,286.74223482092214
1526,5,290.62584264509906
1526,6,296.1663737765891
1526,7,302.23499851604674
1526,8,302.30219072020856
1526,9,296.67470423448475
1526,10,290.49462978729787
1526,11,285.54292051508446
1526,12,282.3173114509535
1527,1,281.4303760945835
1527,2,281.7962201460984
1527,3,283.79721143544134
1527,4,286.4449254576697
1527,5,290.8631149133223
1527,6,296.2824334434557
1527,7,302.10035144597
1527,8,302.5056042968595
1527,9,296.3942529740477
1527,10,290.21613898031103
1527,11,284.8249622363549
1527,12,282.93175495591004
1528,1,281.9412610921096
1528,2,281.5966610285134
1528,3,283.17765298959796
1528,4,286.15001911213983
1528,5,290.3792865104026
1528,6,296.3344094330832
1528,7,301.8609894800029
1528,8,302.04673206541156
1528,9,296.4490736859352
1528,10,290.51560635956014
1528,11,285.24578551314005
1528,12,283.2249142889351
1529,1,282.1039492679306
1529,2,282.7449593415995
1529,3,283.9285668440268
1529,4,287.03415537578496
1529,5,290.3744450290117
1529,6,296.04397485267503
1529,7,301.29897470740167
1529,8,301.9287131516228
1529,9,296.47420487717847
1529,10,290.1543569350693
1529,11,285.7633173227301
1529,12,283.1905150667669
1530,1,282.7976533846863
1530,2,282.8560718239456
1530,3,284.4477406254074
1530,4,286.5998771742473
1530,5,290.2682520283061
1530,6,295.5473156711188
1530,7,301.11732403930154
1530,8,301.3307764638064
1530,9,296.1674227652678
1530,10,290.0586806782237
1530,11,285.2587304746195
1530,12,282.5216413885816
1531,1,282.30701603602245
1531,2,281.91323855912583
1531,3,284.0132512289957
1531,4,286.75773905083247
1531,5,290.1186770762506
1531,6,295.5502410766492
1531,7,301.5625175692485
1531,8,301.913493948594
1531,9,296.5971010205052
1531,10,290.29489184764367
1531,11,285.62346239666897
1531,12,283.4543038211257
1532,1,282.06604883629336
1532,2,282.17510130156774
1532,3,284.1042663628331
1532,4,286.48246723939
1532,5,290.7601163310188
1532,6,296.05603744681434
1532,7,301.60478169514903
1532,8,301.87092528970743
1532,9,296.5826017989008
1532,10,290.8492831912977
1532,11,284.9974741870684
1532,12,282.96013035414586
1533,1,282.18521453599385
1533,2,282.51034900034404
1533,3,283.4708235450954
1533,4,286.86784055731823
1533,5,290.2640271292412
1533,6,295.7590276086303
1533,7,301.32626331701624
1533,8,301.79878590479314
1533,9,295.93837353261847
1533,10,290.79858799940195
1533,11,285.6222160483366
1533,12,283.1280697360894
1534,1,281.76255532173616
1534,2,281.9792583205907
1534,3,283.6095737944032
1534,4,286.43315332325074
1534,5,290.48453434277155
1534,6,296.0794171044301
1534,7,302.0319014671917
1534,8,302.37106752214856
1534,9,296.704395412248
1534,10,290.76387531158673
1534,11,285.8578592020272
1534,12,282.86527222280404
1535,1,282.3088523735719
1535,2,282.34162164734505
1535,3,283.3340279462927
1535,4,286.5532571222974
1535,5,290.6724204161957
1535,6,296.07361132339923
1535,7,301.4184445317511
1535,8,301.84419718479387
1535,9,296.3370154069697
1535,10,290.6231568002486
1535,11,285.3917679730314
1535,12,282.10831932490146
1536,1,280.9138970446629
1536,2,281.32849697373456
1536,3,282.9325915052069
1536,4,286.4381490640998
1536,5,291.01765297232976
1536,6,296.79999035871504
1536,7,302.4796542768094
1536,8,302.6615479128087
1536,9,296.59925202487454
1536,10,290.9258497155879
1536,11,285.3271837467322
1536,12,283.29305385096745
1537,1,282.33713846185356
1537,2,282.14103526058125
1537,3,283.888787837314
1537,4,286.6203393753834
1537,5,290.85762386106774
1537,6,296.31394853636925
1537,7,301.6962788421318
1537,8,302.2091895207915
1537,9,296.3349118208123
1537,10,290.0510843925855
1537,11,285.0789641034138
1537,12,282.2472304807617
1538,1,280.4063880398283
1538,2,280.7150227474572
1538,3,283.05472898293647
1538,4,286.5204661079558
1538,5,291.1304654812606
1538,6,296.524699641049
1538,7,302.65599936214863
1538,8,302.80083893985915
1538,9,296.7383841440309
1538,10,290.37326161294857
1538,11,284.67250655119716
1538,12,282.94469961027534
1539,1,281.80089786407495
1539,2,281.41300771773285
1539,3,283.28136006603074
1539,4,286.06053159793834
1539,5,290.6880849263009
1539,6,296.45890713580275
1539,7,302.2857781740104
1539,8,302.45301674344825
1539,9,296.8521758353436
1539,10,290.6107226938457
1539,11,285.66362984403946
1539,12,283.0329464148931
1540,1,281.98213715941006
1540,2,283.3285092227052
1540,3,284.7731473439452
1540,4,286.5697854148715
1540,5,290.2465657962027
1540,6,296.08628314280213
1540,7,301.397221189457
1540,8,301.3548101787354
1540,9,295.99144245884554
1540,10,290.120185015802
1540,11,285.3993145185404
1540,12,282.99944709742556
1541,1,282.0218439909228
1541,2,282.06927031482536
1541,3,283.57429411013254
1541,4,286.7848825513962
1541,5,290.5676170037384
1541,6,295.66915961522534
1541,7,301.3546144945558
1541,8,301.82658939944736
1541,9,296.3301979993611
1541,10,290.39728768964517
1541,11,285.9655911856871
1541,12,282.6555231023735
1542,1,282.6763047513248
1542,2,283.12687109891954
1542,3,284.2779713649398
1542,4,286.63526760434706
1542,5,290.30291025080214
1542,6,295.6396037258803
1542,7,301.38610223630656
1542,8,301.6868790237479
1542,9,296.24476787316206
1542,10,290.6066485484572
1542,11,285.43723963767343
1542,12,282.76223717791174
1543,1,282.4875483267318
1543,2,282.8263044902684
1543,3,284.4815597153789
1543,4,287.25432729096275
1543,5,290.4564307991792
1543,6,295.9726249977107
1543,7,301.3767014151239
1543,8,301.29661718617837
1543,9,296.1576031385583
1543,10,290.29571115589346
1543,11,285.2836747324077
1543,12,282.86999208691253
1544,1,281.96469671742796
1544,2,282.34974048275086
1544,3,284.4215981991742
1544,4,286.7362587314841
1544,5,290.49094043445643
1544,6,295.76224718503215
1544,7,301.327108002836
1544,8,301.43151283300733
1544,9,296.0461285828594
1544,10,290.7587205387656
1544,11,285.79810832449164
1544,12,282.58532334791545
1545,1,281.51601403301817
1545,2,282.0062729652849
1545,3,283.96062013576386
1545,4,286.7508638477431
1545,5,290.80090894100977
1545,6,296.43229506961916
1545,7,302.334636238876
1545,8,302.6582643892625
1545,9,296.7148888623383
1545,10,290.80072676539885
1545,11,285.3479005835691
1545,12,282.3944730764424
1546,1,281.57890437313773
1546,2,281.80428921465057
1546,3,283.5124212601902
1546,4,286.32541079812563
1546,5,290.56684149704324
1546,6,296.0536683085435
1546,7,301.64088409663805
1546,8,302.14656797314785
1546,9,296.52236451798683
1546,10,290.53146219383007
1546,11,285.0753001255457
1546,12,282.33285923283256
1547,1,282.47817429971906
1547,2,282.93956582130824
1547,3,284.09829521413974
1547,4,286.62859974481364
1547,5,290.3330523676803
1547,6,295.7183030727704
1547,7,301.12220398794426
1547,8,301.6875019012143
1547,9,295.977665594178
1547,10,290.3763570391707
1547,11,285.4402902943615
1547,12,282.57341225441303
1548,1,281.65544592985384
1548,2,281.98239511955285
1548,3,283.8229909686416
1548,4,286.8344198214345
1548,5,290.64087290696625
1548,6,296.47528606829883
1548,7,302.16342266885613
1548,8,302.0061023502809
1548,9,295.7288984076005
1548,10,290.8067706108616
1548,11,285.5853615256467
1548,12,282.18597762438793
1549,1,281.1699955198889
1549,2,281.41677523111707
1549,3,282.8000880551987
1549,4,286.1384463151107
1549,5,291.0970351662804
1549,6,296.34198445207574
1549,7,302.1878022156996
1549,8,302.8238076852308
1549,9,296.8202048714085
1549,10,290.58337950721085
1549,11,285.4448443423895
1549,12,283.1000335326489
1550,1,281.11733964926077
1550,2,281.5669271819492
1550,3,283.0065259397421
1550,4,286.3856036220012
1550,5,290.7363450822087
1550,6,296.14342434067066
1550,7,302.15413083677436
1550,8,302.9658636099699
1550,9,296.7849910226056
1550,10,290.7262210592687
1550,11,285.2934239299271
1550,12,282.25561031803215
1551,1,281.9125165412439
1551,2,281.64915867263
1551,3,283.48394104225895
1551,4,286.4326920177768
1551,5,290.4359214812333
1551,6,296.32229935755583
1551,7,301.73484357253784
1551,8,302.1343771153828
1551,9,296.50080132467065
1551,10,290.2316582614868
1551,11,285.40950728443306
1551,12,282.0299971105595
1552,1,281.1375549415908
1552,2,281.4396449110484
1552,3,282.5985977928304
1552,4,285.8477919530792
1552,5,290.9273880404837
1552,6,296.35942325902465
1552,7,302.57170936469083
1552,8,302.8100763002494
1552,9,296.90491131099145
1552,10,290.94187063918343
1552,11,285.1022619260834
1552,12,282.4699301471835
1553,1,281.8493732724336
1553,2,281.87223726153366
1553,3,283.64214521261545
1553,4,287.0176068239761
1553,5,290.8038919782558
1553,6,296.7186627245328
1553,7,302.136342588651
1553,8,302.39334163654735
1553,9,296.8305437870325
1553,10,290.5622448267393
1553,11,285.5436887947625
1553,12,282.69226279164184
1554,1,282.4274944404318
1554,2,282.94192779056687
1554,3,284.4447190393704
1554,4,286.9889369857002
1554,5,290.31108662916034
1554,6,295.3529310098662
1554,7,300.9718280772451
1554,8,301.16340751146276
1554,9,296.1230811714879
1554,10,290.7224693800856
1554,11,285.7408569275641
1554,12,282.93509705683675
1555,1,281.8477716959878
1555,2,282.93138794216156
1555,3,284.35833134193564
1555,4,287.01493703632696
1555,5,290.90672129980146
1555,6,295.69915101810625
1555,7,301.258728124562
1555,8,301.57345449963555
1555,9,296.2088737837038
1555,10,290.3205282063408
1555,11,285.25277832859535
1555,12,282.8210671469534
1556,1,281.8760900790289
1556,2,282.0212763455023
1556,3,283.7736985285143
1556,4,286.17230185529417
1556,5,290.2276288068364
1556,6,296.0838128205165
1556,7,301.8314389105759
1556,8,302.1490393218943
1556,9,296.13934886080693
1556,10,289.734212953834
1556,11,284.98017498009165
1556,12,282.7183460027507
1557,1,281.64774522385403
1557,2,281.85338356121986
1557,3,283.993145823109
1557,4,286.4869175885949
1557,5,290.60392078220093
1557,6,295.9224917397483
1557,7,301.75993529756215
1557,8,301.77270451930815
1557,9,296.6844288961813
1557,10,290.03591844501136
1557,11,285.28511329223454
1557,12,282.4239959063649
1558,1,281.84071987438034
1558,2,282.0469581089104
1558,3,283.718039240307
1558,4,286.6802895466515
1558,5,290.78434672708676
1558,6,296.47807664351114
1558,7,302.22620498887125
1558,8,302.41913844822625
1558,9,296.99357699039933
1558,10,290.4930061301742
1558,11,286.0741119636214
1558,12,283.3887416451004
1559,1,282.6885765909664
1559,2,283.25206763449125
1559,3,284.16137760033763
1559,4,286.75387116905307
1559,5,289.9016895375759
1559,6,295.48670911256244
1559,7,300.76463051689757
1559,8,300.8465579307939
1559,9,295.61528493069267
1559,10,290.56290819557546
1559,11,284.95567343615846
1559,12,282.69030761519525
1560,1,281.6754628848155
1560,2,280.948636884974
1560,3,283.61648319210815
1560,4,286.51431032404406
1560,5,291.0410153720402
1560,6,296.75569699057036
1560,7,302.4186802278575
1560,8,302.6050714262344
1560,9,296.7960294918131
1560,10,290.3938478427533
1560,11,285.6047757041662
1560,12,283.4223656705848
1561,1,282.6802374582825
1561,2,282.732163643441
1561,3,284.21472725489247
1561,4,286.6185230981355
1561,5,290.67803006670056
1561,6,295.8262584699477
1561,7,301.4589694871538
1561,8,301.51198574781324
1561,9,296.18470348752305
1561,10,289.95125795673664
1561,11,285.1041030732215
1561,12,283.599754699456
1562,1,282.54500155989666
1562,2,282.8655104823374
1562,3,284.64421634320934
1562,4,286.81147520251284
1562,5,290.26099002416714
1562,6,295.6221232501334
1562,7,301.2014625006427
1562,8,301.03781350408167
1562,9,295.7122068351158
1562,10,290.2123950568372
1562,11,285.5492659588176
1562,12,282.0465168341616
1563,1,281.3525147847227
1563,2,281.43061064619303
1563,3,283.00871253381916
1563,4,286.1976677436129
1563,5,291.283449901862
1563,6,296.8289088489099
1563,7,302.62391030739525
1563,8,302.84647989177313
1563,9,296.5588421278454
1563,10,290.54480469122956
1563,11,285.8012062316749
1563,12,283.32395328875566
1564,1,282.44405763760835
1564,2,282.5653928889527
1564,3,284.3805655846119
1564,4,287.0910191501214
1564,5,290.6581227078999
1564,6,296.37058869896055
1564,7,301.8697218565719
1564,8,301.9745617936835
1564,9,296.3308393928669
1564,10,290.5958604575509
1564,11,285.8384976253027
1564,12,282.769273657367
1565,1,281.70387424220496
1565,2,282.04217150395294
1565,3,283.71907101036544
1565,4,286.5498250277411
1565,5,290.40065417972005
1565,6,295.68882421812395
1565,7,301.48340285774094
1565,8,301.8840163445084
1565,9,296.4709307584932
1565,10,290.299059920078
1565,11,285.2529794172118
1565,12,282.7893807799912
1566,1,281.5734558001932
1566,2,282.88261199146837
1566,3,284.46620080692935
1566,4,286.3579219368975
1566,5,290.42083633877075
1566,6,295.3918053933537
1566,7,301.14732055615315
1566,8,301.64322911283125
1566,9,296.23669700473846
1566,10,290.3429134019383
1566,11,284.9279763073682
1566,12,282.59874215546904
1567,1,281.8374323930767
1567,2,282.07529913326255
1567,3,283.7522985915744
1567,4,286.5686135195226
1567,5,289.9535042946599
1567,6,295.4449400603255
1567,7,300.8344846607795
1567,8,301.399930530171
1567,9,295.9818177319502
1567,10,290.31329042110053
1567,11,285.4870447491413
1567,12,282.8949073784627
1568,1,282.02247642502454
1568,2,282.27141685286347
1568,3,284.191451186782
1568,4,286.3412006805694
1568,5,290.8410076806674
1568,6,296.2362400085925
1568,7,301.81306111784045
1568,8,301.5803823997007
1568,9,296.0878304533916
1568,10,290.9177825666394
1568,11,285.2884624486937
1568,12,282.3972580822333
1569,1,282.18226772243133
1569,2,282.9883771555328
1569,3,283.891055199015
1569,4,286.58208519845243
1569,5,291.0429997389713
1569,6,296.7903136190784
1569,7,302.28439265049934
1569,8,302.1637876375381
1569,9,296.87612140733245
1569,10,290.81843206933786
1569,11,285.3047207117077
1569,12,282.21113284986137
1570,1,282.2975347457583
1570,2,282.51965431121874
1570,3,283.7200762828711
1570,4,286.55086099028154
1570,5,290.67512222130335
1570,6,296.3937511486479
1570,7,302.0923919035912
1570,8,301.8515645963797
1570,9,296.5825572006223
1570,10,290.4427384376435
1570,11,285.4310353765515
1570,12,282.8910882741322
1571,1,281.6324296996564
1571,2,282.12830923229416
1571,3,283.60016391254845
1571,4,286.6905600232359
1571,5,290.35728950266804
1571,6,296.2648625473793
1571,7,302.10353204975945
1571,8,302.21371120769385
1571,9,297.0981509517972
1571,10,290.4453856362745
1571,11,285.52001400100926
1571,12,282.940314919094
1572,1,281.8928018925318
1572,2,282.50884561864893
1572,3,283.7181372222802
1572,4,286.9108324346548
1572,5,290.75284232900776
1572,6,296.3483823766255
1572,7,301.9858847218061
1572,8,302.1353516288381
1572,9,296.90969590888403
1572,10,289.9726521061972
1572,11,285.2411475147363
1572,12,282.8922110466424
1573,1,281.71711877617804
1573,2,282.2062454403025
1573,3,284.0390584632144
1573,4,286.81896969048614
1573,5,290.63927651716574
1573,6,295.8653491849434
1573,7,301.75768490343904
1573,8,301.9766205052521
1573,9,296.0637397498909
1573,10,290.3864930746495
1573,11,285.7089708442038
1573,12,282.34987297684927
1574,1,281.90345642293335
1574,2,282.17453581095225
1574,3,283.5806202271493
1574,4,286.5618002684582
1574,5,290.57719630439635
1574,6,296.31438708951805
1574,7,302.0550985061711
1574,8,302.1548279550433
1574,9,296.3413478277739
1574,10,290.65768101049315
1574,11,285.1502485802039
1574,12,282.7045220062018
1575,1,281.48391821870786
1575,2,281.27710149667803
1575,3,283.58784748247575
1575,4,286.36230002646596
1575,5,290.8136388260152
1575,6,296.59417341646736
1575,7,302.4033209205694
1575,8,302.4483770754209
1575,9,296.45565942963736
1575,10,290.5331862213568
1575,11,285.30761003000947
1575,12,282.1107251694703
1576,1,280.9820341372031
1576,2,281.4339327696596
1576,3,283.1750734098497
1576,4,286.0887239052366
1576,5,291.0022423212421
1576,6,296.6578894213558
1576,7,302.69761065477485
1576,8,302.9414876840096
1576,9,297.0223568855487
1576,10,290.59312487361785
1576,11,284.87117087167223
1576,12,282.99297054382157
1577,1,280.6720741601264
1577,2,281.0214405837662
1577,3,283.60323874224105
1577,4,286.28639087584384
1577,5,290.1260302776765
1577,6,296.4472263737954
1577,7,301.9929404272316
1577,8,302.6800434729571
1577,9,296.7478309833832
1577,10,290.5724343802587
1577,11,285.58255794372144
1577,12,282.4487356638174
1578,1,281.50268685547474
1578,2,282.1959856905762
1578,3,283.8016082414948
1578,4,286.4898435485885
1578,5,290.68601054458134
1578,6,296.52043832758216
1578,7,302.4803023706478
1578,8,302.44676471413106
1578,9,296.590330485896
1578,10,290.66002524209193
1578,11,285.82236407686935
1578,12,283.3597961756731
1579,1,282.68332130714396
1579,2,282.960551911022
1579,3,283.87805925831435
1579,4,286.73348526805074
1579,5,290.24133642185114
1579,6,295.0903513838574
1579,7,300.78113457699516
1579,8,301.19502556263785
1579,9,296.0512762368443
1579,10,290.33068129662956
1579,11,285.1563653885422
1579,12,282.3945787731996
1580,1,281.7859124532809
1580,2,282.19426543909947
1580,3,283.4608388841226
1580,4,286.44592400512624
1580,5,290.5606764496571
1580,6,296.45948501728924
1580,7,301.8225803533933
1580,8,302.1656946343449
1580,9,296.4524618984523
1580,10,290.303026284515
1580,11,285.2990555325583
1580,12,282.9267146955069
1581,1,282.26183470070646
1581,2,282.24779439463373
1581,3,283.7804715154163
1581,4,286.9820588223905
1581,5,290.8680959163736
1581,6,295.95108623361284
1581,7,301.4788400737484
1581,8,301.8409652759572
1581,9,296.143084899213
1581,10,290.63345543301705
1581,11,284.851957910651
1581,12,282.3736331980223
1582,1,280.37780437144033
1582,2,281.85159977099954
1582,3,283.0449174835738
1582,4,286.63334466902757
1582,5,290.6789452471046
1582,6,296.20814627493326
1582,7,302.0954336601634
1582,8,302.48808625971856
1582,9,296.51741098947076
1582,10,290.3369421308631
1582,11,285.20284140906887
1582,12,282.63721489755756
1583,1,281.2802556676672
1583,2,282.22776923947777
1583,3,283.5850672121427
1583,4,286.9435635035783
1583,5,290.575499831972
1583,6,296.21543238026516
1583,7,301.93620321102344
1583,8,302.58384302193224
1583,9,296.4579596832918
1583,10,290.5735820471466
1583,11,285.6797436083991
1583,12,283.06146493339526
1584,1,281.92488425947596
1584,2,281.87271342091606
1584,3,284.4485805531432
1584,4,286.8583444363949
1584,5,290.4522605410988
1584,6,296.19752365523163
1584,7,301.2979136817122
1584,8,301.6213942721663
1584,9,295.7701970399764
1584,10,290.00312350566
1584,11,284.65686496007925
1584,12,282.0330842100887
1585,1,281.08215398963733
1585,2,280.8701709440861
1585,3,282.8570249847801
1585,4,286.29671176017047
1585,5,290.6827308805307
1585,6,296.37563619733555
1585,7,302.1577268986471
1585,8,302.5863428642215
1585,9,296.5885738150937
1585,10,290.4280643046136
1585,11,285.2142177783769
1585,12,282.69390484851033
1586,1,281.05168713413354
1586,2,281.82114260968575
1586,3,283.79444712593556
1586,4,286.2716800747092
1586,5,289.8869870926545
1586,6,295.8807655886725
1586,7,301.5091320530214
1586,8,301.68225080014645
1586,9,296.0835834417718
1586,10,289.97474779733034
1586,11,285.38916344897694
1586,12,282.8727006465258
1587,1,281.69749807434204
1587,2,282.1053696947155
1587,3,283.84276114864775
1587,4,286.5346418737663
1587,5,290.7634182854439
1587,6,296.2431601107395
1587,7,301.7741513498496
1587,8,301.66732227673856
1587,9,296.2314593152454
1587,10,290.3768252187174
1587,11,285.06600038154426
1587,12,282.0966640037041
1588,1,281.4691773080658
1588,2,282.3899918781964
1588,3,283.814172234739
1588,4,286.4992561024078
1588,5,290.35245967212705
1588,6,296.4014926233449
1588,7,301.82054808112497
1588,8,302.0574163670537
1588,9,296.31911745063536
1588,10,290.3654506301748
1588,11,285.55742604257387
1588,12,282.5955687461779
1589,1,281.6419377006263
1589,2,282.65649124794214
1589,3,283.27148439778034
1589,4,286.6142255636985
1589,5,290.298551632564
1589,6,296.0017675405328
1589,7,301.1761617681958
1589,8,301.6588251525978
1589,9,296.1897631692641
1589,10,289.9993764934782
1589,11,285.3422158797233
1589,12,282.2681916651055
1590,1,281.6446414216523
1590,2,281.6882127726582
1590,3,283.9381987425654
1590,4,286.55030115712657
1590,5,290.3656724122088
1590,6,295.9246792058358
1590,7,301.81209367989425
1590,8,302.13963002226296
1590,9,295.7894399061715
1590,10,290.19503472705924
1590,11,285.0775737822221
1590,12,282.31502595058123
1591,1,281.57128370672365
1591,2,281.5758253355799
1591,3,283.7899175546711
1591,4,286.32904002018574
1591,5,290.64054527113126
1591,6,296.10642108720253
1591,7,302.0843632718043
1591,8,302.2280332872857
1591,9,296.3780915039897
1591,10,291.14484793602185
1591,11,285.7858160341166
1591,12,282.9093096657697
1592,1,282.32293384848253
1592,2,282.5917372174779
1592,3,284.0588867286534
1592,4,286.52326777619953
1592,5,290.3258975609033
1592,6,295.73588419225086
1592,7,301.7206020618843
1592,8,302.0923110731026
1592,9,296.1408528497723
1592,10,290.4244164576277
1592,11,285.84359144634936
1592,12,282.83001328217995
1593,1,282.0184943836889
1593,2,282.48762345457124
1593,3,284.07361627492264
1593,4,286.7375305814645
1593,5,290.44589308079844
1593,6,295.700142910006
1593,7,301.38458141048784
1593,8,301.5301205525078
1593,9,295.8170615005828
1593,10,290.31811513202285
1593,11,285.2555908974372
1593,12,282.96508329120627
1594,1,281.652833664291
1594,2,282.4490105790146
1594,3,284.2046970901587
1594,4,286.8677493028787
1594,5,290.49034721257794
1594,6,295.7458683922823
1594,7,301.37943309547245
1594,8,301.78274300804014
1594,9,295.6714381793472
1594,10,290.29628935612806
1594,11,285.2508423808697
1594,12,282.62328263059396
1595,1,281.46753764204766
1595,2,281.99963786530293
1595,3,283.9253286483285
1595,4,286.31510759192287
1595,5,290.6577862351438
1595,6,296.3520244829982
1595,7,302.2353686611435
1595,8,302.1079513771441
1595,9,296.301805508122
1595,10,290.5135130090374
1595,11,285.0388822880069
1595,12,282.0126475104355
1596,1,281.3171500942043
1596,2,281.63214962010215
1596,3,283.0618180634624
1596,4,286.262993524601
1596,5,290.4784207928658
1596,6,295.9696546702753
1596,7,301.82847858125467
1596,8,301.8574821330525
1596,9,296.23216181644335
1596,10,290.9086713868629
1596,11,285.92436259602107
1596,12,282.7669203500059
1597,1,282.0373619994707
1597,2,282.1831676025805
1597,3,284.0004902872869
1597,4,286.63291268337787
1597,5,290.3427713260861
1597,6,295.76795842350543
1597,7,301.49026451325057
1597,8,301.96576579316525
1597,9,296.27718647227937
1597,10,290.201105120232
1597,11,285.42401248216345
1597,12,282.988766388302
1598,1,282.1623125195895
1598,2,282.94141469165567
1598,3,284.09239364806683
1598,4,286.414089276539
1598,5,290.0191257506632
1598,6,295.61974457907303
1598,7,301.56111846891156
1598,8,301.4142886271237
1598,9,295.98895878344
1598,10,289.9917217082119
1598,11,285.0315135929475
1598,12,282.9216351727232
1599,1,281.57835319482103
1599,2,281.7364061935753
1599,3,283.88931436216603
1599,4,286.5262786860312
1599,5,290.4196331434673
1599,6,296.32656237984884
1599,7,301.8855960936302
1599,8,302.0060459060511
1599,9,296.2089517515999
1599,10,290.38406038070195
1599,11,284.6440896403286
1599,12,282.7110449500897
1600,1,282.1384229528735
1600,2,282.5934753742673
1600,3,283.8475145459287
1600,4,286.72903831973815
1600,5,290.2219966271982
1600,6,295.6001529777198
1600,7,301.2174379151596
1600,8,301.4130884497338
1600,9,295.769550991002
1600,10,289.9768794268337
1600,11,284.9315024576045
1600,12,282.45172166368565
1601,1,281.9709734823082
1601,2,282.56894692949584
1601,3,284.39815625077125
1601,4,286.601788025288
1601,5,289.2987578742712
1601,6,294.8351726897081
1601,7,299.99069344405837
1601,8,299.8877191558017
1601,9,294.85592781963305
1601,10,289.6906948184946
1601,11,285.12426043603637
1601,12,282.19212565273676
1602,1,281.47952111355266
1602,2,282.6642944358414
1602,3,283.32075248282035
1602,4,286.2014304351778
1602,5,290.16242324188744
1602,6,295.66079166667413
1602,7,301.1393742440358
1602,8,301.4412161519833
1602,9,295.9391053740301
1602,10,290.0809145130583
1602,11,285.2599932013295
1602,12,283.30460687684035
1603,1,282.44308378903395
1603,2,282.8216545451219
1603,3,284.295049734147
1603,4,286.9896927940414
1603,5,290.2199695703712
1603,6,295.6435271828401
1603,7,301.32011720601565
1603,8,301.8918243213328
1603,9,296.3305800506881
1603,10,290.50607785490354
1603,11,285.66153434744854
1603,12,282.2786244695821
1604,1,281.5462813757783
1604,2,282.09890037311607
1604,3,283.2642451149977
1604,4,285.93643944260396
1604,5,290.6006411547485
1604,6,296.33142685814454
1604,7,302.60439453126253
1604,8,302.9269569700174
1604,9,296.87486170985824
1604,10,290.53019521075623
1604,11,285.1380307459384
1604,12,283.130829397287
1605,1,282.6120758710099
1605,2,282.6548481015831
1605,3,284.38453111651506
1605,4,287.1680031651018
1605,5,290.46109963231413
1605,6,295.59594969311104
1605,7,301.48083502685665
1605,8,301.44982458798665
1605,9,296.2251158910367
1605,10,290.3188732507938
1605,11,285.1858446291735
1605,12,282.75474198614
1606,1,281.49425172635597
1606,2,282.242295034462
1606,3,283.5531613111541
1606,4,286.59193226189814
1606,5,290.28658603772215
1606,6,295.34167818065293
1606,7,301.0623780353949
1606,8,301.81075201805936
1606,9,295.9179672163625
1606,10,290.17327913478414
1606,11,285.7226110125447
1606,12,282.250734231058
1607,1,282.23896379428913
1607,2,282.335340341118
1607,3,283.3597757742825
1607,4,286.4276109067433
1607,5,290.3391597487604
1607,6,295.4721528546948
1607,7,301.0435974054957
1607,8,301.7038527024531
1607,9,296.55280663999935
1607,10,290.6022279974651
1607,11,285.1534891902682
1607,12,282.27541589560565
1608,1,281.16258331186083
1608,2,281.72245230223655
1608,3,283.413660767425
1608,4,286.0552779868657
1608,5,290.7231186602012
1608,6,296.1196160102397
1608,7,301.9647580478121
1608,8,302.29878105937576
1608,9,296.39558942632596
1608,10,290.0889290728816
1608,11,285.47515817444605
1608,12,283.03059302783555
1609,1,282.88001944375947
1609,2,283.0022279462329
1609,3,284.94617732588927
1609,4,286.3772181449914
1609,5,290.16905094024156
1609,6,295.37557152781955
1609,7,300.8176768812437
1609,8,300.91240425535534
1609,9,295.6036098946849
1609,10,289.8281119277807
1609,11,284.93417900592897
1609,12,282.6452531425359
1610,1,281.76244554693005
1610,2,282.4029510570414
1610,3,283.52574570654474
1610,4,286.73777758280187
1610,5,290.5912065331688
1610,6,295.9737380939172
1610,7,301.6318983331689
1610,8,302.0676753756779
1610,9,295.61109742888914
1610,10,290.04169141691125
1610,11,284.9004488041993
1610,12,282.1089826763093
1611,1,281.4734234128557
1611,2,281.88275301872113
1611,3,282.6778146152868
1611,4,286.11493546445263
1611,5,290.31427015528845
1611,6,296.05990681529033
1611,7,302.0220275799545
1611,8,302.28704418577615
1611,9,296.7033934431157
1611,10,290.6242147383484
1611,11,285.61271395961114
1611,12,282.8589784047914
1612,1,282.5097329497353
1612,2,282.7476116235813
1612,3,283.98109584740484
1612,4,286.7790576551695
1612,5,290.0732462753215
1612,6,295.78976376338176
1612,7,301.3790492085839
1612,8,301.54381743840906
1612,9,295.77609073708896
1612,10,290.35438522667573
1612,11,285.5455898262704
1612,12,282.1827799087821
1613,1,282.0858774065272
1613,2,282.4172730160942
1613,3,284.25939877446507
1613,4,286.72018081722655
1613,5,290.6183740770485
1613,6,296.2739220544415
1613,7,301.7094938726667
1613,8,301.8699699234527
1613,9,296.73666952330905
1613,10,290.5706764325841
1613,11,285.49134138444936
1613,12,282.7405559470608
1614,1,281.7688427122701
1614,2,282.6652086952972
1614,3,283.6892550247659
1614,4,286.27786212761885
1614,5,290.3533390121564
1614,6,295.9263958284247
1614,7,301.4707475063685
1614,8,302.01850758954083
1614,9,295.8509368835877
1614,10,290.3389052348526
1614,11,285.34918856956557
1614,12,282.7704138451036
1615,1,281.8794951006205
1615,2,282.2747123229234
1615,3,283.3780963999025
1615,4,286.40358591343136
1615,5,290.77654068963244
1615,6,295.94508327496584
1615,7,301.5186208989433
1615,8,301.9927309599035
1615,9,295.76707047077184
1615,10,290.4363978228714
1615,11,285.28193123388087
1615,12,283.13393801110396
1616,1,281.17467299862994
1616,2,282.2961313870047
1616,3,283.56696413402005
1616,4,286.5101205411847
1616,5,290.6864363186187
1616,6,296.4943161307144
1616,7,302.5325352929292
1616,8,302.4108649292293
1616,9,296.5223865859949
1616,10,290.15161586925853
1616,11,286.0688221390692
1616,12,283.05125523035315
1617,1,281.8442120076929
1617,2,282.6089722120108
1617,3,283.90678154246757
1617,4,286.47426450519583
1617,5,290.5035275532583
1617,6,296.2747181730681
1617,7,301.80315987780807
1617,8,301.99098698787446
1617,9,296.3310233923305
1617,10,290.57760642071264
1617,11,285.3479185739411
1617,12,283.4913449416533
1618,1,282.1522613301776
1618,2,282.62756810612916
1618,3,283.9827293705973
1618,4,286.7605884629677
1618,5,290.4704082439127
1618,6,295.85983443929246
1618,7,301.30006030783136
1618,8,301.2155259311174
1618,9,296.1254297871313
1618,10,290.1926450469909
1618,11,285.44514616623496
1618,12,282.3795934237203
1619,1,281.7796424748923
1619,2,282.7980753884042
1619,3,283.7076582690745
1619,4,286.21920390666844
1619,5,290.33936083224285
1619,6,295.7041943910258
1619,7,301.61538396777934
1619,8,301.7435386599062
1619,9,296.1884569551913
1619,10,290.37986644204125
1619,11,285.14517416403885
1619,12,282.4482049812388
1620,1,281.9298525840608
1620,2,282.04310506702234
1620,3,283.51478807614967
1620,4,286.5509009782986
1620,5,290.41181242582593
1620,6,296.01431312424086
1620,7,301.8520744362353
1620,8,301.96469758417993
1620,9,296.23860694435587
1620,10,290.12095583462974
1620,11,285.1943165614486
1620,12,282.7466559131003
1621,1,281.71619553703005
1621,2,282.24270085416066
1621,3,283.5209594111219
1621,4,286.2963596723072
1621,5,290.3612369812895
1621,6,296.04422396451827
1621,7,301.95902034629387
1621,8,301.65491995989976
1621,9,296.0848466899499
1621,10,290.3258918920268
1621,11,285.41777839395024
1621,12,283.03953939066366
1622,1,281.4829662932161
1622,2,281.9479443236829
1622,3,283.7117735532853
1622,4,286.8818802740445
1622,5,291.459305212278
1622,6,296.2198314817407
1622,7,302.01705531747984
1622,8,302.11998640365766
1622,9,296.1170037164478
1622,10,290.29826025987836
1622,11,285.3829089010459
1622,12,283.0491185480738
1623,1,281.886968841427
1623,2,281.9409312807686
1623,3,283.80184320796786
1623,4,287.09349785830557
1623,5,290.6513531278947
1623,6,296.3402075146042
1623,7,301.96343862225353
1623,8,301.7061175264343
1623,9,296.2156643844353
1623,10,290.46580422075345
1623,11,285.5110146370523
1623,12,282.8234020430183
1624,1,282.915242847419
1624,2,283.0342039047554
1624,3,284.1589658008204
1624,4,286.81509674061147
1624,5,289.99558529995625
1624,6,295.25089982218185
1624,7,300.77110931481286
1624,8,300.9715152041347
1624,9,295.19962794219674
1624,10,289.7626336324099
1624,11,285.1252546386961
1624,12,282.15734790445947
1625,1,281.7371921985549
1625,2,282.2841350872667
1625,3,283.5909540949023
1625,4,286.5343252117258
1625,5,290.84961046039234
1625,6,296.2600438472747
1625,7,301.7258333435451
1625,8,302.1991705442512
1625,9,296.2087882187294
1625,10,290.30980194868056
1625,11,285.2837680367814
1625,12,282.69153942594664
1626,1,282.3182555093464
1626,2,283.01804334885276
1626,3,283.7796378264751
1626,4,286.58185520224436
1626,5,290.4841807982086
1626,6,295.70914941600324
1626,7,300.89842288991275
1626,8,300.9746790895382
1626,9,295.8706100863634
1626,10,290.3758498446566
1626,11,285.53924698300165
1626,12,282.3442517989122
1627,1,281.81869824688215
1627,2,281.8387043635323
1627,3,283.5162587073604
1627,4,286.6911026212581
1627,5,290.3110171789419
1627,6,295.8884733683386
1627,7,301.67812032002985
1627,8,301.9189921846023
1627,9,296.365835362672
1627,10,290.22269288677603
1627,11,285.71315120686415
1627,12,282.36031505635185
1628,1,281.5630352698352
1628,2,281.9915026907671
1628,3,283.88037110466746
1628,4,286.6219727073435
1628,5,290.36917233035695
1628,6,296.357499400355
1628,7,302.19944204066996
1628,8,301.90202871967495
1628,9,296.50326242846774
1628,10,290.8935658128554
1628,11,285.3253126377441
1628,12,282.8666805124658
1629,1,281.9723260816321
1629,2,281.5076464780251
1629,3,283.6061481180109
1629,4,286.38947188970167
1629,5,290.381714816061
1629,6,295.7608093990551
1629,7,301.32554850638496
1629,8,301.9522895084475
1629,9,296.1847740899766
1629,10,290.6464753989635
1629,11,285.6587826987519
1629,12,282.97931527654225
1630,1,282.21837144556844
1630,2,282.7226261565065
1630,3,284.0297962013685
1630,4,286.39258560668094
1630,5,290.5829716961265
1630,6,295.92568713668294
1630,7,301.1413514048346
1630,8,301.2868760284621
1630,9,295.7593079640899
1630,10,290.2908015603809
1630,11,285.43359149191605
1630,12,283.02039548982304
1631,1,281.9540227365623
1631,2,282.4500605042833
1631,3,284.23680636899724
1631,4,286.97278329271296
1631,5,290.4899325561234
1631,6,295.6289226619697
1631,7,300.92287015831056
1631,8,301.5421570156805
1631,9,295.73812989665305
1631,10,290.0947393186254
1631,11,285.4353401457065
1631,12,283.3971851834045
1632,1,282.5153754692559
1632,2,282.22337641467857
1632,3,284.1511209349922
1632,4,286.75313647543686
1632,5,290.3348894254658
1632,6,295.9137204030452
1632,7,301.4960686574881
1632,8,301.8056867509996
1632,9,295.73259588870786
1632,10,290.6814306926027
1632,11,285.3428380314256
1632,12,282.14278292894517
1633,1,280.88920493593986
1633,2,281.01696510202123
1633,3,282.32517892562225
1633,4,286.03024258025164
1633,5,290.5140873260693
1633,6,296.4324490925178
1633,7,302.49174625991634
1633,8,302.77624539842157
1633,9,297.0421700854387
1633,10,291.06717390057753
1633,11,285.51118245661354
1633,12,283.0608050436165
1634,1,281.75164845409944
1634,2,282.2982497625471
1634,3,284.1515254720241
1634,4,286.36132344446594
1634,5,290.731014983474
1634,6,296.45325387774494
1634,7,301.94732976918215
1634,8,302.14939622217963
1634,9,296.49062038963893
1634,10,290.43427999831727
1634,11,285.69320359466445
1634,12,282.03036378622505
1635,1,281.99646139705305
1635,2,282.6702668237731
1635,3,284.0373937969571
1635,4,286.71732595852825
1635,5,290.44012313796935
1635,6,296.02838425046843
1635,7,301.48063889227774
1635,8,301.86450527783336
1635,9,295.93723267735146
1635,10,290.7481762121894
1635,11,285.26343802274954
1635,12,282.6642812131422
1636,1,282.24755243129346
1636,2,282.13684566222526
1636,3,283.7262001164786
1636,4,286.3431783861679
1636,5,290.3520594709902
1636,6,296.00914458106087
1636,7,301.65056047684897
1636,8,301.7732266746468
1636,9,296.10468556796013
1636,10,290.7433417728995
1636,11,285.38188812498754
1636,12,282.8755417042718
1637,1,282.04775044681094
1637,2,283.33436572728397
1637,3,284.225744922201
1637,4,286.5949235210302
1637,5,290.3820058646886
1637,6,295.4303429578058
1637,7,301.0288805747864
1637,8,300.94832081023026
1637,9,295.9395217541987
1637,10,290.0007394832174
1637,11,285.6745043926954
1637,12,282.99982148899346
1638,1,282.79972873214854
1638,2,283.01980667134274
1638,3,284.7427544353775
1638,4,287.1084988177395
1638,5,290.721594773472
1638,6,295.61103707926185
1638,7,300.5786672782493
1638,8,301.1438752881017
1638,9,296.18049410045467
1638,10,290.54470043980444
1638,11,285.0992682038766
1638,12,282.5228019040094
1639,1,281.8272291748949
1639,2,281.7879539810938
1639,3,283.51502683721947
1639,4,286.49676100783336
1639,5,290.4350927184418
1639,6,296.1784225006967
1639,7,301.90316253124604
1639,8,302.1985253233371
1639,9,296.1736880555227
1639,10,290.47150439453344
1639,11,285.12197232340066
1639,12,282.5132927113729
1640,1,281.56851762268604
1640,2,282.45954163935414
1640,3,284.49009401184776
1640,4,286.6580386940817
1640,5,290.11116391753995
1640,6,296.01278852272094
1640,7,301.31146990601235
1640,8,301.4952124453357
1640,9,296.0434351859011
1640,10,290.2745809089821
1640,11,284.58372465114155
1640,12,282.74099759318085
1641,1,281.3351164156576
1641,2,281.3708958510823
1641,3,282.96933013572465
1641,4,285.6172048256827
1641,5,290.1256202093524
1641,6,295.2096900065743
1641,7,300.5836694150567
1641,8,300.95999750460305
1641,9,295.41919299704387
1641,10,289.5380911127745
1641,11,284.7014901899118
1641,12,282.3558541603827
1642,1,281.2081383038949
1642,2,281.7559606676051
1642,3,283.87186448135566
1642,4,286.3575417620309
1642,5,289.9471514407911
1642,6,295.1687821140008
1642,7,300.51817832134077
1642,8,300.890512569742
1642,9,295.8417500521206
1642,10,290.47347742261513
1642,11,285.39181427295694
1642,12,282.46023821775475
1643,1,281.1352816423323
1643,2,281.6087034589103
1643,3,283.3000207390204
1643,4,285.98345722147735
1643,5,290.2954598699665
1643,6,295.4929691160862
1643,7,301.21591127234115
1643,8,301.3964743972676
1643,9,296.11726982855276
1643,10,290.2781885791205
1643,11,285.4057841435872
1643,12,282.6144849586732
1644,1,281.354726468159
1644,2,282.2916672071434
1644,3,283.6422199122052
1644,4,286.48313621745456
1644,5,290.3091664401014
1644,6,295.656301672624
1644,7,301.2252654692397
1644,8,301.2516455555459
1644,9,295.45176873011997
1644,10,290.1342454454162
1644,11,284.69760989312266
1644,12,282.96373987512
1645,1,282.48565868367155
1645,2,282.1580922690165
1645,3,284.1230609341177
1645,4,286.74470474023366
1645,5,290.6554931193491
1645,6,295.96330560580543
1645,7,301.46414356855746
1645,8,301.4048535085263
1645,9,295.9352433779545
1645,10,290.3079439862794
1645,11,285.2322033999048
1645,12,282.7962935384512
1646,1,281.06843851352835
1646,2,282.34845318074133
1646,3,283.6853474857642
1646,4,286.5110593037981
1646,5,289.9776503848408
1646,6,295.04780583872946
1646,7,300.57646780545167
1646,8,300.6710048526242
1646,9,295.32384848167726
1646,10,289.93261626000344
1646,11,285.87857500820394
1646,12,282.367645896939
1647,1,281.53302481350465
1647,2,282.1485911279823
1647,3,283.79155760147626
1647,4,286.31183562036034
1647,5,290.10133631298373
1647,6,295.5033540795013
1647,7,301.1603659724532
1647,8,301.3843078282424
1647,9,296.13303329610125
1647,10,290.4930419650394
1647,11,285.4562214859602
1647,12,283.1896922110219
1648,1,282.06210008930736
1648,2,282.71038417790476
1648,3,284.246352544242
1648,4,286.95415037785705
1648,5,290.3644282154088
1648,6,296.0885074987002
1648,7,301.5712585316213
1648,8,301.42110383654415
1648,9,295.99482065296036
1648,10,290.36856699816997
1648,11,285.36721111118607
1648,12,283.05022724091947
1649,1,281.8340464998274
1649,2,282.47915143812634
1649,3,284.282122922909
1649,4,286.41626554389876
1649,5,290.59934985359826
1649,6,295.9361222705753
1649,7,301.3402463489749
1649,8,301.8285077477095
1649,9,296.0924259968716
1649,10,289.86936203935284
1649,11,285.1262841766551
1649,12,282.77086073933003
1650,1,280.86872333207634
1650,2,280.58500782506485
1650,3,283.12169569325573
1650,4,285.82558524633555
1650,5,290.30002137522524
1650,6,296.4378658889807
1650,7,302.2212213935144
1650,8,302.6271975675787
1650,9,296.6785613861974
1650,10,290.3266335282547
1650,11,285.2828277928981
1650,12,282.7275870066238
1651,1,282.09260897688534
1651,2,282.208370022965
1651,3,283.7120019447873
1651,4,286.7666384193152
1651,5,290.9276710683315
1651,6,296.15603098515965
1651,7,301.69676819761685
1651,8,301.72102520830146
1651,9,296.6164391687837
1651,10,290.35166518409443
1651,11,285.2190621388618
1651,12,282.70427746206224
1652,1,281.5127949902588
1652,2,282.1919317650735
1652,3,284.4462952505858
1652,4,287.02386729034004
1652,5,290.74832651905376
1652,6,295.60912345618954
1652,7,301.2838244091311
1652,8,301.16579135397683
1652,9,296.1242912096476
1652,10,290.0639630098177
1652,11,284.7822197131594
1652,12,281.50365767525244
1653,1,281.8826309349771
1653,2,282.3341754732111
1653,3,283.7448822376375
1653,4,286.5402809972172
1653,5,290.51703206147954
1653,6,296.01672719791986
1653,7,301.77390349190364
1653,8,301.8473330522735
1653,9,295.9260501376194
1653,10,289.85980573472904
1653,11,285.4051914628418
1653,12,283.5457017437708
1654,1,281.6069201420722
1654,2,281.8423684320064
1654,3,283.7006136447801
1654,4,286.1724139969397
1654,5,290.74840544072833
1654,6,295.64287946504896
1654,7,301.56846120734883
1654,8,301.593695662977
1654,9,296.11522539663645
1654,10,290.3490481268292
1654,11,285.0992243736084
1654,12,282.38023723271044
1655,1,280.4087084845087
1655,2,281.8150052090811
1655,3,283.3912321163231
1655,4,286.3576274755335
1655,5,290.72532635364644
1655,6,296.46812822390575
1655,7,301.8853956792358
1655,8,302.34561494502236
1655,9,296.71678196214134
1655,10,290.7244852925229
1655,11,285.5710269987741
1655,12,282.697192918849
1656,1,281.5074738667427
1656,2,281.7375528184167
1656,3,283.77573210735903
1656,4,286.39525984505235
1656,5,290.5261588514584
1656,6,296.29111043868875
1656,7,301.58952938120075
1656,8,301.9305890966764
1656,9,296.25830306893363
1656,10,290.339297875134
1656,11,285.18267409680357
1656,12,282.3170473876643
1657,1,282.52351670300663
1657,2,282.13034109504326
1657,3,283.70254851361335
1657,4,286.421476897615
1657,5,290.7772131310862
1657,6,296.1619859547387
1657,7,301.8802297974409
1657,8,301.9981138821764
1657,9,295.86354821424777
1657,10,290.5282776313938
1657,11,285.0556924110691
1657,12,282.1442307403462
1658,1,280.87232405262637
1658,2,281.7547641091015
1658,3,283.16260862875004
1658,4,286.5792858686463
1658,5,290.7289303095262
1658,6,296.6700865936788
1658,7,302.3412705783009
1658,8,302.0647561715184
1658,9,296.8286336989507
1658,10,290.79443451276205
1658,11,285.20930653410676
1658,12,282.9779909707469
1659,1,281.53542195508567
1659,2,281.8310747166191
1659,3,283.2990000541273
1659,4,285.972530925526
1659,5,290.56187393653573
1659,6,295.9652494515801
1659,7,302.0094567855225
1659,8,302.1122517273526
1659,9,296.5094572944374
1659,10,291.24162901922216
1659,11,285.0053898886635
1659,12,282.27181096949096
1660,1,281.4795034644911
1660,2,281.7069193556554
1660,3,283.8328236813477
1660,4,286.44561962960773
1660,5,290.94685427953726
1660,6,296.7411786678433
1660,7,302.5119339452639
1660,8,302.3865071841676
1660,9,296.3401446005296
1660,10,290.5086809811338
1660,11,285.4758274026558
1660,12,282.5704764288273
1661,1,281.61511797862
1661,2,282.1872445371813
1661,3,284.13448826554884
1661,4,286.48198029905916
1661,5,290.4285577124061
1661,6,295.80773081985
1661,7,301.2416452228272
1661,8,301.5817576701861
1661,9,295.7661050132674
1661,10,290.0649925153592
1661,11,285.2025924166277
1661,12,282.2808889648775
1662,1,280.5742728530118
1662,2,281.27108471906473
1662,3,282.8055977642373
1662,4,286.2066752826722
1662,5,290.45433366462044
1662,6,296.5717774234464
1662,7,302.28856340142465
1662,8,302.6427117382666
1662,9,296.90214729953277
1662,10,290.8403581130841
1662,11,285.278639497497
1662,12,282.71234290383563
1663,1,282.3084928868767
1663,2,282.4101549590435
1663,3,284.1031309029359
1663,4,286.4646711928532
1663,5,290.54851121529873
1663,6,295.99551890664355
1663,7,301.46733389535154
1663,8,301.50177595801557
1663,9,295.79359264454877
1663,10,290.719455046589
1663,11,285.17762560304567
1663,12,282.3873667090952
1664,1,281.22643439193206
1664,2,281.7962531227358
1664,3,283.4996713173038
1664,4,286.3238687006284
1664,5,290.6761573664004
1664,6,296.4032490600456
1664,7,302.2076245279051
1664,8,302.1121017954467
1664,9,295.7951466209739
1664,10,290.0438707681566
1664,11,285.12921120984794
1664,12,282.8787691111105
1665,1,281.3067398797816
1665,2,281.87860658599993
1665,3,283.05512017925184
1665,4,286.4571780582399
1665,5,290.94692743790847
1665,6,296.316629494701
1665,7,302.25439457450557
1665,8,302.0296015457245
1665,9,296.48641769862127
1665,10,290.1404223767819
1665,11,285.0477945166448
1665,12,282.6834936278963
1666,1,282.40947300732523
1666,2,282.01842588968816
1666,3,283.69627476118256
1666,4,286.4125301184561
1666,5,290.2764389233305
1666,6,295.70961780057036
1666,7,301.0264644216981
1666,8,301.1043764244121
1666,9,295.82995150584986
1666,10,290.2834348635857
1666,11,285.7051372759653
1666,12,282.55572696486263
1667,1,282.4316952791652
1667,2,282.7064508920149
1667,3,284.0921640479013
1667,4,286.6073278212717
1667,5,290.4907878433571
1667,6,295.73677813807006
1667,7,301.16642488474827
1667,8,301.9462622932865
1667,9,296.17029394568647
1667,10,290.5289744172729
1667,11,285.74500616065495
1667,12,282.71593090426967
1668,1,281.69896392324756
1668,2,281.4091181266655
1668,3,283.37696491678616
1668,4,286.5274663541839
1668,5,291.02938882537194
1668,6,296.2669028920334
1668,7,301.7883661794829
1668,8,301.75244993963327
1668,9,295.9769353137139
1668,10,289.99303953959867
1668,11,285.43710259643365
1668,12,282.3464891241369
1669,1,282.38961977687904
1669,2,282.0027375271691
1669,3,284.15439131428946
1669,4,286.46360219196663
1669,5,290.6850745908453
1669,6,296.21635670836326
1669,7,301.6630565688954
1669,8,301.69859207325305
1669,9,295.996766710565
1669,10,290.17683837809875
1669,11,285.37419239279166
1669,12,282.5119597815431
1670,1,281.5516880664229
1670,2,282.87416711781066
1670,3,284.0495248039895
1670,4,286.5843889637469
1670,5,290.4420136226303
1670,6,295.8798515467792
1670,7,301.7158447044441
1670,8,301.8791296172027
1670,9,296.13169312921536
1670,10,290.43285460192783
1670,11,285.3667434779064
1670,12,283.0642605490253
1671,1,282.0428639636271
1671,2,282.5003847792401
1671,3,284.2090684577216
1671,4,286.9634441819179
1671,5,290.2233474404389
1671,6,296.024287133038
1671,7,301.3717490343508
1671,8,301.62371630782843
1671,9,295.90530145602816
1671,10,290.34574648096685
1671,11,285.3604621825252
1671,12,282.945859250878
1672,1,281.38627460585496
1672,2,281.8394130487476
1672,3,283.63015177592786
1672,4,286.4064894412327
1672,5,290.67269374567275
1672,6,296.18585135118224
1672,7,301.90617827049675
1672,8,302.1098139270979
1672,9,296.15321152925287
1672,10,290.0480298001432
1672,11,285.10515384555515
1672,12,282.35797371587523
1673,1,281.43269695786876
1673,2,281.3616165707956
1673,3,283.3150860102783
1673,4,286.3098677224956
1673,5,290.3950006451681
1673,6,296.07420488936543
1673,7,301.5094126714534
1673,8,301.96098279153483
1673,9,296.33529916001527
1673,10,290.7202449383852
1673,11,285.38287725385885
1673,12,282.2333103976034
1674,1,281.69706384166767
1674,2,281.7399904529438
1674,3,283.33214256489526
1674,4,286.637791642781
1674,5,290.6233060395057
1674,6,296.1724447714855
1674,7,301.68595185364927
1674,8,301.69597468051694
1674,9,296.04546299925084
1674,10,290.48407663181314
1674,11,285.4671040132697
1674,12,282.14728814518617
1675,1,282.2525128268868
1675,2,282.3687896238655
1675,3,283.83230620031725
1675,4,286.6165284464669
1675,5,290.5987370071026
1675,6,295.8995809694744
1675,7,301.525863039725
1675,8,301.5909253143342
1675,9,296.0366776088008
1675,10,290.6781477897847
1675,11,285.4935498661293
1675,12,282.9661268895587
1676,1,281.73793012323756
1676,2,281.98498474803057
1676,3,284.0707167678711
1676,4,286.69886442565405
1676,5,290.43261984998475
1676,6,296.24837995302585
1676,7,301.93856297983064
1676,8,301.4492277032716
1676,9,295.9582246392099
1676,10,290.3030242743878
1676,11,285.0478641240644
1676,12,282.5204001515253
1677,1,282.2470018807828
1677,2,282.1449131797676
1677,3,283.92134692068953
1677,4,286.971008543023
1677,5,290.31997453753024
1677,6,295.8879793240968
1677,7,301.431357773654
1677,8,301.54388389139626
1677,9,296.2572308334416
1677,10,290.5444880407405
1677,11,285.7232504626835
1677,12,282.50575232906033
1678,1,282.85042847421056
1678,2,283.0683841368448
1678,3,284.2595183514395
1678,4,286.80701321995036
1678,5,290.02670117712205
1678,6,295.2288853752287
1678,7,300.54908889128035
1678,8,301.15500899919164
1678,9,295.90775330680253
1678,10,290.0920198100354
1678,11,285.3011910398112
1678,12,282.2696513714968
1679,1,281.65201556182626
1679,2,282.52453611456633
1679,3,283.7883320726104
1679,4,286.2481565044943
1679,5,290.4686368851398
1679,6,296.25940846907883
1679,7,301.80303013042806
1679,8,301.7425608322317
1679,9,296.3249454218458
1679,10,290.71891926068304
1679,11,285.2882805757981
1679,12,282.5399687539284
1680,1,282.64381336957194
1680,2,283.0065661846147
1680,3,283.908946983938
1680,4,286.48525374162364
1680,5,290.057785962994
1680,6,295.4865014426026
1680,7,301.12570931839525
1680,8,301.07405112021473
1680,9,295.79578502480297
1680,10,290.4654516161621
1680,11,285.5457919376997
1680,12,283.1005901885802
1681,1,282.2378101393109
1681,2,282.0720682820581
1681,3,283.3567427919505
1681,4,286.62641377750685
1681,5,290.6234386211214
1681,6,296.24229882353393
1681,7,301.7218788705783
1681,8,301.6691725462762
1681,9,295.9099033754448
1681,10,290.5787162676548
1681,11,285.13968109370853
1681,12,282.74401449607166
1682,1,281.6231657953053
1682,2,282.028812280842
1682,3,283.7879793813273
1682,4,286.90966446326104
1682,5,290.15127338563195
1682,6,295.76943506095904
1682,7,301.4223196561146
1682,8,301.6872634174081
1682,9,296.1477298842799
1682,10,290.6336305176235
1682,11,285.6693425213449
1682,12,282.516465976463
1683,1,281.8359416592732
1683,2,282.33975917634467
1683,3,284.36425697380423
1683,4,286.99179017237304
1683,5,290.56027611129565
1683,6,295.903158641266
1683,7,301.7722307438182
1683,8,301.98291183926
1683,9,295.8717594439887
1683,10,290.38497332347845
1683,11,285.7293899811382
1683,12,282.3237549865182
1684,1,281.31492151121506
1684,2,281.5339700702293
1684,3,283.1801817528916
1684,4,286.5367225132401
1684,5,290.98575897684714
1684,6,296.4036951060062
1684,7,301.959039610247
1684,8,302.02265474963986
1684,9,296.5565838226545
1684,10,290.39510235647936
1684,11,285.50642666270653
1684,12,282.4642651977898
1685,1,282.5474995269825
1685,2,283.0702665561155
1685,3,284.1418128031295
1685,4,286.90915101453174
1685,5,290.5697514670834
1685,6,296.00944283679274
1685,7,301.18643230561827
1685,8,301.4729200920148
1685,9,295.8521136553229
1685,10,290.54539267961536
1685,11,285.6451764304171
1685,12,282.3047402842235
1686,1,281.66018418519934
1686,2,282.02034417303287
1686,3,283.4558501280115
1686,4,286.58249624232917
1686,5,290.9028115099059
1686,6,296.4583406551408
1686,7,302.0878667065613
1686,8,302.12843578680406
1686,9,296.4944212638027
1686,10,290.5231336545927
1686,11,285.87490887752006
1686,12,282.1871777434055
1687,1,282.0313714836949
1687,2,282.1010637815668
1687,3,284.0541750057812
1687,4,286.4974842001825
1687,5,290.77344580766953
1687,6,295.90694672340084
1687,7,301.7642449634929
1687,8,301.7688161408373
1687,9,296.3233292645931
1687,10,290.7400330941497
1687,11,285.6791204954651
1687,12,282.95346157364554
1688,1,282.1835436768547
1688,2,282.527815489453
1688,3,283.81660209919073
1688,4,286.55233397149993
1688,5,290.9847443757204
1688,6,296.1729659242543
1688,7,301.64401800913544
1688,8,301.9034338549044
1688,9,296.3943232443404
1688,10,290.11972069384444
1688,11,285.2989878170648
1688,12,282.7892599102472
1689,1,281.9296310815568
1689,2,282.24541224045515
1689,3,283.90335668304203
1689,4,286.62406872333077
1689,5,290.96172977420264
1689,6,296.36749732861904
1689,7,301.7237914905667
1689,8,301.8770426098688
1689,9,296.2406340886628
1689,10,290.3573445286919
1689,11,285.44870715253467
1689,12,282.04207591832085
1690,1,281.2116644450829
1690,2,281.7661647723472
1690,3,283.81624002753426
1690,4,286.3346534938545
1690,5,290.5639573451438
1690,6,296.19091503245807
1690,7,302.0809667162843
1690,8,302.76232404909035
1690,9,296.83547931898806
1690,10,290.41906703433074
1690,11,285.4228179259848
1690,12,283.5844523724794
1691,1,281.8072708219664
1691,2,282.353640574771
1691,3,283.79323217048307
1691,4,286.4819107370571
1691,5,290.63774675578884
1691,6,296.17395407388756
1691,7,301.91129953904283
1691,8,302.3084532719863
1691,9,296.19305641074493
1691,10,290.4426479190257
1691,11,285.50554405470103
1691,12,282.6830164542089
1692,1,281.555108016339
1692,2,282.021047976315
1692,3,283.8506468012432
1692,4,286.37511925079957
1692,5,290.9612232444043
1692,6,296.49054903610033
1692,7,302.0533940997864
1692,8,302.1445337374347
1692,9,296.675873051082
1692,10,290.5510462972188
1692,11,285.378745103751
1692,12,282.8893097069716
1693,1,281.59805885781753
1693,2,281.75300577027053
1693,3,283.59554634078467
1693,4,287.0021797062426
1693,5,290.62275531966463
1693,6,296.3264415753977
1693,7,302.27331096989053
1693,8,302.3897148110946
1693,9,296.1168822037248
1693,10,290.8052500357472
1693,11,285.02213322746707
1693,12,282.51749236071385
1694,1,280.93101630271235
1694,2,281.11534915270653
1694,3,282.67605393209624
1694,4,286.18029973958204
1694,5,290.89243100307124
1694,6,296.4177027855713
1694,7,302.274508868589
1694,8,302.5002400837273
1694,9,296.6282860378594
1694,10,290.36031863735644
1694,11,285.6978199280793
1694,12,282.3921182203908
1695,1,281.2023494225259
1695,2,282.0500311002081
1695,3,284.10860525541506
1695,4,286.6337232753922
1695,5,290.56654964005793
1695,6,296.04987733495625
1695,7,301.38651137554996
1695,8,301.54900578692286
1695,9,296.26291497456396
1695,10,289.86529297810324
1695,11,285.30550182651285
1695,12,282.8010921956002
1696,1,282.50036723768017
1696,2,282.33279411436575
1696,3,284.2588835933488
1696,4,286.6037011811292
1696,5,290.14791279669237
1696,6,295.4136934129218
1696,7,300.36315343388736
1696,8,300.6640639359084
1696,9,295.77647714876116
1696,10,290.30038317002
1696,11,285.16986001479745
1696,12,282.44303808752204
1697,1,281.9145366248019
1697,2,282.7081093521241
1697,3,283.9046321080301
1697,4,286.4989944726544
1697,5,290.1451013998333
1697,6,295.3778268481375
1697,7,300.8563246087236
1697,8,300.99108204485947
1697,9,295.8549981322416
1697,10,290.4495616547798
1697,11,285.3934588121526
1697,12,282.07550581688776
1698,1,281.17807123621446
1698,2,281.278473531706
1698,3,282.52711812836446
1698,4,286.30083287326255
1698,5,290.7468336383379
1698,6,296.2090848569577
1698,7,302.28417401090707
1698,8,302.0217169481756
1698,9,296.27413362969753
1698,10,290.4151539123484
1698,11,284.99835904460167
1698,12,282.7631841027927
1699,1,282.58591893176583
1699,2,282.60942254426817
1699,3,283.8996267346547
1699,4,286.98714133621706
1699,5,290.4336846786962
1699,6,295.7499821151967
1699,7,301.4357864124338
1699,8,301.7574605454204
1699,9,296.34688171623446
1699,10,289.88344038800403
1699,11,285.3867894003897
1699,12,282.85593924303555
1700,1,281.8786001243063
1700,2,282.1672935723402
1700,3,284.1328941869849
1700,4,286.47663626943586
1700,5,290.13745837488113
1700,6,295.56245914731676
1700,7,301.21063992280176
1700,8,301.66571699391875
1700,9,296.29587592685743
1700,10,290.3036183732456
1700,11,285.55564671005243
1700,12,282.69687094200566
1701,1,282.8638088325637
1701,2,283.6268739008017
1701,3,285.12773352734155
1701,4,287.3622944111504
1701,5,289.884872841633
1701,6,294.76369482544385
1701,7,300.0183725362522
1701,8,300.521326815223
1701,9,295.30699211190927
1701,10,289.882972938586
1701,11,284.9529840237458
1701,12,282.02978079942193
1702,1,280.8276882237818
1702,2,281.5327765691984
1702,3,283.47476365082116
1702,4,286.15351615762995
1702,5,290.31545842845594
1702,6,295.86481231627585
1702,7,301.57989221578
1702,8,301.8615269747429
1702,9,295.57873091098827
1702,10,290.61900884564386
1702,11,285.50454774946536
1702,12,281.85366520339915
1703,1,280.65211456058887
1703,2,280.7852853953792
1703,3,282.96713368425173
1703,4,286.0533908526918
1703,5,290.87029224600514
1703,6,296.62616434790624
1703,7,302.3764719770084
1703,8,302.84267656159375
1703,9,297.29643105305774
1703,10,290.9664604148203
1703,11,285.75053379643145
1703,12,283.3543646371041
1704,1,281.7465594381867
1704,2,282.16012388205183
1704,3,283.29835010433794
1704,4,286.36170644450135
1704,5,290.53889601218964
1704,6,296.3394437011141
1704,7,302.21014340544616
1704,8,302.3270274297621
1704,9,296.77508617657793
1704,10,290.58538591944125
1704,11,285.971676546661
1704,12,283.0931589386538
1705,1,282.1722966730663
1705,2,283.08659612956217
1705,3,284.10563215373
1705,4,286.64791984229487
1705,5,290.11135273857525
1705,6,295.30483427293615
1705,7,301.02463891061586
1705,8,301.70316201454136
1705,9,295.950591816439
1705,10,290.1983305700403
1705,11,285.4559373660736
1705,12,282.8791198156807
1706,1,282.38743356810005
1706,2,281.9417607911811
1706,3,283.7361394110988
1706,4,286.78965800482223
1706,5,290.5963837538319
1706,6,296.2679114528408
1706,7,301.4539748645087
1706,8,301.88348612634627
1706,9,296.6212512514795
1706,10,290.74445989157346
1706,11,285.4418513125122
1706,12,282.8699359196348
1707,1,281.4436053664763
1707,2,282.23725386354374
1707,3,283.7813764005034
1707,4,286.43344284428287
1707,5,290.3885786498912
1707,6,295.836853881239
1707,7,301.78095969643726
1707,8,302.2172849081687
1707,9,296.7684153963835
1707,10,290.6447706831454
1707,11,285.4781476545727
1707,12,282.8067826215125
1708,1,282.0038398135486
1708,2,282.9055663052857
1708,3,284.2820116932272
1708,4,286.9149235933689
1708,5,289.9096973554996
1708,6,295.2713368782172
1708,7,300.6471094407917
1708,8,300.9842319837261
1708,9,295.796495038643
1708,10,290.3138236500531
1708,11,285.2591688035592
1708,12,282.2429563370354
1709,1,282.0376164386588
1709,2,281.8020189967481
1709,3,283.5891967633998
1709,4,286.1904356147148
1709,5,290.66719668678127
1709,6,296.14361797621837
1709,7,301.84241162432363
1709,8,301.8870962816904
1709,9,296.1083423864607
1709,10,290.4585133798173
1709,11,285.0021451337076
1709,12,282.08233019733393
1710,1,281.8996195663293
1710,2,282.171164966878
1710,3,283.73530621708505
1710,4,286.69096421181564
1710,5,290.88048286839665
1710,6,296.6047735602741
1710,7,302.1168391120402
1710,8,302.14673935078383
1710,9,296.7325049976457
1710,10,290.47150049303934
1710,11,285.58691887903575
1710,12,283.1266424727381
1711,1,281.63328272966135
1711,2,282.53311992646013
1711,3,283.6530158475016
1711,4,286.5306174521333
1711,5,290.4539100052883
1711,6,295.9960286918947
1711,7,301.9047382089468
1711,8,301.9787714821915
1711,9,296.52387365209427
1711,10,290.7372764668454
1711,11,285.7287907524576
1711,12,282.22032317980336
1712,1,282.4353963536805
1712,2,282.69998602627174
1712,3,284.15008252262464
1712,4,286.99981152208045
1712,5,290.6624463542162
1712,6,296.36472872055947
1712,7,301.7035472576232
1712,8,301.5238385643016
1712,9,296.2561110804587
1712,10,290.4552563803005
1712,11,285.68289341655867
1712,12,283.804193382825
1713,1,282.1175712273649
1713,2,283.11992245593217
1713,3,283.8492764941925
1713,4,286.8036051487333
1713,5,290.0426151900803
1713,6,295.5941863131568
1713,7,300.9532419255941
1713,8,301.16787150295147
1713,9,296.0415143038708
1713,10,290.7398603889061
1713,11,285.27367067721525
1713,12,282.86909131494133
1714,1,281.67653187131737
1714,2,282.4221691603901
1714,3,284.1203538469549
1714,4,286.7085366688395
1714,5,290.40116357056104
1714,6,295.8823587555203
1714,7,301.5259623058961
1714,8,301.8623739426092
1714,9,295.8568881598568
1714,10,290.4386372753886
1714,11,285.0714096644757
1714,12,282.01322652513375
1715,1,281.6183568969111
1715,2,282.0635645319821
1715,3,283.9660710104465
1715,4,286.66809053682306
1715,5,290.7361600788917
1715,6,296.2485730203033
1715,7,301.6145353730761
1715,8,302.20705153787657
1715,9,296.09950824265525
1715,10,290.59194770095377
1715,11,285.16397217881854
1715,12,282.6786838008343
1716,1,281.774792283766
1716,2,281.73536151440527
1716,3,283.316573842279
1716,4,286.3003252355095
1716,5,290.49441904511605
1716,6,296.33487644039934
1716,7,302.0277228634775
1716,8,302.4514427382684
1716,9,296.5608110233111
1716,10,290.86621887567526
1716,11,285.4210733855392
1716,12,283.19033742936904
1717,1,283.23479266036645
1717,2,283.28808172018927
1717,3,283.8578707933786
1717,4,286.9992802638609
1717,5,290.6375491506394
1717,6,295.5920890087458
1717,7,301.2213196434101
1717,8,301.61106776697727
1717,9,295.9269033649813
1717,10,290.0989018129653
1717,11,285.1084192328319
1717,12,282.6641094574325
1718,1,281.3289206951696
1718,2,281.6126565722836
1718,3,284.2376943812932
1718,4,286.6161654662843
1718,5,290.8591968361466
1718,6,295.957060430712
1718,7,301.9090259892638
1718,8,302.3365177407637
1718,9,296.991233954299
1718,10,290.39054399070903
1718,11,285.5166739084309
1718,12,283.4551023691261
1719,1,282.0201789235714
1719,2,282.76172069292454
1719,3,283.67524564272816
1719,4,286.937932934816
1719,5,290.5018822585944
1719,6,295.79815520312354
1719,7,301.3453924437725
1719,8,301.82757617576266
1719,9,296.4756307564485
1719,10,290.59646296890395
1719,11,285.79962029724453
1719,12,283.3801342670783
1720,1,281.8003769454902
1720,2,281.0923865507836
1720,3,283.7466034270142
1720,4,286.0179327649569
1720,5,290.66992860114885
1720,6,296.23355157184153
1720,7,301.9803735843498
1720,8,302.4564942092622
1720,9,297.1068126901851
1720,10,290.3102129280338
1720,11,285.5421294818803
1720,12,282.4515545745007
1721,1,281.84381089883675
1721,2,281.6223745300448
1721,3,283.5761706342383
1721,4,285.7076950526856
1721,5,290.4740466738897
1721,6,296.02508870992546
1721,7,301.626944818276
1721,8,301.5520188810985
1721,9,295.72345612379183
1721,10,290.11898391690465
1721,11,285.24741030036796
1721,12,282.6975922643679
1722,1,280.49391756709207
1722,2,281.2912135537915
1722,3,283.01365792494937
1722,4,285.89314538510376
1722,5,290.31716023996813
1722,6,296.6508925035291
1722,7,302.254971627519
1722,8,302.7633768600169
1722,9,296.8301886172088
1722,10,290.2971862154478
1722,11,285.1427859349958
1722,12,283.339039646318
1723,1,281.21193104783333
1723,2,281.30225073631664
1723,3,283.5085010408794
1723,4,286.48511897446303
1723,5,291.1447519950093
1723,6,296.40719823733434
1723,7,302.22889742913515
1723,8,302.4214641842576
1723,9,296.54464008428147
1723,10,290.3651841814994
1723,11,285.6663174678206
1723,12,282.67797846523547
1724,1,282.06746504609
1724,2,282.30124299537323
1724,3,283.9262414234522
1724,4,287.02927145236924
1724,5,290.8131426429295
1724,6,295.7969755634516
1724,7,301.6860556196642
1724,8,301.70655145665194
1724,9,296.0761673083586
1724,10,290.42805466380844
1724,11,285.7871355275086
1724,12,282.56769915098556
1725,1,281.2811398371342
1725,2,281.6777565161748
1725,3,283.3263760431827
1725,4,286.4822776879146
1725,5,290.4469331439127
1725,6,296.18856405575104
1725,7,302.0551362472086
1725,8,302.3456210182731
1725,9,296.4439874469404
1725,10,290.5909621388488
1725,11,285.20131992238476
1725,12,281.91445642406336
1726,1,281.2279849818498
1726,2,281.8300807297619
1726,3,283.7349645341043
1726,4,286.66069987535377
1726,5,290.67143856818416
1726,6,296.4180964829444
1726,7,302.1227347689762
1726,8,302.4080523624778
1726,9,296.72997670719377
1726,10,290.72291764820784
1726,11,284.9543332615716
1726,12,282.93755480151117
1727,1,281.56551167160524
1727,2,281.56845017559164
1727,3,283.116835788916
1727,4,286.1085124650748
1727,5,290.6533531522057
1727,6,296.11474876364287
1727,7,302.0191733970468
1727,8,302.71899820163185
1727,9,296.5152345027883
1727,10,290.65565882113185
1727,11,285.0304224511866
1727,12,283.1526670025303
1728,1,282.1949846698407
1728,2,282.2802867993645
1728,3,283.91067146971136
1728,4,286.2888951627042
1728,5,290.6411581147297
1728,6,296.1749001243375
1728,7,301.93009298022315
1728,8,302.0622684123896
1728,9,296.1218951802658
1728,10,290.3817515407296
1728,11,285.02060458478934
1728,12,282.80674138102813
1729,1,281.17616973145203
1729,2,281.2224785848762
1729,3,283.30203532788437
1729,4,286.2950636096804
1729,5,290.65795691997357
1729,6,295.87447772888083
1729,7,301.1892077755199
1729,8,301.524532969662
1729,9,295.84468249952283
1729,10,290.3722384228545
1729,11,284.810064238226
1729,12,282.8146082693004
1730,1,281.6262041774355
1730,2,281.85354143356733
1730,3,283.78317640105445
1730,4,286.5322052707063
1730,5,290.4220285804215
1730,6,295.99286710719355
1730,7,301.45099135955485
1730,8,301.72386344714977
1730,9,295.9928906218249
1730,10,290.2984879259915
1730,11,285.17357617082286
1730,12,282.8009405977747
1731,1,281.44344350933545
1731,2,281.99662238412736
1731,3,283.76600189557587
1731,4,286.4181650645153
1731,5,290.4898314655294
1731,6,296.39426127609886
1731,7,301.64541709374026
1731,8,302.10662437481403
1731,9,296.47055356287024
1731,10,290.22685747663263
1731,11,284.9911493593835
1731,12,282.34490186050385
1732,1,281.1539304506962
1732,2,281.7658646316021
1732,3,283.44257013227787
1732,4,286.2418237904395
1732,5,291.0755229282571
1732,6,296.49113990308484
1732,7,302.37092969960565
1732,8,302.68511867454214
1732,9,296.48146567466165
1732,10,290.3350738343552
1732,11,285.32069584272733
1732,12,282.98149041429303
1733,1,282.33691194671064
1733,2,281.65551095359
1733,3,283.9857141351789
1733,4,286.74295454305184
1733,5,290.92853128330984
1733,6,296.242084447402
1733,7,301.9083928734306
1733,8,302.18331194863043
1733,9,295.89819553687005
1733,10,290.5260248701835
1733,11,285.0990071186301
1733,12,282.62001425444726
1734,1,281.5944336191846
1734,2,281.60263127983796
1734,3,283.27656469644046
1734,4,286.7828696918756
1734,5,290.9243571648257
1734,6,296.7513510235338
1734,7,302.3525139158977
1734,8,302.5671247710768
1734,9,296.92926267264454
1734,10,290.3449163250084
1734,11,285.6847586741219
1734,12,282.5380619811016
1735,1,282.2496931098349
1735,2,282.5568207783964
1735,3,284.0055503360907
1735,4,286.58693398351306
1735,5,290.5358723221468
1735,6,295.58173129234694
1735,7,301.44138022136696
1735,8,301.88239534523075
1735,9,296.25622184123176
1735,10,290.32901175889094
1735,11,285.2588289374655
1735,12,282.6922702627168
1736,1,280.84678461410823
1736,2,280.9555503642481
1736,3,283.29801200890694
1736,4,286.1803918198077
1736,5,290.64296817740427
1736,6,296.2398728195311
1736,7,302.46341646080606
1736,8,302.5855825821378
1736,9,296.6775346371205
1736,10,290.94126432232395
1736,11,285.80018144289807
1736,12,282.59812657538265
1737,1,281.9671277759295
1737,2,282.8748269375192
1737,3,284.41717409377407
1737,4,286.9101975042539
1737,5,290.1466848103695
1737,6,295.4906323603023
1737,7,301.1288904227414
1737,8,301.31710551691503
1737,9,296.0494045617588
1737,10,290.20705106381206
1737,11,285.17890668791483
1737,12,283.37353820918224
1738,1,281.8995664935991
1738,2,282.89000474894965
1738,3,283.63931287638536
1738,4,286.4397140556388
1738,5,290.2419682690721
1738,6,295.5692968488969
1738,7,301.5543422962593
1738,8,301.65812755538116
1738,9,296.17120655390033
1738,10,290.3566891341822
1738,11,284.9522047193277
1738,12,282.0933243687307
1739,1,280.9016801585841
1739,2,281.4235408474426
1739,3,283.20699392472306
1739,4,286.3238486484407
1739,5,290.7372244965341
1739,6,296.4795688778181
1739,7,302.1126109639026
1739,8,302.81674124233047
1739,9,297.0018451499642
1739,10,290.7738008224353
1739,11,285.3149265287589
1739,12,282.2853862060865
1740,1,281.4469292678298
1740,2,281.5195743257235
1740,3,283.1811477687098
1740,4,285.85270130037185
1740,5,290.189954476083
1740,6,296.0057610764517
1740,7,301.36875475010737
1740,8,301.6993142898844
1740,9,296.10567635560926
1740,10,290.5946721220329
1740,11,285.53888381639047
1740,12,283.15545206328227
1741,1,282.1419353093818
1741,2,282.69869876340863
1741,3,283.7048855510066
1741,4,286.6703079124941
1741,5,290.02419634438866
1741,6,295.50796037768214
1741,7,300.9057011787611
1741,8,301.1871250664657
1741,9,295.9312897201569
1741,10,290.1829436870952
1741,11,285.38244320053514
1741,12,282.5140112158547
1742,1,281.33297084938863
1742,2,282.6724580471162
1742,3,284.2240981413623
1742,4,286.4159387580898
1742,5,290.1164289194621
1742,6,295.20188861721783
1742,7,300.6358504365004
1742,8,301.1668109383047
1742,9,296.00900264706866
1742,10,290.116436904421
1742,11,285.22021530039854
1742,12,282.5320873203741
1743,1,281.8935206396042
1743,2,283.0598502210167
1743,3,284.1207139077599
1743,4,286.66938701346123
1743,5,290.22587873838995
1743,6,295.1527132176473
1743,7,301.0570876899339
1743,8,301.3676646142077
1743,9,296.37896752716904
1743,10,290.61521634679923
1743,11,285.7217857767125
1743,12,282.2340070611007
1744,1,281.278422193975
1744,2,281.4737980591623
1744,3,283.79274547226623
1744,4,286.25885177991233
1744,5,289.9064757569877
1744,6,296.06260185380063
1744,7,301.7155913006561
1744,8,302.190137763728
1744,9,296.66292302550426
1744,10,290.75274905341917
1744,11,285.6558909830359
1744,12,282.5946518009507
1745,1,283.0104037458053
1745,2,282.68429897031046
1745,3,284.72879129894585
1745,4,286.8836894113424
1745,5,290.5092513898974
1745,6,295.6021301393255
1745,7,301.15532603011115
1745,8,301.5021690606418
1745,9,295.54754761612844
1745,10,290.44775481025425
1745,11,285.24190304540105
1745,12,282.7752635123601
1746,1,282.0166957125881
1746,2,282.3174922083959
1746,3,284.1561990250498
1746,4,286.6174785940716
1746,5,290.38446667091523
1746,6,295.5228552948678
1746,7,301.2056518875047
1746,8,301.7087115832557
1746,9,296.32533310092924
1746,10,290.08252804730296
1746,11,285.1026566715077
1746,12,282.8827698628253
1747,1,281.60173881471076
1747,2,282.44056075641595
1747,3,283.9619656810678
1747,4,286.3277579809602
1747,5,290.19523864230393
1747,6,295.8096927275342
1747,7,301.46450394916496
1747,8,301.7382538259259
1747,9,296.44413533228607
1747,10,290.17787932824996
1747,11,285.15280484500477
1747,12,283.3208414195685
1748,1,281.4794005456424
1748,2,281.22462358014286
1748,3,283.2180740515713
1748,4,286.4571713217219
1748,5,290.9111389227244
1748,6,296.6308658187061
1748,7,302.4600342702453
1748,8,302.61498407715686
1748,9,296.5050709419752
1748,10,290.53727317001403
1748,11,285.12106547281564
1748,12,282.0701356574162
1749,1,280.8018166352375
1749,2,281.3138533378295
1749,3,283.1978412515023
1749,4,286.6770247265904
1749,5,290.4617713652109
1749,6,296.2384797429932
1749,7,302.340290695806
1749,8,302.482030592049
1749,9,296.87919408764685
1749,10,290.22131857512045
1749,11,285.990229854801
1749,12,282.83086215878546
1750,1,282.6670073863559
1750,2,283.0311905805763
1750,3,284.55351645009137
1750,4,286.8535698171802
1750,5,290.12736930783035
1750,6,295.1655114428449
1750,7,300.70799802831147
1750,8,301.288110114989
1750,9,295.86568857741497
1750,10,289.8415810043209
1750,11,285.41406084034827
1750,12,282.86359553702033
1751,1,282.20433297764293
1751,2,282.715725575288
1751,3,284.1026459604566
1751,4,287.1488853290267
1751,5,290.64589939442493
1751,6,296.05391574910414
1751,7,301.4472460112397
1751,8,301.57940311396044
1751,9,295.78383483688435
1751,10,289.8189899704296
1751,11,285.7434713570176
1751,12,283.469647726542
1752,1,282.234897693196
1752,2,282.09524107523066
1752,3,284.0939911512676
1752,4,286.945500006638
1752,5,290.31259262527317
1752,6,295.97240894407037
1752,7,301.3746177819392
1752,8,301.5020463166742
1752,9,296.2552653318728
1752,10,290.16935292984886
1752,11,285.46104321041446
1752,12,283.252955636876
1753,1,282.85228517828614
1753,2,282.93171082279105
1753,3,284.68005549709244
1753,4,286.6064703016084
1753,5,290.14539620981463
1753,6,295.62680655928693
1753,7,300.9467171327958
1753,8,301.3461535338011
1753,9,296.1174529668518
1753,10,290.91024516060946
1753,11,285.7580828543658
1753,12,282.2651037178883
1754,1,281.5699002226123
1754,2,281.7519274832832
1754,3,283.31572462163103
1754,4,286.41767072197865
1754,5,290.8964343193952
1754,6,296.2064506214009
1754,7,302.4225237461243
1754,8,302.47524459797614
1754,9,296.30635277347153
1754,10,289.9238925024175
1754,11,285.1853197430588
1754,12,282.61268897974264
1755,1,282.09526439763135
1755,2,282.56922553173206
1755,3,283.90592840057775
1755,4,286.61365093737186
1755,5,290.5765073943716
1755,6,295.9046663268514
1755,7,301.3852037053367
1755,8,301.5575411887794
1755,9,296.47576806226346
1755,10,290.466839339933
1755,11,285.6325914195541
1755,12,283.12630969136694
1756,1,282.12247965248974
1756,2,282.8550380565124
1756,3,284.28246207059055
1756,4,286.8691504289923
1756,5,290.24388029226077
1756,6,296.0025539057185
1756,7,301.02945618451304
1756,8,301.3707908902513
1756,9,295.73326937197913
1756,10,290.23753907975106
1756,11,285.6841461593931
1756,12,282.35914208571336
1757,1,281.49512633686845
1757,2,281.6905356813028
1757,3,283.7541303472643
1757,4,286.829424247514
1757,5,290.8978121427547
1757,6,296.37310131564004
1757,7,301.9643092352016
1757,8,302.1519179366885
1757,9,296.1610219375866
1757,10,290.4307157198015
1757,11,285.36031720123776
1757,12,282.9426094262956
1758,1,281.3544528189619
1758,2,282.13420234198543
1758,3,283.92528735936423
1758,4,286.75290523237203
1758,5,291.14307006714256
1758,6,296.42018923079036
1758,7,302.2232718832157
1758,8,302.24837708212806
1758,9,296.49133450293436
1758,10,290.3454513099274
1758,11,285.41364337261444
1758,12,282.3960236960455
1759,1,281.8671922609142
1759,2,282.3223234305726
1759,3,283.7603796228491
1759,4,286.7464022986096
1759,5,290.6010016539061
1759,6,295.7628253391888
1759,7,301.2914562529754
1759,8,302.42279490599896
1759,9,296.7952788231686
1759,10,290.18978617509737
1759,11,285.7175577954396
1759,12,281.8951135163161
1760,1,282.1679270350118
1760,2,281.93436968110996
1760,3,283.4480533024257
1760,4,286.6767039096193
1760,5,290.45896310113005
1760,6,295.9705782927136
1760,7,301.53942838928447
1760,8,302.0049610860538
1760,9,296.4095670262076
1760,10,290.50718717427185
1760,11,284.9954752750392
1760,12,282.7397901146429
1761,1,281.13461292447056
1761,2,281.3145610624174
1761,3,283.30630726623554
1761,4,286.2218114757736
1761,5,290.6387815481704
1761,6,296.4082512480011
1761,7,302.1253435434162
1761,8,302.3691222412724
1761,9,296.4537711976942
1761,10,290.6775083422954
1761,11,285.87865298934764
1761,12,282.42358877304935
1762,1,281.64081823173717
1762,2,281.84405836059375
1762,3,283.3005732040833
1762,4,286.5645657071788
1762,5,290.7458787603455
1762,6,296.3078736142078
1762,7,301.9964794841137
1762,8,302.1850164593907
1762,9,296.1891041903308
1762,10,290.2980183678917
1762,11,285.56218575354194
1762,12,282.508566951788
1763,1,281.0230599645308
1763,2,281.39907394157416
1763,3,282.8106111701916
1763,4,286.5997192814464
1763,5,290.68796673636876
1763,6,296.13911977421685
1763,7,301.8647778155556
1763,8,302.51917248080105
1763,9,296.7453631034076
1763,10,290.60497169013433
1763,11,285.7436628961592
1763,12,283.13915610125565
1764,1,281.8426065293776
1764,2,282.29909600676604
1764,3,284.22646855161923
1764,4,286.7721032641981
1764,5,290.3206180940373
1764,6,295.9757068819263
1764,7,301.82583561644367
1764,8,301.96223098397394
1764,9,296.0410599440522
1764,10,290.49205384372556
1764,11,285.3325891857989
1764,12,282.27487444741666
1765,1,281.3680834407064
1765,2,282.1706560769692
1765,3,283.03231105753684
1765,4,286.8513017329876
1765,5,290.62447693621783
1765,6,295.96712987235753
1765,7,301.9007665296432
1765,8,302.2493932993659
1765,9,296.38903033702104
1765,10,290.78590186008194
1765,11,285.3837671788457
1765,12,283.01322323854697
1766,1,281.5064339397984
1766,2,281.74973045399656
1766,3,283.63582563390776
1766,4,286.7182484628264
1766,5,290.49764786990204
1766,6,296.05070536062374
1766,7,301.70443235957123
1766,8,301.9254476395249
1766,9,296.2517002745196
1766,10,290.58006827952005
1766,11,285.56109505073806
1766,12,282.6756505380938
1767,1,281.281772317937
1767,2,282.27710347343447
1767,3,283.7261382752014
1767,4,286.769062600783
1767,5,290.83775927684695
1767,6,295.9212173044764
1767,7,301.83453153442065
1767,8,302.0645048331864
1767,9,296.14988588725225
1767,10,290.3007037505703
1767,11,285.4559812740303
1767,12,282.83129776200053
1768,1,282.20252269949606
1768,2,282.86712730415945
1768,3,283.9641253741602
1768,4,286.8074616025884
1768,5,290.3658991797524
1768,6,295.8380804737718
1768,7,301.61773043638254
1768,8,301.5199558914409
1768,9,296.34180038186275
1768,10,290.1134858981288
1768,11,285.1846929020593
1768,12,283.1462919730956
1769,1,282.23385315278165
1769,2,282.3755484572836
1769,3,283.8670223261633
1769,4,286.9792506046805
1769,5,290.6066501876821
1769,6,295.7775335580755
1769,7,301.5492079659566
1769,8,301.61671036768803
1769,9,296.23563221670463
1769,10,290.1234232443306
1769,11,285.61237938495105
1769,12,282.91199328500977
1770,1,281.69251586976895
1770,2,282.763685088235
1770,3,284.20977708168607
1770,4,286.58360184799795
1770,5,289.90407083692475
1770,6,295.5505286526368
1770,7,301.07940255367623
1770,8,301.4747523202989
1770,9,295.9109380368917
1770,10,290.7751101500978
1770,11,285.1582754296115
1770,12,281.93473097631215
1771,1,280.50387276211427
1771,2,280.49009943758995
1771,3,282.1497020624446
1771,4,285.8195339358399
1771,5,290.78837284889954
1771,6,296.0804055804937
1771,7,302.2202982606671
1771,8,302.66764729627573
1771,9,296.9472315256929
1771,10,290.5025253620603
1771,11,285.89958048466536
1771,12,282.94686961073137
1772,1,282.33717966085345
1772,2,282.72993853091884
1772,3,283.89612725763646
1772,4,286.8922223441834
1772,5,290.70098051096454
1772,6,296.01412105176837
1772,7,301.51000284631084
1772,8,301.36742254597783
1772,9,296.1351907952874
1772,10,289.88906208997605
1772,11,285.43788615481355
1772,12,282.576253466977
1773,1,281.3829874619287
1773,2,281.94979881122606
1773,3,283.34563885050625
1773,4,286.8957995528419
1773,5,290.81612758644906
1773,6,296.72445978653224
1773,7,302.3016345860116
1773,8,302.49121033069866
1773,9,296.0255480497442
1773,10,290.1285426932575
1773,11,284.8237774517885
1773,12,282.610998747415
1774,1,281.16970397434477
1774,2,281.94631402996197
1774,3,283.4783247172751
1774,4,286.48303699359354
1774,5,290.65023834252725
1774,6,296.2530724928049
1774,7,302.26664294038494
1774,8,302.44889770405354
1774,9,296.4792959228197
1774,10,290.45565169391244
1774,11,285.1517027397174
1774,12,282.76564824371053
1775,1,281.0675665151331
1775,2,281.43799990414493
1775,3,283.41053989581815
1775,4,286.5052162686525
1775,5,290.7209982651983
1775,6,296.10489196309277
1775,7,301.9941502009625
1775,8,302.3807251245411
1775,9,296.44005244930065
1775,10,290.41507224205657
1775,11,285.3984263122161
1775,12,282.8594336388759
1776,1,281.7566412649089
1776,2,281.7300088569157
1776,3,283.45972862260976
1776,4,286.72138359121175
1776,5,290.9642112333047
1776,6,296.64598210777257
1776,7,302.4319793564256
1776,8,302.2785974359057
1776,9,296.32799708182796
1776,10,290.2240186169548
1776,11,285.4206219828148
1776,12,283.14931251193343
1777,1,282.34208924023983
1777,2,282.30782108720103
1777,3,283.95848287550564
1777,4,286.3425033482654
1777,5,290.6269811575189
1777,6,295.7323851347909
1777,7,301.5353724899786
1777,8,301.84196704878707
1777,9,295.9582395261963
1777,10,290.5627685728947
1777,11,285.46291423297737
1777,12,282.4026821115528
1778,1,282.1825165572586
1778,2,282.39140180624656
1778,3,283.98480785251525
1778,4,286.8220026627979
1778,5,290.60954496442855
1778,6,295.86387700882887
1778,7,301.34438114063755
1778,8,301.4252282740408
1778,9,295.78020130285756
1778,10,290.7263269977459
1778,11,285.17065517821567
1778,12,282.4294047244858
1779,1,281.0369582707327
1779,2,281.5614761827119
1779,3,283.1347621851155
1779,4,286.4967501622151
1779,5,290.8314749445926
1779,6,296.47690565192977
1779,7,302.026979908874
1779,8,302.4698066139408
1779,9,296.6192057108842
1779,10,290.08109025171854
1779,11,285.17130887646
1779,12,282.46539950400324
1780,1,281.5329962612141
1780,2,281.63127395222386
1780,3,283.5789399561538
1780,4,286.32454149647515
1780,5,290.45933593373957
1780,6,295.3377637124149
1780,7,301.0421560921279
1780,8,302.1112332605869
1780,9,296.3079324169421
1780,10,290.896082162982
1780,11,285.7179033285562
1780,12,282.3346505114549
1781,1,282.51124306010104
1781,2,282.17347737705427
1781,3,284.3946376683858
1781,4,286.8704983107448
1781,5,290.7728747675267
1781,6,295.55462730012835
1781,7,301.37650258345116
1781,8,301.69438013529975
1781,9,296.08268993558875
1781,10,290.29025132967286
1781,11,285.4925376817705
1781,12,282.2921661169896
1782,1,281.3833038920593
1782,2,281.9525826479313
1782,3,283.05649149160445
1782,4,286.13011804808554
1782,5,290.81586978876135
1782,6,296.1470365478741
1782,7,302.226899150898
1782,8,302.70109020772543
1782,9,297.0695597659634
1782,10,290.8118663382642
1782,11,285.71587867612004
1782,12,283.15278697169674
1783,1,281.8473541134905
1783,2,283.2331372384138
1783,3,284.1478392724484
1783,4,286.4579831493531
1783,5,290.01966774480763
1783,6,294.87288976629054
1783,7,299.34340323366075
1783,8,299.06092067835846
1783,9,294.34302059438744
1783,10,289.25737712843625
1783,11,284.4600570432947
1783,12,281.64550605234973
1784,1,280.46648676722634
1784,2,281.36033078462754
1784,3,282.75302894825984
1784,4,286.5174001884631
1784,5,289.6395408148494
1784,6,294.406365763538
1784,7,298.7629656246415
1784,8,299.04251739261053
1784,9,294.7666147215356
1784,10,289.48154567347615
1784,11,285.39559633040335
1784,12,282.87636746864985
1785,1,281.54874625096807
1785,2,282.27324587262467
1785,3,284.05213427760793
1785,4,286.5593050858448
1785,5,289.99138553038773
1785,6,295.3091757821726
1785,7,300.4215305643148
1785,8,301.25176855042815
1785,9,295.86108357272803
1785,10,290.757712628244
1785,11,285.89792475920143
1785,12,282.48488049977675
1786,1,282.04352379827964
1786,2,282.79052380945416
1786,3,283.95080108324663
1786,4,286.4904302714057
1786,5,290.2694132030681
1786,6,295.0463173135924
1786,7,300.7538866082957
1786,8,300.9461129928534
1786,9,295.50375384560334
1786,10,290.2589983237048
1786,11,284.75806748497536
1786,12,283.09472833326083
1787,1,281.2459509810986
1787,2,281.5994103911666
1787,3,283.17367241613806
1787,4,286.4438055470729
1787,5,290.24896358144963
1787,6,295.7369496263525
1787,7,301.3044866602188
1787,8,301.5308625185399
1787,9,295.9496524847485
1787,10,290.350149572516
1787,11,285.63978380873766
1787,12,283.04245468575584
1788,1,282.08918370926926
1788,2,282.95979949610114
1788,3,285.1019101082516
1788,4,287.2040378853575
1788,5,290.2599026212164
1788,6,295.5920844407758
1788,7,301.1278012122183
1788,8,301.0163025823249
1788,9,295.73698563401246
1788,10,290.5589028901555
1788,11,285.7385449203245
1788,12,283.21103930755436
1789,1,281.65758081153734
1789,2,283.2883209573921
1789,3,284.6337442453007
1789,4,286.70966286269515
1789,5,290.2149942621855
1789,6,295.8839451745089
1789,7,301.36694825471307
1789,8,301.5596670711056
1789,9,296.0639828176469
1789,10,290.619768268323
1789,11,285.3568291086516
1789,12,283.13813671828166
1790,1,281.8315224083575
1790,2,282.1126926873097
1790,3,283.74352490873275
1790,4,286.2203022550756
1790,5,290.6237893398926
1790,6,296.08865548216903
1790,7,301.4513112996931
1790,8,301.9349805656311
1790,9,296.2702906034797
1790,10,290.4794727395731
1790,11,285.2838376180545
1790,12,282.27798924426025
1791,1,281.55502925973167
1791,2,281.80111788474994
1791,3,283.48800251888974
1791,4,286.3991926162032
1791,5,290.33239133895927
1791,6,295.7103906523804
1791,7,301.8270931941425
1791,8,302.14949597078123
1791,9,296.06974843853436
1791,10,290.6489300648676
1791,11,285.8178724814044
1791,12,282.400857688824
1792,1,280.73881660849736
1792,2,282.0869828630447
1792,3,283.76972979924557
1792,4,286.3431138137844
1792,5,290.98578203756983
1792,6,296.5975748964221
1792,7,302.1497811067704
1792,8,301.7778209364134
1792,9,296.3657201913777
1792,10,290.4262266355422
1792,11,285.2655978855664
1792,12,283.0252572835032
1793,1,282.1897943964693
1793,2,282.5568346882351
1793,3,284.4763315862066
1793,4,286.91759730062745
1793,5,290.4511905575365
1793,6,295.89916524689863
1793,7,301.1723011574211
1793,8,301.3960834079992
1793,9,295.7067416363992
1793,10,290.13730102647503
1793,11,285.2757299354637
1793,12,282.7718464523013
1794,1,281.23728338261276
1794,2,281.6644524150037
1794,3,283.3555834082407
1794,4,286.55491225487583
1794,5,290.56991053194963
1794,6,296.060794917697
1794,7,301.54181470537026
1794,8,301.8766088848555
1794,9,295.99453424703034
1794,10,290.4920541027726
1794,11,285.4982066601553
1794,12,282.84597443337327
1795,1,281.4578317419421
1795,2,282.2903118059561
1795,3,283.8904737571983
1795,4,286.736457149108
1795,5,290.73203183990415
1795,6,296.1223325937776
1795,7,301.393001425394
1795,8,302.14320346994316
1795,9,296.12791012753405
1795,10,290.8763200873024
1795,11,285.27882765245045
1795,12,281.972214643042
1796,1,281.72742177862506
1796,2,282.11470984387165
1796,3,283.7984091538359
1796,4,286.55966477629573
1796,5,289.96176756388513
1796,6,295.36279659115655
1796,7,301.05866435542555
1796,8,301.28378822182447
1796,9,296.20765923189356
1796,10,290.6334110974711
1796,11,285.22518827327286
1796,12,282.35930166836215
1797,1,281.92501047290125
1797,2,283.14102419410915
1797,3,284.5269566517818
1797,4,287.0463952361613
1797,5,290.26532114427187
1797,6,294.96469893865833
1797,7,300.45606365093056
1797,8,300.86255249662815
1797,9,296.01341507634316
1797,10,290.4185628263671
1797,11,285.3134871154683
1797,12,282.3460958920058
1798,1,281.7576004512651
1798,2,282.4654214109146
1798,3,284.18784175546057
1798,4,286.9550865585529
1798,5,290.7369575094764
1798,6,295.9767963714919
1798,7,301.6644622071285
1798,8,301.2696477262119
1798,9,296.156126658865
1798,10,290.377668487378
1798,11,285.3312403783583
1798,12,282.88999564240993
1799,1,282.69087383097053
1799,2,283.25528495471883
1799,3,284.2238972263208
1799,4,286.9045284388659
1799,5,290.4334239309097
1799,6,295.5554611940448
1799,7,301.0197415030068
1799,8,301.3247749214478
1799,9,295.83267997858377
1799,10,290.4754290929045
1799,11,285.37418504660155
1799,12,282.41494030731553
1800,1,281.90193489404044
1800,2,281.99924765526606
1800,3,283.6670212324703
1800,4,286.7733820857513
1800,5,290.3853992960021
1800,6,295.92809001449405
1800,7,301.5229690591618
1800,8,302.3019111216735
1800,9,296.6756740885571
1800,10,290.9847223493323
1800,11,285.00880734557177
1800,12,282.48444224330905
1801,1,281.7750819999635
1801,2,281.91993694130747
1801,3,283.6498320509853
1801,4,286.8409901244937
1801,5,290.61182918983496
1801,6,295.9564076034236
1801,7,301.2432059001628
1801,8,301.6405019370476
1801,9,296.2268473833035
1801,10,290.4065407790992
1801,11,285.39936204021194
1801,12,282.7024805575261
1802,1,281.89870112432914
1802,2,281.8480224048735
1802,3,283.7433348181959
1802,4,286.32391344664694
1802,5,290.101463600021
1802,6,295.64565179086094
1802,7,300.7746703928821
1802,8,301.6796288819154
1802,9,296.09503954195634
1802,10,290.299972922244
1802,11,285.80883532944256
1802,12,282.86690571326744
1803,1,281.0941575535311
1803,2,281.9854005791361
1803,3,283.57959022638755
1803,4,286.222230826678
1803,5,290.1492482634803
1803,6,295.9108624868368
1803,7,301.73928059065236
1803,8,302.3068631101533
1803,9,296.3122510764545
1803,10,290.8588739073566
1803,11,285.7198551916091
1803,12,282.42888424351065
1804,1,282.09079347663214
1804,2,281.6362427446442
1804,3,283.94205391296555
1804,4,286.56502586778834
1804,5,290.44085153323635
1804,6,295.9118242277632
1804,7,301.6502283019224
1804,8,302.37593886114166
1804,9,296.52624770453195
1804,10,290.6683105958641
1804,11,285.63566868038066
1804,12,283.2720681553524
1805,1,282.39466367987563
1805,2,282.4839530698616
1805,3,284.00925586517883
1805,4,286.47737372506344
1805,5,290.0464292677174
1805,6,295.9634925021669
1805,7,301.19701524501346
1805,8,301.51412940286633
1805,9,296.4825544056141
1805,10,290.60494552753846
1805,11,285.95938518439465
1805,12,283.1472693984565
1806,1,282.0995427500484
1806,2,282.8765499969839
1806,3,284.38203529334316
1806,4,286.8118863224644
1806,5,290.3751184317159
1806,6,295.86812921815
1806,7,301.5299401246515
1806,8,301.5890303763015
1806,9,296.5098468853411
1806,10,290.50576652184805
1806,11,285.2515978902744
1806,12,282.5394310966508
1807,1,282.28349766592953
1807,2,282.124695764885
1807,3,284.0125156641759
1807,4,286.5479296357248
1807,5,290.20739095343225
1807,6,295.9288955042993
1807,7,301.63789082439905
1807,8,302.49142013163623
1807,9,296.4900430440051
1807,10,290.7086328700549
1807,11,284.5860923702455
1807,12,282.5150865906887
1808,1,281.6099615310412
1808,2,281.8777337654852
1808,3,283.4508505166559
1808,4,286.68858324212454
1808,5,290.41879014155467
1808,6,295.76545493713684
1808,7,301.5825305512611
1808,8,301.97138937998557
1808,9,296.5790256418511
1808,10,290.68724739654635
1808,11,285.91679643817076
1808,12,282.8105649284624
1809,1,282.3528559630673
1809,2,282.504255934854
1809,3,284.1981697899039
1809,4,287.103642776453
1809,5,290.2121723903924
1809,6,295.05610458401736
1809,7,300.7814344626902
1809,8,300.9981354316137
1809,9,296.17720505938576
1809,10,290.3637327237183
1809,11,285.5163990646886
1809,12,281.8989343046363
1810,1,282.13777803280243
1810,2,282.46214029575617
1810,3,284.109001163196
1810,4,286.5234646733059
1810,5,289.7164142417797
1810,6,294.2158454523205
1810,7,299.46317249938534
1810,8,300.37195327903976
1810,9,295.84389814884753
1810,10,290.10607394258386
1810,11,285.31721880409
1810,12,282.2800883017592
1811,1,281.55617883192105
1811,2,282.77830175687177
1811,3,283.7640870140766
1811,4,286.50343456985075
1811,5,289.80317835368066
1811,6,294.6214872621642
1811,7,300.30135180952857
1811,8,300.98817369436813
1811,9,295.4000351415888
1811,10,290.3121101245788
1811,11,285.2533921021451
1811,12,282.89834221199135
1812,1,282.21909976678705
1812,2,282.54107604459625
1812,3,283.70608265846425
1812,4,286.2589717799013
1812,5,290.1530112172371
1812,6,295.4795050217751
1812,7,301.2386674914633
1812,8,301.4786578946547
1812,9,296.367270938185
1812,10,290.8187524152274
1812,11,285.4815591929655
1812,12,282.59835395628363
1813,1,281.68219788418276
1813,2,283.1454061846763
1813,3,284.4303378165484
1813,4,286.824622728039
1813,5,290.1490423547595
1813,6,295.1047111118279
1813,7,300.79260716107
1813,8,301.08943822956036
1813,9,295.85908807850547
1813,10,290.3652386388699
1813,11,285.44333774718405
1813,12,282.75281571308574
1814,1,282.0626380580261
1814,2,282.8119034516608
1814,3,284.34704777598665
1814,4,287.14563838088884
1814,5,290.20953953337016
1814,6,295.03237822989263
1814,7,300.56359267396067
1814,8,301.05775115575614
1814,9,295.74899918846575
1814,10,290.56889673821644
1814,11,285.21135045049596
1814,12,283.0351281455838
1815,1,282.1906951577598
1815,2,282.32853869724613
1815,3,284.0146318758276
1815,4,286.35042586292997
1815,5,290.0544228289639
1815,6,295.00002078645196
1815,7,300.5941712839319
1815,8,301.27514968918604
1815,9,296.4497242914747
1815,10,289.9527150655608
1815,11,284.22192270934
1815,12,281.78891007853946
1816,1,281.7428433342252
1816,2,281.9028332463653
1816,3,283.15248941493314
1816,4,286.33197579385404
1816,5,289.8219881272621
1816,6,294.6812120686818
1816,7,299.27958539119913
1816,8,300.15359920559644
1816,9,295.5179702775596
1816,10,290.4047584417468
1816,11,285.1251785929707
1816,12,282.1287927007545
1817,1,280.6900854353695
1817,2,280.9823191744538
1817,3,282.85689432887403
1817,4,285.8988374396319
1817,5,290.000356773145
1817,6,295.038081523147
1817,7,300.3342599543087
1817,8,301.12275584648773
1817,9,295.5339002757316
1817,10,289.8567448634376
1817,11,284.8778341742278
1817,12,282.2350083042664
1818,1,281.82045100639897
1818,2,282.9250759548203
1818,3,283.39872946362414
1818,4,286.471539423728
1818,5,289.8437836495308
1818,6,295.2419797165526
1818,7,300.88248758462026
1818,8,301.3559263257044
1818,9,295.7442902018338
1818,10,290.24945418957486
1818,11,285.18211720726606
1818,12,282.27310325317046
1819,1,282.55556421480014
1819,2,281.20739366260705
1819,3,284.12394112481485
1819,4,286.15433315191103
1819,5,290.11663109001455
1819,6,295.7934039171554
1819,7,301.21091553606686
1819,8,301.60307143529417
1819,9,295.9275336746691
1819,10,290.61891057756907
1819,11,285.37361312722396
1819,12,282.4762329125534
1820,1,282.1033234701972
1820,2,282.5853923128062
1820,3,283.84518726545133
1820,4,286.5208522958769
1820,5,289.8734801667121
1820,6,295.16897938330385
1820,7,301.1854096853706
1820,8,301.7585608774594
1820,9,296.47724799627895
1820,10,290.94326277508935
1820,11,285.03908797798283
1820,12,283.3672482871169
1821,1,282.43518802078376
1821,2,282.09565819258717
1821,3,284.20954215822866
1821,4,286.76945578236257
1821,5,289.8616975475039
1821,6,294.56949708976146
1821,7,300.63322905426855
1821,8,300.90502863415924
1821,9,296.04507957004984
1821,10,290.8559267990196
1821,11,285.47667126622844
1821,12,282.970325568417
1822,1,281.32452039571126
1822,2,282.2063995390845
1822,3,283.9450207934946
1822,4,286.9687021021613
1822,5,290.5365590645956
1822,6,296.2664037919906
1822,7,301.70130852109764
1822,8,301.73132685065946
1822,9,296.02096309020453
1822,10,290.4566312212901
1822,11,285.21524442119824
1822,12,282.703382974258
1823,1,280.64872494680986
1823,2,281.80081591606165
1823,3,283.27425685063145
1823,4,286.05665556409554
1823,5,289.9423346979881
1823,6,297.04604577328735
1823,7,302.132176842983
1823,8,302.84079010658434
1823,9,296.89996384071833
1823,10,290.76828711752864
1823,11,285.5611012638629
1823,12,282.62541676233724
1824,1,282.4007725809779
1824,2,282.6983949443612
1824,3,284.17846157341035
1824,4,287.30733194357765
1824,5,290.2721977924456
1824,6,295.1161333104751
1824,7,301.2577266957559
1824,8,301.60590638571307
1824,9,296.2767280372266
1824,10,290.4953067506624
1824,11,285.6992864991462
1824,12,283.07060863702657
1825,1,281.95949341105074
1825,2,282.1665825647497
1825,3,284.03385068684395
1825,4,286.8318247157364
1825,5,290.531458623014
1825,6,295.61635638816495
1825,7,301.32762228370507
1825,8,301.38737297999114
1825,9,296.30340724963503
1825,10,290.4111597004551
1825,11,285.4313453021566
1825,12,283.1590077932154
1826,1,282.4874001173577
1826,2,282.78118659708525
1826,3,283.85157575163066
1826,4,286.71652155556393
1826,5,290.55892709833927
1826,6,295.90848600297227
1826,7,301.5052547651801
1826,8,301.70559354499517
1826,9,296.6983569918592
1826,10,290.09069438962024
1826,11,284.7385062573294
1826,12,282.11322521634077
1827,1,280.78496192648413
1827,2,281.69704330181423
1827,3,283.3843748360387
1827,4,286.52893737116926
1827,5,290.4397586061166
1827,6,295.6337174066962
1827,7,301.32340242100486
1827,8,302.08613682957997
1827,9,296.5818995542655
1827,10,291.0798427674423
1827,11,285.6021371022035
1827,12,282.9754815523036
1828,1,282.6160964693328
1828,2,282.72060909272346
1828,3,284.0036140890345
1828,4,287.1409646898318
1828,5,291.1376163392008
1828,6,296.6486555513454
1828,7,302.07828625029435
1828,8,301.9907671810128
1828,9,297.2219310071389
1828,10,291.3175726628185
1828,11,285.58884784098757
1828,12,282.93304987406646
1829,1,283.07475306001464
1829,2,283.90288143411874
1829,3,284.745931065073
1829,4,286.63097593466523
1829,5,291.2383059512015
1829,6,296.64296287511706
1829,7,301.4497110212708
1829,8,301.80128925294673
1829,9,296.7143818181499
1829,10,291.0052660999734
1829,11,285.70714627557754
1829,12,282.4248041017531
1830,1,281.6008465854826
1830,2,282.3451223844677
1830,3,283.5011647527572
1830,4,286.3860781852866
1830,5,290.53894322827836
1830,6,295.64530740644057
1830,7,301.5109824333708
1830,8,302.2875720820396
1830,9,297.0045509330536
1830,10,291.02875866821705
1830,11,285.5724192545773
1830,12,282.3246816857003
1831,1,281.41426331650234
1831,2,282.3197482136726
1831,3,283.5718908394689
1831,4,286.2760668417421
1831,5,290.76906158243594
1831,6,295.564515500306
1831,7,301.1886323936612
1831,8,301.838950722802
1831,9,296.6663975268533
1831,10,290.10251973550635
1831,11,285.3813085672309
1831,12,282.7686003569854
1832,1,282.05632365223937
1832,2,282.5704029895258
1832,3,283.50287123249035
1832,4,286.22361882234964
1832,5,289.8228171859465
1832,6,294.0290814462795
1832,7,300.275776439782
1832,8,300.9743697751176
1832,9,296.05114873160267
1832,10,290.28738339429265
1832,11,285.01819514681245
1832,12,282.88536137134747
1833,1,281.65553190946264
1833,2,282.4245552820349
1833,3,284.0584764759725
1833,4,287.14482261003144
1833,5,290.2545586932739
1833,6,295.46086949781926
1833,7,301.1002353801216
1833,8,301.79979035712336
1833,9,296.1815959908103
1833,10,290.5354336041303
1833,11,285.90676382721267
1833,12,283.30409142761
1834,1,282.76619446161743
1834,2,283.87077482852817
1834,3,284.5012242360968
1834,4,287.46111825351716
1834,5,290.5282457499884
1834,6,296.1312968047845
1834,7,300.4547383404937
1834,8,301.0112636283705
1834,9,296.68700526375886
1834,10,290.407969381527
1834,11,285.0969339683654
1834,12,282.4867036826442
1835,1,281.58163173263654
1835,2,281.5290236091273
1835,3,282.89469625137696
1835,4,286.3922367035959
1835,5,290.63321529235054
1835,6,295.89409817736293
1835,7,302.11279797415676
1835,8,301.8895448702456
1835,9,296.7393827855499
1835,10,290.6354068493108
1835,11,284.91316241861375
1835,12,282.53034279855785
1836,1,281.65794061828285
1836,2,281.9324971366636
1836,3,283.2845580070465
1836,4,286.4612072479959
1836,5,291.0071819572465
1836,6,296.4734899366406
1836,7,302.0213549799336
1836,8,301.92636866038043
1836,9,296.1058878416549
1836,10,290.384953652637
1836,11,285.96538709551226
1836,12,283.4030182799268
1837,1,282.7535221825567
1837,2,282.4540689682151
1837,3,283.76245745752476
1837,4,286.6456882588018
1837,5,289.9068956998618
1837,6,295.1673853656155
1837,7,300.4817417025831
1837,8,301.21421472287
1837,9,295.8708917211269
1837,10,290.21146106692146
1837,11,285.7408671139308
1837,12,282.0225009925218
1838,1,281.28595457989417
1838,2,282.53436219835737
1838,3,283.539330193202
1838,4,286.34220283700097
1838,5,290.3730562605261
1838,6,295.7696133333874
1838,7,301.55777944920214
1838,8,301.8932418378522
1838,9,296.01839991690565
1838,10,290.7975444034514
1838,11,285.49587477206614
1838,12,282.34773721263974
1839,1,282.1392255806829
1839,2,282.4861445751444
1839,3,284.14926596009485
1839,4,286.59319290480806
1839,5,290.83595867281224
1839,6,295.9517879441742
1839,7,301.9669890698839
1839,8,302.26777007412966
1839,9,296.32833817970675
1839,10,290.89728535940384
1839,11,285.1075301244816
1839,12,281.89185420340846
1840,1,281.19487060913195
1840,2,281.94007078082575
1840,3,283.87044837379904
1840,4,286.4701023220681
1840,5,289.9332265111157
1840,6,295.37961741805645
1840,7,301.3479930013327
1840,8,301.5148562693744
1840,9,296.3330060650866
1840,10,290.47137572356144
1840,11,285.9735941505111
1840,12,282.54513347379816
1841,1,282.2341365242405
1841,2,282.90654184490893
1841,3,284.0329473465968
1841,4,286.82056257402826
1841,5,290.8296240758345
1841,6,296.5062205796897
1841,7,301.6867891841481
1841,8,301.9134483287862
1841,9,296.3028880290758
1841,10,290.49293508626045
1841,11,285.61885498036685
1841,12,282.1391103928496
1842,1,281.30624383334253
1842,2,281.42160353325573
1842,3,283.6049699412458
1842,4,286.43228685310385
1842,5,290.1294493374668
1842,6,295.81043429209694
1842,7,301.45581077142515
1842,8,302.2463910236076
1842,9,296.1702671590524
1842,10,290.75771050728645
1842,11,285.5779680044183
1842,12,282.75626932762293
1843,1,281.9848124389573
1843,2,282.38611068658685
1843,3,284.239013961257
1843,4,286.84283461706764
1843,5,289.87665300286545
1843,6,294.910391646997
1843,7,300.3616360167443
1843,8,301.1768620258067
1843,9,296.21480110285336
1843,10,290.9195716714148
1843,11,285.1236404598774
1843,12,282.3380484768086
1844,1,282.00128577333
1844,2,282.8186573836832
1844,3,283.9395065977774
1844,4,286.86200685530446
1844,5,290.6771203419904
1844,6,295.4365384111968
1844,7,301.99607271651354
1844,8,302.25065874579604
1844,9,296.4085523302942
1844,10,291.23268104158507
1844,11,285.61431560962865
1844,12,283.32255592383063
1845,1,283.50396216938486
1845,2,284.7225416150693
1845,3,284.5029815310011
1845,4,286.97021621961625
1845,5,290.1487101697302
1845,6,296.3780082770511
1845,7,302.18609947928746
1845,8,302.02842365023866
1845,9,296.31412879757113
1845,10,290.5920491391744
1845,11,285.30969365874716
1845,12,283.3790763615424
1846,1,283.03918102997454
1846,2,283.46110932508975
1846,3,283.93512612932267
1846,4,286.78340266971105
1846,5,290.5432402225542
1846,6,295.36098397819364
1846,7,301.4368797004466
1846,8,301.56726400197834
1846,9,296.29761589757277
1846,10,289.9249031601716
1846,11,285.1340081160819
1846,12,281.9517562541787
1847,1,281.94609309417825
1847,2,281.7596790850399
1847,3,283.76794690606386
1847,4,286.69850532593443
1847,5,290.57789502705987
1847,6,296.12888139898683
1847,7,302.4308391513619
1847,8,302.42554054667386
1847,9,297.0362075564527
1847,10,291.00160174075904
1847,11,285.28139359063914
1847,12,282.8940852534881
1848,1,281.3759386752504
1848,2,282.3186136102828
1848,3,283.6221552608785
1848,4,286.88746909400083
1848,5,290.75069239429865
1848,6,297.1933005824962
1848,7,302.5810106350868
1848,8,301.62458756887077
1848,9,297.1349414547881
1848,10,290.90382481640944
1848,11,285.6810412798301
1848,12,282.9314809681984
1849,1,282.8905204157878
1849,2,282.64424921908176
1849,3,284.03196979210645
1849,4,286.5914913531311
1849,5,289.8503595105426
1849,6,295.84145229548903
1849,7,301.2863438475342
1849,8,301.7420110262158
1849,9,296.8507843066893
1849,10,291.0275931220803
1849,11,285.66462788238636
1849,12,282.97699967349274
