year,month,value
1420,1,2.682248328980922e-5
1420,2,2.590471542273474e-5
1420,3,2.2002708985044075e-5
1420,4,2.0901904848814977e-5
1420,5,1.590514007293229e-5
1420,6,7.06832139878028e-6
1420,7,5.908027274931663e-7
1420,8,1.6198708992547582e-6
1420,9,8.938551311861853e-6
1420,10,3.958096012876173e-5
1420,11,3.2590817833363095e-5
1420,12,2.6034194459685274e-5
1421,1,2.8738048841951976e-5
1421,2,2.54118172714944e-5
1421,3,2.693577469041052e-5
1421,4,2.8449902246970005e-5
1421,5,1.4547420805705746e-5
1421,6,4.613182055232349e-6
1421,7,6.156408656851944e-7
1421,8,8.561414770144844e-7
1421,9,1.2323140105862852e-5
1421,10,3.1987631729362876e-5
1421,11,3.559859671512571e-5
1421,12,2.7088258792202985e-5
1422,1,3.0602649936803455e-5
1422,2,1.785107553358186e-5
1422,3,2.3666413554127836e-5
1422,4,2.2114642908709382e-5
1422,5,1.653684522689421e-5
1422,6,5.668075886438435e-6
1422,7,8.167087913046169e-7
1422,8,6.425603332269248e-7
1422,9,1.3843543304445472e-5
1422,10,3.994262127643529e-5
1422,11,3.5854884922184005e-5
1422,12,2.904890877294993e-5
1423,1,3.3133751103368124e-5
1423,2,2.7438341230544963e-5
1423,3,2.7128264811847247e-5
1423,4,2.346450299336441e-5
1423,5,1.7643462195866958e-5
1423,6,5.4651264319394276e-6
1423,7,9.062063934315683e-7
1423,8,9.632986034513433e-7
1423,9,1.2548846502741505e-5
1423,10,3.859374411529427e-5
1423,11,3.2498250105664274e-5
1423,12,3.37022230601023e-5
1424,1,3.055273627203094e-5
1424,2,2.827387650712047e-5
1424,3,3.0591819236877195e-5
1424,4,2.5208665881804943e-5
1424,5,1.7294201696043443e-5
1424,6,4.963751085264424e-6
1424,7,6.261176756717554e-7
1424,8,2.596731311117773e-6
1424,9,9.91662215190589e-6
1424,10,3.595618816632562e-5
1424,11,3.5043815267786504e-5
1424,12,3.1825962169983865e-5
1425,1,3.274889487662894e-5
1425,2,2.1910902347965705e-5
1425,3,2.386841782387063e-5
1425,4,2.4495848176792918e-5
1425,5,2.0796129806188485e-5
1425,6,6.355525437663629e-6
1425,7,5.718273486977129e-7
1425,8,1.1068907466392389e-6
1425,9,1.0541278552696906e-5
1425,10,2.8134060950390038e-5
1425,11,3.0909248453831996e-5
1425,12,3.247294499716896e-5
1426,1,2.9464974526626938e-5
1426,2,2.4300656493488773e-5
1426,3,2.794983841676665e-5
1426,4,2.6740244823775414e-5
1426,5,2.135801300760737e-5
1426,6,6.830489006914158e-6
1426,7,8.890416158404993e-7
1426,8,8.129425562276631e-7
1426,9,8.86604682309731e-6
1426,10,2.9432283885972447e-5
1426,11,4.448843643734828e-5
1426,12,2.6505887867101148e-5
1427,1,2.5018558295141908e-5
1427,2,3.2967773165563946e-5
1427,3,2.7882554618998292e-5
1427,4,2.084133450373634e-5
1427,5,1.573963649345719e-5
1427,6,4.676236094808633e-6
1427,7,7.205219120933711e-7
1427,8,9.656480389924116e-7
1427,9,1.0309356199502669e-5
1427,10,3.310455887907308e-5
1427,11,3.660637393663015e-5
1427,12,3.1298491618514463e-5
1428,1,3.28380645930603e-5
1428,2,2.6112735177498892e-5
1428,3,2.5814553211400165e-5
1428,4,2.3741332997498345e-5
1428,5,1.871039840756949e-5
1428,6,5.269746066035145e-6
1428,7,6.558037880098414e-7
1428,8,9.536455191097053e-7
1428,9,8.158559994738595e-6
1428,10,4.0158845671496044e-5
1428,11,3.6879920339099646e-5
1428,12,2.934832241731052e-5
1429,1,2.995365161013777e-5
1429,2,2.3798378066913298e-5
1429,3,2.670661458237183e-5
1429,4,2.2987657916673637e-5
1429,5,1.8234720818834724e-5
1429,6,4.726848448877876e-6
1429,7,7.407833188670395e-7
1429,8,9.8134695744215e-7
1429,9,9.309482375185216e-6
1429,10,3.6218888832565266e-5
1429,11,3.1766335609361964e-5
1429,12,3.451622286069442e-5
1430,1,2.4720615998336514e-5
1430,2,3.426675103545762e-5
1430,3,3.396459775494758e-5
1430,4,2.3359282262216304e-5
1430,5,2.4657008221617476e-5
1430,6,5.383021247132232e-6
1430,7,6.65682251372723e-7
1430,8,4.526465585520117e-7
1430,9,1.0247141001141232e-5
1430,10,2.8317981358610314e-5
1430,11,2.5647295681048575e-5
1430,12,2.932379483142691e-5
1431,1,2.881811248529453e-5
1431,2,2.3007637773309237e-5
1431,3,2.9683737822342394e-5
1431,4,2.694317153596582e-5
1431,5,2.4329584784114664e-5
1431,6,3.640091013535609e-6
1431,7,6.040925051311562e-7
1431,8,5.744210499556511e-7
1431,9,1.2410293073604781e-5
1431,10,2.960410648497988e-5
1431,11,3.4412926338349474e-5
1431,12,2.8203266460612283e-5
1432,1,3.0297799741859896e-5
1432,2,3.0949621674616535e-5
1432,3,2.4403344180089285e-5
1432,4,2.551799617115355e-5
1432,5,1.5640239400516337e-5
1432,6,5.098939464751076e-6
1432,7,7.922518098809283e-7
1432,8,1.4615310057972761e-6
1432,9,1.1391336353422802e-5
1432,10,3.0453301026336316e-5
1432,11,3.2343368409992744e-5
1432,12,2.5711395234980847e-5
1433,1,2.7302215673392405e-5
1433,2,3.0901920891798684e-5
1433,3,2.120794002283394e-5
1433,4,2.503631485915551e-5
1433,5,2.2531480283345387e-5
1433,6,4.9981042890677045e-6
1433,7,1.3418301492920337e-6
1433,8,4.5972829827620365e-7
1433,9,9.094609673427635e-6
1433,10,3.187102097727801e-5
1433,11,3.146427879742046e-5
1433,12,3.297600264173991e-5
1434,1,2.7768296816088935e-5
1434,2,3.1301003073666204e-5
1434,3,2.819976080089924e-5
1434,4,2.839151638199069e-5
1434,5,1.844113818077966e-5
1434,6,4.438105795655884e-6
1434,7,3.395828837421219e-7
1434,8,9.830521227430517e-7
1434,9,1.227415200070997e-5
1434,10,3.423471967795619e-5
1434,11,3.589032578608773e-5
1434,12,3.037500709341468e-5
1435,1,2.4320177142987647e-5
1435,2,2.8734969050398335e-5
1435,3,2.5695776346169003e-5
1435,4,2.3519313186460892e-5
1435,5,1.5611640639574295e-5
1435,6,3.939767527769538e-6
1435,7,5.43532875153558e-7
1435,8,8.546427120904485e-7
1435,9,9.109639433617547e-6
1435,10,3.627692515962468e-5
1435,11,3.6539136392541064e-5
1435,12,3.167928320632576e-5
1436,1,3.189754054788494e-5
1436,2,2.8992475018524017e-5
1436,3,2.755921503668221e-5
1436,4,2.8515621759071418e-5
1436,5,1.848996253931553e-5
1436,6,7.800239406109134e-6
1436,7,6.025306555047127e-7
1436,8,1.77651547949905e-6
1436,9,1.008350061037378e-5
1436,10,2.6961458703848324e-5
1436,11,2.962231331917581e-5
1436,12,2.9165930415493513e-5
1437,1,2.629919336610757e-5
1437,2,2.366700220294858e-5
1437,3,1.943708266360833e-5
1437,4,2.2728638220492714e-5
1437,5,1.54241038085348e-5
1437,6,5.548619660668807e-6
1437,7,6.488661311039478e-7
1437,8,4.996712630734575e-7
1437,9,1.1384618884979627e-5
1437,10,3.169972164846476e-5
1437,11,3.829877960430207e-5
1437,12,3.425617548095102e-5
1438,1,3.167927608558486e-5
1438,2,3.0462054648708695e-5
1438,3,2.2106372620493605e-5
1438,4,2.2388119400541174e-05
1438,5,1.4721889719375774e-5
1438,6,4.174979188902259e-6
1438,7,3.2529187060475477e-7
1438,8,1.0163333131656925e-6
1438,9,1.2515230130830697e-5
1438,10,4.158654707219293e-5
1438,11,3.581434804679828e-5
1438,12,3.3722221581267156e-5
1439,1,3.00480137321879e-5
1439,2,3.1484818530872014e-5
1439,3,2.9585234979658905e-5
1439,4,1.9760100034137655e-5
1439,5,1.4721198044224605e-5
1439,6,6.164173134654857e-6
1439,7,4.33563946869197e-7
1439,8,9.101178603229052e-7
1439,9,8.9643444694552e-6
1439,10,3.7295254420030224e-5
1439,11,3.23592428749871e-5
1439,12,3.368529467079291e-5
1440,1,3.275983388711587e-5
1440,2,2.600584412371577e-5
1440,3,2.3198764866441366e-5
1440,4,2.1941640201856513e-5
1440,5,1.6947618128886176e-5
1440,6,5.813724790675721e-6
1440,7,1.565181174763024e-6
1440,8,7.513634765364412e-7
1440,9,1.196095580692463e-5
1440,10,4.0814348251585866e-5
1440,11,3.745716109374081e-5
1440,12,2.6020250730191822e-5
1441,1,3.140360161953808e-5
1441,2,3.1376812490437606e-5
1441,3,2.5293865978875207e-5
1441,4,2.194802260301435e-5
1441,5,1.5352521300253573e-5
1441,6,5.727030428712765e-6
1441,7,3.75175370609684e-7
1441,8,6.657335936342928e-7
1441,9,9.541086976770178e-6
1441,10,3.4814563608185725e-5
1441,11,4.0587109622782365e-5
1441,12,3.449917522054678e-5
1442,1,2.6895548291578514e-5
1442,2,2.1954368998936794e-5
1442,3,2.75130529319169e-5
1442,4,2.57935441325486e-5
1442,5,1.776569358968215e-5
1442,6,6.576942740093079e-6
1442,7,5.652197408067065e-7
1442,8,1.3113873594347217e-6
1442,9,1.1861410257384687e-5
1442,10,3.181541032213298e-5
1442,11,3.370645153998795e-5
1442,12,4.1693719460178305e-5
1443,1,2.817807918710254e-5
1443,2,2.5042631699633305e-5
1443,3,2.18538890101888e-5
1443,4,2.0801588382481662e-5
1443,5,1.7692589283777363e-5
1443,6,7.466873715129343e-6
1443,7,8.448503119774054e-7
1443,8,8.631513442612056e-7
1443,9,9.8840702077541e-6
1443,10,3.502182406280652e-5
1443,11,3.0145277471737986e-5
1443,12,2.596831978312603e-5
1444,1,2.6063415715381387e-5
1444,2,3.1600186302452844e-5
1444,3,2.777716745357622e-5
1444,4,2.393361696591632e-5
1444,5,1.9513660397051925e-5
1444,6,4.841828280396729e-6
1444,7,4.796853505231619e-7
1444,8,7.328275851994409e-7
1444,9,1.3359326528894417e-5
1444,10,3.326655231055622e-5
1444,11,3.582809127087269e-5
1444,12,2.8574630734022853e-5
1445,1,3.115163243557256e-5
1445,2,3.005410597441965e-5
1445,3,2.2540803622376995e-5
1445,4,2.3297537988093077e-5
1445,5,1.3394090899083182e-5
1445,6,4.557215401935469e-6
1445,7,7.616365577439465e-7
1445,8,6.624391710088707e-7
1445,9,1.1870168790242654e-5
1445,10,2.9346965590022558e-5
1445,11,4.617035744229576e-5
1445,12,3.084584886289248e-5
1446,1,2.6116871002396e-5
1446,2,2.4430196936065947e-5
1446,3,2.767741827118696e-5
1446,4,1.7915652017761648e-5
1446,5,1.3898056667626681e-5
1446,6,4.497911976278321e-6
1446,7,7.005685362095003e-7
1446,8,8.791013173725651e-7
1446,9,1.1753348070163831e-5
1446,10,2.60757121215384e-5
1446,11,3.1444831076645964e-5
1446,12,3.4858506682135726e-5
1447,1,3.438922887907304e-5
1447,2,2.9194233131560815e-5
1447,3,2.2691785137496586e-5
1447,4,1.8344858012540858e-5
1447,5,1.1667988276092366e-5
1447,6,3.839622174466791e-6
1447,7,9.292760558325185e-7
1447,8,1.121024103115743e-6
1447,9,1.173281476107712e-5
1447,10,3.6998076667853836e-5
1447,11,3.475901678513072e-5
1447,12,2.981005374147356e-5
1448,1,3.086849777083097e-5
1448,2,2.3413585379388552e-5
1448,3,2.328645221880091e-5
1448,4,2.0134527425112615e-5
1448,5,1.3631477976731598e-5
1448,6,3.99708120295353e-6
1448,7,7.190078269190973e-7
1448,8,1.0850101933114119e-6
1448,9,1.2102865624238349e-5
1448,10,3.3666558008717804e-5
1448,11,3.487925461949659e-5
1448,12,3.0439870093091826e-5
1449,1,2.4710715102619015e-5
1449,2,2.9407243354203723e-5
1449,3,2.321681904527657e-5
1449,4,1.9589409639141413e-5
1449,5,1.7418727288095008e-5
1449,6,7.246975047435946e-6
1449,7,6.095639390783696e-7
1449,8,3.8347761886086826e-7
1449,9,8.098476526875726e-6
1449,10,3.7656029987540994e-5
1449,11,3.8108200364947996e-5
1449,12,3.378578268358613e-5
1450,1,2.3246369292853073e-5
1450,2,2.7865472430316376e-5
1450,3,2.9041374772896943e-5
1450,4,2.627647195886514e-5
1450,5,1.5173732011359023e-5
1450,6,5.629191376219769e-6
1450,7,6.609226054223989e-7
1450,8,1.5132697573060682e-6
1450,9,1.333160129626575e-5
1450,10,4.1479138347813397e-5
1450,11,2.972715828206179e-5
1450,12,3.035532646805182e-5
1451,1,3.366306024442185e-5
1451,2,2.6552234962662993e-5
1451,3,2.5269583469045063e-5
1451,4,2.86407847206004e-5
1451,5,2.1207676826171062e-5
1451,6,7.376882889494131e-6
1451,7,1.0739211395830781e-6
1451,8,9.593819562870271e-7
1451,9,9.215021814273031e-6
1451,10,3.3240366682569454e-5
1451,11,4.0290499398598845e-5
1451,12,3.323599587456299e-5
1452,1,2.7965602643896355e-5
1452,2,2.4748248361947627e-5
1452,3,2.0804880113570574e-5
1452,4,2.0348657080626342e-5
1452,5,1.760511715217472e-5
1452,6,5.817772328072696e-6
1452,7,2.966637035407234e-7
1452,8,1.0930523663930995e-6
1452,9,8.34391842965633e-6
1452,10,3.276692768131106e-5
1452,11,3.7672227711737786e-5
1452,12,3.433270541205559e-5
1453,1,3.856916520603495e-5
1453,2,3.273393342859165e-5
1453,3,1.9834416180769968e-5
1453,4,2.1793471093306857e-5
1453,5,1.2030168902536185e-5
1453,6,4.057606165379344e-6
1453,7,4.3527611160062433e-7
1453,8,1.4658963878373098e-6
1453,9,8.485058439501328e-6
1453,10,3.5202698041942024e-5
1453,11,3.609765712758187e-5
1453,12,2.7879532966499373e-5
1454,1,2.8370234149408563e-5
1454,2,2.7013141344381854e-5
1454,3,2.7299048780590496e-5
1454,4,3.165564510944403e-5
1454,5,1.4535654937752166e-5
1454,6,5.802523101112196e-6
1454,7,9.089245380385815e-7
1454,8,1.152941309730074e-6
1454,9,8.612772893809234e-6
1454,10,3.574043253266327e-5
1454,11,3.935652486459146e-5
1454,12,3.076412062967351e-5
1455,1,2.7313509041792904e-5
1455,2,2.3332154780530853e-5
1455,3,2.474539144006944e-5
1455,4,2.4804231286789832e-5
1455,5,1.9831328350052348e-5
1455,6,5.316868648284449e-6
1455,7,7.365603052406449e-7
1455,8,1.0235920732295088e-6
1455,9,1.2145653606788057e-5
1455,10,3.6941135843619215e-5
1455,11,3.562725807500167e-5
1455,12,3.536723107182483e-5
1456,1,3.459570160042536e-5
1456,2,2.7695292884004933e-5
1456,3,2.0650926869643777e-5
1456,4,2.2454200661467855e-5
1456,5,1.1688659364246146e-5
1456,6,4.7207845894853605e-6
1456,7,9.462663769047375e-7
1456,8,1.0235237352851522e-6
1456,9,1.6307378898547643e-5
1456,10,3.589479050899826e-5
1456,11,4.1633919613867775e-5
1456,12,3.0363286464307835e-5
1457,1,3.4906987595248644e-5
1457,2,2.8373005769114903e-5
1457,3,2.513285033089055e-5
1457,4,2.420000430132431e-5
1457,5,2.213114272937811e-5
1457,6,5.426002699992151e-6
1457,7,5.507559821557755e-7
1457,8,5.993789310113939e-7
1457,9,8.388785481892477e-6
1457,10,4.0462422883257776e-5
1457,11,4.321482961679953e-5
1457,12,2.660595746078293e-5
1458,1,2.932782908523935e-5
1458,2,3.1390181729392625e-5
1458,3,1.79288409286706e-5
1458,4,2.5570550543574e-5
1458,5,1.801366191552739e-5
1458,6,1.1998683974768556e-5
1458,7,2.102206858480484e-6
1458,8,1.391352913535596e-6
1458,9,1.142318149620334e-5
1458,10,2.1154892083849124e-5
1458,11,2.8203396932059047e-5
1458,12,2.0640604245614975e-5
1459,1,2.026903105040264e-5
1459,2,1.814247332863854e-5
1459,3,9.249217968855792e-6
1459,4,1.7380541994736465e-5
1459,5,1.4173114597487954e-5
1459,6,7.065590425513122e-6
1459,7,9.267290184197407e-7
1459,8,9.61537945879163e-7
1459,9,1.2119803776338588e-5
1459,10,3.2210916260422317e-5
1459,11,3.11025386248559e-5
1459,12,3.258684554017684e-5
1460,1,2.53809277187481e-5
1460,2,2.420340507656011e-5
1460,3,2.119476661220377e-5
1460,4,2.9124098177838815e-5
1460,5,1.559318550255353e-5
1460,6,4.7948167229488824e-6
1460,7,6.835351617361869e-7
1460,8,1.3274505802805173e-6
1460,9,1.2565777699446238e-5
1460,10,3.868852929663433e-5
1460,11,3.618690642702141e-5
1460,12,2.9519215115502336e-5
1461,1,2.7100404443514074e-5
1461,2,2.9094809266887555e-5
1461,3,2.7354785210445468e-5
1461,4,2.6582436082211486e-5
1461,5,1.7947589883659066e-5
1461,6,5.2601907394310885e-6
1461,7,5.876828673173116e-7
1461,8,6.543795394638405e-7
1461,9,1.2667108663530042e-5
1461,10,3.351882237525447e-5
1461,11,3.571601706702697e-5
1461,12,2.8075570032390923e-5
1462,1,2.5599518774225008e-5
1462,2,2.4436928546777108e-5
1462,3,2.090770118478542e-5
1462,4,2.3537904570191448e-5
1462,5,1.3724468752216612e-5
1462,6,4.6211846330064615e-6
1462,7,7.120471501369456e-7
1462,8,5.807548876783221e-7
1462,9,7.780726726032633e-6
1462,10,4.1490389309598824e-5
1462,11,3.4692338687773816e-5
1462,12,2.826850427064852e-5
1463,1,3.803038678949158e-5
1463,2,2.3602100941115982e-5
1463,3,2.7799459373630426e-5
1463,4,2.073246127301607e-5
1463,5,1.4601406493861977e-5
1463,6,5.618743870698018e-6
1463,7,1.8260845186944285e-6
1463,8,4.348156496588553e-7
1463,9,1.091651999898673e-5
1463,10,4.016187466707901e-5
1463,11,3.3339052760231636e-5
1463,12,2.2866037254496364e-5
1464,1,2.811561408755827e-5
1464,2,2.018075388426135e-5
1464,3,2.088345888942146e-5
1464,4,2.5974183427596814e-5
1464,5,1.7197365879558172e-5
1464,6,4.434328660766738e-6
1464,7,3.883405203970578e-7
1464,8,1.0835732436356666e-6
1464,9,1.0940461720510016e-5
1464,10,3.363596836687309e-5
1464,11,3.785296982319032e-5
1464,12,3.0753563312914423e-5
1465,1,3.062005396721053e-5
1465,2,2.7889405437339548e-5
1465,3,2.3877093792487627e-5
1465,4,2.5875629153152762e-5
1465,5,1.639703862870179e-5
1465,6,5.5318378688035995e-6
1465,7,1.4132964107685744e-6
1465,8,7.43822922478359e-7
1465,9,1.239710541048015e-5
1465,10,3.488805121711057e-5
1465,11,3.7424566378533875e-5
1465,12,3.9428722767074695e-5
1466,1,2.8901599300588105e-5
1466,2,2.689813229884004e-5
1466,3,2.0985464047551826e-5
1466,4,2.081576548970398e-5
1466,5,1.3084079377728825e-5
1466,6,5.86692534461507e-6
1466,7,3.8026692574612736e-7
1466,8,7.117105209282427e-7
1466,9,9.870624905469905e-6
1466,10,3.695261134230156e-5
1466,11,3.3939613670734564e-5
1466,12,3.411538500861002e-5
1467,1,2.840303322679632e-5
1467,2,2.4780498919733594e-5
1467,3,2.5586320662266812e-5
1467,4,2.6510194920568214e-5
1467,5,1.9108219396154206e-5
1467,6,7.628642886919803e-6
1467,7,1.119002095906956e-6
1467,8,1.0792350417117581e-6
1467,9,1.1672378087620761e-5
1467,10,3.2886865592147895e-5
1467,11,3.660126689357764e-5
1467,12,3.425439069729003e-5
1468,1,3.336019628317074e-5
1468,2,2.769890375125295e-5
1468,3,1.794511478159534e-5
1468,4,2.4089120692524797e-5
1468,5,1.73719360058697e-5
1468,6,3.816707738052534e-6
1468,7,6.892435125564079e-7
1468,8,5.133507272577139e-7
1468,9,1.005618560121292e-5
1468,10,3.219801454619824e-5
1468,11,3.29514415570475e-5
1468,12,2.9080005055966014e-5
1469,1,2.7666285660804123e-5
1469,2,2.7529135137622887e-5
1469,3,2.7216720906408173e-5
1469,4,2.852284335509871e-5
1469,5,2.202269939534711e-5
1469,6,8.929023875452575e-6
1469,7,1.0060387356926885e-6
1469,8,1.2101985304713449e-6
1469,9,8.102210461078125e-6
1469,10,3.406053114610797e-5
1469,11,3.121035313622714e-5
1469,12,2.4327869190086204e-5
1470,1,2.6754452911075067e-5
1470,2,2.6332328589050166e-5
1470,3,3.193738212664225e-5
1470,4,2.05729896307526e-5
1470,5,1.798239408530793e-5
1470,6,3.89878947262508e-6
1470,7,1.6847340840709685e-7
1470,8,9.395398189508069e-7
1470,9,1.1721529626658175e-5
1470,10,3.001749729607078e-5
1470,11,2.9920526303637138e-5
1470,12,2.8527626870681862e-5
1471,1,3.411786177964672e-5
1471,2,2.953078879861226e-5
1471,3,2.0889583996322034e-5
1471,4,1.95872024173059e-5
1471,5,1.6863241910760857e-5
1471,6,4.656340903562425e-6
1471,7,3.2485840011704204e-7
1471,8,1.035743280189375e-6
1471,9,1.1435582034867732e-5
1471,10,3.6899463815628266e-5
1471,11,3.594104256293857e-5
1471,12,3.452289790834337e-5
1472,1,2.5715005138027526e-5
1472,2,2.8867477509877742e-5
1472,3,2.7323478733875502e-5
1472,4,2.8982930344559822e-5
1472,5,2.242739695743173e-5
1472,6,7.362103552912627e-6
1472,7,1.5512279082117645e-6
1472,8,8.817294950916849e-7
1472,9,8.533743835989506e-6
1472,10,3.169112297917325e-5
1472,11,3.592984430640265e-5
1472,12,3.4242894706050656e-5
1473,1,3.6466987867701364e-5
1473,2,2.6992082059464135e-5
1473,3,2.221765736112569e-5
1473,4,2.0480460534491124e-5
1473,5,1.478294983290857e-5
1473,6,5.712772023727696e-6
1473,7,8.49673593983676e-7
1473,8,6.027775094390854e-7
1473,9,8.777433338853503e-6
1473,10,4.02831062200791e-5
1473,11,4.171185312949243e-5
1473,12,2.8292872978941383e-5
1474,1,3.372372533509943e-5
1474,2,2.3703979109107064e-5
1474,3,3.0756271168100915e-5
1474,4,2.1291838719723552e-5
1474,5,1.8648094702057877e-5
1474,6,6.446101369249992e-6
1474,7,6.041209310587061e-7
1474,8,1.1079062298203303e-6
1474,9,1.0988296496710844e-5
1474,10,3.414481698851968e-5
1474,11,3.33497085209282e-5
1474,12,3.590159418673465e-5
1475,1,2.3291693141605484e-5
1475,2,2.493446102338765e-5
1475,3,2.7622470808002645e-5
1475,4,2.3543765980591575e-5
1475,5,1.494303242908362e-5
1475,6,3.93582824278017e-6
1475,7,1.1064049852017367e-6
1475,8,5.502095285572709e-7
1475,9,1.002726521243372e-5
1475,10,3.354440954481456e-5
1475,11,4.032143643807342e-5
1475,12,3.3979151431367935e-5
1476,1,2.6192687763600112e-5
1476,2,2.9694875446118116e-5
1476,3,2.0119120299513432e-5
1476,4,1.884191689397763e-5
1476,5,1.1502459839105981e-5
1476,6,5.121501538983722e-6
1476,7,2.8175792759037964e-7
1476,8,1.1671927683057402e-6
1476,9,1.3259293591614107e-5
1476,10,3.094191065496367e-5
1476,11,3.737595097799955e-5
1476,12,3.255465054421838e-5
1477,1,3.389713209309727e-5
1477,2,3.113911732612625e-5
1477,3,2.8559504437321902e-5
1477,4,2.6738177579754023e-5
1477,5,2.1358439463981635e-5
1477,6,8.865907575113162e-6
1477,7,1.425742202938056e-6
1477,8,1.420018218265714e-6
1477,9,1.362983801865421e-5
1477,10,3.4106053965355576e-5
1477,11,4.265268854513645e-5
1477,12,2.551873406712256e-5
1478,1,3.427863352056952e-5
1478,2,2.701909908038015e-5
1478,3,2.910568548767836e-5
1478,4,2.7574357658303748e-5
1478,5,1.8809841156932508e-5
1478,6,6.979984755158284e-6
1478,7,1.4135331217660522e-6
1478,8,1.1813617604211948e-6
1478,9,1.6275312721413444e-5
1478,10,2.730128701862691e-5
1478,11,3.427001103291776e-5
1478,12,3.352014849959442e-5
1479,1,3.0962787398972785e-5
1479,2,2.853006111970618e-5
1479,3,2.9582603888868445e-5
1479,4,1.9867991237625853e-5
1479,5,1.4280355074033602e-5
1479,6,5.678292781013202e-6
1479,7,9.242037116726561e-7
1479,8,4.3578890477025694e-7
1479,9,1.3756768277121336e-5
1479,10,3.835219035192567e-5
1479,11,2.9238179049195738e-5
1479,12,3.4122404090413484e-5
1480,1,2.6204813013207838e-5
1480,2,3.0912436612488654e-5
1480,3,2.2281362859305678e-5
1480,4,1.839936291793525e-5
1480,5,1.1060261680262395e-5
1480,6,4.491121383814256e-6
1480,7,4.929007445506864e-7
1480,8,4.329643828356952e-7
1480,9,1.2056068588544306e-5
1480,10,4.2104269522319775e-5
1480,11,4.20161308228616e-5
1480,12,2.8568132565447302e-5
1481,1,3.439797749281326e-5
1481,2,3.0292693737262715e-5
1481,3,2.1896512803023455e-5
1481,4,2.1080219785257066e-5
1481,5,1.4879659166692424e-5
1481,6,6.01184501090887e-6
1481,7,1.2737046516116287e-6
1481,8,7.6457579927977e-7
1481,9,1.0326654886488536e-5
1481,10,4.1242013447724484e-5
1481,11,3.287989638569268e-5
1481,12,2.9098236223394895e-5
1482,1,2.6409132117116442e-5
1482,2,3.3906820391655146e-5
1482,3,3.0334274589402565e-5
1482,4,2.8302999940413722e-5
1482,5,1.916866650945912e-5
1482,6,6.31823859238021e-6
1482,7,3.477644144477112e-7
1482,8,8.918887506873835e-7
1482,9,1.3175840109935037e-5
1482,10,3.5312132928505114e-5
1482,11,2.811116539237734e-5
1482,12,2.989876185055703e-5
1483,1,2.820563557510574e-5
1483,2,2.95314635643395e-5
1483,3,2.743215614010858e-5
1483,4,1.9807566398373036e-5
1483,5,1.267953058693466e-5
1483,6,4.6358332065684244e-6
1483,7,2.6692378111515907e-7
1483,8,8.365830508695955e-7
1483,9,1.2762015425065992e-5
1483,10,3.4699936927309066e-5
1483,11,3.7715946984232066e-5
1483,12,3.0819086015849924e-5
1484,1,3.0870054954713713e-5
1484,2,3.5547754102181446e-5
1484,3,2.7369315139178284e-5
1484,4,2.525506770225602e-5
1484,5,1.3494643236421863e-5
1484,6,2.5744703548950757e-6
1484,7,4.057269475533083e-7
1484,8,7.532464341782764e-7
1484,9,1.2435775828875883e-5
1484,10,3.5441647964471814e-5
1484,11,3.8956923910597914e-5
1484,12,3.187199534366614e-5
1485,1,2.7596073409615515e-5
1485,2,2.3732080489331243e-5
1485,3,2.47997496337254e-5
1485,4,2.749164304387888e-5
1485,5,1.984930960385646e-5
1485,6,6.266484585846716e-6
1485,7,1.2130168601803323e-6
1485,8,1.0639494970462685e-6
1485,9,1.204732955014241e-5
1485,10,2.903058164945281e-5
1485,11,3.685732570546049e-5
1485,12,3.506305920518718e-5
1486,1,3.6670407811181186e-5
1486,2,3.2283888402839374e-5
1486,3,1.9397525484768645e-5
1486,4,2.0230537947361266e-5
1486,5,1.295086860172022e-5
1486,6,3.7258070963719553e-6
1486,7,1.6333572126689772e-7
1486,8,1.1989160190628169e-6
1486,9,1.0923164129393269e-5
1486,10,2.9897142309716564e-5
1486,11,3.740286125520327e-5
1486,12,3.766859239226901e-5
1487,1,2.9547574121564326e-5
1487,2,3.054930567763097e-5
1487,3,2.5375992990664792e-5
1487,4,2.3213975019680543e-5
1487,5,1.6291215583292578e-5
1487,6,6.593755463124632e-6
1487,7,7.999739146803875e-7
1487,8,3.3044444138494815e-7
1487,9,1.418747959615513e-5
1487,10,4.0214944401686524e-5
1487,11,4.0248602850616966e-5
1487,12,3.467025752822115e-5
1488,1,2.909458897748297e-5
1488,2,2.893938387216806e-5
1488,3,3.0845683801982736e-5
1488,4,2.1606126756270918e-5
1488,5,1.7393701196427254e-5
1488,6,5.542131153304268e-6
1488,7,1.4325939376708748e-06
1488,8,1.4036850038465977e-6
1488,9,1.2244224503922207e-5
1488,10,4.218817026433912e-5
1488,11,4.009242630998698e-5
1488,12,3.7275863125365964e-5
1489,1,2.6093190572631795e-5
1489,2,2.5215810638375377e-5
1489,3,2.6853048899949067e-5
1489,4,2.5499419344673163e-5
1489,5,1.885274484686783e-5
1489,6,4.986812330261982e-6
1489,7,8.981914056779851e-7
1489,8,7.602342720313186e-7
1489,9,9.55926991698473e-6
1489,10,3.744984179412602e-5
1489,11,3.867451763689141e-5
1489,12,3.2355723240866973e-5
1490,1,2.809686464609307e-5
1490,2,2.7545479751241705e-5
1490,3,2.6519460119349998e-5
1490,4,2.77959150818766e-5
1490,5,1.6425955291494637e-5
1490,6,6.812593323696045e-6
1490,7,1.326291028736546e-6
1490,8,1.2394369112504445e-6
1490,9,1.117986074074099e-5
1490,10,3.5841300370333916e-5
1490,11,3.250750013728096e-5
1490,12,2.549671436057513e-5
1491,1,3.6899862691665256e-5
1491,2,2.664529473416056e-5
1491,3,2.565511215190269e-5
1491,4,2.3694297129252623e-5
1491,5,1.9114883524472324e-5
1491,6,5.548990668484224e-6
1491,7,9.536100211217477e-7
1491,8,8.046998610954372e-7
1491,9,9.373985915757309e-6
1491,10,3.841135588194462e-5
1491,11,3.0996924201784004e-5
1491,12,2.6920349877450105e-5
1492,1,2.743431007726948e-5
1492,2,2.6441039660446825e-5
1492,3,1.8470255447735e-5
1492,4,2.164113783155983e-5
1492,5,1.4741640319957913e-5
1492,6,6.5673425665505945e-6
1492,7,6.623819754732328e-7
1492,8,9.116165153699128e-7
1492,9,1.0815579364812565e-5
1492,10,2.873180322612249e-5
1492,11,2.7576333534073795e-5
1492,12,3.054964824006782e-5
1493,1,2.1585697258711087e-5
1493,2,1.6545560209664744e-5
1493,3,1.8908621910430586e-5
1493,4,2.2359829073210564e-5
1493,5,1.5482846366963248e-5
1493,6,3.952748283136618e-6
1493,7,4.568244543815486e-7
1493,8,4.814705091125932e-7
1493,9,8.425054928587466e-6
1493,10,3.739557648266434e-5
1493,11,3.653134961002961e-5
1493,12,3.978435858323729e-5
1494,1,2.7459086570938822e-5
1494,2,3.7530593285220744e-5
1494,3,2.359551448027916e-5
1494,4,2.6503713099598976e-5
1494,5,2.0185523937664227e-5
1494,6,7.058460915421014e-6
1494,7,7.084577592224361e-7
1494,8,5.840659100380979e-7
1494,9,1.493384862680362e-5
1494,10,3.5908744992309693e-05
1494,11,4.08050314449953e-5
1494,12,3.1717672689869155e-5
1495,1,3.1378403199679255e-5
1495,2,2.7817465254465455e-5
1495,3,3.06180794414624e-5
1495,4,2.0024972227211684e-5
1495,5,1.5988058343689025e-5
1495,6,8.812729234757747e-6
1495,7,1.0172002184695406e-6
1495,8,7.310381200018839e-7
1495,9,1.1189935101697644e-5
1495,10,3.830377938656817e-5
1495,11,3.848436680581433e-5
1495,12,3.847304339922397e-5
1496,1,3.160088432149094e-5
1496,2,3.569947944273336e-5
1496,3,3.299724524540425e-5
1496,4,2.1623506532459914e-5
1496,5,1.1393041965643259e-5
1496,6,5.062057859446931e-6
1496,7,6.898910213482528e-7
1496,8,1.2484028430954647e-6
1496,9,9.214399658000284e-6
1496,10,3.377235444717868e-5
1496,11,3.501795109906384e-5
1496,12,3.6065455987043596e-5
1497,1,3.0376967489455007e-5
1497,2,2.5113896908338352e-5
1497,3,2.3868310167647404e-5
1497,4,1.8012638765059546e-5
1497,5,1.5800780445170334e-5
1497,6,4.5779833939220126e-6
1497,7,5.914582560606233e-7
1497,8,1.8999190280246993e-6
1497,9,1.0357057212994792e-5
1497,10,4.22239480692026e-5
1497,11,3.823623332270043e-5
1497,12,2.833198019932203e-5
1498,1,2.3822714800608647e-5
1498,2,2.4978973388090132e-5
1498,3,2.7217934592216677e-5
1498,4,2.2757728569455647e-5
1498,5,1.5698670251879054e-5
1498,6,4.14067730856658e-6
1498,7,3.2239845275954553e-7
1498,8,5.134809144227337e-7
1498,9,1.3073673191783515e-5
1498,10,3.678190428108955e-5
1498,11,3.6168035590094263e-5
1498,12,3.309987642725237e-5
1499,1,2.7611344650335842e-5
1499,2,3.135828411239048e-5
1499,3,2.4905616430126334e-5
1499,4,2.288334452345743e-5
1499,5,1.5691873127374908e-5
1499,6,3.0584073952456333e-6
1499,7,1.0423811610744376e-6
1499,8,6.547496126529712e-7
1499,9,6.775293381070206e-6
1499,10,3.501152746679657e-5
1499,11,3.810727547962413e-5
1499,12,2.761569853416619e-5
1500,1,2.9666828676838243e-5
1500,2,2.5448470206074046e-5
1500,3,1.968457554293103e-5
1500,4,1.7990317430328397e-5
1500,5,1.8671423624903197e-5
1500,6,4.543033650067453e-6
1500,7,7.825851207170866e-7
1500,8,6.282645016815084e-7
1500,9,9.735118095869844e-6
1500,10,3.311761878377771e-5
1500,11,3.2454828719459306e-5
1500,12,2.5707955108284572e-5
1501,1,2.820915771184263e-5
1501,2,2.9094512468904636e-5
1501,3,2.948741806717619e-5
1501,4,2.069225930919842e-5
1501,5,1.1237323676428587e-5
1501,6,5.272779343386549e-6
1501,7,5.068570524309266e-7
1501,8,5.147245918735495e-7
1501,9,7.32178115816677e-6
1501,10,3.953907594250877e-5
1501,11,3.72700292524414e-5
1501,12,2.9232327218666273e-5
1502,1,3.167182583290189e-5
1502,2,2.631491257054943e-5
1502,3,2.6190838719269117e-5
1502,4,2.715084139433896e-5
1502,5,1.8940628267551866e-5
1502,6,5.491242161777723e-6
1502,7,5.271325721941255e-7
1502,8,1.0133913843231312e-6
1502,9,1.257980213985707e-5
1502,10,3.941764020356355e-5
1502,11,3.25612663234176e-5
1502,12,3.585064852458975e-5
1503,1,3.4482140209520995e-5
1503,2,3.138799450843279e-5
1503,3,2.4894908693413496e-5
1503,4,2.9919998803068542e-5
1503,5,1.718201545889572e-5
1503,6,3.847526376706944e-6
1503,7,6.623877891583298e-7
1503,8,7.551590872909873e-7
1503,9,6.719252855394587e-6
1503,10,3.286816939690232e-5
1503,11,3.8789703583545704e-5
1503,12,3.5938381262751364e-5
1504,1,3.397617447823183e-5
1504,2,3.568638376002093e-5
1504,3,1.6522151856197744e-5
1504,4,2.1218073152015437e-5
1504,5,1.4768686180503329e-5
1504,6,4.112546852856576e-6
1504,7,3.8185443965075255e-7
1504,8,5.060020414939185e-7
1504,9,1.2115053080944891e-5
1504,10,3.946475400958751e-5
1504,11,3.8509779553793716e-5
1504,12,3.339354499206559e-5
1505,1,3.3529240019338996e-5
1505,2,2.9233520238813525e-5
1505,3,2.5731934148516558e-5
1505,4,2.4129965288769383e-5
1505,5,1.6775344100439282e-5
1505,6,6.0598818543170705e-6
1505,7,6.767024601578019e-7
1505,8,1.3066256374715672e-6
1505,9,1.3845025078086611e-5
1505,10,3.438347549139014e-5
1505,11,3.5855353872694034e-5
1505,12,3.556603162323359e-5
1506,1,3.350166905439219e-5
1506,2,2.4422584851754894e-5
1506,3,2.4214023949429973e-5
1506,4,2.4395770528662372e-5
1506,5,1.5246366914362489e-5
1506,6,7.446679956155033e-6
1506,7,4.97429845892846e-7
1506,8,1.5180398010153512e-6
1506,9,1.3181363436384386e-5
1506,10,3.709758699746431e-5
1506,11,3.969551382098052e-5
1506,12,2.7128180902574626e-5
1507,1,3.406538051771043e-5
1507,2,3.0641361149116336e-5
1507,3,2.1328552547946867e-5
1507,4,2.2916922332933728e-5
1507,5,1.7370126317740584e-5
1507,6,6.232847435209343e-6
1507,7,9.375400478130209e-7
1507,8,1.4583850643848252e-6
1507,9,1.1360745254995209e-5
1507,10,4.0700137900796786e-5
1507,11,3.710150506436239e-5
1507,12,3.622509286306586e-5
1508,1,3.195406169379738e-5
1508,2,2.9025298583740605e-5
1508,3,2.828937346172183e-5
1508,4,2.8358068134763072e-5
1508,5,2.0348073886671055e-5
1508,6,3.9809593770171516e-6
1508,7,1.0142227990664391e-6
1508,8,1.3039381990441851e-6
1508,9,1.1355572247433511e-5
1508,10,3.684559346265138e-5
1508,11,3.785001302238112e-5
1508,12,2.531908169792022e-5
1509,1,3.170168316904428e-5
1509,2,2.6609609728443928e-5
1509,3,2.3887241068080364e-5
1509,4,2.5417312833440756e-5
1509,5,1.8234202816016303e-5
1509,6,4.678721141690943e-6
1509,7,1.4564576256800623e-6
1509,8,4.968787874537388e-7
1509,9,9.526394609367989e-6
1509,10,4.273480262689254e-5
1509,11,3.6679620253216795e-5
1509,12,3.438525789751044e-5
1510,1,3.208317792004414e-5
1510,2,2.7498611126156482e-5
1510,3,2.702970388011936e-5
1510,4,2.667708565579779e-5
1510,5,1.7188992940534904e-5
1510,6,5.593901231951062e-6
1510,7,1.6089111803964862e-6
1510,8,8.791403111919894e-7
1510,9,8.557184041164837e-6
1510,10,3.643091898056889e-5
1510,11,4.2627392957836264e-5
1510,12,3.242011619606316e-5
1511,1,2.9648549482654782e-5
1511,2,2.4897873433589034e-5
1511,3,2.3962697534779122e-5
1511,4,2.058909265487621e-5
1511,5,1.3731549968643691e-5
1511,6,3.235836703316737e-6
1511,7,7.404411699281063e-7
1511,8,1.0619396723002078e-6
1511,9,9.606551667801406e-6
1511,10,3.7367882396713596e-5
1511,11,3.425943129027931e-5
1511,12,3.490956980877713e-5
1512,1,2.8611981700802038e-5
1512,2,2.6378636456824957e-5
1512,3,2.413311014599235e-5
1512,4,2.0114061667572108e-5
1512,5,1.7897811332332347e-5
1512,6,5.153717084120584e-6
1512,7,4.890490644375213e-7
1512,8,9.199394488177648e-7
1512,9,1.3031122036114922e-5
1512,10,4.383429664084725e-5
1512,11,3.255066026235917e-5
1512,12,3.583694745620578e-5
1513,1,3.096148232647533e-5
1513,2,2.5965432769482556e-5
1513,3,1.9437694459363872e-5
1513,4,1.7485138969236847e-5
1513,5,1.642178227670384e-5
1513,6,4.6396598637414855e-6
1513,7,6.220236061946436e-7
1513,8,8.849364857121947e-7
1513,9,1.1311841485721712e-5
1513,10,3.767417324334737e-5
1513,11,3.827476364272816e-5
1513,12,3.281477208805988e-5
1514,1,2.8776810319921802e-5
1514,2,3.104764223173144e-5
1514,3,2.7944601853371518e-5
1514,4,2.219131876415966e-5
1514,5,1.7475261997313003e-5
1514,6,8.170620775223673e-6
1514,7,6.37885438929693e-7
1514,8,7.716422049319062e-7
1514,9,8.711601392000057e-6
1514,10,3.417210582579748e-5
1514,11,3.301567864290022e-5
1514,12,3.1071639996979106e-5
1515,1,2.5906374508133258e-5
1515,2,3.315170991534836e-5
1515,3,2.1650738923239617e-5
1515,4,2.2103487474045737e-5
1515,5,1.655667880260466e-5
1515,6,3.2886309350142397e-6
1515,7,4.4655814996039084e-7
1515,8,7.528819173943254e-7
1515,9,1.1302746971319598e-5
1515,10,2.9533321045241627e-5
1515,11,3.298600691681335e-5
1515,12,3.8891725431654204e-5
1516,1,3.0137995376302045e-5
1516,2,1.807253330935057e-5
1516,3,1.9954021305519915e-5
1516,4,1.7554448770937622e-5
1516,5,1.7866271046221717e-5
1516,6,7.912472441308634e-6
1516,7,1.1764902216312582e-6
1516,8,6.783442653976314e-7
1516,9,7.091791310804185e-6
1516,10,3.630174003067095e-5
1516,11,3.212194490355637e-5
1516,12,3.748276063380283e-5
1517,1,2.8732987091678288e-5
1517,2,2.8257646450554624e-5
1517,3,3.116180870903205e-5
1517,4,2.421946894134775e-5
1517,5,1.774893834867965e-5
1517,6,4.872013999629355e-6
1517,7,7.658974281184591e-7
1517,8,5.040150222619877e-7
1517,9,1.2141232122283439e-5
1517,10,3.134850364758551e-5
1517,11,3.801960162433282e-5
1517,12,3.438275355643331e-5
1518,1,3.098477075413748e-5
1518,2,2.849868728384945e-5
1518,3,2.9257906739503083e-5
1518,4,2.0834043014794543e-5
1518,5,1.7113971384305543e-5
1518,6,5.138665669238199e-6
1518,7,5.376625244794123e-7
1518,8,4.991930006716632e-7
1518,9,7.72135446308853e-6
1518,10,3.242377243236497e-5
1518,11,3.431085972723267e-5
1518,12,2.403338390216197e-5
1519,1,2.7594240780444906e-5
1519,2,2.3557010695182707e-5
1519,3,2.965056727392967e-5
1519,4,2.3435357449738986e-5
1519,5,1.7497762610770864e-5
1519,6,4.886190564644524e-6
1519,7,7.555030431816527e-7
1519,8,7.664979888552501e-7
1519,9,1.0577068502110494e-5
1519,10,2.854318946578122e-5
1519,11,3.26231947626142e-5
1519,12,2.6950744521175472e-5
1520,1,2.7784010772389352e-5
1520,2,2.433767070746962e-5
1520,3,2.2238859181200394e-5
1520,4,1.8778540706895252e-5
1520,5,1.9633025349138018e-5
1520,6,6.301065538466415e-6
1520,7,6.197091888212396e-7
1520,8,1.3489883615281023e-6
1520,9,1.2277520541851974e-5
1520,10,3.4385205649525434e-5
1520,11,3.668694817310441e-5
1520,12,3.299339257410483e-5
1521,1,3.115106134329482e-5
1521,2,2.867008323740519e-5
1521,3,2.4307389781960373e-5
1521,4,3.0020982418705347e-5
1521,5,1.8474695387363994e-5
1521,6,4.760874636690746e-6
1521,7,4.899016509218555e-7
1521,8,1.2009646560495198e-6
1521,9,1.0710441349367877e-5
1521,10,2.81778115769439e-5
1521,11,3.279487828402373e-5
1521,12,3.613407332373533e-5
1522,1,3.589509082293963e-5
1522,2,2.685210107006356e-5
1522,3,2.5016768049301752e-5
1522,4,2.1021487615251712e-5
1522,5,1.360326590060376e-5
1522,6,6.655650136928396e-6
1522,7,1.2094819171202583e-6
1522,8,8.955307921984135e-7
1522,9,1.256546992966584e-5
1522,10,3.6362326173445446e-5
1522,11,3.857881002204177e-5
1522,12,3.146276519100133e-5
1523,1,2.7653371075419762e-5
1523,2,2.9726331667192608e-5
1523,3,1.863860916594499e-5
1523,4,1.9095651828718896e-5
1523,5,1.5635472622270843e-05
1523,6,4.489599367141778e-6
1523,7,2.1276828478916198e-7
1523,8,9.505318710778001e-7
1523,9,9.412345503721721e-6
1523,10,4.066821596159523e-5
1523,11,3.7780474162422556e-5
1523,12,3.5611551589556835e-5
1524,1,2.466771524391974e-5
1524,2,2.732291241482013e-5
1524,3,2.484985190022899e-5
1524,4,2.649333812841654e-5
1524,5,1.644541010732825e-5
1524,6,4.539148476327223e-6
1524,7,1.1674581530247263e-6
1524,8,9.775089791803081e-7
1524,9,1.5069538631566396e-5
1524,10,4.275477597827106e-5
1524,11,3.431144036898969e-5
1524,12,3.656259031724662e-5
1525,1,3.8630284602010864e-5
1525,2,2.6882232699335323e-5
1525,3,2.2980238127268995e-5
1525,4,2.1899013203179898e-5
1525,5,1.694054891318687e-5
1525,6,6.70892269742672e-6
1525,7,8.987123318755018e-7
1525,8,1.2429864574846982e-6
1525,9,1.0502208308828161e-5
1525,10,3.6317887145529636e-5
1525,11,3.718076189301646e-5
1525,12,3.198036777380546e-5
1526,1,2.6819108593802047e-5
1526,2,2.657627356692917e-5
1526,3,2.0936117110096954e-5
1526,4,1.835661823987488e-5
1526,5,1.5638130181034716e-5
1526,6,6.556132274903241e-6
1526,7,3.4764328383825256e-7
1526,8,7.884009947782286e-7
1526,9,8.321748067349416e-6
1526,10,3.5940604017627146e-5
1526,11,3.257522856265832e-5
1526,12,2.8098614946934e-5
1527,1,3.0673651413923836e-5
1527,2,2.3527251473153147e-5
1527,3,2.4959422261321696e-5
1527,4,2.2324878575648592e-5
1527,5,1.4777605348085409e-5
1527,6,5.557827293934202e-6
1527,7,6.958802359358964e-7
1527,8,5.435045728559538e-7
1527,9,1.1532743723627809e-5
1527,10,3.612597248779058e-5
1527,11,3.50720793082843e-5
1527,12,3.465634144242171e-5
1528,1,3.423440671061864e-5
1528,2,2.6739684672118977e-5
1528,3,2.5132472122579e-5
1528,4,2.6216974791666454e-5
1528,5,1.6372998097091763e-5
1528,6,5.675911695956564e-6
1528,7,4.7482114906087456e-7
1528,8,7.078996871173088e-7
1528,9,1.1530135693872018e-5
1528,10,4.088222450974713e-5
1528,11,2.759294229961407e-5
1528,12,3.365802558972187e-5
1529,1,2.3266738211024092e-5
1529,2,3.053245392869669e-5
1529,3,2.1604893173764616e-5
1529,4,2.0638433883771943e-5
1529,5,1.596128000558296e-5
1529,6,5.163100218141299e-6
1529,7,1.687378249903384e-6
1529,8,1.0689996054111642e-6
1529,9,9.852152338417392e-6
1529,10,3.414810032156943e-5
1529,11,3.3680902777917014e-5
1529,12,3.068723795999298e-5
1530,1,3.184213693146383e-5
1530,2,2.5069474097568773e-5
1530,3,2.22457552718112e-5
1530,4,2.2322577338380883e-5
1530,5,1.613257463985888e-5
1530,6,6.131222239788299e-6
1530,7,3.7751633553318776e-7
1530,8,1.2003300442466606e-6
1530,9,1.1519097595723718e-5
1530,10,3.987267659841206e-5
1530,11,3.901037403303701e-5
1530,12,3.181106151706279e-5
1531,1,3.4963098561529114e-5
1531,2,2.3673303849114924e-5
1531,3,1.949419465369359e-5
1531,4,2.2960729672497774e-5
1531,5,1.8459298360534474e-5
1531,6,3.984134500661693e-6
1531,7,3.4212376730529635e-7
1531,8,6.642809425296736e-7
1531,9,9.2115775883062e-6
1531,10,4.272324486126136e-5
1531,11,3.635638203676511e-5
1531,12,3.3198179148327666e-5
1532,1,2.9908804215846467e-5
1532,2,2.957541813040921e-5
1532,3,1.8810218972865046e-5
1532,4,1.951935274859137e-5
1532,5,1.6087897253877757e-5
1532,6,4.357001843956353e-6
1532,7,5.332275810971308e-7
1532,8,1.0797435771470974e-6
1532,9,1.14249802360676e-5
1532,10,3.965490011146367e-5
1532,11,4.807484409768874e-5
1532,12,3.193710991851763e-5
1533,1,3.7893096726658616e-5
1533,2,3.2331780485406663e-05
1533,3,2.288360005965169e-5
1533,4,1.8761841578309725e-5
1533,5,1.6713180422022243e-5
1533,6,6.975141730005448e-6
1533,7,3.16029224032485e-7
1533,8,6.877466169737212e-7
1533,9,9.836928748391868e-6
1533,10,3.155801870022296e-5
1533,11,3.54788913111309e-5
1533,12,3.798409771251598e-5
1534,1,3.016606112403685e-5
1534,2,3.1789560643905694e-5
1534,3,2.585453418594453e-5
1534,4,2.7406707837501694e-5
1534,5,1.920913810756441e-5
1534,6,4.233797318421597e-6
1534,7,3.329187771523395e-7
1534,8,8.021751067840476e-7
1534,9,1.0691098159101478e-5
1534,10,3.0136959697921966e-5
1534,11,3.743427235019246e-5
1534,12,3.4286156603711136e-5
1535,1,2.770708780490923e-5
1535,2,2.667707465332908e-5
1535,3,2.8568451816005902e-5
1535,4,2.4079807551221875e-5
1535,5,1.340870560942695e-5
1535,6,4.805160934425831e-6
1535,7,8.021607213734018e-7
1535,8,6.442238027229105e-7
1535,9,8.394686155039441e-6
1535,10,4.226532268197719e-5
1535,11,4.325373841879464e-5
1535,12,3.02910698144898e-5
1536,1,2.7859695758722973e-5
1536,2,2.7575121455892326e-5
1536,3,2.4905440100242602e-5
1536,4,1.8726318587051434e-5
1536,5,1.4258452202654192e-5
1536,6,4.991414685897411e-6
1536,7,7.970843684256101e-7
1536,8,8.038535599517767e-7
1536,9,1.181025732127615e-5
1536,10,3.429190727920816e-5
1536,11,3.913665719449217e-5
1536,12,2.957512677026875e-5
1537,1,3.825808301276375e-5
1537,2,2.580393469515506e-5
1537,3,2.868888445305906e-5
1537,4,2.2135737294226205e-5
1537,5,1.2447939410159375e-5
1537,6,3.547343441271302e-6
1537,7,6.355640975216961e-7
1537,8,6.051458113567169e-7
1537,9,1.0013291722664146e-5
1537,10,3.748279690585449e-5
1537,11,3.507582894077423e-5
1537,12,3.2728484180428954e-5
1538,1,2.8992782743329472e-5
1538,2,2.8650841498720672e-5
1538,3,2.7301158987658767e-5
1538,4,1.890306765974107e-5
1538,5,1.5054709031129368e-5
1538,6,6.54427679206044e-6
1538,7,6.488276491232105e-7
1538,8,1.1371635658205513e-6
1538,9,8.806850809317701e-6
1538,10,5.003897453585635e-5
1538,11,3.0616708310053466e-5
1538,12,3.284319978008503e-5
1539,1,3.0338915537980728e-5
1539,2,2.787561702057767e-5
1539,3,2.3607987749923635e-5
1539,4,2.7080065910291925e-5
1539,5,2.039991467942724e-5
1539,6,5.562767195218833e-6
1539,7,7.283058398459917e-7
1539,8,8.664388451742913e-7
1539,9,1.3502675025628397e-5
1539,10,3.2699846569567086e-5
1539,11,3.445712105687946e-5
1539,12,3.116227607842173e-5
1540,1,2.7041951141163494e-5
1540,2,2.9211234107058075e-5
1540,3,1.976274858125928e-5
1540,4,2.526337034922582e-5
1540,5,1.564299287380727e-5
1540,6,2.778051443576756e-6
1540,7,3.3219458770754184e-7
1540,8,1.1891880571149834e-6
1540,9,1.4259897061891433e-5
1540,10,3.842978899927625e-5
1540,11,3.673264524969142e-5
1540,12,3.820929079540861e-5
1541,1,3.080267079676839e-5
1541,2,3.3066734523105464e-5
1541,3,2.9255871379320835e-5
1541,4,2.163518729674985e-5
1541,5,1.8595737593418083e-5
1541,6,5.459755907527551e-6
1541,7,1.1226203583112965e-6
1541,8,7.800192777261424e-7
1541,9,1.2296817154524604e-5
1541,10,3.520112017751761e-5
1541,11,3.1010855203342905e-5
1541,12,3.1979517496634344e-5
1542,1,3.1559254157079314e-5
1542,2,2.7219910785192746e-5
1542,3,2.2207843114961695e-5
1542,4,1.9152202633513663e-5
1542,5,1.4104199178653658e-5
1542,6,4.7504858535170254e-6
1542,7,4.5328452807580104e-7
1542,8,1.0587794797907698e-6
1542,9,1.1310569044900568e-5
1542,10,3.816327186867928e-5
1542,11,3.9254211995907456e-5
1542,12,3.837465677493993e-5
1543,1,3.6067557313671624e-5
1543,2,3.023870880493303e-5
1543,3,2.246137036556651e-5
1543,4,1.6000529847288768e-5
1543,5,1.2298963792353664e-5
1543,6,3.2142542338836843e-6
1543,7,2.3875138724054443e-7
1543,8,8.97638141445407e-7
1543,9,9.356941264578894e-6
1543,10,3.890312134719617e-5
1543,11,3.915507408630609e-5
1543,12,3.656910008979758e-5
1544,1,2.425990457553445e-5
1544,2,2.7061666544862226e-5
1544,3,2.3507417609804184e-5
1544,4,2.404307817412705e-5
1544,5,1.4161263695406804e-5
1544,6,5.274345556790265e-6
1544,7,2.303632797908916e-7
1544,8,1.0307529996749726e-6
1544,9,1.033513101349106e-5
1544,10,3.4598740916485455e-5
1544,11,3.476867900790255e-5
1544,12,3.917019074144127e-5
1545,1,2.918000562533632e-5
1545,2,2.3424420241121434e-5
1545,3,2.1872999377881834e-5
1545,4,1.8906060883984518e-5
1545,5,1.6335194618695805e-5
1545,6,5.301369063097291e-6
1545,7,4.969764839877639e-7
1545,8,6.428900682817284e-7
1545,9,7.206517827967543e-6
1545,10,3.1450801929753267e-5
1545,11,3.21514234474248e-5
1545,12,2.869338370621058e-5
1546,1,2.767810793777752e-5
1546,2,3.033689064997113e-5
1546,3,2.3068972582192943e-5
1546,4,2.815987181444186e-5
1546,5,1.545745240260269e-5
1546,6,4.109394710814814e-6
1546,7,5.130032881815175e-7
1546,8,8.807312314240506e-7
1546,9,9.154627548316081e-6
1546,10,3.818935709203298e-5
1546,11,3.712328749049989e-5
1546,12,3.564300216736662e-5
1547,1,3.060794399638806e-5
1547,2,2.2093272532502882e-5
1547,3,2.1497965659444268e-5
1547,4,2.035506348395764e-5
1547,5,1.635688596709582e-5
1547,6,3.7642439286810496e-6
1547,7,7.162880421310088e-7
1547,8,6.331403360430753e-7
1547,9,1.054609007861097e-5
1547,10,3.765092387347083e-5
1547,11,3.385279352898848e-5
1547,12,2.6713370447244576e-5
1548,1,2.6246721858360656e-5
1548,2,2.3435809145521573e-5
1548,3,2.3310996128956175e-5
1548,4,2.4276997027418602e-5
1548,5,1.600413512492746e-5
1548,6,3.078945605345774e-6
1548,7,3.47168023999892e-7
1548,8,9.853885465727705e-7
1548,9,1.2990793045888988e-5
1548,10,3.6427971891996104e-5
1548,11,3.439666833297348e-5
1548,12,2.8516209703297773e-5
1549,1,2.641349698871102e-5
1549,2,2.7238528445674425e-5
1549,3,2.6308617901372476e-5
1549,4,2.882264719406146e-5
1549,5,1.887588767829284e-5
1549,6,7.205769784840139e-6
1549,7,1.498700897427002e-6
1549,8,7.481575072914473e-7
1549,9,1.1147772086631354e-5
1549,10,3.490431141038075e-5
1549,11,3.581470639356694e-5
1549,12,3.1991235626345854e-5
1550,1,2.8877142930778885e-5
1550,2,3.0858161685192356e-5
1550,3,2.9002331683626692e-5
1550,4,2.3195835766455236e-5
1550,5,1.544050724632237e-5
1550,6,6.181005700659065e-6
1550,7,1.4503308683818756e-6
1550,8,3.4786313186774414e-7
1550,9,8.539239580750037e-6
1550,10,3.8245497835065236e-5
1550,11,3.373260598914152e-5
1550,12,3.85613885419349e-5
1551,1,2.955548890025561e-5
1551,2,3.252086562256279e-5
1551,3,2.792767468501058e-5
1551,4,1.8249362463983213e-5
1551,5,2.0529999255729485e-5
1551,6,5.807723565473783e-6
1551,7,7.65652104129158e-7
1551,8,6.460862521962074e-7
1551,9,1.0729029916317504e-5
1551,10,3.9104751827169264e-5
1551,11,3.4584399686657034e-05
1551,12,2.8934819395434097e-5
1552,1,3.0303826677357568e-5
1552,2,2.768971234907965e-5
1552,3,2.9643602380648476e-5
1552,4,3.173212570522524e-5
1552,5,2.0836173502044934e-5
1552,6,9.096656695554932e-6
1552,7,7.236630376304526e-7
1552,8,8.5867772926345195e-07
1552,9,1.2182871947797254e-5
1552,10,3.4413927545630164e-5
1552,11,2.9322061196328622e-5
1552,12,3.532214384918463e-5
1553,1,3.5382788711868386e-5
1553,2,2.63008754600464e-5
1553,3,2.6623146139547857e-5
1553,4,1.7571245646988853e-5
1553,5,1.5535516113860464e-5
1553,6,4.137888289299382e-6
1553,7,8.186456898727467e-7
1553,8,1.2280140250403026e-6
1553,9,1.0555522906201791e-5
1553,10,3.4126570318364195e-5
1553,11,2.8017443008874938e-5
1553,12,3.4717883220932466e-5
1554,1,3.285494767611836e-5
1554,2,2.7743930157069937e-5
1554,3,2.38938521010079e-5
1554,4,1.899705771042305e-5
1554,5,1.3726355560558928e-5
1554,6,4.162809696895027e-6
1554,7,7.128883701533381e-7
1554,8,6.738336072236318e-7
1554,9,1.5112192814149809e-5
1554,10,3.3629840262418705e-5
1554,11,4.124213421192591e-5
1554,12,3.580771590954869e-5
1555,1,2.537846153005372e-5
1555,2,2.4099032429118185e-5
1555,3,2.3622442332260787e-5
1555,4,1.7410137323382535e-5
1555,5,9.090138995769033e-6
1555,6,5.184117277420812e-6
1555,7,5.227039874538956e-7
1555,8,7.043150191904011e-7
1555,9,9.599713359625676e-6
1555,10,3.3711067796730215e-5
1555,11,3.903795961502824e-5
1555,12,3.358320284735149e-5
1556,1,3.1397207004899744e-5
1556,2,2.8638877609257543e-5
1556,3,2.7272070317770177e-5
1556,4,3.268447987707769e-5
1556,5,1.8358528786883142e-5
1556,6,4.46809620495586e-6
1556,7,4.4658699544546176e-7
1556,8,7.078263380293581e-7
1556,9,1.2829653790857107e-5
1556,10,3.5108007610566606e-5
1556,11,3.446329348033203e-5
1556,12,3.4076798794807735e-5
1557,1,3.687868827844675e-5
1557,2,2.238540167777384e-5
1557,3,2.17704963855028e-5
1557,4,2.1189395857992412e-5
1557,5,1.4432614310363395e-5
1557,6,7.523368968913654e-6
1557,7,6.271671984276069e-7
1557,8,8.637834595930846e-7
1557,9,1.0524290767004193e-5
1557,10,3.9280686460298615e-5
1557,11,4.120411233489549e-5
1557,12,3.034000174911035e-5
1558,1,2.952023077843102e-5
1558,2,2.9012841164356078e-5
1558,3,2.0986255994725e-5
1558,4,2.2675577266158864e-5
1558,5,1.4744767700461822e-5
1558,6,3.357352222147684e-6
1558,7,1.357108972765052e-7
1558,8,6.76144992733558e-7
1558,9,1.0399470611894108e-5
1558,10,3.448276153835977e-5
1558,11,3.663079926028304e-5
1558,12,3.71749441637309e-5
1559,1,3.757921517363735e-5
1559,2,2.5399999576451492e-5
1559,3,2.781995956455779e-5
1559,4,2.1023448911072708e-5
1559,5,1.8640604448062333e-5
1559,6,3.63076781388091e-6
1559,7,5.338469056333935e-7
1559,8,8.571592941909823e-7
1559,9,1.15838183796981e-5
1559,10,4.428848932364899e-5
1559,11,3.619996308959357e-5
1559,12,2.8918522767149403e-5
1560,1,3.5604683197176356e-5
1560,2,2.850038229573151e-5
1560,3,2.3180369551493436e-5
1560,4,1.8386556673859203e-5
1560,5,1.5339093810744376e-5
1560,6,4.586951425323485e-6
1560,7,7.291195950964527e-7
1560,8,7.673412305886781e-7
1560,9,1.141183566121012e-5
1560,10,4.129944141466024e-5
1560,11,3.1870122578480133e-5
1560,12,2.894000900944503e-5
1561,1,3.19073776623319e-5
1561,2,2.7817126273962947e-5
1561,3,2.415722953565704e-5
1561,4,2.118852147373194e-5
1561,5,1.3883641963829184e-5
1561,6,5.748524241385912e-6
1561,7,6.039694744544121e-7
1561,8,9.548324832511937e-7
1561,9,1.4330677905128564e-5
1561,10,4.688584508072992e-5
1561,11,4.386154980292071e-5
1561,12,3.7028000621521306e-5
1562,1,2.745616398787148e-5
1562,2,2.7358446800134137e-5
1562,3,2.139417652411777e-5
1562,4,2.29263411952351e-5
1562,5,1.2511590877687151e-5
1562,6,3.870417377608885e-6
1562,7,7.74224112415884e-7
1562,8,1.4768875961027257e-6
1562,9,1.3567157601470408e-5
1562,10,3.669352431373485e-5
1562,11,3.778878018676239e-5
1562,12,3.0106110534450204e-5
1563,1,2.1988053800996753e-5
1563,2,2.7941908654948568e-5
1563,3,2.4599108383737965e-5
1563,4,2.262600562094236e-5
1563,5,1.2971738549804533e-5
1563,6,6.136307475970761e-6
1563,7,1.091238848942741e-6
1563,8,1.0042059148945815e-6
1563,9,1.0689411926979162e-5
1563,10,3.5233542843379066e-5
1563,11,3.327425339653676e-5
1563,12,2.6451974359838216e-5
1564,1,2.771959716407925e-5
1564,2,2.439430128031657e-5
1564,3,2.1363141651391434e-5
1564,4,2.1989117732780138e-5
1564,5,1.896798390085199e-5
1564,6,3.2971392460550305e-6
1564,7,4.375933700263516e-7
1564,8,1.086219880727045e-6
1564,9,1.0440308191304879e-5
1564,10,3.7067214983693814e-5
1564,11,3.350054977001202e-5
1564,12,2.8676515790067955e-5
1565,1,3.297398588858977e-5
1565,2,2.6245919724465753e-5
1565,3,3.1367595490055446e-5
1565,4,2.1656852086670323e-5
1565,5,1.8571151237144772e-05
1565,6,5.372827238485546e-6
1565,7,7.159011082459037e-7
1565,8,8.785232102303886e-7
1565,9,1.0126849508023352e-5
1565,10,4.100113511092443e-5
1565,11,3.6492727866362196e-5
1565,12,3.681634278005455e-5
1566,1,2.264584043029589e-5
1566,2,2.5289641212670032e-5
1566,3,2.8010813108107203e-5
1566,4,2.1342768359321982e-5
1566,5,1.610019673262044e-5
1566,6,5.33286097606996e-6
1566,7,6.591847598627158e-7
1566,8,6.360923348087592e-7
1566,9,1.0499224359122696e-5
1566,10,4.229609018443162e-5
1566,11,3.7140674022299386e-5
1566,12,2.8097533271336464e-5
1567,1,3.550397963195837e-5
1567,2,2.097215018490574e-5
1567,3,3.0083639672813528e-5
1567,4,1.803049497263651e-5
1567,5,1.9022726496201212e-5
1567,6,5.8293531376775546e-6
1567,7,7.319682055620687e-7
1567,8,1.4691215060902005e-6
1567,9,1.5508281129470202e-5
1567,10,4.091720941939722e-5
1567,11,3.913362723623794e-5
1567,12,2.73487393261252e-5
1568,1,3.0108854362770103e-5
1568,2,2.8464414160753e-5
1568,3,2.6232052591054835e-5
1568,4,2.2160625598089938e-5
1568,5,1.4315015948649967e-5
1568,6,3.4498262681284453e-6
1568,7,3.1635567027744863e-7
1568,8,1.0152874382564869e-6
1568,9,1.1421359827347022e-5
1568,10,3.6238923687017425e-5
1568,11,2.800165385477795e-5
1568,12,3.344124099746711e-5
1569,1,3.4909458377647675e-5
1569,2,2.6737554352720756e-5
1569,3,2.441257858756998e-5
1569,4,2.1923421319527707e-5
1569,5,1.426190188497887e-5
1569,6,3.4206187133214434e-6
1569,7,2.9295609960487764e-7
1569,8,9.123025776849264e-7
1569,9,6.854358010402443e-6
1569,10,3.2583657557426664e-5
1569,11,3.30199586898042e-5
1569,12,3.0778897236551565e-5
1570,1,3.338485294798521e-5
1570,2,2.5924254683124014e-5
1570,3,2.2860272127457878e-5
1570,4,2.1550497360584814e-5
1570,5,1.6025873340574758e-5
1570,6,4.588253446996539e-6
1570,7,6.219281679826922e-7
1570,8,1.4323522955973466e-6
1570,9,8.522587935561024e-6
1570,10,2.8519941598880954e-5
1570,11,3.509792545998444e-5
1570,12,3.1209426408432535e-5
1571,1,2.258023581565951e-5
1571,2,2.53082163584283e-5
1571,3,2.5480448619907512e-5
1571,4,2.410362520586864e-5
1571,5,2.0733819554508235e-5
1571,6,4.600407376342271e-6
1571,7,5.80553273647602e-7
1571,8,9.299950688648154e-7
1571,9,9.65527309894432e-6
1571,10,3.2894491918688455e-5
1571,11,3.2792398750170694e-5
1571,12,3.311510612578423e-5
1572,1,2.7974210281757637e-5
1572,2,2.4278159975345403e-5
1572,3,2.916811970253257e-5
1572,4,1.8417582749098417e-5
1572,5,1.2734736144110627e-5
1572,6,4.635479093239262e-6
1572,7,2.6881430751531196e-7
1572,8,1.0592736568153784e-6
1572,9,6.204216936408263e-6
1572,10,3.463774303259411e-5
1572,11,4.0101655272478146e-5
1572,12,3.2155991436707084e-5
1573,1,2.6483431002530426e-5
1573,2,2.81291249509516e-5
1573,3,2.3272760118626072e-5
1573,4,1.839926818786753e-5
1573,5,1.884105696846682e-5
1573,6,7.5417181725756245e-6
1573,7,5.153584571598088e-7
1573,8,1.2443065741978987e-6
1573,9,8.949677026735823e-6
1573,10,3.554750302391572e-5
1573,11,3.717707997950561e-5
1573,12,2.7337186304148316e-5
1574,1,2.9641014270816926e-5
1574,2,3.43601371291754e-5
1574,3,2.1372180042886068e-5
1574,4,2.0440492294070784e-5
1574,5,1.9948784365918095e-5
1574,6,5.6188895173901236e-6
1574,7,6.986355598833902e-7
1574,8,9.691699707530556e-7
1574,9,9.012814165070812e-6
1574,10,3.5189538000481463e-5
1574,11,3.185950725140418e-5
1574,12,3.2021280397811256e-5
1575,1,2.790809229758436e-5
1575,2,2.7912851666655907e-5
1575,3,2.7294549970140975e-5
1575,4,2.7169269352957785e-5
1575,5,1.2536032607144571e-5
1575,6,4.385564862935774e-6
1575,7,8.129758129438993e-7
1575,8,1.3139828835762224e-6
1575,9,9.948850784047773e-6
1575,10,3.911487306335046e-5
1575,11,4.246859894144871e-5
1575,12,2.747997576291451e-5
1576,1,2.829812421386754e-5
1576,2,2.550093990221889e-5
1576,3,2.6406555692216862e-5
1576,4,2.9242446758937518e-5
1576,5,1.6374134147101785e-5
1576,6,6.1156771702642715e-6
1576,7,8.12543644387331e-7
1576,8,1.4512731302051926e-6
1576,9,6.937995395838554e-6
1576,10,3.8638644942196435e-5
1576,11,3.9922138167158915e-5
1576,12,3.8283105669990986e-5
1577,1,2.4058920130436764e-5
1577,2,2.381858746261454e-5
1577,3,2.7888735121333802e-5
1577,4,2.7301952606946286e-5
1577,5,2.341959927889125e-5
1577,6,5.970733853409872e-6
1577,7,1.092008009328006e-6
1577,8,1.0468926441473305e-6
1577,9,8.971340890725274e-6
1577,10,3.407429060150736e-5
1577,11,3.6441952140927746e-5
1577,12,3.1580019836315525e-5
1578,1,2.689962365543898e-5
1578,2,2.3586475306242553e-5
1578,3,2.4490562263403518e-5
1578,4,2.1873570227515907e-5
1578,5,1.5467731153935457e-5
1578,6,4.309364173532195e-6
1578,7,3.40789958472041e-7
1578,8,8.264688902235532e-7
1578,9,1.366606356201518e-5
1578,10,3.793142106927805e-5
1578,11,4.460589281915271e-5
1578,12,3.9771158903464086e-5
1579,1,3.834946134910971e-5
1579,2,2.3617531846528204e-5
1579,3,2.4893784671813935e-5
1579,4,2.2512903749802836e-5
1579,5,1.3476238949450732e-5
1579,6,6.115427392714151e-6
1579,7,5.196573461335877e-7
1579,8,5.811221451720435e-7
1579,9,9.236638037334508e-6
1579,10,4.2106226942838416e-5
1579,11,4.106576546006252e-5
1579,12,3.5835118020970484e-5
1580,1,3.256755792493132e-5
1580,2,2.7641040443667443e-5
1580,3,2.3816713173867886e-5
1580,4,1.976345529737079e-5
1580,5,1.665128791894077e-5
1580,6,3.936553144967337e-6
1580,7,1.3957885497944535e-6
1580,8,7.70804168645513e-7
1580,9,9.070705965321588e-6
1580,10,3.6709963155612134e-5
1580,11,3.588566523952095e-5
1580,12,3.731895971855057e-5
1581,1,2.949708846663291e-5
1581,2,3.3598270907261595e-5
1581,3,2.499134214799542e-5
1581,4,1.7483283574334054e-5
1581,5,1.2239582287420916e-5
1581,6,4.614621689766099e-6
1581,7,6.024759263656475e-7
1581,8,1.2856878246160252e-6
1581,9,7.90656144666375e-6
1581,10,3.5786331409817e-5
1581,11,3.139789657885182e-5
1581,12,3.3624304101832144e-5
1582,1,3.216808671477162e-5
1582,2,4.0726118283607345e-5
1582,3,3.1626775287699286e-5
1582,4,1.636269238666519e-5
1582,5,1.7835672007353255e-5
1582,6,5.773338968460651e-6
1582,7,1.020480903281292e-6
1582,8,1.7857349118372656e-6
1582,9,9.864242819143658e-6
1582,10,4.182962072354549e-5
1582,11,3.111032555486842e-5
1582,12,3.1895762447034035e-5
1583,1,3.0286604155183022e-5
1583,2,2.3487889482469783e-5
1583,3,2.163370943394151e-5
1583,4,2.1536069583552196e-5
1583,5,1.7231259279331103e-5
1583,6,5.3081290161259075e-6
1583,7,4.308539421120824e-7
1583,8,5.542061242040184e-7
1583,9,1.64651899511862e-5
1583,10,3.741554319175474e-5
1583,11,4.006939632457906e-5
1583,12,3.96195428443855e-5
1584,1,2.6594739916318153e-5
1584,2,2.6415240162554757e-5
1584,3,2.256580261078465e-5
1584,4,2.0301297968973223e-5
1584,5,1.622118475075743e-5
1584,6,2.678969341871342e-6
1584,7,5.339707479646193e-7
1584,8,1.117821926454305e-6
1584,9,9.378951091016955e-6
1584,10,3.7358614565860404e-5
1584,11,3.7391786081911845e-5
1584,12,3.167688215924955e-5
1585,1,2.758409677748331e-5
1585,2,2.8968818988492358e-5
1585,3,2.4248913602630996e-5
1585,4,2.3170413183402108e-5
1585,5,1.9324567693814466e-5
1585,6,7.485876771921435e-6
1585,7,2.153426439053626e-6
1585,8,7.313200360163663e-7
1585,9,1.3391839174796896e-5
1585,10,4.059428781112174e-5
1585,11,2.9973055336203297e-5
1585,12,3.323600942410532e-5
1586,1,3.304282997939083e-5
1586,2,2.4212601796257044e-5
1586,3,2.595961899265649e-5
1586,4,2.287108555123098e-5
1586,5,2.0959429568777407e-5
1586,6,4.884806850598746e-6
1586,7,3.329401230132269e-7
1586,8,4.3583868496211906e-7
1586,9,9.48817473156276e-6
1586,10,3.533549903746321e-5
1586,11,2.8869736582184912e-5
1586,12,2.660094418622526e-5
1587,1,2.333736512549606e-5
1587,2,2.6148415571265006e-5
1587,3,2.0985535430352822e-5
1587,4,1.9865273113290603e-5
1587,5,1.4743848028654602e-5
1587,6,4.564279744732197e-6
1587,7,7.323370687150422e-7
1587,8,1.4442772525637501e-6
1587,9,1.0635347997292157e-5
1587,10,3.5331007855029945e-5
1587,11,3.673999148905835e-5
1587,12,3.0119394473654497e-5
1588,1,3.4795182962077504e-5
1588,2,3.3677788672695344e-5
1588,3,2.1705736717855506e-5
1588,4,2.0804526247759487e-5
1588,5,1.82821915115165e-5
1588,6,3.2573790760219575e-6
1588,7,5.370056329921306e-7
1588,8,1.2697681124382744e-6
1588,9,1.2436081895913744e-5
1588,10,4.1194899918700166e-5
1588,11,4.004461537559301e-5
1588,12,3.379918370922698e-5
1589,1,3.104009611076585e-5
1589,2,2.6676549663752468e-5
1589,3,3.216575090261568e-5
1589,4,2.900946519632394e-5
1589,5,1.5763428518440656e-5
1589,6,4.814149659058602e-6
1589,7,1.463800532210103e-6
1589,8,1.1717115355803528e-6
1589,9,9.986575311968659e-6
1589,10,4.329785267505399e-5
1589,11,3.835564075714974e-5
1589,12,3.120786212506807e-5
1590,1,3.098487221327527e-5
1590,2,2.8147549668181177e-5
1590,3,2.332700875909983e-5
1590,4,2.3379051624978307e-5
1590,5,1.8109846332103153e-5
1590,6,4.823428699670994e-6
1590,7,7.702198465230152e-7
1590,8,6.898982165205354e-7
1590,9,1.2975812712529185e-5
1590,10,4.141463676722516e-5
1590,11,3.4207449586464255e-5
1590,12,3.31872550886308e-5
1591,1,3.466079923342664e-5
1591,2,3.118251051571689e-5
1591,3,2.9158434200856714e-5
1591,4,2.339565922696884e-5
1591,5,1.5359428096873163e-5
1591,6,5.528114523709411e-6
1591,7,5.272235067977192e-7
1591,8,4.6226134831503493e-7
1591,9,9.18401135230626e-6
1591,10,2.8801360578190252e-5
1591,11,3.376282031817021e-5
1591,12,3.656558423190592e-5
1592,1,3.856200438800693e-5
1592,2,3.255765192544589e-5
1592,3,2.693113285793138e-5
1592,4,2.008295695617524e-5
1592,5,1.551410033687941e-5
1592,6,5.1603745344036145e-6
1592,7,4.2581382835532396e-7
1592,8,8.219308080015839e-7
1592,9,1.189149921926882e-5
1592,10,3.993960378173013e-5
1592,11,3.3919785145301854e-5
1592,12,2.5919692252816756e-5
1593,1,2.9491317829512918e-5
1593,2,2.901200104711626e-5
1593,3,2.678897507500006e-5
1593,4,2.1105608876169016e-5
1593,5,1.5191138971518989e-5
1593,6,5.399568277001881e-6
1593,7,6.497526951691228e-7
1593,8,9.087773802747529e-7
1593,9,1.3341138639884495e-5
1593,10,3.5576113090643085e-5
1593,11,3.564724272002025e-5
1593,12,3.313398531039451e-5
1594,1,3.164736417039831e-5
1594,2,2.9081607885957376e-5
1594,3,2.1554770285359556e-5
1594,4,1.825030523225988e-5
1594,5,1.3594465010776015e-5
1594,6,4.441157537316828e-6
1594,7,5.20962019477877e-7
1594,8,1.112861653216839e-6
1594,9,1.2069472552747827e-5
1594,10,4.349101194618488e-5
1594,11,3.453532855573803e-5
1594,12,2.9755750602958845e-5
1595,1,3.024861189510841e-5
1595,2,3.289578079419642e-5
1595,3,1.919430836538897e-5
1595,4,2.6533455649917992e-5
1595,5,1.3117738324217682e-5
1595,6,3.942757321986871e-6
1595,7,5.993359787754178e-7
1595,8,6.44983277370355e-7
1595,9,1.0162089840286762e-5
1595,10,4.044560659411632e-5
1595,11,3.621398255450935e-5
1595,12,3.30318390069881e-5
1596,1,2.773177668384666e-5
1596,2,3.024448544808638e-5
1596,3,2.91130688880835e-5
1596,4,2.5204367401087636e-5
1596,5,1.9287894015159585e-5
1596,6,7.196633101373433e-6
1596,7,5.782599213171997e-7
1596,8,1.524954187638989e-6
1596,9,1.1345533705175175e-5
1596,10,3.331346184116062e-5
1596,11,3.439971452654945e-5
1596,12,3.30814982520188e-5
1597,1,2.944647517332426e-5
1597,2,3.439244797623986e-5
1597,3,2.605191527695515e-5
1597,4,2.5732040783157996e-5
1597,5,1.5081050569430488e-5
1597,6,4.9823456879784e-6
1597,7,4.862002053173036e-7
1597,8,7.218700874678854e-7
1597,9,1.2271886306287499e-5
1597,10,3.192128644332237e-5
1597,11,3.7414042326392396e-5
1597,12,3.1497526636620685e-5
1598,1,3.390689376112879e-5
1598,2,2.8205812749003486e-5
1598,3,2.2678257129512275e-5
1598,4,2.7208655168359e-5
1598,5,1.7213960862253383e-5
1598,6,6.4659852786977686e-6
1598,7,4.501668315858937e-7
1598,8,1.6718566562624408e-6
1598,9,1.2727739649410555e-5
1598,10,4.991158719621791e-5
1598,11,3.59822656365437e-5
1598,12,3.246923499068803e-5
1599,1,3.085198178756677e-5
1599,2,2.342028730498957e-5
1599,3,2.2600362067991447e-5
1599,4,2.234499987292943e-5
1599,5,1.3835493981117659e-5
1599,6,3.21444798176765e-6
1599,7,6.982302307798765e-7
1599,8,8.111304838911012e-7
1599,9,1.2312310535072818e-5
1599,10,3.914376549874451e-5
1599,11,4.223210770418569e-5
1599,12,3.6914008077870254e-5
1600,1,3.35851003789045e-5
1600,2,2.316417986806601e-5
1600,3,3.114347735807815e-5
1600,4,2.271589148886552e-5
1600,5,1.6529986484844892e-5
1600,6,5.292079735352184e-6
1600,7,1.207701077581491e-6
1600,8,1.0598188875654229e-6
1600,9,2.0374037119239697e-5
1600,10,2.7539850867755602e-5
1600,11,2.7559314327011693e-5
1600,12,3.014196315829999e-5
1601,1,2.4389318318788486e-5
1601,2,2.1907788753475503e-5
1601,3,1.2820965410846435e-5
1601,4,1.714085629448702e-5
1601,5,2.085125986645265e-5
1601,6,5.25012653360239e-6
1601,7,1.1017690233877742e-6
1601,8,2.121632214595404e-6
1601,9,1.1658509216197836e-5
1601,10,3.938799723475272e-5
1601,11,3.2371959111408186e-5
1601,12,4.070752704299614e-5
1602,1,3.062382408096747e-5
1602,2,2.22054845404096e-5
1602,3,3.0271766978705775e-5
1602,4,2.9875172794488503e-5
1602,5,1.8120171713905765e-5
1602,6,6.841944023548221e-6
1602,7,1.4110031900018354e-6
1602,8,1.0507330195003925e-6
1602,9,1.636534756271496e-5
1602,10,2.6978928598073793e-5
1602,11,3.526713489111415e-5
1602,12,3.8074983370212145e-5
1603,1,3.0787943259953695e-5
1603,2,2.6079451028560168e-5
1603,3,2.159192449836731e-5
1603,4,1.6630951614049288e-5
1603,5,1.6708745083406946e-5
1603,6,4.543006793018136e-6
1603,7,6.839667226480494e-7
1603,8,4.630721161132852e-7
1603,9,9.864005690150942e-6
1603,10,3.806351662177653e-5
1603,11,3.664199477112643e-5
1603,12,2.8574943326209926e-5
1604,1,2.490541514088295e-5
1604,2,2.373612089189419e-5
1604,3,2.2581506263402734e-5
1604,4,2.7360145979723395e-5
1604,5,1.8828165069401788e-5
1604,6,8.95001802141529e-6
1604,7,3.4453055365858667e-7
1604,8,7.968757794643668e-7
1604,9,1.2003920816031126e-5
1604,10,3.226931126490397e-5
1604,11,3.555183893080726e-5
1604,12,3.216050976390683e-5
1605,1,3.6211838937392e-5
1605,2,2.585252030019889e-5
1605,3,2.8245572817474726e-5
1605,4,1.5248034895843326e-5
1605,5,1.4724024322448008e-5
1605,6,4.513037627678748e-6
1605,7,2.3404901167640782e-7
1605,8,9.766234655614973e-7
1605,9,9.545114003630474e-6
1605,10,3.7821442976280524e-5
1605,11,4.083456860929562e-5
1605,12,3.933462531632782e-5
1606,1,3.392731513115865e-5
1606,2,3.0375131257368516e-5
1606,3,2.979553945321935e-5
1606,4,2.429235686161655e-5
1606,5,1.2345660975095747e-5
1606,6,4.313217478206233e-6
1606,7,1.2577034104674272e-6
1606,8,4.821546213968953e-7
1606,9,1.2802728367947865e-5
1606,10,4.3951551310109875e-5
1606,11,3.73670761616204e-5
1606,12,3.563551100971171e-5
1607,1,3.993046102363267e-5
1607,2,3.5626846724792935e-5
1607,3,3.0210287851223252e-5
1607,4,2.7095698215633684e-5
1607,5,1.5726768636788683e-5
1607,6,5.942359944217036e-6
1607,7,7.803700542526773e-7
1607,8,7.668416504019585e-7
1607,9,5.890671988765698e-6
1607,10,3.5829392580807054e-5
1607,11,3.4654928745907624e-5
1607,12,3.6880204894631724e-5
1608,1,2.760144589592324e-5
1608,2,2.059175831749628e-5
1608,3,2.6010002588687487e-5
1608,4,2.906321882793705e-5
1608,5,1.9686442643730874e-5
1608,6,7.5618221000728985e-6
1608,7,4.7104649367527596e-7
1608,8,5.817230511179584e-7
1608,9,1.1729671894517405e-5
1608,10,2.7288765699674334e-5
1608,11,3.4051059215979386e-5
1608,12,3.458058655772872e-5
1609,1,3.439197801556855e-5
1609,2,2.452146994228458e-5
1609,3,2.3055011282472473e-5
1609,4,2.3296648581393672e-5
1609,5,1.627479607000665e-5
1609,6,4.069301627987873e-6
1609,7,5.589771424846899e-7
1609,8,7.392799050897894e-7
1609,9,1.1081036170429422e-5
1609,10,4.1238282256969513e-5
1609,11,4.294509703398199e-5
1609,12,3.498968603530605e-5
1610,1,3.2468985310359387e-5
1610,2,2.9104721807300468e-5
1610,3,2.407753682097496e-5
1610,4,1.902335165878978e-5
1610,5,1.603859145941771e-5
1610,6,4.529435329300074e-6
1610,7,5.958811664284905e-7
1610,8,8.957947548777883e-7
1610,9,1.6187292316867245e-5
1610,10,4.792402253855156e-5
1610,11,3.445956158374401e-5
1610,12,3.144261085649496e-5
1611,1,2.8032087211358373e-5
1611,2,3.0672198991520914e-5
1611,3,2.5311606810058516e-5
1611,4,3.1069620798759475e-5
1611,5,1.9753674727246353e-5
1611,6,6.818515536809051e-6
1611,7,6.21961994077207e-7
1611,8,1.581601528540394e-6
1611,9,7.388623472212534e-6
1611,10,2.8309315348875288e-5
1611,11,3.3634902920886696e-5
1611,12,2.573803221707243e-5
1612,1,3.0440927250925063e-5
1612,2,2.976209706515594e-5
1612,3,2.5588635390461016e-5
1612,4,2.3155117697479405e-5
1612,5,1.9455427822991266e-5
1612,6,4.774294263346555e-6
1612,7,2.7796477932698845e-7
1612,8,1.4904326151939917e-6
1612,9,1.0341799037764947e-5
1612,10,3.115492835329854e-5
1612,11,4.333926559248281e-5
1612,12,3.029125694462584e-5
1613,1,3.2594390913895634e-5
1613,2,2.4725652256043808e-5
1613,3,2.1563232637050645e-5
1613,4,2.3121893848743046e-5
1613,5,1.707163158472226e-5
1613,6,4.748759428039987e-6
1613,7,6.274816628792707e-7
1613,8,6.605004057377356e-7
1613,9,8.599342784987764e-6
1613,10,2.983546173395742e-5
1613,11,3.519164765760125e-5
1613,12,2.602252910537231e-5
1614,1,3.100815201393397e-5
1614,2,3.243759363915593e-5
1614,3,2.8223158781092086e-5
1614,4,2.612331649963208e-5
1614,5,1.7834359608006305e-5
1614,6,6.4064710583407845e-6
1614,7,7.532777410505543e-7
1614,8,1.2672750812077753e-6
1614,9,1.5477691381641145e-5
1614,10,3.1720088108274855e-5
1614,11,3.842319967077504e-5
1614,12,3.228352476423985e-5
1615,1,3.2502707686303616e-5
1615,2,3.252707662926948e-5
1615,3,2.747039931434926e-5
1615,4,2.5514564134915296e-5
1615,5,1.2587605363603399e-5
1615,6,7.0344243435257684e-6
1615,7,8.078896478482365e-7
1615,8,1.0299204914050126e-6
1615,9,1.2768517867361826e-5
1615,10,3.0348001315577213e-5
1615,11,3.378515644661797e-5
1615,12,3.621117237040409e-5
1616,1,3.091104848082014e-5
1616,2,2.120484923430752e-5
1616,3,2.516275613032601e-5
1616,4,2.9076191473552736e-5
1616,5,2.0327232184853724e-5
1616,6,6.3639517913501e-6
1616,7,7.476988428242377e-7
1616,8,1.412479131929946e-6
1616,9,1.528497399794724e-5
1616,10,3.671984444227283e-5
1616,11,3.8226268636737166e-5
1616,12,3.136945645782749e-5
1617,1,2.817785787880744e-5
1617,2,3.787523916159202e-5
1617,3,2.39027517498623e-5
1617,4,2.3576531813066166e-5
1617,5,1.7316100902295865e-5
1617,6,4.334346874015056e-6
1617,7,6.756958558197271e-7
1617,8,1.1027440978165735e-6
1617,9,1.1963794432082458e-5
1617,10,3.656469040220532e-5
1617,11,3.651040230362759e-5
1617,12,3.7629644555227403e-5
1618,1,2.8701049612229975e-05
1618,2,2.1807703754992565e-5
1618,3,2.020252361350784e-5
1618,4,2.596833818955529e-5
1618,5,1.5664993178666056e-5
1618,6,3.441066528129274e-6
1618,7,4.497088694731083e-7
1618,8,1.8806783493937536e-6
1618,9,8.240816740591285e-6
1618,10,3.9487859127605805e-5
1618,11,4.453058514019216e-5
1618,12,3.3979198822030814e-5
1619,1,2.687592909797291e-5
1619,2,2.115487318105301e-5
1619,3,2.6627445627006315e-5
1619,4,2.7214487476370685e-5
1619,5,1.589369706720995e-5
1619,6,5.01099213416039e-6
1619,7,5.548733174727325e-7
1619,8,4.5135470568831697e-7
1619,9,1.118750085319159e-5
1619,10,3.8221087082694475e-5
1619,11,4.546012679515565e-5
1619,12,2.9215505282800397e-5
1620,1,2.7158826679112378e-5
1620,2,2.4148032075042397e-5
1620,3,2.475926349397822e-5
1620,4,2.4460171533474646e-5
1620,5,1.981022698310787e-5
1620,6,6.563226624239988e-6
1620,7,3.248094843509614e-7
1620,8,9.895636084272908e-7
1620,9,1.1748749064376651e-5
1620,10,3.347839164902546e-5
1620,11,3.221295655261418e-5
1620,12,3.08701935353915e-5
1621,1,2.491285551950157e-5
1621,2,2.7396572839324146e-5
1621,3,2.5455700386123324e-5
1621,4,2.689949808187678e-5
1621,5,2.024784991568709e-5
1621,6,4.41051552326623e-6
1621,7,3.3781433898953956e-7
1621,8,8.379655760204424e-7
1621,9,1.1192708244762903e-5
1621,10,3.311262891858578e-5
1621,11,3.6270724805231814e-5
1621,12,3.3754767279957725e-5
1622,1,2.9344696358257274e-5
1622,2,2.6042991641690538e-5
1622,3,2.5379693383910187e-5
1622,4,2.154382414228253e-5
1622,5,9.31234740667587e-6
1622,6,4.479050240529575e-6
1622,7,7.174181039073966e-7
1622,8,1.579113161429201e-6
1622,9,1.0182771689233817e-5
1622,10,3.236272045407203e-5
1622,11,3.8604700932571884e-5
1622,12,2.9012450530446923e-5
1623,1,3.2574919091104496e-5
1623,2,2.3549504023270126e-5
1623,3,2.5117648907007457e-5
1623,4,1.728462398826467e-5
1623,5,1.6944819413554976e-5
1623,6,4.090809198103941e-6
1623,7,6.501803000906417e-7
1623,8,1.1481099833169682e-6
1623,9,1.4064240008790152e-5
1623,10,3.3643820367470105e-5
1623,11,3.2912135523073286e-5
1623,12,3.3849982947673506e-5
1624,1,3.4903955564066785e-5
1624,2,2.389266982298189e-5
1624,3,2.3348895162929704e-5
1624,4,2.2001572009680715e-5
1624,5,1.6562817385132996e-5
1624,6,4.510690473323798e-6
1624,7,1.0121392204001837e-6
1624,8,2.937015258408546e-7
1624,9,1.1609338919505589e-5
1624,10,3.9397711290722355e-5
1624,11,3.8983840474980116e-5
1624,12,2.9626698142715026e-5
1625,1,2.8878540113522507e-5
1625,2,3.0157377594214115e-5
1625,3,2.4838471771938987e-5
1625,4,2.1718266172833185e-5
1625,5,1.6966779900480852e-5
1625,6,4.9854675725982395e-6
1625,7,6.760739329213358e-7
1625,8,7.681198696760787e-7
1625,9,1.1591224948954767e-5
1625,10,4.241386780408299e-5
1625,11,3.7242189934451264e-5
1625,12,3.605396429300601e-5
1626,1,2.7467464426260734e-5
1626,2,3.689438952065742e-5
1626,3,2.9126939242025293e-5
1626,4,2.438761317806261e-5
1626,5,1.3226861866553676e-5
1626,6,2.9379456829296273e-6
1626,7,9.48370556147924e-7
1626,8,1.5350576897510354e-6
1626,9,1.2959561825047379e-5
1626,10,4.654951968366555e-5
1626,11,4.65535742099941e-5
1626,12,3.7161565045438314e-5
1627,1,3.771029464062284e-5
1627,2,2.5401592799228318e-5
1627,3,2.8336666354314417e-5
1627,4,2.0946142963535127e-5
1627,5,1.774628473263753e-5
1627,6,5.3114210692955465e-6
1627,7,8.40500570248303e-7
1627,8,6.807875233321657e-7
1627,9,9.314596746983509e-6
1627,10,3.985308735479514e-5
1627,11,3.351602603738137e-5
1627,12,3.547477264474369e-5
1628,1,2.941187498446431e-5
1628,2,2.535610320407703e-5
1628,3,2.2021835182745558e-5
1628,4,2.175115430006143e-5
1628,5,1.7170193856681375e-5
1628,6,5.718510131654216e-6
1628,7,3.8105436400280547e-7
1628,8,1.0780607058476618e-6
1628,9,9.163114416660767e-6
1628,10,3.5015830286648214e-5
1628,11,4.014994600967787e-5
1628,12,3.149684814507385e-5
1629,1,3.7075043155872715e-5
1629,2,3.0488710026342737e-5
1629,3,2.6963997407640948e-5
1629,4,2.8503130481798043e-5
1629,5,1.9790614714064697e-5
1629,6,4.931584341181933e-6
1629,7,6.555378858120393e-7
1629,8,6.929367646015411e-7
1629,9,1.4946955641026221e-5
1629,10,3.7534968513846674e-5
1629,11,3.347040711347221e-5
1629,12,3.983278832895739e-5
1630,1,2.8235078175367374e-5
1630,2,2.659166473505211e-5
1630,3,2.302463591119511e-5
1630,4,2.2119740440276925e-5
1630,5,1.1893763772784631e-5
1630,6,4.565072566045647e-6
1630,7,5.333379774423766e-7
1630,8,1.0919469119857853e-6
1630,9,9.822088754828887e-6
1630,10,4.645192927586638e-5
1630,11,4.2953801300256705e-5
1630,12,3.1379984004068534e-5
1631,1,2.8622778933728836e-5
1631,2,2.6934109566097612e-5
1631,3,2.3791814490924775e-5
1631,4,1.966900133010392e-5
1631,5,1.5410552178468412e-5
1631,6,6.1643756211330166e-6
1631,7,1.4094649061904863e-6
1631,8,1.2912042423583783e-6
1631,9,1.0413420763991964e-5
1631,10,4.538888591142305e-5
1631,11,3.5488519571443e-5
1631,12,3.5926752726430985e-5
1632,1,3.0849903474990265e-5
1632,2,2.4951938908281715e-5
1632,3,2.2265509021551625e-5
1632,4,2.3795705940823035e-5
1632,5,1.839497025596741e-5
1632,6,5.629912023607493e-6
1632,7,5.255263930270062e-7
1632,8,8.041301474182083e-7
1632,9,1.1355142417659892e-5
1632,10,4.1631577572361704e-5
1632,11,3.7542149813997885e-5
1632,12,3.328985848295428e-5
1633,1,2.6142637774685292e-5
1633,2,3.1668243145386186e-5
1633,3,3.212218659997236e-5
1633,4,2.4903430657227038e-5
1633,5,2.7009697257615745e-5
1633,6,1.0525312119869399e-5
1633,7,1.983884033210769e-6
1633,8,1.5315576807445725e-6
1633,9,1.0178686582203342e-5
1633,10,2.5915108342249518e-5
1633,11,3.299987410842441e-5
1633,12,2.7234550266653932e-5
1634,1,2.328197899638002e-5
1634,2,2.5089990394255166e-5
1634,3,2.2653736642754223e-5
1634,4,2.724881737063128e-5
1634,5,1.2927165523824288e-5
1634,6,4.708336971877964e-6
1634,7,3.2978530835642624e-7
1634,8,9.220804377049191e-7
1634,9,1.1697196834118642e-5
1634,10,4.006407771251088e-5
1634,11,3.538275986243777e-5
1634,12,3.1808647091451655e-5
1635,1,2.8123116174624284e-5
1635,2,2.363720795694585e-5
1635,3,2.5336439303982676e-5
1635,4,2.093169574921112e-5
1635,5,1.892054157561159e-5
1635,6,4.838304424041819e-6
1635,7,6.050900596229001e-7
1635,8,1.24625944143716e-6
1635,9,1.1467603208977158e-5
1635,10,3.2654627191377795e-5
1635,11,3.3967116842629005e-5
1635,12,4.0624143953455977e-5
1636,1,3.6141878594020025e-5
1636,2,2.9810243650585443e-5
1636,3,2.7543087186291668e-5
1636,4,2.8593200120652087e-5
1636,5,1.799911132561454e-5
1636,6,4.796741635344987e-6
1636,7,5.951043004426883e-7
1636,8,8.283433749358861e-7
1636,9,1.2883785910629e-5
1636,10,3.5308918779163585e-5
1636,11,3.807250738908011e-5
1636,12,3.509781735034079e-5
1637,1,3.2531687574171404e-5
1637,2,2.6613388745099104e-5
1637,3,2.807003470839395e-5
1637,4,2.53794003492052e-5
1637,5,1.5041121479787283e-5
1637,6,5.418932878624026e-6
1637,7,5.578968258779544e-7
1637,8,1.022765108966034e-6
1637,9,1.1931390977450195e-5
1637,10,3.673025281585238e-5
1637,11,3.794385916617818e-5
1637,12,3.1692092247370056e-5
1638,1,3.1545906245506166e-5
1638,2,2.564572211986406e-5
1638,3,2.668747300937703e-5
1638,4,2.1612371827146027e-5
1638,5,9.77642343286152e-6
1638,6,3.917148447039095e-6
1638,7,7.664078210927092e-7
1638,8,1.0093021487901434e-6
1638,9,7.711262476825517e-6
1638,10,3.936953865734554e-5
1638,11,3.9228154626603735e-5
1638,12,3.207218390228603e-5
1639,1,2.664387716675562e-5
1639,2,3.178978498410854e-5
1639,3,2.567263390964979e-5
1639,4,2.1857636992854905e-5
1639,5,1.6481730922366537e-5
1639,6,4.809314979191615e-6
1639,7,6.276899101050573e-7
1639,8,8.823028322912644e-7
1639,9,1.1474295658102485e-5
1639,10,3.9383683456941695e-5
1639,11,3.431004781237102e-5
1639,12,2.765302105247566e-5
1640,1,2.962949239547285e-5
1640,2,2.132051329792625e-5
1640,3,2.3392813469861366e-5
1640,4,1.736484634276046e-5
1640,5,1.8335882564817906e-5
1640,6,3.0741690232555567e-6
1640,7,4.116463891018331e-7
1640,8,5.79191139882637e-7
1640,9,8.776231669606264e-6
1640,10,4.767471120428924e-5
1640,11,3.333008219304025e-5
1640,12,3.358683093749973e-5
1641,1,3.769429111342251e-5
1641,2,2.4202776846895588e-5
1641,3,2.5735935155212893e-5
1641,4,2.4531424590127298e-5
1641,5,1.856158663244975e-5
1641,6,9.424071971013455e-6
1641,7,1.8830917557480593e-6
1641,8,1.0821160199099753e-6
1641,9,1.3441212924671566e-5
1641,10,3.810283103456509e-5
1641,11,3.55318087706601e-5
1641,12,3.31675886519593e-5
1642,1,2.6289174141979698e-5
1642,2,2.1646905535959916e-5
1642,3,2.212329980565857e-5
1642,4,2.3184687685657077e-5
1642,5,2.1042837452484617e-5
1642,6,5.817394780993583e-6
1642,7,9.563938668031774e-7
1642,8,1.1961149355861444e-6
1642,9,1.175838716408583e-5
1642,10,3.553524441273744e-5
1642,11,4.228674392972285e-5
1642,12,3.4986857064660135e-5
1643,1,3.4447118566840635e-5
1643,2,2.7590725319240695e-5
1643,3,2.3141957355345933e-5
1643,4,3.065669111686427e-5
1643,5,1.7220531149379607e-5
1643,6,5.6592118832329484e-6
1643,7,1.0909887770107764e-6
1643,8,7.575562659046867e-7
1643,9,1.0590462709777793e-5
1643,10,3.711706115379728e-5
1643,11,3.868481626874001e-5
1643,12,3.28719724997332e-5
1644,1,3.2022754723425126e-5
1644,2,3.0985128931410025e-5
1644,3,2.542019780340931e-5
1644,4,2.3148608989408807e-5
1644,5,1.6423040842679782e-5
1644,6,6.545525395615813e-6
1644,7,7.583904578640742e-7
1644,8,1.1031756796286613e-6
1644,9,1.666904247781737e-5
1644,10,4.28399259122494e-5
1644,11,4.0781587726712887e-5
1644,12,3.610347387389896e-5
1645,1,3.928249856841208e-5
1645,2,2.7350218306440383e-5
1645,3,2.6061410663290577e-5
1645,4,1.9989266474879944e-5
1645,5,1.2450906219684749e-5
1645,6,3.866985985403952e-6
1645,7,2.360190984285885e-7
1645,8,1.373970200053591e-6
1645,9,1.3207820425636008e-5
1645,10,4.1585266458293664e-5
1645,11,4.167371705369176e-5
1645,12,3.023936943300372e-5
1646,1,2.968042408488786e-5
1646,2,3.226561220318679e-5
1646,3,3.2616406771056394e-5
1646,4,2.42192614661063e-5
1646,5,1.5882948323559106e-5
1646,6,6.607146750154651e-6
1646,7,1.1317507828570592e-6
1646,8,1.733160685466789e-6
1646,9,1.2795743181089438e-5
1646,10,3.938716663034424e-5
1646,11,3.060636949727769e-5
1646,12,2.9205741320878038e-5
1647,1,2.470529355847722e-5
1647,2,2.7194984074240682e-5
1647,3,2.3985051355207848e-5
1647,4,2.1680256502812943e-5
1647,5,1.8778940780600255e-5
1647,6,7.08407717133595e-6
1647,7,4.6685092919027807e-7
1647,8,1.2042873509800359e-6
1647,9,9.845750405597766e-6
1647,10,3.9392389852177143e-5
1647,11,4.146243453422791e-5
1647,12,3.472801562974444e-5
1648,1,2.964154535942689e-5
1648,2,2.5527796192852704e-5
1648,3,2.048025522613623e-5
1648,4,2.0926769253407317e-5
1648,5,1.9577977801346814e-5
1648,6,3.846319583960184e-6
1648,7,4.108737262511972e-7
1648,8,9.833123129635378e-7
1648,9,1.2205969423742074e-5
1648,10,3.8318376742246146e-5
1648,11,4.081918445128473e-5
1648,12,3.714473379385879e-5
1649,1,2.812244341002596e-5
1649,2,2.595969071498587e-5
1649,3,2.554907097823007e-5
1649,4,2.370840558180955e-5
1649,5,1.3906432319840444e-5
1649,6,6.724234718230757e-6
1649,7,4.468568913808431e-7
1649,8,7.266282191468975e-7
1649,9,7.555064548245787e-6
1649,10,3.642867904262165e-5
1649,11,3.6588251019898114e-5
1649,12,3.111023627304213e-5
1650,1,3.194333026853365e-5
1650,2,2.8772265561098578e-5
1650,3,2.6712023047411406e-5
1650,4,3.5470359001614336e-5
1650,5,2.3853356416797582e-5
1650,6,6.151361337440525e-6
1650,7,8.327450544069645e-7
1650,8,8.630222886092601e-7
1650,9,6.1406857193487e-6
1650,10,3.516871967245984e-5
1650,11,3.990845688811031e-5
1650,12,3.132161148770074e-5
1651,1,3.313568546561616e-5
1651,2,2.2093787972588356e-5
1651,3,2.5067197226125042e-5
1651,4,2.373927352375665e-5
1651,5,1.6483296470387236e-5
1651,6,5.614587608876683e-6
1651,7,3.541110219027263e-7
1651,8,1.352831510349287e-6
1651,9,1.2196663058523228e-5
1651,10,4.068541590282157e-5
1651,11,3.915049222917204e-5
1651,12,3.351194470101791e-5
1652,1,3.48467494734508e-5
1652,2,2.9814271349003708e-5
1652,3,2.8228155590748816e-5
1652,4,2.0473913020837203e-5
1652,5,1.397841537282497e-5
1652,6,4.774500454965619e-6
1652,7,4.004995048487379e-7
1652,8,1.0530883632476449e-6
1652,9,7.745588890595946e-6
1652,10,3.906095239401115e-5
1652,11,3.6349991388695984e-5
1652,12,2.830858158617136e-5
1653,1,3.9778791261799407e-5
1653,2,3.0447609084019906e-5
1653,3,2.6957909423267608e-5
1653,4,2.1444597423704975e-5
1653,5,1.6351422141600884e-5
1653,6,5.377935655556258e-6
1653,7,7.508438232992194e-7
1653,8,1.0923683195181695e-6
1653,9,1.4558228014094244e-5
1653,10,3.8970217684293776e-5
1653,11,3.7231449100440555e-5
1653,12,4.059330925108567e-5
1654,1,2.791227210042408e-5
1654,2,2.3444831003452548e-5
1654,3,2.782658032932031e-5
1654,4,2.412569935098719e-5
1654,5,1.4518961089472301e-5
1654,6,6.986784736610846e-6
1654,7,4.6717513554893057e-7
1654,8,1.259946982022662e-6
1654,9,9.838505082377723e-6
1654,10,3.7850675559142154e-5
1654,11,3.1125199265330396e-5
1654,12,3.1565898941518005e-5
1655,1,2.7063712771692784e-5
1655,2,2.9511370256872334e-5
1655,3,2.3377956480411834e-5
1655,4,2.640132014761745e-5
1655,5,1.861045564061326e-5
1655,6,7.911965369948202e-6
1655,7,1.0856447054611733e-6
1655,8,1.1477543340629119e-6
1655,9,1.2039330050608081e-5
1655,10,2.8954565555867516e-5
1655,11,3.352148057210425e-5
1655,12,3.5443733581578044e-5
1656,1,2.808710875988967e-5
1656,2,2.3795411767646508e-5
1656,3,2.1642542704406012e-5
1656,4,2.475363793867185e-5
1656,5,2.08395311477718e-5
1656,6,5.970325050525284e-6
1656,7,1.6092209938318452e-6
1656,8,1.2753068842838681e-6
1656,9,1.3180657350584275e-5
1656,10,3.4254921528094e-5
1656,11,3.790394302590905e-5
1656,12,3.35611548007928e-5
1657,1,3.374175490401021e-5
1657,2,2.842354543199257e-5
1657,3,2.6973115015593797e-5
1657,4,2.4932491616749925e-5
1657,5,1.5295367750104198e-5
1657,6,5.591097286263731e-6
1657,7,8.821474517614096e-7
1657,8,6.82380528556657e-7
1657,9,1.4079252027406382e-5
1657,10,2.537990491511925e-5
1657,11,3.590090446865617e-5
1657,12,2.770990414068392e-5
1658,1,2.6935592957657342e-5
1658,2,2.3865952184753404e-5
1658,3,2.6988931745442543e-5
1658,4,2.89034766000683e-5
1658,5,1.847080895632601e-5
1658,6,5.8178260324630085e-6
1658,7,1.31731077769474e-6
1658,8,1.1706154971863363e-6
1658,9,7.514653652017439e-6
1658,10,3.4080654119007134e-5
1658,11,3.7658778603584205e-5
1658,12,3.3760736115444846e-5
1659,1,2.913745406969892e-5
1659,2,3.009772592178997e-5
1659,3,3.13808995496446e-5
1659,4,2.970025187843156e-5
1659,5,1.681453189734975e-5
1659,6,6.717735876207708e-6
1659,7,7.021865539283537e-7
1659,8,9.309619051336059e-7
1659,9,8.149428278960108e-6
1659,10,2.8814658488812657e-5
1659,11,2.7782475610211146e-5
1659,12,3.361791535375931e-5
1660,1,2.837328253341497e-5
1660,2,2.4990054106653873e-5
1660,3,2.175728355859469e-5
1660,4,2.5520286539700956e-5
1660,5,1.2134846460509215e-5
1660,6,4.5249108223411105e-6
1660,7,2.9586139496324e-7
1660,8,6.299253627969794e-7
1660,9,1.1453472940017893e-5
1660,10,2.7023562279322998e-5
1660,11,3.375972807033994e-5
1660,12,3.2672068699517254e-5
1661,1,2.9129560379091954e-5
1661,2,3.3854227731637386e-5
1661,3,2.3004133199374052e-5
1661,4,2.773835167415065e-5
1661,5,1.616153933571681e-5
1661,6,4.4515554275445745e-6
1661,7,1.0816281449853047e-6
1661,8,9.232300025270233e-7
1661,9,1.0358865525279704e-5
1661,10,3.167789164405538e-5
1661,11,3.405653652888706e-5
1661,12,3.1537353156214335e-5
1662,1,3.135070178898862e-5
1662,2,3.47816985840123e-5
1662,3,2.8896130855371917e-5
1662,4,2.982298145571265e-5
1662,5,2.450389527866833e-5
1662,6,7.578146385618567e-6
1662,7,1.082496658654414e-6
1662,8,1.1755983456355253e-6
1662,9,1.0252968316912194e-5
1662,10,2.5165385095308784e-5
1662,11,3.950228065991899e-5
1662,12,3.0083237112797804e-5
1663,1,2.416174027814552e-5
1663,2,2.2114801747505017e-5
1663,3,2.6755217214493764e-5
1663,4,2.4650197810198288e-5
1663,5,1.623202123752908e-5
1663,6,5.366017105266025e-6
1663,7,5.085156225428408e-7
1663,8,1.4034507341574622e-6
1663,9,9.84394291417684e-6
1663,10,2.6788239716345896e-5
1663,11,3.4305212590551775e-5
1663,12,3.043090029701471e-5
1664,1,2.8429529886977085e-5
1664,2,2.5080276494093243e-5
1664,3,1.8980400302543627e-5
1664,4,2.591800850876559e-5
1664,5,1.7938078789740655e-5
1664,6,4.698975071314845e-6
1664,7,8.639942275862636e-7
1664,8,6.893551638045102e-7
1664,9,1.814872521751869e-5
1664,10,3.902946301796451e-5
1664,11,3.4243047025709014e-5
1664,12,3.247817489483987e-5
1665,1,2.761524400738064e-5
1665,2,3.2019834335104104e-5
1665,3,2.7323815363597422e-5
1665,4,2.1807900369091674e-5
1665,5,1.4428844364491938e-5
1665,6,6.188013003984146e-6
1665,7,4.528553741299089e-7
1665,8,9.554174583658998e-7
1665,9,1.1479461437965345e-5
1665,10,3.6883566926207604e-5
1665,11,3.522433755514203e-5
1665,12,3.5949440674206995e-5
1666,1,4.0168000971564516e-5
1666,2,3.001010041884119e-5
1666,3,2.5641370507170538e-5
1666,4,3.001619295406879e-5
1666,5,1.8159434312021148e-5
1666,6,5.144460140625873e-6
1666,7,1.3301984546227595e-6
1666,8,1.3002838220432813e-6
1666,9,1.1029042950357903e-5
1666,10,3.687816879719723e-5
1666,11,4.191788942651735e-5
1666,12,3.135075735248339e-5
1667,1,3.293751189145494e-5
1667,2,2.936206256727798e-5
1667,3,2.6237120945911804e-5
1667,4,2.3031650106817172e-5
1667,5,1.2006217138697661e-5
1667,6,5.325063774396729e-6
1667,7,1.1057496164643367e-6
1667,8,4.447299722546406e-7
1667,9,9.002881606842065e-6
1667,10,3.340413416423968e-5
1667,11,3.8674400996548666e-5
1667,12,3.6903411465248316e-5
1668,1,3.147168646796017e-5
1668,2,2.3916552654704992e-5
1668,3,2.596526728581219e-5
1668,4,1.8124548705601207e-5
1668,5,1.3125605053391799e-5
1668,6,6.439355560428174e-6
1668,7,9.93704497721188e-7
1668,8,1.0971034253220382e-6
1668,9,1.1385215136891273e-5
1668,10,3.9304422611582145e-5
1668,11,3.3450341786024694e-5
1668,12,2.7176494331927326e-5
1669,1,3.2643133110596675e-5
1669,2,3.4290047209184904e-5
1669,3,2.4921408282467877e-5
1669,4,2.779400875067603e-5
1669,5,1.343917561943711e-5
1669,6,2.5017822928943995e-6
1669,7,1.6700385926279776e-7
1669,8,8.742108035612586e-7
1669,9,1.211006420223642e-5
1669,10,3.727597800613619e-5
1669,11,4.1482900167979544e-5
1669,12,3.1842375931514e-5
1670,1,2.333882724562921e-5
1670,2,2.763043165563973e-5
1670,3,2.703674777151647e-5
1670,4,2.4840771051262273e-5
1670,5,1.7143890540139463e-5
1670,6,4.006210560114362e-6
1670,7,5.818640872670909e-7
1670,8,8.666281034457613e-7
1670,9,1.1233082954084949e-5
1670,10,2.921557659745351e-5
1670,11,3.316941217095326e-5
1670,12,3.822685459100297e-5
1671,1,3.7190934908972756e-5
1671,2,2.6667249652808796e-5
1671,3,2.201741679959333e-5
1671,4,2.31678810391628e-5
1671,5,1.7192728637832766e-5
1671,6,3.2096751071489588e-6
1671,7,4.787914796751517e-7
1671,8,7.877788188963342e-7
1671,9,1.3097393616451638e-5
1671,10,3.7931141199136205e-5
1671,11,3.2162466863672445e-5
1671,12,2.6879332417225363e-5
1672,1,2.904268363497822e-5
1672,2,2.9901238382616388e-5
1672,3,2.8801790518831755e-5
1672,4,2.5287581662362065e-5
1672,5,1.8451959956054243e-5
1672,6,5.874073077747435e-6
1672,7,5.544205292148631e-7
1672,8,4.825800660797302e-7
1672,9,1.2376013673012593e-5
1672,10,3.8110889969599365e-5
1672,11,3.870088910739934e-5
1672,12,3.632645005361585e-5
1673,1,3.54712559697555e-5
1673,2,2.7107796582283042e-5
1673,3,3.0387051555915535e-5
1673,4,2.2889159040751994e-5
1673,5,1.9669557127543295e-5
1673,6,5.6594189232633575e-6
1673,7,9.711292842106036e-7
1673,8,9.465814959976907e-7
1673,9,7.857180314991861e-6
1673,10,2.719566091841993e-5
1673,11,3.110611321164986e-5
1673,12,2.9399898530509533e-5
1674,1,3.5417673820724786e-5
1674,2,3.2833249418308065e-5
1674,3,2.5179979708166668e-5
1674,4,2.342836957980658e-5
1674,5,1.6603244093550287e-5
1674,6,7.231904962244133e-6
1674,7,7.787782858990102e-7
1674,8,1.0929849165691361e-6
1674,9,1.1386164326819007e-5
1674,10,3.1907297635270215e-5
1674,11,3.296708224861415e-5
1674,12,2.8887019272183248e-5
1675,1,3.7804278359482646e-5
1675,2,2.704183348988576e-5
1675,3,2.7683945659466423e-5
1675,4,2.465162894577935e-5
1675,5,1.4765842792969985e-5
1675,6,6.3200406355948685e-6
1675,7,6.525091694621921e-7
1675,8,1.060863267508224e-6
1675,9,1.3816403226962069e-5
1675,10,4.213343136471835e-5
1675,11,3.3932728693359965e-5
1675,12,3.440405126606051e-5
1676,1,2.564986872552424e-5
1676,2,2.573875863462895e-5
1676,3,2.3732691776516976e-5
1676,4,2.503223830727836e-5
1676,5,1.648725326107021e-5
1676,6,4.135837768749989e-6
1676,7,3.718462077739931e-7
1676,8,1.174271024922735e-6
1676,9,9.20202733644642e-6
1676,10,3.845768849617076e-5
1676,11,4.035887361893969e-5
1676,12,2.9225393434829738e-5
1677,1,2.9466400980007802e-5
1677,2,2.9749571128642165e-5
1677,3,2.322215247398059e-5
1677,4,1.889346964834028e-5
1677,5,1.681856073651763e-5
1677,6,4.91298832725491e-6
1677,7,5.975610583316157e-7
1677,8,1.0666527997591707e-6
1677,9,9.432457189384418e-6
1677,10,3.923254498731074e-5
1677,11,3.290778307781632e-5
1677,12,3.0016109721197526e-5
1678,1,3.4599748163225456e-5
1678,2,3.078049113715465e-5
1678,3,3.1616720528236485e-5
1678,4,2.120174037473369e-5
1678,5,1.7262485973337708e-5
1678,6,6.490834259975332e-6
1678,7,3.382167520840477e-7
1678,8,5.824687303167055e-7
1678,9,7.30157060641641e-6
1678,10,4.284687570181237e-5
1678,11,3.621702499869946e-5
1678,12,3.0167344521195282e-5
1679,1,3.5297902860579943e-05
1679,2,3.112652612896365e-5
1679,3,2.7851915328133772e-5
1679,4,2.2814708462836602e-5
1679,5,1.32536065734626e-5
1679,6,4.08451601049915e-6
1679,7,5.749208804952887e-7
1679,8,7.502407917545146e-7
1679,9,1.4540333282589528e-5
1679,10,3.943319744773283e-5
1679,11,3.462410420160757e-5
1679,12,3.2144183659862766e-5
1680,1,3.0157200727796014e-5
1680,2,3.6466468575327925e-5
1680,3,3.11625355342372e-5
1680,4,2.5058268465735838e-5
1680,5,1.6593217061841383e-5
1680,6,5.212096401667678e-6
1680,7,7.228343620496387e-7
1680,8,1.0774354579666844e-6
1680,9,1.1566013080104658e-5
1680,10,2.5020153377928828e-5
1680,11,3.242988931145569e-5
1680,12,2.8715450841359334e-5
1681,1,2.6160331591032095e-5
1681,2,2.700884510902338e-5
1681,3,2.6068498865892682e-5
1681,4,2.141427818924079e-5
1681,5,1.7235915284774035e-5
1681,6,3.7739628593263976e-6
1681,7,7.601285958182343e-7
1681,8,6.953768683070675e-7
1681,9,1.032645925156139e-5
1681,10,4.298692551842592e-5
1681,11,3.662420260757909e-5
1681,12,3.899199148352558e-5
1682,1,2.7362447977465677e-5
1682,2,2.3763999497425074e-5
1682,3,2.2680855947143167e-5
1682,4,2.0189570965845305e-5
1682,5,1.87346736563646e-5
1682,6,7.039250662170928e-6
1682,7,8.502269750191235e-7
1682,8,5.18253460718379e-7
1682,9,1.2939697854158418e-5
1682,10,3.381105786800157e-5
1682,11,3.573133677750527e-5
1682,12,2.684401493272278e-5
1683,1,2.7545216583673665e-5
1683,2,3.095393463981821e-5
1683,3,2.17908733707644e-5
1683,4,2.043929836598004e-5
1683,5,1.7535456531202172e-5
1683,6,7.498933751302375e-6
1683,7,2.980311370151626e-7
1683,8,9.110688920038137e-7
1683,9,1.3177747106341444e-5
1683,10,3.670237906976213e-5
1683,11,3.3711292849487596e-5
1683,12,3.3231644487476835e-5
1684,1,3.429183201986827e-5
1684,2,3.146345632828998e-5
1684,3,2.700461601737972e-5
1684,4,2.5422642300505495e-5
1684,5,1.3646984899295019e-5
1684,6,6.185371209780897e-6
1684,7,1.2756899111907654e-6
1684,8,1.3187956515474945e-6
1684,9,1.1720307615774165e-5
1684,10,3.731672682847085e-5
1684,11,4.161393407718945e-5
1684,12,3.646568758338122e-5
1685,1,4.1584681001086286e-5
1685,2,3.367287840388446e-5
1685,3,2.3106621149900767e-5
1685,4,2.209391439062989e-5
1685,5,1.671426010996975e-5
1685,6,4.055725943684514e-6
1685,7,5.345455018651302e-7
1685,8,1.0500651549100547e-6
1685,9,8.981590969568702e-6
1685,10,3.6471759888316784e-5
1685,11,3.359738548250648e-5
1685,12,2.892847747679682e-5
1686,1,2.8019195606472575e-5
1686,2,3.17780751152464e-5
1686,3,2.9364196976119337e-5
1686,4,1.9342769859425774e-5
1686,5,1.2547270273181745e-5
1686,6,4.285497943568535e-6
1686,7,8.111066322383277e-7
1686,8,5.246733021992268e-7
1686,9,9.404064340286327e-6
1686,10,3.932294901386103e-5
1686,11,4.145753107515742e-5
1686,12,2.8726594131660037e-5
1687,1,3.272089781817496e-5
1687,2,3.0131531147947148e-5
1687,3,2.4282360252226856e-5
1687,4,2.349411911584156e-5
1687,5,1.383142483475822e-5
1687,6,5.666921016993499e-6
1687,7,7.150942539926321e-7
1687,8,1.172394263221937e-6
1687,9,1.0785782181799991e-5
1687,10,3.923263150280246e-5
1687,11,4.2523135113814206e-5
1687,12,3.0402829864644774e-5
1688,1,2.7046820696344432e-5
1688,2,2.5097033551603655e-5
1688,3,1.935422493441993e-5
1688,4,2.3466386433413055e-5
1688,5,1.7285977502585163e-5
1688,6,4.296621216086577e-6
1688,7,7.140384760629154e-7
1688,8,1.0785245396066407e-6
1688,9,8.60132414326246e-6
1688,10,3.6328856705043584e-5
1688,11,3.877755120448935e-5
1688,12,3.24906830713579e-5
1689,1,3.6222500195290494e-5
1689,2,2.5653527483908803e-5
1689,3,2.405769140195431e-5
1689,4,2.3760771303421715e-5
1689,5,1.4352261398049688e-5
1689,6,5.791767065430709e-6
1689,7,6.712615593348381e-7
1689,8,1.2417153559139534e-6
1689,9,9.809240481693497e-6
1689,10,3.673885227447093e-5
1689,11,3.267686482680985e-5
1689,12,3.0083345900918873e-5
1690,1,2.5463513821615928e-5
1690,2,3.2569873083358316e-5
1690,3,2.740154253296388e-5
1690,4,2.56815576657703e-5
1690,5,2.3270836292409444e-5
1690,6,9.036492064086581e-6
1690,7,5.367559411503903e-7
1690,8,4.1317855575755355e-7
1690,9,9.133116823582275e-6
1690,10,3.521299162857972e-5
1690,11,3.066510775540783e-5
1690,12,3.8224738767513004e-5
1691,1,3.272064783309082e-5
1691,2,2.720257169463681e-5
1691,3,1.8982504574860357e-5
1691,4,2.3289494668767564e-5
1691,5,1.7300550733689922e-5
1691,6,5.9374077482409765e-6
1691,7,3.1045187791754035e-7
1691,8,6.856417613844059e-7
1691,9,1.3869386695415716e-5
1691,10,3.345153125548381e-5
1691,11,3.728973412182395e-5
1691,12,3.5481692624580236e-5
1692,1,2.7732480563256965e-5
1692,2,2.1237013049129574e-5
1692,3,2.8711928375634147e-5
1692,4,2.5922279562761717e-5
1692,5,1.7152590804589395e-5
1692,6,5.668672799844803e-6
1692,7,6.838095228255945e-7
1692,8,9.465342838189596e-7
1692,9,9.346238238273193e-6
1692,10,3.981415958418177e-5
1692,11,3.2071377036420455e-5
1692,12,3.1905854446648445e-5
1693,1,3.2628803902572135e-5
1693,2,2.4831841468354427e-5
1693,3,2.104492712555293e-5
1693,4,2.1035429006540505e-5
1693,5,2.1123102498092805e-5
1693,6,5.925105494918926e-6
1693,7,6.799290136746896e-7
1693,8,5.188601561070104e-7
1693,9,9.268895027188716e-6
1693,10,3.8159740809471294e-5
1693,11,4.258759344345676e-5
1693,12,3.175394114421391e-5
1694,1,2.462150132344302e-5
1694,2,2.6082842962345596e-5
1694,3,3.0354892094844286e-5
1694,4,2.9329321593910064e-5
1694,5,1.9023759689823646e-5
1694,6,6.2946083896354955e-6
1694,7,6.457432254487568e-7
1694,8,1.1525095323894135e-6
1694,9,9.387348813432142e-6
1694,10,2.5382807892688046e-5
1694,11,3.6128710725363196e-5
1694,12,3.595611351001341e-5
1695,1,3.0351600613287056e-5
1695,2,2.6969135262392953e-5
1695,3,1.8211952019829458e-5
1695,4,2.2158325150645985e-5
1695,5,1.5410778764416865e-5
1695,6,3.6028125993276333e-6
1695,7,5.041204176890073e-7
1695,8,1.070434361828192e-6
1695,9,1.3673602926459058e-5
1695,10,3.688766687503107e-5
1695,11,3.6197626856957055e-5
1695,12,2.8846056767442595e-5
1696,1,3.133544257343546e-5
1696,2,2.9391586855673547e-5
1696,3,2.221003255048543e-5
1696,4,2.508345502404032e-5
1696,5,1.3079423820143012e-5
1696,6,4.932594824119694e-6
1696,7,7.053955689062792e-7
1696,8,8.036733784322699e-7
1696,9,1.701966539842415e-5
1696,10,4.373256748843307e-5
1696,11,3.221454798245402e-5
1696,12,3.3212307673946657e-5
1697,1,2.487645431555638e-5
1697,2,2.6084833104930396e-5
1697,3,2.423467110351461e-5
1697,4,2.6714742174293013e-5
1697,5,1.5120979731580948e-5
1697,6,5.254515919073629e-6
1697,7,6.740804547353195e-7
1697,8,1.1610205296882577e-6
1697,9,1.0061994519385065e-5
1697,10,3.7990331591708634e-5
1697,11,3.5633314690573786e-5
1697,12,3.1794075737828865e-5
1698,1,3.232737603229268e-5
1698,2,3.10166504404629e-5
1698,3,2.843994260802722e-5
1698,4,2.08458142258176e-5
1698,5,2.313159874721649e-5
1698,6,1.0295253170132394e-5
1698,7,1.8579904183636613e-6
1698,8,1.9222963090443687e-6
1698,9,1.5169523969901277e-5
1698,10,3.210675988516065e-5
1698,11,3.2982080279793776e-5
1698,12,3.966925507430119e-5
1699,1,2.960029670276944e-5
1699,2,3.423245404399404e-5
1699,3,2.2683674215231956e-5
1699,4,1.689340043368461e-5
1699,5,1.4513791939032745e-5
1699,6,6.539398640755334e-6
1699,7,5.412464411623159e-7
1699,8,7.047348552501315e-7
1699,9,1.3481871599174686e-5
1699,10,4.4653382831890864e-5
1699,11,3.5876530313023726e-5
1699,12,3.188538011846359e-5
1700,1,2.852740701790517e-5
1700,2,2.665669987043553e-5
1700,3,2.2485351976706928e-5
1700,4,2.6204232393953983e-5
1700,5,1.758822638516225e-5
1700,6,6.678346094548976e-6
1700,7,7.360820852044273e-7
1700,8,1.0368526749626595e-6
1700,9,1.27703597098142e-5
1700,10,4.554352135634772e-5
1700,11,3.68268945647336e-5
1700,12,2.896996603203237e-5
1701,1,3.441207016806626e-5
1701,2,3.6582328304633204e-5
1701,3,2.3854923492536107e-5
1701,4,1.5276067776153072e-5
1701,5,1.5429321157057393e-5
1701,6,6.071708440112151e-6
1701,7,1.271665571338865e-6
1701,8,1.0925191169016103e-6
1701,9,1.3352680709027045e-5
1701,10,3.8855145608182975e-5
1701,11,4.4100705353166474e-5
1701,12,3.835897618325248e-5
1702,1,3.643041336318021e-5
1702,2,2.3212218542071017e-5
1702,3,2.0890480440445072e-5
1702,4,2.6081332637856397e-5
1702,5,1.9807117816256732e-5
1702,6,7.8900404200208e-6
1702,7,9.699610784175092e-7
1702,8,1.6856590477446108e-6
1702,9,1.2194324191025369e-5
1702,10,4.0350566941303384e-5
1702,11,4.299321977683757e-5
1702,12,3.624496328645055e-5
1703,1,2.615321474796156e-5
1703,2,2.556933405468128e-5
1703,3,3.219750355626583e-5
1703,4,2.647476563932801e-5
1703,5,1.6959560606881868e-5
1703,6,7.215293276437553e-6
1703,7,1.2296975808236565e-6
1703,8,7.505925474576684e-7
1703,9,7.1108908260061735e-6
1703,10,3.4506395492523935e-5
1703,11,2.8700871721423906e-5
1703,12,3.241017320493449e-5
1704,1,3.157882987594137e-5
1704,2,2.8816817172856536e-5
1704,3,2.7682013611661294e-5
1704,4,2.6358342912822203e-5
1704,5,1.9440843751035318e-5
1704,6,6.902113823083577e-6
1704,7,1.1755498673877644e-6
1704,8,8.660234232663499e-7
1704,9,9.254637989921516e-6
1704,10,4.100918129876551e-5
1704,11,3.7487613210246404e-5
1704,12,3.775380462565747e-5
1705,1,3.5487424644845845e-5
1705,2,3.3281242709107825e-5
1705,3,2.7391031307866838e-5
1705,4,2.0122249281400963e-5
1705,5,1.7324529422303132e-5
1705,6,6.034488214464264e-6
1705,7,3.461382736444632e-7
1705,8,2.786348348189676e-7
1705,9,1.1758982170529e-5
1705,10,4.083793278188041e-5
1705,11,3.6009749838335744e-5
1705,12,3.388576359083236e-5
1706,1,3.3666381020480696e-5
1706,2,2.483045478363041e-5
1706,3,2.439018866723561e-5
1706,4,1.922258580710775e-5
1706,5,1.4088700578764458e-5
1706,6,5.008975152567179e-6
1706,7,1.098545079989873e-6
1706,8,1.1294522722488359e-6
1706,9,6.6102398126335745e-6
1706,10,2.987976612956396e-5
1706,11,3.990440851271231e-5
1706,12,3.008773471324308e-5
1707,1,2.4826840539718613e-5
1707,2,3.392226085855893e-5
1707,3,3.1020147977159034e-5
1707,4,2.4786340851750927e-5
1707,5,2.027397604472095e-5
1707,6,7.264481551506963e-6
1707,7,8.074763441634948e-7
1707,8,1.114566602640589e-6
1707,9,1.3164817525036814e-5
1707,10,3.606397103551963e-5
1707,11,4.1888514248267006e-5
1707,12,3.502356521539042e-5
1708,1,2.9430429127085653e-5
1708,2,3.287287920288566e-5
1708,3,2.4542472150208887e-5
1708,4,1.5701206791337693e-5
1708,5,1.7644984642585453e-5
1708,6,4.526766474342799e-6
1708,7,7.906837787258763e-7
1708,8,1.0679038063734185e-6
1708,9,9.73088067852751e-6
1708,10,3.699199347101116e-5
1708,11,3.477241020665224e-5
1708,12,3.0118077897606638e-5
1709,1,3.61986992801316e-5
1709,2,2.647818978940478e-5
1709,3,2.8413627450850812e-5
1709,4,3.349738652201704e-5
1709,5,1.5021657298400901e-5
1709,6,4.427783587170296e-6
1709,7,5.570797630611708e-7
1709,8,8.065565923476476e-7
1709,9,1.1961184788210781e-5
1709,10,3.519992243528151e-5
1709,11,3.095860631539865e-5
1709,12,3.147634228207553e-5
1710,1,2.425664600604974e-5
1710,2,2.7117457227281896e-5
1710,3,2.4574984871719916e-5
1710,4,2.4157643386437096e-5
1710,5,1.473687270355048e-5
1710,6,4.237898191046479e-6
1710,7,9.205664062471022e-7
1710,8,1.133787933695469e-6
1710,9,1.0675900607713516e-5
1710,10,3.2283764151614655e-5
1710,11,3.6933982436020516e-5
1710,12,2.9343699410942587e-5
1711,1,3.0406584703212103e-5
1711,2,2.5870951642895747e-5
1711,3,2.4976864150541644e-5
1711,4,2.1528294521293385e-5
1711,5,1.645067099123344e-5
1711,6,6.561039593014665e-6
1711,7,8.245713444146583e-7
1711,8,9.5891539138303e-7
1711,9,9.208831637668196e-6
1711,10,3.503443704724929e-5
1711,11,3.4221845302349937e-5
1711,12,2.7802231400910934e-5
1712,1,2.905917421577516e-5
1712,2,2.461823733204749e-5
1712,3,2.262436548779513e-5
1712,4,1.8472736841913563e-5
1712,5,1.5631421641966615e-5
1712,6,3.5063867765058564e-6
1712,7,3.096658787249387e-7
1712,8,1.1916933174069754e-6
1712,9,1.0491241539818374e-5
1712,10,4.1846799481777444e-5
1712,11,3.66105345424132e-5
1712,12,3.460467448234178e-5
1713,1,2.604978954236157e-5
1713,2,3.3791815874266674e-5
1713,3,2.6678858777549718e-5
1713,4,2.4138957335682643e-5
1713,5,1.7575097804567383e-5
1713,6,5.692769464042436e-6
1713,7,1.0979878875055786e-6
1713,8,1.8500279596966367e-6
1713,9,1.2822768803938755e-5
1713,10,3.6999465571913185e-5
1713,11,3.457254864817333e-5
1713,12,3.2301529854592474e-5
1714,1,2.6814305815999875e-5
1714,2,2.0729362490210904e-5
1714,3,2.118878686912232e-5
1714,4,2.1444537831009844e-5
1714,5,1.556007856928478e-5
1714,6,3.3593618703219466e-6
1714,7,5.491234140654226e-7
1714,8,6.968814254815235e-7
1714,9,1.2470389154724478e-5
1714,10,4.154578234920091e-5
1714,11,4.005531155295803e-5
1714,12,2.478591235385771e-5
1715,1,3.502298169895243e-5
1715,2,2.9815614518932077e-5
1715,3,2.6553594574000408e-5
1715,4,2.1273798282613807e-5
1715,5,1.378963874791835e-5
1715,6,4.6357541365454556e-6
1715,7,1.5263813968302428e-6
1715,8,5.228172946823828e-7
1715,9,1.1785742406387736e-5
1715,10,3.315842329499094e-5
1715,11,3.827199749820194e-5
1715,12,3.484409440946703e-5
1716,1,3.419466888899776e-5
1716,2,3.290332865996698e-5
1716,3,3.164430228226519e-5
1716,4,2.3968142948325674e-5
1716,5,2.0891799838837435e-5
1716,6,5.460060646335611e-6
1716,7,5.189609523796184e-7
1716,8,9.711376016430615e-7
1716,9,1.3073058152558896e-5
1716,10,3.857643131383302e-5
1716,11,3.0093577520539662e-5
1716,12,3.221904078945478e-5
1717,1,2.537944292383863e-5
1717,2,2.8062739775987955e-5
1717,3,2.409717767462599e-5
1717,4,2.0827461709357062e-5
1717,5,1.3602758917987213e-5
1717,6,5.608769129083372e-6
1717,7,4.260648003738304e-7
1717,8,6.688040116809269e-7
1717,9,1.1107782532514306e-5
1717,10,4.093329506056276e-5
1717,11,3.734460115101265e-5
1717,12,2.711177855953356e-5
1718,1,2.916248513757754e-5
1718,2,2.684828421756e-5
1718,3,2.250565811440456e-5
1718,4,1.8713807560175112e-5
1718,5,1.4668804950893717e-5
1718,6,6.787492616534034e-6
1718,7,5.584223283244847e-7
1718,8,6.189631385957615e-7
1718,9,8.700360987258784e-6
1718,10,3.762900054056472e-5
1718,11,3.533507611992664e-5
1718,12,3.446374834487714e-5
1719,1,3.5566078897120334e-5
1719,2,3.100224281779552e-5
1719,3,2.5042702784005506e-5
1719,4,1.9353499775282583e-5
1719,5,1.3815012572800649e-5
1719,6,4.387588597321764e-6
1719,7,8.856716948974088e-7
1719,8,5.430110629619743e-7
1719,9,9.87700984431878e-6
1719,10,4.0547618176782654e-5
1719,11,3.646615543706729e-5
1719,12,3.513108222861703e-5
1720,1,2.7235732128202023e-5
1720,2,2.9821729749847042e-5
1720,3,2.4892895624802283e-5
1720,4,2.836668117201399e-5
1720,5,1.8531103417691737e-5
1720,6,6.253353487892436e-6
1720,7,8.567886570953982e-7
1720,8,9.95176866406979e-7
1720,9,6.848696238199751e-6
1720,10,3.459201316367075e-5
1720,11,3.640729271733894e-5
1720,12,4.096359149217763e-5
1721,1,3.778161033206357e-5
1721,2,2.927950147619094e-5
1721,3,3.240001138475931e-5
1721,4,3.0147922001230268e-5
1721,5,1.9272215813468775e-5
1721,6,5.4577312837363236e-6
1721,7,1.1160457478049562e-6
1721,8,1.2768484335551586e-6
1721,9,1.3343088660294627e-5
1721,10,4.03408192078502e-5
1721,11,2.6809465522910585e-5
1721,12,2.8167646505705755e-5
1722,1,3.0286609473647065e-5
1722,2,2.6080942042808894e-5
1722,3,2.993859390184674e-5
1722,4,3.016095778915947e-5
1722,5,2.4420349545967996e-5
1722,6,8.087458025336975e-6
1722,7,1.5571164854337553e-6
1722,8,1.038179140050612e-6
1722,9,1.339482601414419e-5
1722,10,4.1899806501170975e-5
1722,11,3.403970683126448e-5
1722,12,2.703016699440631e-5
1723,1,2.672676680302085e-5
1723,2,2.6392284893472448e-5
1723,3,2.5110357639814358e-5
1723,4,2.200686948319995e-5
1723,5,1.4189236080141588e-5
1723,6,4.7797398148077e-6
1723,7,6.542665462066041e-7
1723,8,1.2520111772209539e-6
1723,9,1.2158245027343368e-5
1723,10,3.497228371099455e-5
1723,11,2.551490000927618e-5
1723,12,3.7907226882910206e-5
1724,1,3.572526772032741e-5
1724,2,2.8015163075099074e-5
1724,3,2.841014574052261e-5
1724,4,2.1742113094963722e-5
1724,5,1.2945914780447905e-5
1724,6,5.319914420617658e-6
1724,7,5.607126830914653e-7
1724,8,7.901586065162196e-7
1724,9,1.4495276403433835e-5
1724,10,4.065183992453841e-5
1724,11,3.59200945510053e-5
1724,12,2.3292717697603394e-5
1725,1,3.092405151677772e-5
1725,2,2.960728048948486e-5
1725,3,2.6295755531937565e-5
1725,4,2.318816408015701e-5
1725,5,1.830351765005087e-5
1725,6,8.717686069916208e-6
1725,7,5.50055484048116e-7
1725,8,7.0869927247088e-7
1725,9,1.0837943078859429e-5
1725,10,3.3607645441127525e-5
1725,11,3.3860770295932025e-5
1725,12,3.127679088213797e-5
1726,1,2.8444032538973368e-5
1726,2,2.6723814061475288e-5
1726,3,2.252841316136621e-5
1726,4,2.0984597044880475e-5
1726,5,1.7675679625384618e-5
1726,6,5.156785061079755e-6
1726,7,1.2006374044096333e-6
1726,8,6.395054398811111e-7
1726,9,7.29865508538623e-6
1726,10,3.596970352421136e-5
1726,11,3.487214006840018e-5
1726,12,3.4866855260491864e-5
1727,1,3.057817121232068e-5
1727,2,2.7349808832632437e-5
1727,3,2.6859629250378347e-5
1727,4,2.4023000413655465e-5
1727,5,1.6915411802633338e-5
1727,6,6.640660704682598e-6
1727,7,6.946630482832136e-7
1727,8,8.468737730703843e-7
1727,9,1.2075008527886671e-5
1727,10,3.577209613364723e-5
1727,11,2.8580345083642424e-5
1727,12,3.060277385779726e-5
1728,1,2.923999867870967e-5
1728,2,3.7752171906325153e-5
1728,3,2.2309875029456702e-5
1728,4,2.5138556028141595e-5
1728,5,1.8351747172202948e-5
1728,6,6.190995325044603e-6
1728,7,2.9087221940363255e-7
1728,8,6.252216375129697e-7
1728,9,1.2650103573011385e-5
1728,10,4.1075064474704535e-5
1728,11,3.109969312385372e-5
1728,12,3.170769053903935e-5
1729,1,3.176986073194132e-5
1729,2,2.4308906143006365e-5
1729,3,2.7794191050486363e-5
1729,4,2.2349386792839828e-5
1729,5,1.566290934279622e-5
1729,6,7.388402803484584e-6
1729,7,1.2403667259325537e-6
1729,8,1.2904217087036414e-6
1729,9,1.122955842682635e-5
1729,10,3.219768877297769e-5
1729,11,3.073070174348483e-5
1729,12,3.15624929192005e-5
1730,1,2.141226819459578e-5
1730,2,2.398666182255608e-5
1730,3,3.0202756493664884e-5
1730,4,2.3489563643482146e-5
1730,5,1.905631794039578e-5
1730,6,5.861608073426375e-6
1730,7,5.880976388369571e-7
1730,8,8.765015810111121e-7
1730,9,1.0220244690292558e-5
1730,10,3.2123018456528234e-5
1730,11,3.6122128751547907e-5
1730,12,3.3754412335478094e-5
1731,1,2.684980837723886e-5
1731,2,2.9863416580681038e-5
1731,3,2.2053401281811826e-5
1731,4,2.2664644048682545e-5
1731,5,1.7036471959041748e-5
1731,6,4.506774204672647e-6
1731,7,1.120664321355495e-6
1731,8,1.306877504922417e-6
1731,9,1.0976969533679331e-5
1731,10,4.003917722891316e-5
1731,11,4.1054844070187704e-5
1731,12,2.813549725662665e-5
1732,1,3.059025537231916e-5
1732,2,2.1925629563829167e-5
1732,3,2.49953158172422e-5
1732,4,2.428558002925162e-5
1732,5,1.576656750105339e-5
1732,6,5.691896269320617e-6
1732,7,6.682018379230177e-7
1732,8,5.521483925314005e-7
1732,9,1.1550783669654366e-5
1732,10,2.876823146586101e-5
1732,11,3.593323382471378e-5
1732,12,2.9399501186433996e-5
1733,1,2.424313674059812e-5
1733,2,2.5835660879728874e-5
1733,3,1.533908844015635e-5
1733,4,2.2210880973207334e-5
1733,5,1.2708551076300096e-5
1733,6,4.898770762712075e-6
1733,7,9.026840981227262e-7
1733,8,8.641342422352418e-7
1733,9,1.3023925252717968e-5
1733,10,3.396042659099847e-5
1733,11,3.0609215896544306e-5
1733,12,3.21743722186335e-5
1734,1,2.8674850483147433e-5
1734,2,2.4915193382192673e-5
1734,3,2.1268485055310988e-5
1734,4,2.1788826736141035e-5
1734,5,1.6771224631566226e-5
1734,6,5.157552423244462e-6
1734,7,4.57552138454131e-7
1734,8,7.272203839191573e-7
1734,9,9.143753444511978e-6
1734,10,4.1547295800182926e-5
1734,11,3.704315685765168e-5
1734,12,2.8440459364748e-5
1735,1,2.972071966627157e-5
1735,2,2.665300929535749e-5
1735,3,2.0554860633650145e-5
1735,4,2.0280173789689002e-5
1735,5,1.5073541283534124e-5
1735,6,5.765515832561022e-6
1735,7,8.033405140615931e-7
1735,8,8.881047026679501e-7
1735,9,9.547114012248403e-6
1735,10,2.9490550197186443e-5
1735,11,3.0924543745120494e-5
1735,12,3.046715435795115e-5
1736,1,2.2848208680038407e-5
1736,2,2.9114513066130328e-5
1736,3,2.8907471437647512e-5
1736,4,2.910105604800189e-5
1736,5,1.7987008797850166e-5
1736,6,7.201951413171045e-6
1736,7,5.399731692165123e-7
1736,8,7.425893953451849e-7
1736,9,1.4011963998645092e-5
1736,10,3.235052102387159e-5
1736,11,4.4216918887687076e-5
1736,12,3.624856054163417e-5
1737,1,3.612329522234484e-5
1737,2,2.782564974016164e-5
1737,3,2.2478340907292136e-5
1737,4,1.859430650397522e-5
1737,5,1.4161765932671107e-5
1737,6,5.471114201767759e-6
1737,7,7.985556534634727e-7
1737,8,1.0822037893179523e-6
1737,9,1.1209602564236814e-5
1737,10,4.356386000231076e-5
1737,11,2.813339359376433e-5
1737,12,3.955263543787116e-5
1738,1,3.112915770255745e-5
1738,2,3.7081220016991265e-5
1738,3,2.8362015150129964e-5
1738,4,2.5101850076609083e-5
1738,5,1.501778906582385e-5
1738,6,6.359505924929166e-6
1738,7,3.527078432486196e-7
1738,8,4.1597556719446067e-7
1738,9,8.175626595476235e-6
1738,10,3.721979494612801e-5
1738,11,3.0432982140270342e-5
1738,12,3.233043995696948e-5
1739,1,3.092295461799303e-5
1739,2,2.739103173815445e-5
1739,3,2.622673090539317e-5
1739,4,2.7474499867583796e-5
1739,5,2.245374196693646e-5
1739,6,1.1338637592114761e-5
1739,7,1.539257896313422e-6
1739,8,5.540984132028728e-7
1739,9,1.0028162583371678e-5
1739,10,3.239531660983951e-5
1739,11,3.798946878987585e-5
1739,12,3.077596985495379e-5
1740,1,3.084206492859987e-5
1740,2,3.3509757182613755e-5
1740,3,3.3602366453741654e-5
1740,4,3.193192549781431e-5
1740,5,2.0186350306783038e-5
1740,6,5.972151093989012e-6
1740,7,1.225784537902958e-6
1740,8,2.0769956946799587e-6
1740,9,1.3814428705203861e-5
1740,10,3.63045640708309e-5
1740,11,3.18104759519161e-5
1740,12,2.8658834332009347e-5
1741,1,2.78220098961179e-5
1741,2,3.70386175375095e-5
1741,3,2.8721157239781855e-5
1741,4,2.1530288959345566e-5
1741,5,2.009183397360508e-5
1741,6,4.266518241129138e-6
1741,7,7.959798119121748e-7
1741,8,1.759926443856938e-6
1741,9,1.4130116642912653e-5
1741,10,4.466780912537514e-5
1741,11,4.1507936905226626e-5
1741,12,3.9802162701475586e-5
1742,1,2.8933260841140254e-5
1742,2,2.4536889949073836e-5
1742,3,2.383153555663714e-5
1742,4,2.3939277002436033e-5
1742,5,1.4849272127175492e-5
1742,6,6.163236018290292e-6
1742,7,8.035239418697103e-7
1742,8,8.503399466156962e-7
1742,9,1.278368379836008e-5
1742,10,4.2392806623757205e-5
1742,11,3.4423162127876715e-5
1742,12,3.792304344535905e-5
1743,1,2.6303745268309507e-5
1743,2,2.4973279384267328e-5
1743,3,2.5096033037813857e-5
1743,4,2.598085805148427e-5
1743,5,1.6905609949857632e-5
1743,6,6.378996125177369e-6
1743,7,5.64152947815037e-7
1743,8,1.137245932305964e-6
1743,9,7.594845533812839e-6
1743,10,3.07852986873241e-5
1743,11,3.7420825067274393e-5
1743,12,3.5032263085546295e-5
1744,1,2.9989814640638923e-5
1744,2,2.8468061258515847e-5
1744,3,2.1929864683265378e-5
1744,4,2.7780215648477565e-5
1744,5,2.2626049611908572e-5
1744,6,6.59307244109692e-6
1744,7,5.482141538674482e-7
1744,8,6.366259142809929e-7
1744,9,1.0574744042476923e-5
1744,10,3.76819567699313e-5
1744,11,3.365018503791991e-5
1744,12,3.57653321370594e-5
1745,1,3.322161721799569e-5
1745,2,3.423175139909449e-5
1745,3,2.1419724410073688e-5
1745,4,1.6959472536304212e-5
1745,5,1.3697124449141406e-5
1745,6,4.182398077081343e-6
1745,7,5.824360185760005e-7
1745,8,5.995823262463223e-7
1745,9,1.2105437755351745e-5
1745,10,4.8591183258799895e-05
1745,11,4.022037152062944e-5
1745,12,3.322062669808819e-5
1746,1,3.270265345041547e-5
1746,2,2.4722246769430995e-5
1746,3,2.966913336906851e-5
1746,4,2.3145578063458425e-5
1746,5,1.78822078626448e-5
1746,6,5.977141064522944e-6
1746,7,6.037936296900566e-7
1746,8,8.344790384641529e-7
1746,9,1.0955782984904878e-5
1746,10,4.140002617014644e-5
1746,11,3.496635894262049e-5
1746,12,3.582243565159338e-5
1747,1,2.9540428090630265e-5
1747,2,2.421311507317388e-5
1747,3,2.1901047462811627e-5
1747,4,2.5640956855440007e-5
1747,5,1.7548949183344782e-5
1747,6,4.06911026775847e-6
1747,7,6.587458382036645e-7
1747,8,1.5017975700659123e-6
1747,9,8.90565871137806e-6
1747,10,4.178941575369451e-5
1747,11,3.7592556484531865e-5
1747,12,3.182042183706353e-5
1748,1,2.445077120798196e-5
1748,2,2.8341925448273362e-5
1748,3,2.4372782346548876e-5
1748,4,2.3717290444163786e-5
1748,5,2.0785702768035658e-5
1748,6,5.223795270967429e-6
1748,7,7.764015046282202e-7
1748,8,9.544261682265463e-7
1748,9,8.383906263607474e-6
1748,10,3.625835843622127e-5
1748,11,3.257381367459011e-5
1748,12,2.963149023988619e-5
1749,1,2.5642135007115604e-5
1749,2,2.3994267684225196e-5
1749,3,2.7495241139563555e-5
1749,4,2.234628987425421e-5
1749,5,2.3654205945569464e-5
1749,6,7.49253163180176e-6
1749,7,4.897073864607126e-7
1749,8,1.108986080186214e-6
1749,9,1.2849951916947025e-5
1749,10,3.514811997277429e-5
1749,11,3.14539587843873e-5
1749,12,4.658970185559021e-5
1750,1,3.1499226760620295e-5
1750,2,3.054995020130263e-5
1750,3,2.5242855775515203e-5
1750,4,1.9595903180998118e-5
1750,5,1.4672233014965727e-5
1750,6,5.991451026584959e-6
1750,7,7.755064328883757e-7
1750,8,5.694000520410544e-7
1750,9,1.0941137312471957e-5
1750,10,4.418069175589511e-5
1750,11,3.201874127055309e-5
1750,12,4.156189785875594e-5
1751,1,2.929328983786911e-5
1751,2,2.6749830047130053e-5
1751,3,1.976308387591427e-5
1751,4,2.2196221837680213e-5
1751,5,1.4004509884105264e-5
1751,6,4.909695388496365e-6
1751,7,2.9946539262695704e-7
1751,8,9.187713802224833e-7
1751,9,1.5817784585904832e-5
1751,10,4.28104312128617e-5
1751,11,4.1987043123019725e-5
1751,12,3.26419844541737e-5
1752,1,3.0189277800269386e-5
1752,2,2.6752382245078584e-5
1752,3,2.847070103546548e-5
1752,4,2.310512852297413e-5
1752,5,2.0082578904788248e-5
1752,6,5.337338264629702e-6
1752,7,1.6882828623054164e-6
1752,8,1.744383936675014e-6
1752,9,1.2198210326888427e-5
1752,10,3.2680048273399715e-5
1752,11,3.572896265758147e-5
1752,12,3.535726675621931e-5
1753,1,3.568232184157868e-5
1753,2,2.4773614997044564e-5
1753,3,2.2019678449913356e-5
1753,4,2.5266690902916765e-5
1753,5,1.810754877672567e-5
1753,6,4.9161783019527024e-06
1753,7,7.052654923268949e-7
1753,8,1.0329101184617451e-6
1753,9,1.0932890067890529e-5
1753,10,3.420909053304911e-5
1753,11,3.646053568230951e-5
1753,12,2.8156516324532126e-5
1754,1,3.265893125284782e-5
1754,2,2.264314211432725e-5
1754,3,2.0965266553624117e-5
1754,4,2.1577127982520097e-5
1754,5,1.515946408869986e-5
1754,6,5.675181960459376e-6
1754,7,4.11072137461066e-7
1754,8,1.3625795621988292e-6
1754,9,1.1002814580943963e-5
1754,10,3.53987049006676e-5
1754,11,3.487023867689964e-5
1754,12,2.8817787831353004e-5
1755,1,2.527236741824864e-5
1755,2,2.4939057326259733e-5
1755,3,2.7115902287209084e-5
1755,4,2.1644470552706793e-5
1755,5,1.6058768439405858e-5
1755,6,3.132798515228326e-6
1755,7,8.514574714528088e-7
1755,8,7.364308011284491e-7
1755,9,9.868946308166037e-6
1755,10,3.933081250767584e-5
1755,11,3.9616160391741624e-5
1755,12,3.356452505222294e-5
1756,1,3.366922701262126e-5
1756,2,2.613577334748535e-5
1756,3,2.1476707731112473e-5
1756,4,2.0841409236990276e-5
1756,5,1.7207994248107967e-5
1756,6,2.7558106631116213e-6
1756,7,5.772016179314923e-7
1756,8,6.984028626561481e-7
1756,9,1.2198961193929101e-5
1756,10,3.6163276280548e-5
1756,11,3.185602027628025e-5
1756,12,2.3264149206339822e-5
1757,1,3.113746094831386e-5
1757,2,3.140924679373253e-5
1757,3,2.7136619250804896e-5
1757,4,1.806239047709916e-5
1757,5,1.4862011955676552e-5
1757,6,5.731067222626741e-6
1757,7,6.49530553693583e-7
1757,8,1.3059438670311527e-6
1757,9,1.0654792456597825e-5
1757,10,3.702825519397855e-5
1757,11,3.4478905923016756e-5
1757,12,3.0337622264055758e-5
1758,1,2.696631047325764e-5
1758,2,2.1836917871437004e-5
1758,3,2.291790297352329e-5
1758,4,2.2084853035769538e-5
1758,5,1.439339089611733e-5
1758,6,4.298502369631089e-6
1758,7,5.542585141326846e-7
1758,8,1.2237997777389481e-6
1758,9,1.0751198067757371e-5
1758,10,3.649756486823606e-5
1758,11,4.362725426441578e-5
1758,12,3.652020993802161e-5
1759,1,2.771131389242549e-5
1759,2,2.1402684727999963e-5
1759,3,2.5473879263929703e-5
1759,4,1.979257066457355e-5
1759,5,1.5365041364234e-5
1759,6,4.951569848656602e-6
1759,7,9.209303038336809e-7
1759,8,6.620886490354856e-7
1759,9,5.721944220304805e-6
1759,10,2.9632245152291507e-5
1759,11,3.6030625925420915e-5
1759,12,2.585594147221167e-5
1760,1,3.878319066364679e-5
1760,2,2.8373778452106854e-5
1760,3,2.452393245207027e-5
1760,4,2.5363001075930263e-5
1760,5,1.8539347279763462e-5
1760,6,4.538088110643449e-6
1760,7,1.0301456142459036e-6
1760,8,7.595604749025546e-7
1760,9,9.756528242616322e-6
1760,10,4.532083452736533e-5
1760,11,3.474902221078364e-5
1760,12,4.677445771236538e-5
1761,1,3.569833619004646e-5
1761,2,3.077332408611332e-5
1761,3,2.7547384476568657e-5
1761,4,2.677762310544279e-5
1761,5,1.759458738442753e-5
1761,6,5.460445672368613e-6
1761,7,1.908651424382541e-6
1761,8,2.167395429947858e-6
1761,9,1.2956160834292603e-5
1761,10,3.390463833473578e-5
1761,11,3.8304220196768125e-5
1761,12,2.5933880608498692e-5
1762,1,2.3200357748991294e-5
1762,2,2.6705771502468972e-5
1762,3,2.351944929345812e-5
1762,4,2.0421638323486326e-5
1762,5,1.6864927688376347e-5
1762,6,5.326265780307295e-6
1762,7,6.822945965317308e-7
1762,8,1.052796675683234e-6
1762,9,1.058959708531354e-5
1762,10,4.0435874657957086e-5
1762,11,3.071252714810903e-5
1762,12,2.9760978909739855e-5
1763,1,2.2297560840537176e-5
1763,2,2.7829980060545608e-5
1763,3,3.3432877916690755e-5
1763,4,2.20015295638028e-5
1763,5,1.8497455085659087e-5
1763,6,7.948341305407862e-6
1763,7,1.4189330931718022e-6
1763,8,8.916821957496635e-7
1763,9,9.33034878189409e-6
1763,10,3.5521983854136474e-5
1763,11,3.0144834048130512e-5
1763,12,3.5679903538338104e-5
1764,1,2.7606193859786805e-5
1764,2,2.668088659573087e-5
1764,3,2.1462527853474003e-5
1764,4,2.215037178747798e-5
1764,5,1.8616979291298196e-5
1764,6,5.383097098216405e-6
1764,7,3.2995500478165604e-7
1764,8,2.3924224054232277e-6
1764,9,1.4260533771465205e-5
1764,10,3.2166355033215924e-5
1764,11,4.4828862501564715e-5
1764,12,3.6793381401606286e-5
1765,1,3.058003350050596e-5
1765,2,2.4349415675288352e-5
1765,3,3.089551214858423e-5
1765,4,1.8958458439785998e-5
1765,5,1.607241575549652e-5
1765,6,4.470274442161635e-6
1765,7,5.556404093510893e-7
1765,8,5.093631612609739e-7
1765,9,8.633341861435497e-6
1765,10,3.267470231238555e-5
1765,11,3.605934205905556e-5
1765,12,3.6630907290123964e-5
1766,1,3.3371733687285516e-5
1766,2,3.138007494243843e-5
1766,3,3.197921849794522e-5
1766,4,2.5416224956395026e-5
1766,5,1.6764815760548627e-5
1766,6,5.6209261925148275e-06
1766,7,5.12252731672834e-7
1766,8,1.021364959029195e-6
1766,9,9.604497826056963e-6
1766,10,4.609883481452048e-5
1766,11,4.421849397377923e-5
1766,12,3.116455671373662e-5
1767,1,2.2829899516489453e-5
1767,2,2.783559098081867e-5
1767,3,2.405268241432027e-5
1767,4,2.0700066528300598e-5
1767,5,1.3365668569069103e-5
1767,6,5.2525842813032695e-6
1767,7,8.931677317909309e-7
1767,8,8.747162026030079e-7
1767,9,1.4603390115128189e-5
1767,10,3.230235955654133e-5
1767,11,3.421738858983206e-5
1767,12,3.2106563480468e-5
1768,1,2.7096345953287033e-5
1768,2,2.6483562762269365e-5
1768,3,2.0894098178805872e-5
1768,4,2.1608642589707235e-5
1768,5,1.8103301799776582e-5
1768,6,3.2634076137688606e-6
1768,7,8.03516846449173e-7
1768,8,1.1765993742665688e-6
1768,9,1.1698097849395675e-5
1768,10,4.025172959689298e-5
1768,11,3.711474425333236e-5
1768,12,3.2962583365757326e-5
1769,1,2.3049137449534314e-5
1769,2,3.3074893273874705e-5
1769,3,2.3577765850611344e-5
1769,4,1.8942367499902494e-5
1769,5,1.4860870593723975e-5
1769,6,7.379766202123626e-6
1769,7,1.4478274022307123e-6
1769,8,1.624139079772521e-6
1769,9,1.3713239368902438e-5
1769,10,3.962752205730653e-5
1769,11,3.9587169098876095e-5
1769,12,3.3878988221363576e-5
1770,1,2.5831794640661483e-5
1770,2,2.4903028143896314e-5
1770,3,1.837925004503201e-5
1770,4,2.1889003686604726e-5
1770,5,2.2388229328548213e-5
1770,6,5.364775291037229e-6
1770,7,7.500883051372125e-7
1770,8,6.969312969346831e-7
1770,9,1.0637099975033882e-5
1770,10,3.887945709128331e-5
1770,11,3.481885186119895e-5
1770,12,2.8324938723532116e-5
1771,1,2.816974287219575e-5
1771,2,2.901721759241527e-5
1771,3,3.802317344070585e-5
1771,4,3.505216870631978e-5
1771,5,2.034539166340904e-5
1771,6,1.1286434735506485e-5
1771,7,1.889988325914566e-6
1771,8,1.1000489942283663e-6
1771,9,9.92769352663293e-6
1771,10,2.9817836602057334e-5
1771,11,4.144287104218802e-5
1771,12,2.591756896259911e-5
1772,1,2.8055591717295396e-5
1772,2,2.9846182262730758e-5
1772,3,2.212677090503503e-5
1772,4,1.8002947091139775e-5
1772,5,1.5399912742588233e-5
1772,6,4.8048261410817565e-6
1772,7,8.038344533898379e-7
1772,8,1.1915769058280333e-6
1772,9,8.004944933882834e-6
1772,10,5.002059237210245e-5
1772,11,3.678179501449988e-5
1772,12,3.434827817645775e-5
1773,1,3.102954876035547e-5
1773,2,2.070434217340527e-5
1773,3,2.4983801820127785e-5
1773,4,1.9847315809023424e-5
1773,5,1.7219554721180807e-5
1773,6,3.2204227283266663e-6
1773,7,6.359836579457428e-7
1773,8,6.95480559682859e-7
1773,9,1.3476435841061308e-5
1773,10,3.13997093003947e-5
1773,11,3.0436427607582214e-5
1773,12,3.352995227359475e-5
1774,1,3.308308081166603e-5
1774,2,2.224532462842017e-5
1774,3,2.963806576786799e-5
1774,4,2.7296296776472162e-5
1774,5,1.703013402944918e-5
1774,6,6.254698514442196e-6
1774,7,4.593362893878832e-7
1774,8,1.0282654234517733e-6
1774,9,1.2214694300684686e-5
1774,10,4.015789336725501e-5
1774,11,3.852429488085357e-5
1774,12,2.8882393978035944e-5
1775,1,2.5905191056919617e-5
1775,2,2.3665528907898647e-5
1775,3,2.1507299075807965e-5
1775,4,2.6245796690607064e-5
1775,5,2.008947689220594e-5
1775,6,5.804637848007528e-6
1775,7,1.0104689944195685e-6
1775,8,1.2055110473402234e-6
1775,9,1.1962230743124906e-5
1775,10,4.417843747668234e-5
1775,11,3.3624621305852715e-5
1775,12,3.467769600765423e-5
1776,1,3.334918537367528e-5
1776,2,3.1242265339542666e-5
1776,3,2.3368162911679437e-5
1776,4,2.310681166687958e-5
1776,5,1.4199624524752053e-5
1776,6,5.7820346715446404e-6
1776,7,1.6848671624387638e-6
1776,8,1.8434411605390897e-6
1776,9,1.5993383542581064e-5
1776,10,3.907891631038389e-5
1776,11,3.179825909070459e-5
1776,12,3.004084225072277e-5
1777,1,3.0335880890977024e-5
1777,2,2.9020325893883335e-5
1777,3,2.5123903455383967e-5
1777,4,2.30213781540698e-5
1777,5,1.2961570109129322e-5
1777,6,6.503222542112241e-6
1777,7,4.4391001393794934e-7
1777,8,4.544712192004101e-7
1777,9,1.5174448896167227e-5
1777,10,3.5145034112912375e-5
1777,11,3.486457293793292e-5
1777,12,3.1279347190987795e-5
1778,1,2.3393129394738452e-5
1778,2,2.5475784180331167e-5
1778,3,2.6798324157163477e-5
1778,4,2.094044162137e-5
1778,5,1.3795767088322657e-5
1778,6,4.656474818074214e-6
1778,7,5.515818918746394e-7
1778,8,1.1071983954884017e-6
1778,9,1.207516193593415e-5
1778,10,3.798189198653702e-5
1778,11,3.30976438046879e-5
1778,12,2.9595002246538452e-5
1779,1,2.770486400024589e-5
1779,2,2.955890448067141e-5
1779,3,1.9888147464936868e-5
1779,4,2.0877914271705852e-5
1779,5,1.6100942200156937e-5
1779,6,4.694661214510238e-6
1779,7,1.0554586000444104e-6
1779,8,6.534425900853995e-7
1779,9,9.568203397451887e-6
1779,10,3.446769590865768e-5
1779,11,4.030993614924269e-5
1779,12,3.039275845513922e-5
1780,1,2.0820516518424366e-5
1780,2,2.0860140260080053e-5
1780,3,2.2301318178682195e-5
1780,4,2.663585700783617e-5
1780,5,1.9736818611853534e-5
1780,6,7.444472461692594e-6
1780,7,1.2721139874443663e-6
1780,8,4.883047221628023e-7
1780,9,1.0461575622856865e-5
1780,10,3.148721682120507e-5
1780,11,3.50493209174758e-5
1780,12,2.9221336028463332e-5
1781,1,3.8374214330092515e-5
1781,2,2.458631243867334e-5
1781,3,1.699947578780126e-5
1781,4,1.8009077569322727e-5
1781,5,1.525274804899089e-5
1781,6,6.388754400183697e-6
1781,7,6.587508845948976e-7
1781,8,9.214199372118567e-7
1781,9,1.175793655197548e-5
1781,10,3.611048959154047e-5
1781,11,3.4208664871298915e-5
1781,12,3.3295719183257475e-5
1782,1,2.7137094830176333e-5
1782,2,2.46870171791408e-5
1782,3,2.6847470457777643e-5
1782,4,2.650749078116226e-5
1782,5,1.7010869556178308e-5
1782,6,6.4365768662210545e-6
1782,7,1.5947029279571136e-6
1782,8,1.2049934379200535e-6
1782,9,1.2050809623297198e-5
1782,10,3.7184036334289014e-5
1782,11,3.8150739581701923e-5
1782,12,3.797792569002949e-5
1783,1,3.552968636861008e-5
1783,2,2.5976787780755668e-5
1783,3,2.3730306981779133e-5
1783,4,2.0455731609557577e-5
1783,5,1.528334887300699e-5
1783,6,5.5285684473267306e-6
1783,7,2.1557325403123725e-6
1783,8,3.197510472119061e-6
1783,9,1.861451444028295e-5
1783,10,3.544480222462686e-5
1783,11,3.878311329885737e-5
1783,12,3.3334097666616666e-5
1784,1,3.116151644947972e-5
1784,2,3.186936585799678e-5
1784,3,2.865364432325931e-5
1784,4,1.9801296321805905e-5
1784,5,2.1933681955735448e-5
1784,6,1.1730828726936163e-5
1784,7,2.796762637303813e-6
1784,8,2.4328463307290785e-6
1784,9,1.4248347796184738e-5
1784,10,3.093389925420055e-5
1784,11,3.1993971941475365e-5
1784,12,2.81452612390841e-5
1785,1,2.865927165224536e-5
1785,2,2.674199650574566e-5
1785,3,2.170270647173108e-5
1785,4,1.9109004039442435e-5
1785,5,2.4680450238279325e-5
1785,6,6.672591456366078e-6
1785,7,1.5577488468829942e-6
1785,8,1.495058798886423e-6
1785,9,1.1887204690969711e-5
1785,10,2.7784913951516838e-5
1785,11,3.281958118933232e-5
1785,12,2.7945766286251057e-5
1786,1,2.8451337283921274e-5
1786,2,2.6244230036869505e-5
1786,3,2.463543822612709e-5
1786,4,2.633439983952965e-5
1786,5,1.600398488760401e-5
1786,6,9.013836092713072e-6
1786,7,9.63669127696764e-7
1786,8,1.5647120006632157e-6
1786,9,1.1366633754918262e-5
1786,10,4.698500462357245e-5
1786,11,4.201302977242123e-5
1786,12,3.187091550331568e-5
1787,1,2.3905287328911066e-5
1787,2,2.9658815288170606e-5
1787,3,2.6467787162686002e-5
1787,4,2.5023303619348817e-5
1787,5,1.6702690255856518e-5
1787,6,8.243080191850773e-6
1787,7,1.8315396484409675e-6
1787,8,1.3551489405588597e-6
1787,9,1.3964495108114026e-5
1787,10,4.026400152396809e-5
1787,11,3.393519872170201e-5
1787,12,3.307891251527711e-5
1788,1,3.048389696178299e-5
1788,2,2.9454712119217015e-5
1788,3,1.9131724156200893e-5
1788,4,1.8046637173224688e-5
1788,5,1.5205952977504346e-5
1788,6,4.424047422345624e-6
1788,7,3.178838594120656e-7
1788,8,1.281896887105989e-6
1788,9,1.328928460688622e-5
1788,10,3.453321033001497e-5
1788,11,4.145757480228327e-5
1788,12,3.415509859174261e-5
1789,1,2.985309972012985e-5
1789,2,2.2287668095741306e-5
1789,3,2.5663185677991464e-5
1789,4,2.0552477478121924e-5
1789,5,1.898781050460875e-5
1789,6,5.1752520039007e-6
1789,7,7.582749652544766e-7
1789,8,6.644858648154341e-7
1789,9,9.057072760370714e-6
1789,10,4.611578165486097e-5
1789,11,3.534301745197484e-5
1789,12,3.0128767077386792e-5
1790,1,2.926150159050477e-5
1790,2,2.573785420221432e-5
1790,3,2.2810311156141624e-5
1790,4,2.8571300219579863e-5
1790,5,1.750388568898004e-5
1790,6,5.649297953235939e-6
1790,7,1.0716077813316697e-6
1790,8,1.212357822691611e-6
1790,9,1.2991016345462566e-5
1790,10,2.794254856669944e-5
1790,11,3.4609491858000665e-5
1790,12,3.40308354486504e-5
1791,1,2.8757906174561948e-5
1791,2,3.240907795540222e-5
1791,3,3.178682502138301e-5
1791,4,2.4704416595756795e-5
1791,5,1.934182570081991e-5
1791,6,7.709147502466096e-6
1791,7,6.677284857143293e-7
1791,8,1.0753957853643677e-6
1791,9,1.4676268447157095e-5
1791,10,3.946064098242359e-5
1791,11,4.3011260295043846e-5
1791,12,3.454395637131456e-5
1792,1,3.3292781108585716e-5
1792,2,3.190191278347553e-5
1792,3,2.609440752452547e-5
1792,4,2.8343300554043844e-5
1792,5,1.4084503825895381e-5
1792,6,5.3072110457139996e-6
1792,7,7.137705409899002e-7
1792,8,1.1998171058910766e-6
1792,9,1.3405623239818272e-5
1792,10,4.268449514458755e-5
1792,11,3.91973962169555e-5
1792,12,3.661592592496348e-5
1793,1,4.184142417122788e-5
1793,2,3.7797078505700785e-5
1793,3,2.63132471731845e-5
1793,4,2.2502667310507405e-5
1793,5,1.4709166213537982e-5
1793,6,4.114656036217317e-6
1793,7,8.587844005884717e-7
1793,8,1.0991918138254976e-6
1793,9,1.4571624349024378e-5
1793,10,4.184417608036291e-5
1793,11,3.210737944331991e-5
1793,12,4.118403049264696e-5
1794,1,3.380583989737625e-5
1794,2,3.0562621898145465e-5
1794,3,3.200604148446024e-5
1794,4,2.459374643823822e-5
1794,5,1.834433052660494e-5
1794,6,6.413642674997283e-6
1794,7,1.534862540291752e-6
1794,8,9.375931564558368e-7
1794,9,1.1040050976834332e-5
1794,10,3.174987191926346e-5
1794,11,3.7386687769133424e-5
1794,12,3.595559874753925e-5
1795,1,3.127549220470275e-5
1795,2,2.96361939728775e-5
1795,3,2.8204313129728736e-5
1795,4,2.2800074478634213e-5
1795,5,1.5125170985386064e-5
1795,6,3.952652101815725e-6
1795,7,7.05431868574448e-7
1795,8,5.506428974495704e-7
1795,9,1.2108240624805325e-5
1795,10,2.845893633144889e-5
1795,11,3.8470895422816246e-5
1795,12,3.436781440365361e-5
1796,1,3.6662026571097165e-5
1796,2,3.379461416759345e-5
1796,3,3.338793231295667e-5
1796,4,2.9354015403316484e-5
1796,5,2.3847807926315687e-5
1796,6,7.082157978751729e-6
1796,7,7.613981696220963e-7
1796,8,1.5798871396856682e-6
1796,9,1.0373431128591378e-5
1796,10,3.899804272394899e-5
1796,11,4.026762173623966e-5
1796,12,3.378042322890721e-5
1797,1,3.540356726586804e-5
1797,2,3.20760305849334e-5
1797,3,2.3694331033299595e-5
1797,4,2.1947527853508575e-5
1797,5,1.3139158429535235e-5
1797,6,5.514258361459294e-6
1797,7,5.819253135959179e-7
1797,8,1.4900566469390267e-6
1797,9,1.0147786893150496e-5
1797,10,3.0441270589752464e-5
1797,11,4.0565897903783744e-5
1797,12,3.35342022746113e-5
1798,1,3.672960821768705e-5
1798,2,3.769915601541072e-5
1798,3,2.4808842231831207e-5
1798,4,1.942269479875985e-5
1798,5,1.3162791216782295e-5
1798,6,4.760918467646774e-6
1798,7,6.325753380082992e-7
1798,8,1.5567737641892576e-6
1798,9,1.3848775149497024e-5
1798,10,3.066428066378769e-5
1798,11,3.73849986295508e-5
1798,12,2.9329504630293833e-5
1799,1,2.945500484141293e-5
1799,2,3.1701338821383995e-5
1799,3,2.6470306821268163e-5
1799,4,1.8195341783174507e-5
1799,5,1.071697936488332e-5
1799,6,5.0439134382074095e-6
1799,7,4.1180042938232377e-7
1799,8,5.766703294574945e-7
1799,9,9.949063516939998e-6
1799,10,3.279570045036805e-5
1799,11,3.147656377442003e-5
1799,12,3.342261584228054e-5
1800,1,3.180978135703843e-5
1800,2,3.0329522257584327e-5
1800,3,2.4695858258450803e-5
1800,4,2.1734116081364944e-5
1800,5,1.6722691949560516e-5
1800,6,5.4943916407375646e-6
1800,7,7.811957150269274e-7
1800,8,5.111756202179932e-7
1800,9,1.1761481877040008e-5
1800,10,3.717395036630138e-5
1800,11,3.902479049667033e-5
1800,12,3.1626257161476574e-5
1801,1,2.9116558464731162e-5
1801,2,1.908788587483705e-5
1801,3,2.2177555057390615e-5
1801,4,2.0222114790217496e-5
1801,5,2.3574089726848633e-5
1801,6,6.259059950664386e-6
1801,7,5.550919956462377e-7
1801,8,5.390982989988297e-7
1801,9,1.0881213187375684e-5
1801,10,3.930613743620422e-5
1801,11,4.249964260386663e-5
1801,12,4.311131189952723e-5
1802,1,3.4103784384891026e-5
1802,2,2.879018636561478e-5
1802,3,3.453768168812206e-5
1802,4,2.823512445601167e-5
1802,5,1.848577349574153e-5
1802,6,2.793953773607753e-6
1802,7,6.861025225465225e-7
1802,8,1.1640169426518444e-6
1802,9,1.3276857900560998e-5
1802,10,4.552108113382573e-5
1802,11,4.6576979018648034e-5
1802,12,3.887067722668508e-5
1803,1,3.079722536114423e-5
1803,2,3.359905334566473e-5
1803,3,2.7187056848831966e-5
1803,4,3.205202131999721e-5
1803,5,2.0466488949358524e-5
1803,6,4.125419215824526e-6
1803,7,1.0375225453181233e-6
1803,8,9.346179171078849e-7
1803,9,1.1194474721582541e-5
1803,10,3.6125618482346755e-5
1803,11,3.3968041103946985e-5
1803,12,2.981377873478466e-5
1804,1,2.7482502232087667e-5
1804,2,2.460471170516447e-5
1804,3,2.026890348913076e-5
1804,4,2.4288752715158034e-5
1804,5,1.9013912976230822e-5
1804,6,7.211921136991667e-6
1804,7,7.049204793735537e-7
1804,8,5.548569460302832e-7
1804,9,7.334672076825025e-6
1804,10,3.2840859613307996e-5
1804,11,3.428647154813098e-5
1804,12,3.0772980812597e-5
1805,1,3.898814130828144e-5
1805,2,3.687563740501364e-5
1805,3,2.7207469751401737e-5
1805,4,2.556839773843115e-5
1805,5,1.9547347649276623e-5
1805,6,4.982987074873226e-6
1805,7,8.161529485343223e-7
1805,8,1.5055765064499974e-6
1805,9,7.424043560921733e-6
1805,10,4.4098943971091436e-5
1805,11,3.591156653467989e-5
1805,12,2.7883680209816292e-5
1806,1,3.572598787310234e-5
1806,2,2.6486131882275334e-5
1806,3,2.5714454181340023e-5
1806,4,2.1218257946002434e-5
1806,5,1.4923855492973963e-5
1806,6,5.2837045257360286e-6
1806,7,6.558403801124873e-7
1806,8,8.103191882456555e-7
1806,9,7.37495818189e-6
1806,10,3.361088198842664e-5
1806,11,3.3271213304261434e-5
1806,12,3.739306113268611e-5
1807,1,3.0319232986740854e-5
1807,2,2.7560108525134707e-5
1807,3,2.357643127436011e-5
1807,4,2.4791537225130427e-5
1807,5,2.4956277447199793e-5
1807,6,5.133224028257407e-6
1807,7,6.537897514195041e-7
1807,8,5.91944577628943e-7
1807,9,1.1572436667955738e-5
1807,10,4.107365599623893e-5
1807,11,3.490620080363914e-5
1807,12,4.0633753266740645e-5
1808,1,3.2914884587280274e-5
1808,2,3.143870132356357e-5
1808,3,2.356327149707749e-5
1808,4,2.60301611584061e-5
1808,5,1.5864293405341356e-5
1808,6,5.459728874213451e-6
1808,7,8.098621321347328e-7
1808,8,1.3577705038319505e-6
1808,9,9.831952273475221e-6
1808,10,3.3279690524653155e-5
1808,11,3.950297938406912e-5
1808,12,4.127206552076955e-5
1809,1,3.6769291141675e-5
1809,2,3.0550450744988884e-5
1809,3,3.1086784079335035e-5
1809,4,1.9167059714508276e-5
1809,5,1.6144666680729014e-5
1809,6,8.328786137441242e-6
1809,7,7.207473174035348e-7
1809,8,1.007466923226978e-6
1809,9,8.726157564137716e-6
1809,10,3.6085586619479546e-5
1809,11,3.578099852444245e-5
1809,12,3.053379411762499e-5
1810,1,3.791501219823059e-5
1810,2,2.8964759038550088e-5
1810,3,2.0146164817483717e-5
1810,4,2.216872698329447e-5
1810,5,2.0599175569597208e-5
1810,6,8.715411752158543e-6
1810,7,9.837114682552073e-7
1810,8,7.659128908514662e-7
1810,9,9.639138633733506e-6
1810,10,4.26610166711807e-5
1810,11,4.083399827470813e-5
1810,12,3.0013312990955645e-5
1811,1,3.0917637225051475e-5
1811,2,3.094701455860291e-5
1811,3,3.362402773364607e-5
1811,4,2.2876777019685715e-5
1811,5,1.7287036444373217e-5
1811,6,6.929716168603286e-6
1811,7,1.6884955496601032e-6
1811,8,1.8125684197332452e-6
1811,9,1.225097238227327e-5
1811,10,3.7042041477075154e-5
1811,11,4.343838771400221e-5
1811,12,2.9214304625229425e-5
1812,1,3.3872578279849126e-5
1812,2,2.2145762895881507e-5
1812,3,3.165656133863903e-5
1812,4,2.6930667655149714e-5
1812,5,1.914642055629348e-5
1812,6,6.618739076054592e-6
1812,7,5.003865607253942e-7
1812,8,1.0488720857581882e-6
1812,9,8.693867525419475e-6
1812,10,3.865955606902325e-5
1812,11,3.941386814525675e-5
1812,12,3.43390791219108e-5
1813,1,2.8529289320019247e-5
1813,2,3.7599707172407184e-5
1813,3,2.2310568524625477e-5
1813,4,2.17089080044785e-5
1813,5,1.4429576438914329e-5
1813,6,5.040651652330282e-6
1813,7,5.735993595087888e-7
1813,8,1.3024475972081081e-6
1813,9,1.4000903933380457e-5
1813,10,3.817666031092667e-5
1813,11,3.659184723139442e-5
1813,12,3.380808843910236e-5
1814,1,4.0016410559774245e-5
1814,2,3.21634972070737e-5
1814,3,2.0947959065090482e-5
1814,4,1.6733296547997764e-5
1814,5,1.2507247811170099e-5
1814,6,5.345332893815667e-6
1814,7,8.402827204426029e-7
1814,8,8.235089595495805e-7
1814,9,9.98914646446219e-6
1814,10,3.629357070565165e-5
1814,11,3.548089365638863e-5
1814,12,3.661412746068675e-5
1815,1,3.449096656445212e-5
1815,2,3.0213242434772873e-5
1815,3,2.4116883189881093e-5
1815,4,2.5764500022570115e-5
1815,5,1.580591928718329e-5
1815,6,5.1520719152895684e-6
1815,7,7.851825648184949e-7
1815,8,7.315371542800496e-7
1815,9,1.0579532347971675e-5
1815,10,4.064823514519074e-5
1815,11,3.357434751599752e-5
1815,12,3.1209338809649226e-5
1816,1,3.2820227326249385e-5
1816,2,2.4510246262868805e-5
1816,3,2.010561972938135e-5
1816,4,1.9118401952551e-5
1816,5,1.5274515053066254e-5
1816,6,5.140707134758887e-6
1816,7,1.9039435266419142e-6
1816,8,1.1572145536287698e-6
1816,9,1.0005391060338283e-5
1816,10,4.161287257413133e-5
1816,11,3.878184304995427e-5
1816,12,4.074954065622183e-5
1817,1,3.399766038116011e-5
1817,2,2.5399223111972045e-5
1817,3,2.881895259296729e-5
1817,4,2.601694357099691e-5
1817,5,1.7924385179655132e-5
1817,6,7.521797164595266e-6
1817,7,1.1270530360271483e-6
1817,8,1.1909315902334096e-6
1817,9,1.255495776507688e-5
1817,10,3.7381272976224815e-5
1817,11,3.079993652887619e-5
1817,12,3.367105221670611e-5
1818,1,3.233040595215221e-5
1818,2,2.334043188637645e-5
1818,3,2.630109684000101e-5
1818,4,1.9339434322330703e-5
1818,5,1.5001754490817768e-5
1818,6,5.239031434295055e-6
1818,7,5.464470594651368e-7
1818,8,9.343149511897377e-7
1818,9,9.701752858042662e-6
1818,10,3.218067330403795e-5
1818,11,4.110844340735605e-5
1818,12,3.801620861278424e-5
1819,1,2.963338154427427e-5
1819,2,2.1779649993383006e-5
1819,3,1.995707725383449e-5
1819,4,2.7044510762007586e-5
1819,5,2.0423349794512702e-5
1819,6,4.8384901584413e-6
1819,7,7.376268780028444e-7
1819,8,1.4332880604453227e-6
1819,9,1.529942663760545e-5
1819,10,3.8706117338350894e-5
1819,11,3.495967236138472e-5
1819,12,2.9186546703920956e-5
1820,1,2.614856693018901e-5
1820,2,2.3924430830760888e-5
1820,3,2.7150587522589894e-5
1820,4,2.6046307838902594e-5
1820,5,2.0943518093628694e-5
1820,6,8.052026403106477e-6
1820,7,9.712441046836128e-7
1820,8,5.286302611468244e-7
1820,9,1.0171993513989497e-5
1820,10,3.6013442238750566e-5
1820,11,3.676101789555084e-5
1820,12,3.4373708366341886e-5
1821,1,3.84426077877843e-5
1821,2,3.2178459617140926e-5
1821,3,2.2549873865085996e-5
1821,4,2.1092289965608982e-5
1821,5,1.764263392562047e-5
1821,6,5.312451769659577e-6
1821,7,9.47920606464426e-7
1821,8,9.936759225719082e-7
1821,9,8.395935950457016e-6
1821,10,3.7114821007216805e-5
1821,11,3.192125891312055e-5
1821,12,3.503159194355737e-5
1822,1,2.893481738189044e-5
1822,2,2.2622799060426036e-5
1822,3,2.0535548742494582e-5
1822,4,1.4435956238611531e-5
1822,5,1.4031558697226603e-5
1822,6,5.09630069268118e-6
1822,7,1.1608450812531884e-6
1822,8,1.1342159298946508e-6
1822,9,9.70789156790492e-6
1822,10,4.537787437264328e-5
1822,11,3.287865042790485e-5
1822,12,2.720547687259279e-5
1823,1,2.9475836144291722e-5
1823,2,2.4765416169529815e-5
1823,3,2.3365557420118185e-5
1823,4,2.85821741387826e-5
1823,5,1.9458166444131693e-5
1823,6,8.03476982922818e-6
1823,7,2.1505204276478875e-6
1823,8,6.024218336096007e-7
1823,9,9.845931637694079e-6
1823,10,3.522504671514158e-5
1823,11,3.6190159191703606e-5
1823,12,3.059233027195629e-5
1824,1,3.545809619468892e-5
1824,2,3.188537886735105e-5
1824,3,2.2603521197911212e-5
1824,4,1.822859082313402e-5
1824,5,1.4357568437414359e-05
1824,6,4.151524063550786e-6
1824,7,6.337787567893418e-7
1824,8,8.402189408122367e-7
1824,9,1.1544224417210069e-5
1824,10,4.5585576569672436e-5
1824,11,4.279758579247276e-5
1824,12,2.9195053541573804e-5
1825,1,2.5473662898770244e-5
1825,2,2.463830564786622e-5
1825,3,2.3360597251310914e-5
1825,4,2.1758569234352597e-5
1825,5,8.324532127244664e-6
1825,6,3.884713655317753e-6
1825,7,1.8136616031920498e-7
1825,8,1.258327234461175e-6
1825,9,7.217081798327467e-6
1825,10,2.6981480851292647e-5
1825,11,3.779861544365713e-5
1825,12,2.9120045581335475e-5
1826,1,2.9448229975806973e-5
1826,2,2.8336688564472812e-5
1826,3,2.2344235298015977e-5
1826,4,2.381183930993134e-5
1826,5,1.4581971700679933e-5
1826,6,5.524094019068575e-6
1826,7,1.0469457162216987e-6
1826,8,9.36135561812987e-7
1826,9,9.967547496728172e-6
1826,10,4.693741105253497e-5
1826,11,3.78982981745189e-5
1826,12,3.063637751466404e-5
1827,1,3.136153668046492e-5
1827,2,2.549667006419046e-5
1827,3,2.4324243994050753e-5
1827,4,2.611617478025134e-5
1827,5,1.6870647255267584e-5
1827,6,4.908104451335145e-6
1827,7,8.127488600786225e-7
1827,8,4.677720767811533e-7
1827,9,8.04687350954244e-6
1827,10,3.8061711440726345e-5
1827,11,4.113638012392733e-5
1827,12,3.166389110334645e-5
1828,1,3.431242082119387e-5
1828,2,2.592917380880706e-5
1828,3,2.6904244802116697e-5
1828,4,1.678421776814153e-5
1828,5,1.2777870425832754e-5
1828,6,4.865438144943739e-6
1828,7,4.807070754534547e-7
1828,8,9.8847589094692e-7
1828,9,8.501926001635917e-6
1828,10,3.508665630611836e-5
1828,11,3.422823699948518e-5
1828,12,3.207147107767228e-5
1829,1,3.478651103094373e-5
1829,2,3.621497706944173e-5
1829,3,3.3028662120144014e-5
1829,4,2.377541657624005e-5
1829,5,1.8224213621322532e-5
1829,6,4.64412339851562e-6
1829,7,1.2180271892415012e-6
1829,8,1.0704647076845506e-6
1829,9,5.973969494415236e-6
1829,10,3.257622068494521e-5
1829,11,3.809243979360473e-5
1829,12,3.73581844651302e-5
1830,1,2.8465716249652605e-5
1830,2,3.266754118354432e-5
1830,3,2.760897219396401e-5
1830,4,2.2052224702447684e-5
1830,5,1.4587663879909972e-5
1830,6,6.6426293581722625e-6
1830,7,1.4229925493114368e-6
1830,8,7.677870535837675e-7
1830,9,1.0188001643269796e-5
1830,10,3.328831447535204e-5
1830,11,4.8565671162616904e-5
1830,12,3.6717551579813705e-5
1831,1,3.201524340102983e-5
1831,2,2.654997380101776e-5
1831,3,2.4099074890376965e-5
1831,4,2.7335891458529457e-5
1831,5,1.1160262670130938e-5
1831,6,5.942692691937131e-6
1831,7,6.826406331443005e-7
1831,8,1.0402103920867495e-6
1831,9,1.17936543539788e-5
1831,10,2.9356971201318425e-5
1831,11,3.810085273317296e-5
1831,12,3.0097508558455744e-5
1832,1,3.582118099488619e-5
1832,2,2.7419249533151178e-5
1832,3,2.319035036262096e-5
1832,4,2.2828693394503225e-5
1832,5,1.7052073732449947e-5
1832,6,6.80859358014866e-6
1832,7,4.5322034838096246e-7
1832,8,1.017207263156748e-6
1832,9,1.2093721867508498e-5
1832,10,4.181123024334509e-5
1832,11,3.193213835429687e-5
1832,12,2.4340388823364653e-5
1833,1,2.2911463589578355e-5
1833,2,2.1603598995653272e-5
1833,3,2.3647266069607386e-5
1833,4,2.5393857332283507e-5
1833,5,1.672741438079751e-5
1833,6,4.682925635680218e-6
1833,7,4.7666883419985896e-7
1833,8,1.092827582862488e-6
1833,9,8.855191049596117e-6
1833,10,3.164761305695086e-5
1833,11,3.1373811684911794e-5
1833,12,3.441892285326232e-5
1834,1,3.384848428129817e-5
1834,2,2.7120125166691957e-5
1834,3,2.338523853549023e-5
1834,4,1.827688249036364e-5
1834,5,1.0958832857110005e-5
1834,6,3.750652153100662e-6
1834,7,1.9205469660889648e-7
1834,8,2.0731494348264483e-7
1834,9,4.596656365252311e-6
1834,10,3.009328340258057e-5
1834,11,3.0793601758764124e-5
1834,12,2.958072480087045e-5
1835,1,2.8722819553824955e-5
1835,2,3.4812180703952315e-5
1835,3,2.6173089615984662e-5
1835,4,2.2801315071623296e-5
1835,5,1.6004527751616047e-5
1835,6,7.709103281928174e-6
1835,7,8.059799738048288e-7
1835,8,1.0354067240875336e-6
1835,9,4.656149887750824e-6
1835,10,3.866091743732578e-5
1835,11,2.8612000751195465e-5
1835,12,3.491408698930405e-5
1836,1,2.5671591752796428e-5
1836,2,2.7428705277063123e-5
1836,3,2.0444118842841143e-5
1836,4,2.0423710421340236e-5
1836,5,1.4234391296141039e-5
1836,6,4.358678141466756e-6
1836,7,7.529427519262881e-7
1836,8,1.240330363782411e-6
1836,9,1.4036584791001167e-5
1836,10,3.967220700860442e-5
1836,11,3.657261729080553e-5
1836,12,2.8787081130136694e-5
1837,1,3.056680535572995e-5
1837,2,3.0656487163301465e-5
1837,3,4.083236147347212e-5
1837,4,2.0791237256018818e-5
1837,5,1.3084370922017231e-5
1837,6,2.7677434803108733e-6
1837,7,4.7315591320183655e-7
1837,8,3.427792465165585e-7
1837,9,1.1304041358273083e-5
1837,10,4.489790703650185e-5
1837,11,3.197720465165392e-5
1837,12,3.446815538908163e-5
1838,1,3.338867339179185e-5
1838,2,2.5167536649510103e-5
1838,3,3.2213537162703354e-5
1838,4,1.8784828592678616e-5
1838,5,1.2592722017244746e-5
1838,6,3.710143228365144e-6
1838,7,4.215861733670242e-7
1838,8,8.454367985252255e-7
1838,9,1.280995412500127e-5
1838,10,3.1614993151743786e-5
1838,11,3.574579705432066e-5
1838,12,3.8657018894955404e-5
1839,1,3.3592319523340044e-5
1839,2,2.3830433983597364e-5
1839,3,2.0053278954055465e-5
1839,4,2.8528344431911407e-5
1839,5,1.2723077914693608e-5
1839,6,6.252307890914823e-6
1839,7,6.80860232460717e-7
1839,8,7.203794126258318e-7
1839,9,1.2384552074958698e-5
1839,10,3.4754611996711365e-5
1839,11,3.3007588394680314e-5
1839,12,3.099941823601707e-5
1840,1,3.2471609442604816e-5
1840,2,2.981114228698073e-5
1840,3,2.2328859082264992e-5
1840,4,2.8801852587554983e-5
1840,5,1.4089142952588179e-5
1840,6,3.743426634883576e-6
1840,7,5.453325337879273e-7
1840,8,5.080699033339593e-7
1840,9,1.3248597808939974e-5
1840,10,3.3446922652019976e-5
1840,11,4.1394750820824354e-5
1840,12,2.5023247295728357e-5
1841,1,2.9712041650546154e-5
1841,2,2.9730412947107866e-5
1841,3,2.5949784713507768e-5
1841,4,2.405665646055535e-5
1841,5,1.2504907826504377e-5
1841,6,3.6194024957766567e-6
1841,7,9.648036120670823e-7
1841,8,6.041302753738165e-7
1841,9,8.980164710212841e-6
1841,10,4.4980088918208753e-5
1841,11,4.516596840652356e-5
1841,12,3.35811523327169e-5
1842,1,2.555513464714272e-5
1842,2,2.723434792469632e-5
1842,3,2.9927913374170663e-5
1842,4,1.8224618262877283e-5
1842,5,1.6833434668836948e-5
1842,6,6.996688158603764e-6
1842,7,7.311386682706688e-7
1842,8,2.9584653864818056e-7
1842,9,1.529502953553269e-5
1842,10,4.022878273624704e-5
1842,11,4.1026057213823004e-5
1842,12,3.1903102551038986e-5
1843,1,3.09330436673787e-5
1843,2,2.3499141320317915e-5
1843,3,2.4253427239603152e-5
1843,4,2.0448771057963366e-5
1843,5,1.883048475847251e-5
1843,6,5.387693086494107e-6
1843,7,1.2680424265288259e-6
1843,8,6.575070777994633e-7
1843,9,9.842445028623414e-6
1843,10,4.488209755428519e-5
1843,11,3.496850973746443e-5
1843,12,3.271122866053112e-5
1844,1,2.839258311155658e-5
1844,2,3.208639688213333e-5
1844,3,1.9956290457335267e-5
1844,4,1.629593794836393e-5
1844,5,1.4775160534054898e-5
1844,6,4.826297854353319e-6
1844,7,4.348657773408834e-7
1844,8,7.353833971319216e-7
1844,9,9.2233867635397e-6
1844,10,3.819324687025239e-5
1844,11,3.197113402475705e-5
1844,12,3.1642661101360903e-5
1845,1,3.806347198796257e-5
1845,2,3.946204824802087e-5
1845,3,3.075224014512356e-5
1845,4,1.7889632958245398e-5
1845,5,1.859728937095594e-5
1845,6,8.791029838227627e-6
1845,7,1.111448851102812e-6
1845,8,1.3331901929273418e-6
1845,9,1.3644487316359463e-5
1845,10,4.307726648406688e-5
1845,11,3.089259555826156e-5
1845,12,2.930482637973577e-5
1846,1,2.9603795540748462e-5
1846,2,3.0873800036700334e-5
1846,3,2.2907153016843665e-5
1846,4,1.8379795416564528e-5
1846,5,1.5697461999053596e-5
1846,6,5.261330560329732e-6
1846,7,7.430223637312802e-7
1846,8,5.684420692627676e-7
1846,9,6.741848625565801e-6
1846,10,3.733371655700952e-5
1846,11,3.2165845126432135e-5
1846,12,2.3248277518986932e-5
1847,1,3.997324785238844e-5
1847,2,2.5221767828123048e-5
1847,3,2.132765010640524e-5
1847,4,1.7203513759190455e-5
1847,5,1.4561923529330726e-5
1847,6,5.950526259692266e-6
1847,7,7.607728553061572e-7
1847,8,6.652502910028599e-7
1847,9,5.455579403124457e-6
1847,10,2.9565866148711943e-5
1847,11,2.8279347899493195e-5
1847,12,3.404886138062711e-5
1848,1,3.0827906464555044e-5
1848,2,3.121524233835979e-5
1848,3,1.9741523884101505e-5
1848,4,2.3138331150505957e-5
1848,5,1.5256972154741864e-5
1848,6,3.8923132226200864e-6
1848,7,9.524092031171407e-7
1848,8,1.2589714713336928e-6
1848,9,7.596773551732455e-6
1848,10,3.23505291927277e-5
1848,11,3.061266170298082e-5
1848,12,2.9750046465508942e-5
1849,1,3.4930670904679576e-5
1849,2,3.368525887863843e-5
1849,3,2.33239475316717e-5
1849,4,1.9331590187195185e-5
1849,5,1.6190406135376786e-5
1849,6,4.509637160852659e-6
1849,7,1.2168051108890363e-6
1849,8,1.2554840259753115e-6
1849,9,1.5408685994923456e-5
1849,10,5.040215421283072e-5
1849,11,4.419085028885958e-5
1849,12,3.464783651879014e-5
