year,month,value
1420,1,1.406237131003101
1420,2,1.716588028117719
1420,3,1.2205937266571214
1420,4,1.2879339060833148
1420,5,1.0059850162944768
1420,6,1.0861899080751924
1420,7,0.8178762616497355
1420,8,1.0618700443992903
1420,9,1.0045782280509064
1420,10,1.0915463413119757
1420,11,1.0716586941733772
1420,12,1.6869987081547189
1421,1,1.5107969619597448
1421,2,1.282468568821102
1421,3,1.1004319734195542
1421,4,0.8590329210999588
1421,5,0.7929178293792281
1421,6,0.9525026060365558
1421,7,0.9480550918416982
1421,8,0.7875130136527231
1421,9,1.1411172712099036
1421,10,1.5534686117418672
1421,11,1.4685841414187333
1421,12,1.712793946018253
1422,1,1.4231114451758726
1422,2,1.38072277396186
1422,3,1.234505459518214
1422,4,1.1896981949962178
1422,5,1.2285919498944775
1422,6,1.2707165516713887
1422,7,1.325665571729072
1422,8,0.9891793547052152
1422,9,0.9075435603188765
1422,10,1.0514538147073746
1422,11,1.189274799592026
1422,12,1.62366659884961
1423,1,1.0722038149381046
1423,2,1.6013744868725972
1423,3,1.095745565172861
1423,4,0.9646227212890648
1423,5,1.1527140791578787
1423,6,1.2372611883297162
1423,7,1.227574417724139
1423,8,0.8337143025438672
1423,9,1.1751807917054558
1423,10,1.1749490266366291
1423,11,1.7661186080068303
1423,12,1.4012259244422585
1424,1,1.9194484334481579
1424,2,2.0800646670653786
1424,3,1.3375182501492722
1424,4,1.095180198303076
1424,5,0.8189651800728341
1424,6,1.0013491137584203
1424,7,1.0688043613571736
1424,8,0.9345317919979634
1424,9,1.101376983323556
1424,10,1.071663071865737
1424,11,1.4124805804219338
1424,12,1.5587807671799006
1425,1,1.4390529557495872
1425,2,1.1847327484201349
1425,3,1.256452168228747
1425,4,1.1982471980947231
1425,5,0.9715950295212596
1425,6,1.1463856971469686
1425,7,0.8627300261219709
1425,8,1.00920572249677
1425,9,1.224301991548987
1425,10,1.2463770070430105
1425,11,1.494689519609675
1425,12,1.514551189067748
1426,1,1.595555171743639
1426,2,1.0252478603733128
1426,3,1.0056607315973092
1426,4,1.0193431532148631
1426,5,0.956298517307996
1426,6,1.0689769930039166
1426,7,1.1821896955525666
1426,8,1.0927684514572993
1426,9,1.0038014526172614
1426,10,1.035600522668061
1426,11,1.073572223205109
1426,12,1.556335470983877
1427,1,1.2886290689301396
1427,2,1.8236947210892727
1427,3,1.0454016330487943
1427,4,1.093194151281073
1427,5,0.841376715230754
1427,6,1.2586345604940714
1427,7,0.9379133360508338
1427,8,0.8103700866838518
1427,9,0.8857652037556604
1427,10,1.0630823103174623
1427,11,1.266499741983763
1427,12,1.8522449875062916
1428,1,1.9714212645715143
1428,2,1.3414621664390127
1428,3,1.0899483689288192
1428,4,1.145187593121755
1428,5,1.0175076348428007
1428,6,1.3575332059452148
1428,7,1.401050238748232
1428,8,1.2687594938506261
1428,9,1.2295285418328388
1428,10,1.0905418083675054
1428,11,1.668096900844613
1428,12,1.6088079988817152
1429,1,1.165839364533096
1429,2,1.347178320382932
1429,3,1.2037034808380294
1429,4,0.8748647576906488
1429,5,0.9355813329349048
1429,6,0.8757610746992768
1429,7,1.01343333639579
1429,8,0.9912459883163169
1429,9,0.9744755065644457
1429,10,0.8699245995056888
1429,11,1.2600902337207405
1429,12,1.3441022672103822
1430,1,1.6544053817132216
1430,2,1.3771121721263713
1430,3,1.1355416770629638
1430,4,0.9660649017808605
1430,5,1.0829704194505057
1430,6,0.8287863604791627
1430,7,0.8658805796203786
1430,8,0.8516994611220843
1430,9,1.274624966900747
1430,10,1.231923107051926
1430,11,1.407296373240984
1430,12,1.4149948529499423
1431,1,1.5207390032202677
1431,2,1.3266713333336542
1431,3,1.1941380562286743
1431,4,0.8370769914964425
1431,5,1.16376939920148
1431,6,0.9508409297067449
1431,7,1.0529998119011914
1431,8,1.0476033727051148
1431,9,1.1959084574077261
1431,10,1.1258695349467809
1431,11,1.147874071736426
1431,12,1.4574296810615925
1432,1,1.4246434302556648
1432,2,1.8175216516046562
1432,3,1.121474709482662
1432,4,0.8494678687867343
1432,5,0.7050532389140398
1432,6,1.0324511343410538
1432,7,0.9116408738223918
1432,8,0.9067405049484919
1432,9,1.2982375555968404
1432,10,0.9915399418437885
1432,11,1.4332983980219127
1432,12,1.8594364542426753
1433,1,1.975439369039351
1433,2,1.782107331157412
1433,3,1.704517429903567
1433,4,1.2415172642568095
1433,5,1.050025464127556
1433,6,1.0555353636651168
1433,7,1.3069578325515891
1433,8,1.1329031970519103
1433,9,1.0630988701015878
1433,10,1.1063084704220443
1433,11,1.1148143977339309
1433,12,0.9632042247687796
1434,1,1.5241823132767867
1434,2,1.4490225444857852
1434,3,1.3079224868883828
1434,4,0.9497421597161709
1434,5,1.0627989370175173
1434,6,1.0075987096648658
1434,7,0.7967259684900454
1434,8,0.9070924221411222
1434,9,0.9834355328835613
1434,10,1.0548365111933427
1434,11,1.7377725327042755
1434,12,2.1414086208069167
1435,1,1.1515687095237577
1435,2,1.8461552464459392
1435,3,1.173715524171423
1435,4,0.7299588698775459
1435,5,0.8498098149672796
1435,6,0.8118357872724792
1435,7,0.7436687668437573
1435,8,0.8858895682422365
1435,9,1.061495482607561
1435,10,1.0859212819132196
1435,11,1.175390232837588
1435,12,1.455988614809581
1436,1,1.0760709518828575
1436,2,1.7583041486910167
1436,3,1.355923750378456
1436,4,1.1388819367222773
1436,5,0.7790394444899132
1436,6,1.1487120801241124
1436,7,1.1550509905854212
1436,8,1.336452703571429
1436,9,1.1384490818306672
1436,10,1.4774793796814256
1436,11,1.32797138714638
1436,12,1.5583529787182597
1437,1,1.4820703324068747
1437,2,1.0365816895803186
1437,3,1.2215342468563288
1437,4,1.1317890140653364
1437,5,0.9439288445921687
1437,6,0.9616892088068446
1437,7,1.3155038693956254
1437,8,0.9359795680400329
1437,9,0.7162610481012693
1437,10,1.1279453066379794
1437,11,1.781638740179431
1437,12,1.7220626828162935
1438,1,1.510152470505055
1438,2,1.7865322639180246
1438,3,1.0557560838101927
1438,4,0.969516993237871
1438,5,1.0456902947730526
1438,6,0.9195736419598108
1438,7,1.0026901628110052
1438,8,1.1113818413467214
1438,9,1.2483121240777268
1438,10,1.2747021681424677
1438,11,1.579175935231169
1438,12,1.1908897864148047
1439,1,1.504596921468038
1439,2,1.723332243093597
1439,3,1.4971268934046775
1439,4,0.9032421644351831
1439,5,1.1010023775463456
1439,6,1.004296859086544
1439,7,1.0343338261181063
1439,8,1.1940342109744526
1439,9,0.8914059751913445
1439,10,1.3566215005934974
1439,11,1.2645276146428965
1439,12,1.7405308745612214
1440,1,1.502476463342699
1440,2,1.5824760162342615
1440,3,1.528716126138941
1440,4,1.0753372737313924
1440,5,1.1082759950826493
1440,6,1.2660615151789902
1440,7,1.2888779043697096
1440,8,0.9964188238570691
1440,9,1.2143199250618575
1440,10,0.902633528219666
1440,11,1.2909820398440963
1440,12,1.3698319187647876
1441,1,1.2923014108841406
1441,2,1.7872772369626455
1441,3,0.8046574361533263
1441,4,0.8381927858244885
1441,5,1.006348885108478
1441,6,1.237190080107248
1441,7,0.862079065130622
1441,8,0.7769528317654737
1441,9,0.8330221972836802
1441,10,1.502736254050563
1441,11,1.3459817181624725
1441,12,1.507972487485799
1442,1,1.3769832581885146
1442,2,1.9880820108599644
1442,3,1.4679514890379282
1442,4,1.258372028580239
1442,5,0.9749663239991351
1442,6,1.137385369846947
1442,7,1.0697321516573783
1442,8,1.1480489147573598
1442,9,1.082385625397016
1442,10,1.405666881753402
1442,11,1.544438569647814
1442,12,1.4433087578923451
1443,1,1.714517737216987
1443,2,1.4243456938464925
1443,3,1.4592804808133795
1443,4,1.322284742564799
1443,5,1.081317584072026
1443,6,1.0632608800280738
1443,7,0.8685327356721624
1443,8,0.8240492694361352
1443,9,1.2940852249670982
1443,10,1.0828894580704223
1443,11,0.9795731311650611
1443,12,1.302903668153496
1444,1,1.2847801949270345
1444,2,1.484411607690284
1444,3,1.0801558568693086
1444,4,0.9051984973716098
1444,5,0.9092008551270667
1444,6,1.072528658679263
1444,7,1.051792254606906
1444,8,1.0284616178645736
1444,9,0.911178520596928
1444,10,1.0973075264600876
1444,11,1.2394107711261577
1444,12,1.6497576610784288
1445,1,1.426170842333262
1445,2,1.5005535890504968
1445,3,1.3348445360839754
1445,4,1.0524438320786071
1445,5,0.8301214827848074
1445,6,0.9106979367819052
1445,7,0.9641975152402216
1445,8,1.1309884537018466
1445,9,1.3408572151661233
1445,10,1.005129987340259
1445,11,1.1877704818354986
1445,12,1.5015284618156297
1446,1,2.177137766542247
1446,2,1.5501509019161048
1446,3,1.3660822426431627
1446,4,1.4765540674620816
1446,5,1.118416372203928
1446,6,1.1505578705987716
1446,7,1.3969215980759442
1446,8,1.156958585741715
1446,9,1.010529736943099
1446,10,1.3059701083190451
1446,11,1.0125020036881311
1446,12,1.5698342852816802
1447,1,1.6225022723792546
1447,2,1.415713290331337
1447,3,1.4369485662317845
1447,4,1.0059558473707126
1447,5,1.0604721127604695
1447,6,1.321025975398371
1447,7,1.328622120736262
1447,8,1.2685080788385008
1447,9,1.041212287081823
1447,10,1.2908749191284474
1447,11,1.5544591944834938
1447,12,1.8336796896128018
1448,1,1.3235345659185067
1448,2,1.2120559733939296
1448,3,1.2165586703079427
1448,4,1.1749889056155947
1448,5,1.3851852618195284
1448,6,1.3077085837398004
1448,7,1.1020516415981736
1448,8,1.1963168816967422
1448,9,1.4213949979408977
1448,10,1.0428581159078698
1448,11,1.346577610439254
1448,12,1.6292157030665537
1449,1,1.5634970144276727
1449,2,1.416127376438188
1449,3,1.4638387785347127
1449,4,0.92587803818518
1449,5,0.9495549586435474
1449,6,1.1176188985367057
1449,7,1.3032777399137025
1449,8,1.1778839911344798
1449,9,1.0018259073162712
1449,10,1.060390974537462
1449,11,1.2456397943499258
1449,12,1.7244605250171128
1450,1,1.6457193255240292
1450,2,1.244984353378867
1450,3,0.988066940561376
1450,4,0.922975159405016
1450,5,0.9238010622566797
1450,6,1.0858435331168037
1450,7,0.9891575541711983
1450,8,1.0236218848075982
1450,9,1.1670087238995557
1450,10,1.1501813205092566
1450,11,1.0882217529119553
1450,12,1.4953328369706735
1451,1,1.4121867577074034
1451,2,1.2597920828098
1451,3,0.9510428008902426
1451,4,1.3960044981230237
1451,5,0.8647814358927612
1451,6,1.0452127108124725
1451,7,0.8722597159434066
1451,8,0.7392264350145401
1451,9,1.1055296701141861
1451,10,1.152546119150708
1451,11,1.0170989525944198
1451,12,1.3072938560733176
1452,1,1.5930979426717637
1452,2,1.126649824919308
1452,3,1.1211012687925779
1452,4,1.0759537641465842
1452,5,0.8894493295068653
1452,6,0.8974391076848237
1452,7,0.8830592714448648
1452,8,0.9104092162898285
1452,9,0.8321583234131047
1452,10,1.2599344357060382
1452,11,1.2492636574714182
1452,12,1.307627455294915
1453,1,1.623772411565179
1453,2,1.2624810824543957
1453,3,1.3758765577409258
1453,4,1.1439104936899447
1453,5,1.079120934275568
1453,6,1.0930452787436498
1453,7,1.2415464589686325
1453,8,1.2461258582469623
1453,9,1.1405823451282784
1453,10,1.2061811920866672
1453,11,1.2310327359109456
1453,12,1.576456185220126
1454,1,1.480399350554238
1454,2,1.4371534148904912
1454,3,1.2198252858428509
1454,4,1.199779638950882
1454,5,0.7163796887694336
1454,6,1.3897016717056059
1454,7,1.4705722762788125
1454,8,1.2678478102651396
1454,9,1.0642463962889464
1454,10,1.1706135119831846
1454,11,1.389727432375421
1454,12,1.5169634684770537
1455,1,1.8696116500413642
1455,2,2.0712227565358186
1455,3,1.3341054811932942
1455,4,0.7581597834565938
1455,5,0.7705499563104278
1455,6,1.3319349457317036
1455,7,1.6010968728518256
1455,8,1.2688500411450527
1455,9,1.2570984557507598
1455,10,1.1579061594284383
1455,11,1.2211717924741528
1455,12,1.525770571672952
1456,1,1.5118771333976535
1456,2,1.2965609390956925
1456,3,1.5052170205526254
1456,4,1.088470924713326
1456,5,0.8451865591069105
1456,6,1.0754125044705067
1456,7,0.9370415866897113
1456,8,0.81584837974789
1456,9,1.1555973867548182
1456,10,1.1460437562875363
1456,11,1.1313814645229727
1456,12,1.6677232656732932
1457,1,1.5343222388045248
1457,2,1.5163545259846396
1457,3,1.1328523954988312
1457,4,0.8717448383702097
1457,5,1.0834052108569037
1457,6,1.1380020418051775
1457,7,1.3952041423473784
1457,8,1.1501371797876994
1457,9,1.0374310011235297
1457,10,1.1233732970020176
1457,11,1.3388586046708402
1457,12,1.566420405780554
1458,1,1.7169737207215015
1458,2,1.5620351128722598
1458,3,1.5006361158023322
1458,4,1.109102970468779
1458,5,1.1436581990652728
1458,6,1.2163292789219133
1458,7,1.5696577329488952
1458,8,1.189509644511852
1458,9,1.1926952283246135
1458,10,1.3984550424982674
1458,11,1.1762195398154782
1458,12,1.5625681303197272
1459,1,1.5473720057966447
1459,2,1.2787728860570455
1459,3,1.1963798821197558
1459,4,1.2571926375184628
1459,5,1.1319284190938683
1459,6,1.278948678069958
1459,7,1.1256581260240306
1459,8,1.0174274095668439
1459,9,1.0059869579583776
1459,10,1.5741963092973423
1459,11,1.536083984668812
1459,12,1.6042284685467778
1460,1,1.5213237165396958
1460,2,1.2407676050309298
1460,3,1.176981510110915
1460,4,0.6522597559435127
1460,5,0.9601684758558904
1460,6,0.8864111657189654
1460,7,0.829789217685454
1460,8,0.9538227975110856
1460,9,0.9994757284500724
1460,10,1.2257263455731033
1460,11,1.370060832243451
1460,12,1.697585067694865
1461,1,1.2863938193303541
1461,2,1.6121116288825026
1461,3,1.109162429201386
1461,4,0.9964249374409448
1461,5,0.8516983742848185
1461,6,1.1331605554049624
1461,7,1.1640811160506148
1461,8,0.9172907196361928
1461,9,1.1091576487164394
1461,10,1.1515690217503731
1461,11,0.9937150449599181
1461,12,1.4447948734105749
1462,1,1.7874727309762461
1462,2,1.2062372912241668
1462,3,1.2195013975822664
1462,4,1.1669489533633963
1462,5,0.7477664836924847
1462,6,1.2322556109819027
1462,7,1.0198321630139597
1462,8,0.8964696602625346
1462,9,1.0722105093322258
1462,10,0.9172198267786196
1462,11,1.5483742472520174
1462,12,1.325499219638754
1463,1,1.6854054158425376
1463,2,1.22305737935592
1463,3,1.448730661365082
1463,4,1.056873174910797
1463,5,0.9254730290306875
1463,6,1.3612892825779817
1463,7,1.1893957226714769
1463,8,0.9525831002734138
1463,9,1.1417326676144892
1463,10,1.434396442702129
1463,11,1.1693385977536899
1463,12,1.3837895442858357
1464,1,1.5881798686554425
1464,2,1.4407598301401492
1464,3,1.2931546778282035
1464,4,1.0591143170405246
1464,5,0.976747414706276
1464,6,1.1946211641000017
1464,7,1.045213295459368
1464,8,1.1212599536358365
1464,9,1.279128260900503
1464,10,1.102348738081578
1464,11,1.3996664475004268
1464,12,1.1060704436007904
1465,1,1.3769743070534655
1465,2,1.6636596847172473
1465,3,0.9146547628748825
1465,4,1.0399039301686674
1465,5,0.9141711091447803
1465,6,1.1349499486506107
1465,7,1.0278042611886016
1465,8,0.8686815283731681
1465,9,0.9927721101802887
1465,10,1.0813018265999172
1465,11,1.152325868444471
1465,12,1.2605154080352712
1466,1,1.492591570440667
1466,2,1.86433173081699
1466,3,1.2393674515805753
1466,4,1.15498358213371
1466,5,1.0025993416765697
1466,6,1.3260122536700942
1466,7,1.1534274834554883
1466,8,0.8809511323128185
1466,9,1.0668110677782567
1466,10,1.0448920111859665
1466,11,1.1725175679047186
1466,12,1.7455225539342965
1467,1,1.544331607958471
1467,2,1.2124896618955503
1467,3,1.2848119356173582
1467,4,0.9249876577489016
1467,5,0.9144165543648526
1467,6,1.2439545563987353
1467,7,1.105847538967151
1467,8,0.8237151523210926
1467,9,1.0681493581789994
1467,10,1.0760676712252923
1467,11,1.2684595822931373
1467,12,1.4220136984026917
1468,1,1.4229436997508418
1468,2,1.3423881346899464
1468,3,1.005110888057091
1468,4,1.0391927846686966
1468,5,0.9905859625770939
1468,6,0.8233466398357203
1468,7,1.0281938505203272
1468,8,0.7599059569369424
1468,9,1.244776143067131
1468,10,1.2010087654958683
1468,11,1.3018334832799643
1468,12,1.7927999188151933
1469,1,1.6510163884614626
1469,2,2.1375877322395764
1469,3,1.6484001911971862
1469,4,0.968736095030232
1469,5,0.9984596506326391
1469,6,1.4136578509042987
1469,7,1.41064184625457
1469,8,1.1696466400621093
1469,9,1.144815331139792
1469,10,0.9950000246446304
1469,11,1.2383901500581314
1469,12,1.4239020378502296
1470,1,1.561624830247962
1470,2,1.4427566305727197
1470,3,1.2208676686145408
1470,4,0.7509871196936849
1470,5,1.1838303436635074
1470,6,1.2262655314326403
1470,7,1.1594526785690138
1470,8,1.1056428147139112
1470,9,1.204271509149746
1470,10,1.053705156702827
1470,11,1.1702491438002778
1470,12,1.4016710746208272
1471,1,1.3031613680439689
1471,2,1.1820149331538414
1471,3,1.2225052000417045
1471,4,1.3696526179430997
1471,5,1.1946363174142962
1471,6,1.4498130622174021
1471,7,1.351236846954429
1471,8,1.2794867295110732
1471,9,1.2725037311677
1471,10,1.3020245036148632
1471,11,1.4918501143755079
1471,12,1.7459241879804415
1472,1,1.816580516809844
1472,2,2.345591737301274
1472,3,1.7245182264879155
1472,4,1.6075172798692046
1472,5,1.0589913008166294
1472,6,1.9615693188803471
1472,7,1.967040978564424
1472,8,1.535019186029504
1472,9,1.332488672256129
1472,10,1.3321336545736413
1472,11,1.2366350890670965
1472,12,1.4322041556301714
1473,1,1.119449515401033
1473,2,1.5720302358436835
1473,3,0.97685796315181606
1473,4,1.0007605857530886
1473,5,1.2653049126572782
1473,6,1.331444746876258
1473,7,1.1364149617958639
1473,8,1.1317924867739242
1473,9,1.0230389140940293
1473,10,1.0310928251730913
1473,11,1.3557239085765818
1473,12,1.3855150568840886
1474,1,1.1594024369523024
1474,2,1.8856667179652442
1474,3,1.1910781975033196
1474,4,0.9666048697086799
1474,5,0.8258994266913879
1474,6,1.09829520205501
1474,7,1.0913545794614128
1474,8,0.9028875305747631
1474,9,1.3871587258344018
1474,10,1.1126862597410168
1474,11,1.5459704803752143
1474,12,1.6864904967563468
1475,1,1.6381314367961846
1475,2,1.5888720549532067
1475,3,1.3566334507154771
1475,4,1.1212878776045279
1475,5,1.1072570236816612
1475,6,1.530442178151315
1475,7,1.3688034877889304
1475,8,1.0926124942656839
1475,9,1.3158816099737904
1475,10,0.970273366365932
1475,11,1.2888627610982226
1475,12,1.6433981655873144
1476,1,1.5929217396863502
1476,2,1.3480238480640878
1476,3,0.9648087295405088
1476,4,1.1415235743777925
1476,5,0.8979387304352446
1476,6,1.0007888689033178
1476,7,0.9127079072907655
1476,8,0.904171811900796
1476,9,1.1704889944732697
1476,10,1.0424144367906174
1476,11,1.4294274760124042
1476,12,1.5694291868601995
1477,1,1.1966136366457072
1477,2,1.342096746806658
1477,3,1.3394545486751581
1477,4,1.0420747931581362
1477,5,0.8942115926287325
1477,6,1.0626711351471596
1477,7,1.1477169282933413
1477,8,1.4380581038461684
1477,9,1.158368336482908
1477,10,1.331726198141972
1477,11,1.3159023495036153
1477,12,1.2218432028899642
1478,1,1.2582887040683803
1478,2,1.471016548010876
1478,3,0.8222081421855482
1478,4,1.002567683753158
1478,5,1.057021019300644
1478,6,1.1480693560327238
1478,7,1.2437902378226164
1478,8,0.9034028964181694
1478,9,1.0640649361866614
1478,10,1.2902800607671208
1478,11,1.1294876330027726
1478,12,1.567005322008232
1479,1,1.4886610581074635
1479,2,1.289292193452759
1479,3,1.4976485156488129
1479,4,0.893006216567656
1479,5,1.2330149389915255
1479,6,1.3858043335316217
1479,7,1.499682503321487
1479,8,1.312291135057214
1479,9,0.8765373589497003
1479,10,1.1578307973986832
1479,11,1.2808449432126583
1479,12,1.5118461554621312
1480,1,1.551973032356243
1480,2,1.41678790516657
1480,3,1.09114467027191
1480,4,0.9161607285985987
1480,5,0.8162656531705426
1480,6,1.0043326688087548
1480,7,0.9462645621034832
1480,8,1.090700068398001
1480,9,1.321525350229928
1480,10,1.022196349558003
1480,11,1.1696006294883043
1480,12,1.8956328941391827
1481,1,1.6144032163796216
1481,2,1.4598088437979257
1481,3,1.62090758219547
1481,4,1.009236782704567
1481,5,0.7309669567131064
1481,6,0.9881260636762317
1481,7,1.1237402072151643
1481,8,0.8624862500366639
1481,9,1.231036794261473
1481,10,1.0790696385815817
1481,11,1.4378274250334486
1481,12,1.4656949306007125
1482,1,1.9192957038553544
1482,2,1.5160792515914254
1482,3,1.1224095295399412
1482,4,1.1443270258430005
1482,5,1.1027827780864161
1482,6,1.2125823842178538
1482,7,1.080600917411581
1482,8,1.3064181599319773
1482,9,1.2618723575384412
1482,10,1.0243528771536043
1482,11,1.6799374326238001
1482,12,1.593540295014908
1483,1,1.8965765010947158
1483,2,1.856491543304403
1483,3,1.4276933410912225
1483,4,0.9672250235123847
1483,5,1.2258602969458625
1483,6,1.20710075661931
1483,7,1.3316549161999185
1483,8,1.2335747669971129
1483,9,1.0254839553703823
1483,10,1.1186642508453488
1483,11,1.6498987207686189
1483,12,1.6549635956618776
1484,1,1.6304152913155256
1484,2,1.433833592270095
1484,3,1.6577441606251162
1484,4,1.0642174118950103
1484,5,0.8277192285556961
1484,6,0.8852008206950681
1484,7,0.8503054181458215
1484,8,0.8154086720654314
1484,9,0.9234311405868987
1484,10,1.2068418676176642
1484,11,1.3024310917432933
1484,12,1.5494846300269236
1485,1,1.4971249090823995
1485,2,1.5205054184869806
1485,3,1.1192613629158985
1485,4,1.0049125589110415
1485,5,0.7813195806680463
1485,6,0.8846433049276723
1485,7,1.1727648780355786
1485,8,1.0453528266361714
1485,9,1.1911044102358483
1485,10,1.088114832149511
1485,11,1.1978351810386074
1485,12,1.382997694413126
1486,1,1.273365631977749
1486,2,1.415585121452588
1486,3,1.1544111047576215
1486,4,1.0451504481119558
1486,5,1.0708174037879634
1486,6,1.2479668111423554
1486,7,1.06687001473411
1486,8,0.755059512450763
1486,9,1.17883897915484
1486,10,1.1657285954711925
1486,11,1.4307505410273211
1486,12,1.3189351701513088
1487,1,1.6731365483864569
1487,2,1.1388280038114496
1487,3,1.0527983725163987
1487,4,1.371814446625094
1487,5,1.1160271433872668
1487,6,1.0906581262455233
1487,7,1.10520435499863
1487,8,0.957140385316395
1487,9,0.9542011898823801
1487,10,1.0748618519145063
1487,11,1.3300595565699167
1487,12,1.5709784802342321
1488,1,1.3748915022655
1488,2,1.3478794896804454
1488,3,1.4019960523313137
1488,4,1.1070787791419168
1488,5,1.3510965961875538
1488,6,1.2855569399185929
1488,7,1.3434579820345003
1488,8,1.2733151475937126
1488,9,1.1341012706780513
1488,10,1.4273757641903781
1488,11,1.481044677503815
1488,12,1.472612761709101
1489,1,1.3822229125753203
1489,2,1.57481227626602
1489,3,1.3405269658804788
1489,4,0.8878385133773925
1489,5,0.8709575511724084
1489,6,1.1896533426731388
1489,7,1.0357029867415735
1489,8,0.9960147807795345
1489,9,1.0317472115273223
1489,10,1.2311347585053183
1489,11,1.5231015687563183
1489,12,1.3040549276056017
1490,1,1.480132797516366
1490,2,1.2731469418332042
1490,3,1.3869759995143942
1490,4,0.593931726783414
1490,5,1.013225583566627
1490,6,0.991730688802372
1490,7,1.003724263856297
1490,8,0.973163519793719
1490,9,0.8141376412935842
1490,10,1.0634539064584967
1490,11,1.4153735598494248
1490,12,1.716793243752922
1491,1,1.660363545557869
1491,2,1.2272485960166484
1491,3,1.1678527312177522
1491,4,1.1182361731087087
1491,5,0.9702573178285658
1491,6,0.981542249197786
1491,7,1.014620657328781
1491,8,0.7553060254563992
1491,9,1.204661404343899
1491,10,0.9762042721979753
1491,11,1.215641186380773
1491,12,1.3955201770089531
1492,1,1.3063188244876103
1492,2,1.4709045178002236
1492,3,1.279021728227232
1492,4,1.2197589296582396
1492,5,1.0099839551630039
1492,6,0.9281125081621899
1492,7,1.113468986201707
1492,8,0.6904547066496277
1492,9,1.1294936271817135
1492,10,0.9130469518304225
1492,11,1.2889810339638872
1492,12,1.596032043282491
1493,1,1.344874517717342
1493,2,1.5914889618631283
1493,3,1.195980323440441
1493,4,0.8945523382181977
1493,5,1.1634442027580487
1493,6,1.200509104052581
1493,7,1.0774657230092861
1493,8,1.0351506602773788
1493,9,1.1125131020644834
1493,10,1.0075162267737146
1493,11,1.2934221041972265
1493,12,1.7865923707815936
1494,1,1.5186951663051067
1494,2,2.027506080637716
1494,3,1.165899597096319
1494,4,1.1845677617793156
1494,5,1.0738882537962235
1494,6,1.2372305634374345
1494,7,1.1221112055328462
1494,8,0.9033209363332755
1494,9,1.339301395696744
1494,10,1.1635287578499056
1494,11,1.1767170171723993
1494,12,1.3635011424946215
1495,1,1.6345100237516625
1495,2,1.849411177514607
1495,3,1.766783831655864
1495,4,1.0881905733258868
1495,5,1.1337816126986229
1495,6,1.510505533236504
1495,7,1.6943504353241283
1495,8,1.374892642209832
1495,9,1.3721103658575644
1495,10,1.1032583629644306
1495,11,1.451187898958119
1495,12,0.9380481492488588
1496,1,1.3493108515598178
1496,2,1.0196239183147116
1496,3,1.369014081154122
1496,4,0.8228733666105965
1496,5,0.6666210286277308
1496,6,1.3132633282214872
1496,7,0.970697362466169
1496,8,0.947869908983676
1496,9,1.199248004815023
1496,10,0.9774233705218551
1496,11,1.1368086559847912
1496,12,1.6686755883298876
1497,1,1.6423650895718303
1497,2,1.618273973984384
1497,3,1.2545861805138008
1497,4,1.0903078671645376
1497,5,1.1662204625266046
1497,6,1.596938007660838
1497,7,1.1142902137375772
1497,8,1.3597385820936039
1497,9,0.9690389752725508
1497,10,1.505079902094409
1497,11,1.367585443210508
1497,12,1.5299943947747232
1498,1,1.0383035174460855
1498,2,1.0972838939247522
1498,3,1.1608881601094971
1498,4,1.0689416448261437
1498,5,0.9529150422538564
1498,6,1.06483006703138
1498,7,0.9922947695832524
1498,8,0.8267493656147258
1498,9,0.736599893809888
1498,10,1.0816695854223648
1498,11,1.4551556162281876
1498,12,1.642230390161528
1499,1,1.4039292022053869
1499,2,1.449339796685352
1499,3,1.306103814864772
1499,4,1.0146329949365527
1499,5,0.9938032335330589
1499,6,1.155583357173031
1499,7,1.4175427271626146
1499,8,1.1062989284237075
1499,9,0.9419925959136488
1499,10,1.03829816877173
1499,11,1.3459051056548528
1499,12,1.329800371112776
1500,1,1.8084892110534836
1500,2,1.5470339096648107
1500,3,1.0896439729779857
1500,4,1.1871335555533553
1500,5,1.059052958748469
1500,6,1.1974110354775935
1500,7,1.1753312449834652
1500,8,1.2647833422797816
1500,9,1.2402395373666986
1500,10,0.9960475586223495
1500,11,1.23129614152518
1500,12,1.2556327062713226
1501,1,1.3025489948320197
1501,2,1.2027084093712719
1501,3,1.0355994473270165
1501,4,1.4426754428383126
1501,5,1.1099689500288723
1501,6,1.2280407412878354
1501,7,1.1806350812805164
1501,8,1.0689895446522988
1501,9,1.0069667621762703
1501,10,1.0877591653365133
1501,11,1.1283634768366795
1501,12,1.2012780299194807
1502,1,1.2834313723709063
1502,2,1.538555712706891
1502,3,1.2047275279881775
1502,4,0.9453343743894698
1502,5,1.0730124930165792
1502,6,0.8360689758473744
1502,7,1.082608358669881
1502,8,0.94807356324317
1502,9,0.9705761969454809
1502,10,1.1377418951140903
1502,11,1.0597362854986394
1502,12,1.982196287174093
1503,1,1.5788395074367172
1503,2,1.320264085179492
1503,3,1.2437898119879107
1503,4,1.4229494365302808
1503,5,1.0549165615949696
1503,6,1.4794408059525002
1503,7,1.6271370866281847
1503,8,1.3329805578243477
1503,9,1.129808931200382
1503,10,0.9835349144189057
1503,11,1.1800024909581328
1503,12,1.4206607727941245
1504,1,1.8530146296402923
1504,2,1.3719137610574785
1504,3,1.2372709615717707
1504,4,1.1775770775792793
1504,5,1.082407265089894
1504,6,1.0617406143787893
1504,7,1.1905835664705324
1504,8,1.0731204756828887
1504,9,1.1173805667769443
1504,10,1.213151466610157
1504,11,1.1519068983229155
1504,12,1.322041794649905
1505,1,1.52290843182984
1505,2,1.894868811516207
1505,3,1.0426404953917596
1505,4,1.151818863510519
1505,5,0.9911365570747059
1505,6,1.1220858861771201
1505,7,1.2608811945531726
1505,8,1.0040696075610316
1505,9,1.2553406458718535
1505,10,1.3750607487100717
1505,11,1.3702288525707407
1505,12,1.4558716251096406
1506,1,1.3643565619514313
1506,2,1.3250738700928693
1506,3,1.1013820818990754
1506,4,1.0771847109006514
1506,5,1.0696933963914175
1506,6,1.0973550836038997
1506,7,1.035124490526188
1506,8,1.112794469396585
1506,9,1.194010123579106
1506,10,1.051398292844778
1506,11,1.1292634190139452
1506,12,1.1367892709608456
1507,1,1.5180411340252402
1507,2,1.4992493183639377
1507,3,1.3595105167022539
1507,4,1.0672559256582947
1507,5,0.9964530084965151
1507,6,1.226639213924098
1507,7,1.1638149344463926
1507,8,1.2113764455994347
1507,9,1.1522895273308977
1507,10,1.1040675326761278
1507,11,1.4440717332546926
1507,12,1.612938807934375
1508,1,1.6602907829596416
1508,2,1.5643644100466165
1508,3,1.1189834748283993
1508,4,1.2301472504082431
1508,5,0.9388408787273554
1508,6,1.017160119239485
1508,7,1.2075925737344892
1508,8,0.9925677298305731
1508,9,1.6198905488254478
1508,10,1.2051474771465713
1508,11,1.3540431203111347
1508,12,1.483167909676784
1509,1,1.7397915746620307
1509,2,1.5848079386036145
1509,3,1.1145613832767984
1509,4,1.1219346478773637
1509,5,0.8608476131598739
1509,6,1.3409823590452488
1509,7,1.1713663939497587
1509,8,0.7863897719086455
1509,9,1.1537288958009142
1509,10,1.225611018547433
1509,11,1.1970694521465188
1509,12,1.4042311990711644
1510,1,1.8445941006787716
1510,2,1.2193264332903726
1510,3,1.2022400331033036
1510,4,1.1457110953856378
1510,5,0.7701359067174489
1510,6,0.9209958492284945
1510,7,1.1106124867594087
1510,8,0.9300965415735303
1510,9,1.2372669331267627
1510,10,1.066915138633303
1510,11,1.049243450455774
1510,12,1.5876482779148164
1511,1,1.6348155145567274
1511,2,1.244502877685537
1511,3,1.6982036465120793
1511,4,1.3473308444367187
1511,5,0.6976798138525512
1511,6,0.9969597877938513
1511,7,1.0756378400039055
1511,8,1.1488960713967589
1511,9,0.9260125788103105
1511,10,1.1098792094206056
1511,11,1.1718440223344713
1511,12,1.366740406833085
1512,1,1.7557554944362712
1512,2,1.206024626312423
1512,3,1.5861260657278626
1512,4,1.0124661332875562
1512,5,1.2237191207492684
1512,6,0.9792432958123697
1512,7,1.1111863456774023
1512,8,0.9520513278685032
1512,9,1.1673089853115237
1512,10,1.025745932690682
1512,11,1.2385389902858497
1512,12,1.3650592673498423
1513,1,1.6432230669606933
1513,2,1.249163895807111
1513,3,0.8798427055402067
1513,4,1.0598388806273793
1513,5,1.0311135919458234
1513,6,1.178147979310773
1513,7,1.0595240300098865
1513,8,1.1883561834504413
1513,9,1.242080566236745
1513,10,1.185040776883393
1513,11,1.4092237038056896
1513,12,1.5097852796807771
1514,1,1.9474241775987393
1514,2,1.204130111267036
1514,3,1.440269170773779
1514,4,0.9581066919469625
1514,5,1.00023372657555
1514,6,1.2596773006184396
1514,7,1.1664016276568645
1514,8,0.8937501908348742
1514,9,0.7538598654774731
1514,10,0.8691569675585302
1514,11,1.5935482731479071
1514,12,1.7850083127775935
1515,1,1.920815281758784
1515,2,1.297597848659706
1515,3,1.0287049914831292
1515,4,1.2267001636219892
1515,5,0.9390960574818461
1515,6,0.8176034555616917
1515,7,1.038293119283897
1515,8,0.8250465662421067
1515,9,0.9015669733476559
1515,10,1.5961050988820364
1515,11,1.0507796018059483
1515,12,1.4442778232128335
1516,1,1.5138765257901754
1516,2,1.2180048166306596
1516,3,1.2749402080178849
1516,4,1.1921429680175848
1516,5,1.294134564136176
1516,6,1.372946161924824
1516,7,1.1183416478220245
1516,8,0.7843871743386563
1516,9,1.2917346938913532
1516,10,0.9181525560073298
1516,11,1.419235848259728
1516,12,0.793493081057222
1517,1,2.040174015041316
1517,2,1.6297425339286224
1517,3,1.0439957663229835
1517,4,0.8185439201865837
1517,5,0.8881286318880484
1517,6,1.0792586137637028
1517,7,1.0661376082543816
1517,8,1.1919824573130315
1517,9,1.0248565807013037
1517,10,1.0002169668735572
1517,11,1.10392770628504
1517,12,1.3908096191767416
1518,1,1.9123980002569723
1518,2,1.4814541079177983
1518,3,1.1592376830628088
1518,4,1.0463192886670483
1518,5,0.9147504221005709
1518,6,1.4173653864117135
1518,7,1.1290857429621002
1518,8,1.2352203228691168
1518,9,1.5179016502998293
1518,10,1.0879739811018065
1518,11,1.8363733551734474
1518,12,0.8703470541953555
1519,1,1.1427260070417247
1519,2,1.6192345350581792
1519,3,1.0469315473715064
1519,4,1.3327269606345977
1519,5,1.1388554515977827
1519,6,1.2588599745027584
1519,7,1.2396019413253414
1519,8,1.0640412338892082
1519,9,0.7200263471546062
1519,10,1.1126835023968524
1519,11,1.185969323307552
1519,12,1.3650144216934832
1520,1,1.7084084443735787
1520,2,1.2536344936664692
1520,3,0.8391689823376371
1520,4,1.1610986842919004
1520,5,1.0603398859307247
1520,6,1.1920182107699762
1520,7,0.9227495027871159
1520,8,0.6962718596720058
1520,9,1.0500129405101237
1520,10,1.0677567889767023
1520,11,1.000239349645699
1520,12,1.3453433071046124
1521,1,1.8570696803000113
1521,2,1.3883110903339677
1521,3,1.0430385891783356
1521,4,0.8874119665386873
1521,5,1.0184546201703322
1521,6,0.7144565630163422
1521,7,0.9266516302550075
1521,8,1.144802485850136
1521,9,0.7349577739250759
1521,10,1.3030101627886332
1521,11,1.2468282971645959
1521,12,1.8243306475696857
1522,1,1.284426654318931
1522,2,1.2365365393828487
1522,3,1.033788391651434
1522,4,0.9239251339903467
1522,5,1.0527223050209025
1522,6,1.0956889415490672
1522,7,1.1265313583039356
1522,8,0.9653627298985417
1522,9,1.080157476358445
1522,10,0.9839834732314641
1522,11,1.4444573564911947
1522,12,1.708393009488836
1523,1,1.6704718613982914
1523,2,1.7931368269873311
1523,3,0.883742187461223
1523,4,1.2701798034633054
1523,5,0.91777952272792
1523,6,1.1462951515677648
1523,7,1.1640377222145355
1523,8,0.8670637627463165
1523,9,0.9144008119220552
1523,10,0.8289341098064728
1523,11,1.4757788882453395
1523,12,0.8820614400284185
1524,1,1.5090879545330778
1524,2,1.350294398137001
1524,3,1.2350727913522443
1524,4,1.1888410996897096
1524,5,1.150487819310785
1524,6,0.7832082617394684
1524,7,1.1701399196818598
1524,8,0.8985624380997832
1524,9,0.8851577347209914
1524,10,1.1274537317949718
1524,11,1.1237983315934275
1524,12,1.6297478489999007
1525,1,1.3876193307032394
1525,2,1.5471025053657783
1525,3,1.0682658797926459
1525,4,1.1222431383598814
1525,5,0.8671100125235901
1525,6,0.995154675872171
1525,7,1.2252117253509356
1525,8,1.0219558140625034
1525,9,1.2360532720786177
1525,10,0.9474030857688233
1525,11,1.2889139834789074
1525,12,1.2132196153117907
1526,1,1.429218121543708
1526,2,1.248417633658954
1526,3,1.269160549409757
1526,4,1.4424352967823026
1526,5,1.117140638429611
1526,6,1.1752927118238312
1526,7,1.4894490586006235
1526,8,1.3129099934149704
1526,9,0.8222859563545691
1526,10,0.9879148949339673
1526,11,1.1534074759542865
1526,12,1.646074493611509
1527,1,1.9382491261042236
1527,2,1.8237870071887696
1527,3,1.1726786770694633
1527,4,1.2202158710220996
1527,5,0.840311323708232
1527,6,1.4256960893147799
1527,7,1.168250184419387
1527,8,1.0510837354776925
1527,9,1.0676780371288457
1527,10,0.9413529469317166
1527,11,1.326024812439345
1527,12,1.3860503217935145
1528,1,1.386233094068257
1528,2,1.4391166750237843
1528,3,0.9212625785133999
1528,4,0.7084714534492704
1528,5,0.8526538863659235
1528,6,1.471342331207326
1528,7,1.224162296543264
1528,8,1.0805746463327521
1528,9,1.1198221165374798
1528,10,0.8889760555908244
1528,11,1.5096792126088276
1528,12,1.3033364797268963
1529,1,1.499262053504641
1529,2,1.9047287828364876
1529,3,1.7130743482947712
1529,4,1.4896102012617063
1529,5,1.0967865224952726
1529,6,1.6508654494701354
1529,7,1.7313104581213625
1529,8,1.491672659351547
1529,9,1.399083230427649
1529,10,1.3606218061728093
1529,11,1.3424352521395204
1529,12,1.5595624464594686
1530,1,1.1916572312859022
1530,2,1.523354639715031
1530,3,1.0154754588573538
1530,4,1.0081586312874256
1530,5,1.0251495507681831
1530,6,1.4098248569532166
1530,7,1.1624069578276726
1530,8,1.0133572756943052
1530,9,1.0072767604514539
1530,10,0.983285540800056
1530,11,1.339648547869984
1530,12,1.4926388831293878
1531,1,1.5513537003550737
1531,2,1.8792982802172649
1531,3,1.3162189325563933
1531,4,1.0491018653374922
1531,5,0.8934120592741259
1531,6,0.955327455251087
1531,7,1.0162422071271915
1531,8,0.8822756394255005
1531,9,1.1127344680144688
1531,10,1.1276293669896733
1531,11,1.4196634984652219
1531,12,1.8080689871154545
1532,1,1.095525869884531
1532,2,1.4753337301407832
1532,3,1.2728408189118121
1532,4,1.078636182487216
1532,5,1.2350201893210868
1532,6,1.4008778835944429
1532,7,1.1131577496438216
1532,8,1.1657312781674931
1532,9,1.2137023125838162
1532,10,0.9524635393055176
1532,11,1.3567009066957647
1532,12,1.551897652789703
1533,1,1.5835211284519
1533,2,1.6397253750135614
1533,3,1.2965325771224188
1533,4,0.8792345309483169
1533,5,1.0149402674580457
1533,6,1.183199908634276
1533,7,1.1769762865279605
1533,8,1.2213324145972686
1533,9,1.1232951019368949
1533,10,0.8600811957583719
1533,11,1.2719709402189632
1533,12,1.366691317898456
1534,1,1.772828550735601
1534,2,2.002961811674497
1534,3,1.1089623588184272
1534,4,1.0018685433397116
1534,5,0.8806306470536849
1534,6,0.9729721753889116
1534,7,0.822725754399
1534,8,0.7167176088392458
1534,9,1.015819702016442
1534,10,1.4763613271355238
1534,11,1.140662596702918
1534,12,1.9371342055031882
1535,1,1.4283773934341282
1535,2,1.3438146141757046
1535,3,1.085899207732941
1535,4,1.2576299356034535
1535,5,1.2565530281651351
1535,6,1.024652069057286
1535,7,1.1886617794661112
1535,8,0.739173640399539
1535,9,1.1330635553071482
1535,10,1.1079472961298218
1535,11,1.2995476199157925
1535,12,1.3673734387282854
1536,1,1.8956542293404748
1536,2,1.5486041927822176
1536,3,1.342833503492861
1536,4,1.0572678719483521
1536,5,0.925388107616832
1536,6,1.2487395057816129
1536,7,0.7809546494836915
1536,8,0.8204356888918598
1536,9,0.8535202784198601
1536,10,1.120474508397586
1536,11,1.3282476553567573
1536,12,1.7675059195696021
1537,1,1.867203649454072
1537,2,1.177921741618363
1537,3,1.0920783736916646
1537,4,1.0041586136102907
1537,5,1.0839705180400374
1537,6,0.9585300459897371
1537,7,1.1238963653004235
1537,8,0.7967650424438453
1537,9,1.0023605032340173
1537,10,1.269269396239876
1537,11,1.285781918419109
1537,12,1.3617947525833198
1538,1,2.03490487923783
1538,2,1.3464171601526906
1538,3,1.0554648579733792
1538,4,0.8646904061397604
1538,5,0.7810320712000547
1538,6,0.9592843123884224
1538,7,1.0344123258144968
1538,8,0.9070878111455676
1538,9,0.8260083567866061
1538,10,1.5311141249480282
1538,11,1.7362612077310557
1538,12,1.219005398952219
1539,1,1.5099319802049005
1539,2,1.4477909056981422
1539,3,0.9608806320655379
1539,4,1.10743326441218
1539,5,1.2135355901973879
1539,6,1.0332452325178605
1539,7,1.2356874469650891
1539,8,0.8368237256788921
1539,9,0.892719652378759
1539,10,1.0492901421751275
1539,11,1.2813391614805087
1539,12,1.4951541199651437
1540,1,1.5828145852394102
1540,2,1.3784022466547483
1540,3,1.1811967894637447
1540,4,1.20813250257958
1540,5,0.7114510118101987
1540,6,0.9934721532816595
1540,7,0.9659957596081791
1540,8,0.8989146415093557
1540,9,0.9668413192646812
1540,10,1.2474902432916815
1540,11,1.2544304940395494
1540,12,1.5165589412662102
1541,1,1.5877810784042214
1541,2,1.5538541154754857
1541,3,1.0089362834929791
1541,4,0.887794002826231
1541,5,1.1881126530000188
1541,6,1.200755625318048
1541,7,1.1676265076508756
1541,8,1.086571387726517
1541,9,1.1245347933960494
1541,10,1.0364423415747814
1541,11,1.2006805316267766
1541,12,1.399061618777468
1542,1,1.4002844738603404
1542,2,0.8963814602138768
1542,3,0.8622560639845026
1542,4,1.0112628671766581
1542,5,0.921251119271987
1542,6,0.9889921149297821
1542,7,1.1428735067001417
1542,8,1.042600379018598
1542,9,1.1276549161986043
1542,10,1.1677199675918974
1542,11,1.42754176789559
1542,12,1.307982649545635
1543,1,1.5797850635228132
1543,2,1.6632019287010689
1543,3,1.23355945506111
1543,4,1.0803122423969231
1543,5,1.0791078545628874
1543,6,1.084174636794153
1543,7,1.4504263338810794
1543,8,1.213529946805589
1543,9,1.1697133115889908
1543,10,1.086406113892192
1543,11,1.4034678780417558
1543,12,2.0008125430828674
1544,1,1.5071990543147415
1544,2,1.3792631930095316
1544,3,1.13931600089878
1544,4,0.9998855529698685
1544,5,1.212588669750026
1544,6,0.9139196068089015
1544,7,0.8826504358354785
1544,8,1.0110680718556364
1544,9,0.7272817486903714
1544,10,1.118908641250143
1544,11,1.3910475420058632
1544,12,1.5427331496182735
1545,1,1.5879251704631052
1545,2,0.8907804280323951
1545,3,1.0946002208111956
1545,4,0.7124588331428429
1545,5,1.0184739377288632
1545,6,1.1546610568251277
1545,7,0.8764084574905238
1545,8,0.6862662580129784
1545,9,0.9918178155891557
1545,10,1.1480866330249344
1545,11,1.2765540276232512
1545,12,1.458951175525253
1546,1,1.7978165448568366
1546,2,1.2624179536262738
1546,3,1.3196291370481954
1546,4,0.8907034376122257
1546,5,0.9984419502647286
1546,6,1.0029380934869332
1546,7,1.0888053258099595
1546,8,0.9405901736295434
1546,9,0.6751512519901389
1546,10,1.2486277541113084
1546,11,1.4472503660646319
1546,12,1.6492037435075129
1547,1,1.3457889796402398
1547,2,1.1871338816213333
1547,3,1.1618617820712829
1547,4,1.1932476298073236
1547,5,0.8510680785630926
1547,6,0.9892082105469019
1547,7,1.0993496142870138
1547,8,0.9955183027157807
1547,9,1.044857493672983
1547,10,1.2142244363674497
1547,11,1.014142563431545
1547,12,1.4367739072867498
1548,1,1.6014379297126222
1548,2,1.2585842328086951
1548,3,1.2247592505133231
1548,4,0.86440848783365265
1548,5,0.9116941811388088
1548,6,1.2852026215320858
1548,7,0.8324835480342472
1548,8,0.8956037495847737
1548,9,0.8330333153784175
1548,10,1.0945646873769246
1548,11,1.092672582172867
1548,12,1.5060756329679388
1549,1,1.2325402094515234
1549,2,1.1072907078304648
1549,3,1.4518836015661818
1549,4,1.0684791722800373
1549,5,1.1684767721540938
1549,6,1.1630812693522397
1549,7,1.4383619297602657
1549,8,0.9972594591694581
1549,9,1.181857826805061
1549,10,1.3289818729364324
1549,11,1.0930605376649294
1549,12,1.4562937433870167
1550,1,1.6745534107996762
1550,2,1.7646740087466575
1550,3,1.4597854060516968
1550,4,0.870385644595468
1550,5,1.096164666521586
1550,6,1.1589007877172461
1550,7,0.9955395824700756
1550,8,1.3229346775641972
1550,9,1.1757977737151655
1550,10,1.1186992263663575
1550,11,1.1866142666853667
1550,12,1.4978168107406828
1551,1,1.4474336867999504
1551,2,1.8883885695461116
1551,3,1.2877665172851511
1551,4,1.0224101635378129
1551,5,0.919973450481925
1551,6,1.4576236800759519
1551,7,1.1889871729271402
1551,8,0.7225036026960414
1551,9,0.9691843904312174
1551,10,0.9021053335041113
1551,11,1.3211846475282505
1551,12,1.3925066826713284
1552,1,1.177678545127479
1552,2,1.1544056228288164
1552,3,1.2063533287416661
1552,4,0.8035718757134618
1552,5,1.1399825157855075
1552,6,0.9393543760962767
1552,7,1.1365285961142682
1552,8,1.0527510440921193
1552,9,1.0758730675996706
1552,10,1.4597754778788734
1552,11,1.31933332954281
1552,12,1.0591114969756137
1553,1,1.3243435559512666
1553,2,1.433028426647825
1553,3,0.8976673666285153
1553,4,1.1537945647083456
1553,5,1.1511013576216085
1553,6,1.2623248871235533
1553,7,1.126808382190884
1553,8,1.1404888502953725
1553,9,1.113418349568291
1553,10,1.5255019091975592
1553,11,1.1088487421882611
1553,12,1.3469194957214208
1554,1,1.7650042878023209
1554,2,1.2447811735528809
1554,3,1.3250218870833264
1554,4,0.985357911310213
1554,5,1.1186900196648955
1554,6,1.1313492201145825
1554,7,1.2279797509309187
1554,8,1.0754924341049734
1554,9,1.0314787708724058
1554,10,0.9322704559539368
1554,11,1.0227112162647138
1554,12,1.1703340475437383
1555,1,1.2234890097609639
1555,2,1.2584289259494923
1555,3,0.8689291396808954
1555,4,0.9585833991053099
1555,5,0.9894437514539074
1555,6,1.0391280128037792
1555,7,0.974666648013125
1555,8,0.7796294718262469
1555,9,1.1969799529865432
1555,10,1.6464673867962758
1555,11,1.3016817711814683
1555,12,1.1716256592769758
1556,1,1.322340177293302
1556,2,1.6467960755921134
1556,3,1.3493411810349039
1556,4,0.8885142729669304
1556,5,0.9409983495460024
1556,6,1.1739350264277963
1556,7,1.0894128226660516
1556,8,0.9240689832970028
1556,9,0.9862407963467156
1556,10,1.0932222339158448
1556,11,1.3734969277847182
1556,12,1.8325900703186533
1557,1,1.6146155124197712
1557,2,1.1853274240351426
1557,3,1.231704815720028
1557,4,0.9480778135072037
1557,5,1.0862058579478124
1557,6,1.065542631810739
1557,7,1.0698500203974461
1557,8,0.963514497576936
1557,9,1.0598033761064032
1557,10,1.1799828096460772
1557,11,1.2761726458624592
1557,12,1.525358276362668
1558,1,1.5502574664207105
1558,2,1.474790245010517
1558,3,0.7808236357645931
1558,4,0.9689582001344049
1558,5,0.9537179147447543
1558,6,1.0873708044546442
1558,7,0.8581120027483278
1558,8,0.751044168966424
1558,9,0.9953801601578868
1558,10,1.0583312771569093
1558,11,1.3380551470029607
1558,12,1.340973190597257
1559,1,1.276304467960696
1559,2,1.4349847829877396
1559,3,1.3481534393549703
1559,4,1.0130324723405848
1559,5,0.8250706907990603
1559,6,0.9207595986378393
1559,7,0.9491496954572709
1559,8,1.0329062612757738
1559,9,1.3772329316215852
1559,10,1.2924833421463122
1559,11,1.6457975969857594
1559,12,1.5124058010059578
1560,1,1.3709002513537356
1560,2,1.4516585701496156
1560,3,1.0743706035580727
1560,4,0.8202401760727684
1560,5,1.0614305937301893
1560,6,1.2185782033184744
1560,7,1.0236594499294074
1560,8,0.8106840505043119
1560,9,1.1520392301652886
1560,10,1.2355980488663358
1560,11,1.2288934669720333
1560,12,1.3995157084925183
1561,1,1.6072686540717358
1561,2,1.057891659884362
1561,3,0.9811083990621317
1561,4,0.8819751195238453
1561,5,0.8180528939049163
1561,6,0.9093659915376666
1561,7,0.9564345383562172
1561,8,0.9621724707168295
1561,9,0.9596116407191465
1561,10,1.141963182666509
1561,11,1.5879647726615886
1561,12,1.4602626118513775
1562,1,1.7490068067173423
1562,2,1.6044021036168996
1562,3,1.342669623616607
1562,4,1.039851234560611
1562,5,1.0566681577961274
1562,6,1.2994816544763155
1562,7,1.3714992469959641
1562,8,1.4533273591711433
1562,9,0.9009283794816944
1562,10,1.0375420220915699
1562,11,1.2939454299631155
1562,12,1.4506703042805136
1563,1,1.3814353747022077
1563,2,1.176067447488485
1563,3,1.3335062019937474
1563,4,0.968645038929218
1563,5,0.899697678302475
1563,6,1.1851529133857905
1563,7,1.0278397860662216
1563,8,0.7496269714178538
1563,9,1.0954439035118562
1563,10,1.067085267216702
1563,11,1.2487304752834496
1563,12,1.2019741867596299
1564,1,1.0192082972513714
1564,2,0.9718443312698353
1564,3,1.4689637203219972
1564,4,1.3145045730238851
1564,5,0.8941389542368317
1564,6,1.0600644065737999
1564,7,1.0093823109635744
1564,8,0.9298883742888813
1564,9,1.2918572472365606
1564,10,1.2511494514192671
1564,11,1.222534110077361
1564,12,1.5783514922772288
1565,1,1.5525627042177597
1565,2,1.6067071920146787
1565,3,1.1987113633323978
1565,4,1.020481902651635
1565,5,1.105101097196463
1565,6,1.130089962413635
1565,7,1.079165342631659
1565,8,0.8899774930393829
1565,9,0.902445690315653
1565,10,0.9062134418193699
1565,11,1.5015015991728458
1565,12,1.5993290132591813
1566,1,1.5456749491277844
1566,2,1.6738170711890823
1566,3,1.1451475505973479
1566,4,0.8722575856904535
1566,5,1.060629093697203
1566,6,1.136482794040336
1566,7,1.2115231990683082
1566,8,1.163886770989003
1566,9,1.3829663674266972
1566,10,1.222297968764369
1566,11,1.5114197527961282
1566,12,1.2388617356509801
1567,1,1.3050596978950968
1567,2,1.5153463011602613
1567,3,1.3162148039924482
1567,4,1.0534503763011158
1567,5,0.8905279651246905
1567,6,1.2755905076785128
1567,7,1.4874065848225637
1567,8,1.0920174651092882
1567,9,1.4252039908811744
1567,10,1.1296177262858307
1567,11,1.8408866509160022
1567,12,1.8233563238526225
1568,1,2.0254951974848927
1568,2,1.849842518501318
1568,3,1.184464609449541
1568,4,1.0251838353639287
1568,5,1.14305342154181
1568,6,1.2841026083759284
1568,7,1.1042536166795607
1568,8,1.0858405251655685
1568,9,0.9362118355201878
1568,10,1.1634971131974157
1568,11,1.7218291441474087
1568,12,1.8139270312315285
1569,1,1.7615745879850242
1569,2,1.1636254130316703
1569,3,1.0079176082892671
1569,4,1.004243001736332
1569,5,1.0562400657608801
1569,6,1.1039541260124683
1569,7,0.9025437604406199
1569,8,0.954027903427064
1569,9,1.0363165413347537
1569,10,1.1952822963023704
1569,11,1.455270086234589
1569,12,1.2113513068921222
1570,1,1.14270861774334
1570,2,1.3314760969534984
1570,3,1.0671728780948557
1570,4,0.9026160970745253
1570,5,1.0228032382481427
1570,6,1.0314899172761185
1570,7,0.9917721754606028
1570,8,0.8810684053172049
1570,9,0.8909916207433874
1570,10,1.4365389461623526
1570,11,1.060275481977785
1570,12,1.14039858591787
1571,1,1.98028098165402
1571,2,1.3320890360535813
1571,3,1.0799394708213186
1571,4,0.8901684507495518
1571,5,1.1476064823387309
1571,6,1.295698748165679
1571,7,1.4180770820757904
1571,8,0.9155232242862192
1571,9,1.214334284443618
1571,10,1.3877298784520025
1571,11,1.2432001356257518
1571,12,1.3492563044266106
1572,1,1.335212045353182
1572,2,0.9083513145487654
1572,3,0.8500035831833684
1572,4,1.0234232937153078
1572,5,1.2471145919291329
1572,6,1.020427908838175
1572,7,1.0522693594188055
1572,8,0.9126055679340204
1572,9,1.1141798744482947
1572,10,1.2759396038415587
1572,11,1.0042087558078485
1572,12,1.2639226003801944
1573,1,1.4206110434734511
1573,2,1.474357613482843
1573,3,1.4098159371871934
1573,4,1.0906264654416957
1573,5,0.9921624595573459
1573,6,1.0991944521648283
1573,7,1.0541813327130978
1573,8,0.945211485505961
1573,9,0.995542597587163
1573,10,0.9441352406264163
1573,11,1.2685145135988396
1573,12,1.6342191056879432
1574,1,1.4178582666721815
1574,2,1.1859090677077861
1574,3,1.0884753284505981
1574,4,0.8961325942949485
1574,5,1.0604156252485784
1574,6,1.158865640591776
1574,7,0.9326434778717179
1574,8,1.086200013078699
1574,9,0.9564318240633969
1574,10,1.2468419686764314
1574,11,1.276846978382795
1574,12,1.2520689146714612
1575,1,1.4641402055045223
1575,2,1.7697222616035515
1575,3,0.8515076765964998
1575,4,0.7132366512928854
1575,5,0.8379724896941969
1575,6,0.9999466729840069
1575,7,0.8815224074665601
1575,8,1.1074597831118786
1575,9,1.1390106007780867
1575,10,1.135191097120885
1575,11,1.1888319032497028
1575,12,1.589856485390722
1576,1,2.3485526071228
1576,2,1.5130816354894376
1576,3,1.0762291528974934
1576,4,0.9829784841643496
1576,5,0.992308065998514
1576,6,1.2534134976910218
1576,7,1.0330809897074054
1576,8,0.7998367384953972
1576,9,0.9922668681965223
1576,10,1.0671497678741093
1576,11,1.22467945618873
1576,12,1.2213592696729234
1577,1,1.9206767878868383
1577,2,1.320894367078731
1577,3,1.3326394408734845
1577,4,0.9888595423324615
1577,5,0.7796681888291044
1577,6,1.1426760387756991
1577,7,1.2601910745524703
1577,8,1.4736841876476845
1577,9,1.636245965683805
1577,10,0.8668605193037442
1577,11,1.3376824711916027
1577,12,1.4429069743213354
1578,1,1.4432670760395467
1578,2,1.4848709570903411
1578,3,1.3567867095154298
1578,4,1.2228025901285666
1578,5,0.8388253887097117
1578,6,1.1415826915692309
1578,7,1.0470326382896682
1578,8,0.8271400976461218
1578,9,1.074407977905318
1578,10,1.12346442423685
1578,11,1.1598558051234578
1578,12,1.2678723163282344
1579,1,1.6633703837112037
1579,2,1.261174238978898
1579,3,1.058648151543018
1579,4,1.062211310764179
1579,5,1.2357525120653434
1579,6,0.9708252664859166
1579,7,1.1263727396553205
1579,8,1.1411346622910032
1579,9,1.3680864592530668
1579,10,1.2541760880833392
1579,11,1.4771675048505464
1579,12,1.4893025711679848
1580,1,1.2811023359143192
1580,2,0.9610480888059518
1580,3,1.2788955564235942
1580,4,1.1963200144644597
1580,5,0.966390143187605
1580,6,0.9426057654743756
1580,7,1.3013234282708652
1580,8,1.12154999068825
1580,9,0.7728657149293512
1580,10,1.5199061325060805
1580,11,1.7233254193665397
1580,12,1.1622868758150933
1581,1,1.2411865090598282
1581,2,1.4252314520011948
1581,3,1.235255071582913
1581,4,1.589885990135713
1581,5,1.0060741710229932
1581,6,1.147082924895705
1581,7,1.1037280583082414
1581,8,1.019893064340481
1581,9,1.1166465800231984
1581,10,0.9912890620376753
1581,11,1.310817600002117
1581,12,1.3977713390686202
1582,1,2.122724387008785
1582,2,1.5637626025366764
1582,3,1.4287167317959408
1582,4,1.0521753567590586
1582,5,0.9869630350560492
1582,6,1.5686287971998842
1582,7,1.5577247199246271
1582,8,1.561194242450132
1582,9,1.4681412676377459
1582,10,0.9953001143118272
1582,11,1.0822156681278654
1582,12,1.5063818437013787
1583,1,1.9093247111392118
1583,2,1.083049094810135
1583,3,1.435348218606234
1583,4,1.1050240316526072
1583,5,0.9901946042887017
1583,6,1.0746589423187876
1583,7,0.9682057030868647
1583,8,0.9086468319855776
1583,9,1.0098545737612283
1583,10,0.9896293632762897
1583,11,1.089487225233342
1583,12,1.1959705246788497
1584,1,1.2712197137090309
1584,2,1.4372673918175312
1584,3,1.0059691120176475
1584,4,1.1805155642830603
1584,5,0.8382481222417393
1584,6,0.9387210126848136
1584,7,0.9463972191194832
1584,8,1.128487112229386
1584,9,1.1129024338912523
1584,10,1.5010919595083734
1584,11,1.5710341961114869
1584,12,1.0141609844417334
1585,1,1.3903377163351749
1585,2,1.5200925826422491
1585,3,1.374691594603514
1585,4,1.0386198897750072
1585,5,0.7705490298948736
1585,6,1.1587026699389469
1585,7,1.397471827797844
1585,8,1.1892566754904328
1585,9,1.1747739053845172
1585,10,1.263679228540717
1585,11,1.6619290722997035
1585,12,1.3963602399551724
1586,1,1.5309624271224458
1586,2,1.3403047217639836
1586,3,0.921856741915315
1586,4,1.1509090573920921
1586,5,0.7474344502761434
1586,6,1.0397503367050733
1586,7,1.1680871662511725
1586,8,1.0976082998100116
1586,9,1.064545068310622
1586,10,0.9797973535223528
1586,11,1.1014374938811728
1586,12,1.3054652213177529
1587,1,1.5914232504061214
1587,2,1.3304007086966503
1587,3,1.117997641076298
1587,4,0.9165658073212608
1587,5,0.9363780342705921
1587,6,1.0552415652675058
1587,7,1.1204010101216308
1587,8,0.8264944806368666
1587,9,0.9149778320323856
1587,10,1.3541260482594273
1587,11,1.49740429125182
1587,12,2.0168397740090467
1588,1,1.5168233297214329
1588,2,1.258185227706145
1588,3,1.2764963121870305
1588,4,1.2355325380844662
1588,5,0.685239287891522
1588,6,0.92084268407382
1588,7,0.8064594324056575
1588,8,0.8688627836867817
1588,9,1.125398981563197
1588,10,1.0943494243247056
1588,11,1.3365494954527737
1588,12,1.5884437170923102
1589,1,1.3626325876019127
1589,2,1.0049574630531855
1589,3,1.2515528234706013
1589,4,1.0488263064171692
1589,5,0.9257960474667785
1589,6,1.2275851522046488
1589,7,1.17851724655046
1589,8,1.1099499635805337
1589,9,1.0183556911813396
1589,10,1.0351500461955974
1589,11,1.225637737032518
1589,12,1.5160756248401785
1590,1,1.964227645030711
1590,2,1.8412042231413341
1590,3,0.9756037678343517
1590,4,0.6417733886228192
1590,5,1.006555203207816
1590,6,1.1796142276879995
1590,7,1.2453122685324993
1590,8,0.880986942503102
1590,9,1.2003176351533191
1590,10,1.3591231961138344
1590,11,1.12856501091408
1590,12,1.5633158455013
1591,1,1.5232700237246257
1591,2,1.7703278123928876
1591,3,1.0610226160297378
1591,4,1.1393576577483098
1591,5,0.9928322233892992
1591,6,1.1356716307940249
1591,7,1.0911936853997852
1591,8,0.9485653946305214
1591,9,1.2264350900523033
1591,10,1.0451608050245165
1591,11,1.1834939477130741
1591,12,1.3710277647457698
1592,1,0.9538526811837723
1592,2,1.1456011032588342
1592,3,0.9956641133618978
1592,4,1.0700033731085024
1592,5,0.9931982658515968
1592,6,1.0003765851331723
1592,7,0.9497381866542243
1592,8,0.9619744855625341
1592,9,0.8967233448818683
1592,10,1.0095140641331892
1592,11,0.9635250940959659
1592,12,1.9406580093355696
1593,1,1.5889996389182044
1593,2,1.749563212396154
1593,3,0.8987857274856299
1593,4,0.7530281599227571
1593,5,1.2086794253844069
1593,6,1.1430741226021213
1593,7,1.2724865937317817
1593,8,1.0554434480652848
1593,9,1.5031924514585309
1593,10,0.8999598657140916
1593,11,1.4633795114576214
1593,12,1.4642811339275243
1594,1,1.9246109584272277
1594,2,1.1650557778599777
1594,3,1.2324391613305221
1594,4,0.8151585255910532
1594,5,1.115317627191866
1594,6,1.2302523726631684
1594,7,1.1175670916228215
1594,8,1.0596573376802958
1594,9,0.9213504214226365
1594,10,0.9368736851621782
1594,11,1.164120268227011
1594,12,1.4505636657050927
1595,1,1.6539349466610636
1595,2,1.438746874659056
1595,3,1.4383132147352313
1595,4,1.0473028892746115
1595,5,1.0512913959381474
1595,6,0.9414244022594158
1595,7,1.0047184761180972
1595,8,1.0225577269136603
1595,9,1.1432435078578902
1595,10,0.9814901070569497
1595,11,1.562315243401363
1595,12,1.8862020857571746
1596,1,1.9997997923592654
1596,2,1.630633188411469
1596,3,1.431764584670383
1596,4,1.2696321896176945
1596,5,1.0007008211898238
1596,6,1.2547294037628738
1596,7,1.4264445915616306
1596,8,1.2476229307481193
1596,9,1.1294286402293354
1596,10,1.179794532947283
1596,11,1.1204904049689364
1596,12,1.0955213897941998
1597,1,1.3163397309279468
1597,2,1.1869173770639505
1597,3,0.9715565933058861
1597,4,1.1830673339350901
1597,5,1.014837851413105
1597,6,0.9670991871402664
1597,7,1.312672354652885
1597,8,0.8990757958996454
1597,9,1.3276752212321132
1597,10,0.9581433815722007
1597,11,1.3216536866204283
1597,12,1.7893129351235273
1598,1,1.5187790388006914
1598,2,1.3794082038304714
1598,3,1.0762183556349698
1598,4,0.9651271004432158
1598,5,0.8581565665925891
1598,6,1.0850707656137502
1598,7,0.9504215614316355
1598,8,0.8898959298175526
1598,9,0.702579766514293
1598,10,1.3245001944971426
1598,11,1.0398203873148493
1598,12,1.4373185592292452
1599,1,1.3497196288620383
1599,2,1.3504435396778232
1599,3,1.4114047459880097
1599,4,0.9027145418457777
1599,5,0.9020563364348501
1599,6,0.9546668621861891
1599,7,1.0355144226242665
1599,8,0.8356422003637164
1599,9,0.8800028488204206
1599,10,1.0831216159919594
1599,11,1.8604352386583884
1599,12,1.7236341300800457
1600,1,1.2850579911130124
1600,2,1.3551410013591465
1600,3,1.130967825499536
1600,4,0.8844333561248152
1600,5,0.9893042795454098
1600,6,1.1558236454857849
1600,7,1.5916343443706529
1600,8,0.9791049064881263
1600,9,0.9472011570618277
1600,10,1.2412506541659498
1600,11,1.3126513089343201
1600,12,1.5119036552740113
1601,1,1.659485669050358
1601,2,1.2781565503142087
1601,3,1.53617331235969
1601,4,1.0162975576088233
1601,5,0.7956078635301221
1601,6,1.228604854608796
1601,7,1.1902538915872056
1601,8,1.0200855463348046
1601,9,1.393603599464527
1601,10,1.2379076876986705
1601,11,1.3435834762865828
1601,12,1.4045794379261805
1602,1,1.3715749142648836
1602,2,1.3290641152443585
1602,3,1.1021989648424024
1602,4,1.100346869356422
1602,5,1.2672609205819727
1602,6,1.0758207235968695
1602,7,1.089141206156847
1602,8,1.0834077545305953
1602,9,1.2159143055789772
1602,10,1.3354947636826893
1602,11,1.5650852170539826
1602,12,1.1893060909119146
1603,1,1.2501101138095378
1603,2,1.2716996761345658
1603,3,0.7480005950728031
1603,4,1.109664356714595
1603,5,1.127633530531067
1603,6,0.8948241332440091
1603,7,0.828049009685037
1603,8,0.8395669630860919
1603,9,1.1706802722373
1603,10,1.2884619969794804
1603,11,1.4764867357508602
1603,12,1.590388103836932
1604,1,1.5125306007797952
1604,2,1.7283979125118718
1604,3,1.0574367768586421
1604,4,0.7656985702270166
1604,5,0.7737852433055451
1604,6,0.7298184965262418
1604,7,1.047359359956116
1604,8,0.8622304440393387
1604,9,1.1968775376926215
1604,10,1.324585078281554
1604,11,1.3413722377583297
1604,12,1.2645217425263708
1605,1,1.7993253232121007
1605,2,1.3592552291193567
1605,3,0.858988071383938
1605,4,0.9126946903321392
1605,5,1.0552272522583
1605,6,1.13968019378869
1605,7,0.6965493222453327
1605,8,0.8926856805388127
1605,9,0.9566598689261347
1605,10,1.1550590398198117
1605,11,1.4327620404231767
1605,12,1.6478957739488669
1606,1,1.8928579950283413
1606,2,1.6625727561523345
1606,3,1.4046500600453293
1606,4,1.1716056228685843
1606,5,0.8043232441975119
1606,6,1.18526950666249
1606,7,1.3759947949754303
1606,8,1.2947575571519518
1606,9,1.437409321794179
1606,10,1.2261023604674457
1606,11,1.2504224495674277
1606,12,1.7928191616006655
1607,1,1.0578663280931895
1607,2,1.3445345103840147
1607,3,1.5094728139642763
1607,4,1.034553789629318
1607,5,0.8246534981288287
1607,6,0.9233114940415583
1607,7,1.2964308158134887
1607,8,1.2297362954857967
1607,9,0.9393851169691061
1607,10,1.135793522739414
1607,11,1.294210815227744
1607,12,1.6050046396087239
1608,1,1.7176580959898093
1608,2,1.1611419186972352
1608,3,1.4303923643709013
1608,4,0.9068243788632093
1608,5,1.4606815041621093
1608,6,1.4433487171078785
1608,7,1.1679732421784614
1608,8,1.1883654395267333
1608,9,1.0448672727645127
1608,10,1.0523765057821168
1608,11,1.429259212749883
1608,12,1.5486343139601675
1609,1,1.6227860614080685
1609,2,1.4175057343071076
1609,3,1.1727641871744892
1609,4,1.2914546484124068
1609,5,0.8238043805983395
1609,6,1.1554507920451782
1609,7,1.2123386298558863
1609,8,1.1295775962758603
1609,9,0.9977706932566779
1609,10,1.0637596092788044
1609,11,1.541741790992427
1609,12,1.7971696203558967
1610,1,1.9434888738381013
1610,2,1.2475987420107661
1610,3,1.1639976444787588
1610,4,0.9668867229799603
1610,5,1.1054533668484077
1610,6,1.316006951782227
1610,7,0.9569609596908362
1610,8,0.8842650843669473
1610,9,1.0082243171337444
1610,10,1.2032390456243047
1610,11,1.1819046003352907
1610,12,1.6307338791986425
1611,1,2.469762936288741
1611,2,1.5864904076873931
1611,3,1.4994656267836435
1611,4,1.0523620940407739
1611,5,1.0230622073770599
1611,6,1.4016208716045755
1611,7,1.5201723722441962
1611,8,1.4902978608708837
1611,9,1.2369596486016396
1611,10,0.9209481157623834
1611,11,1.0792726152678982
1611,12,1.3560205847462796
1612,1,1.4896671406342472
1612,2,1.3099658967315295
1612,3,1.4019237369719897
1612,4,1.0119059109930268
1612,5,1.0770839586087222
1612,6,1.2382494611601533
1612,7,0.9686686275303482
1612,8,1.0591569408176178
1612,9,0.9888602072842659
1612,10,1.0661852132539025
1612,11,1.3813808642534566
1612,12,0.9544862758990351
1613,1,1.891003590581933
1613,2,1.3150762497059825
1613,3,1.136004836518674
1613,4,0.9143510535598369
1613,5,1.0795641600193102
1613,6,1.0406816138242543
1613,7,0.94894853682017
1613,8,0.9763037675853803
1613,9,1.1756306846067222
1613,10,1.1197160538611173
1613,11,1.1728337654559509
1613,12,1.408262097189489
1614,1,1.263716076635081
1614,2,1.0524755843212925
1614,3,1.1299656387040051
1614,4,0.9931114625027209
1614,5,0.9775525489268817
1614,6,1.0793828576776303
1614,7,1.0335911234366901
1614,8,1.1161036406915361
1614,9,1.2428889411210051
1614,10,1.1162533774604686
1614,11,1.1783160315206966
1614,12,1.357174527713508
1615,1,1.6714568950311013
1615,2,1.434755088144543
1615,3,1.076266209248936
1615,4,0.7687169854930821
1615,5,0.7820859138878016
1615,6,0.867425686690753
1615,7,1.2091560265390924
1615,8,0.9153290350515007
1615,9,1.0617623921397104
1615,10,1.2215874281949959
1615,11,1.081859983290768
1615,12,1.1053220691797467
1616,1,1.7081435715103388
1616,2,1.2834847164082945
1616,3,1.3406002450345325
1616,4,1.0684228752321137
1616,5,1.081784630083972
1616,6,1.2196626872923666
1616,7,1.2280047364512534
1616,8,0.9117006076612435
1616,9,1.3167663224019273
1616,10,1.036004473260186
1616,11,1.269917897677375
1616,12,1.3470807678455112
1617,1,1.1280123805015592
1617,2,1.3499953124151451
1617,3,1.251997664376796
1617,4,0.9909013330244828
1617,5,0.8627654512621761
1617,6,1.140264287843907
1617,7,0.9192861657688737
1617,8,1.0223578434854403
1617,9,0.882634215406634
1617,10,1.300269360601631
1617,11,1.3330662014645505
1617,12,1.405574138382088
1618,1,1.478828161673881
1618,2,1.2217373821199853
1618,3,1.0288310962230616
1618,4,1.1064938086063776
1618,5,1.0128995656039594
1618,6,1.1637875092398444
1618,7,0.9885047709367119
1618,8,0.8848356546892635
1618,9,1.1441794695708019
1618,10,0.992181322603007
1618,11,0.9882742929711513
1618,12,1.7535732459282958
1619,1,1.36071879887049
1619,2,1.0584818051333837
1619,3,1.194482838625744
1619,4,1.0318757439069468
1619,5,0.8443009898666262
1619,6,0.8598522227938638
1619,7,0.9326378713982584
1619,8,0.7512740846775661
1619,9,1.0938562438357387
1619,10,1.0384604981559402
1619,11,1.550166464092623
1619,12,1.3631065744334903
1620,1,1.5376696326103072
1620,2,1.527785422199485
1620,3,1.3616710400782355
1620,4,0.9377977454797222
1620,5,0.9438997307586312
1620,6,1.0668537759733598
1620,7,0.8842604968024945
1620,8,0.8167644886484995
1620,9,0.9101952290534026
1620,10,1.4197487050779305
1620,11,1.3872824054212676
1620,12,1.1879895627678443
1621,1,1.3226883401821947
1621,2,1.1455966879540458
1621,3,0.9688864543731577
1621,4,0.8480762936769042
1621,5,1.0015064425377165
1621,6,1.0801150129998698
1621,7,0.9981428357891511
1621,8,0.9478676471456002
1621,9,1.3994449995415212
1621,10,1.2435950664427944
1621,11,1.3853508484275503
1621,12,1.5347414253552354
1622,1,1.3203329298833504
1622,2,1.2247592576533122
1622,3,1.3209965038696037
1622,4,1.0600044236771136
1622,5,0.8781113201124441
1622,6,0.8277588308471109
1622,7,0.9882474821869152
1622,8,0.9127111555994716
1622,9,0.972331088895569
1622,10,1.289752964465971
1622,11,1.2013612689543482
1622,12,1.513067788831068
1623,1,1.1431451768052026
1623,2,1.6326699963924902
1623,3,1.2662910284085216
1623,4,1.089767968341063
1623,5,0.8166376314744638
1623,6,0.9719927377197752
1623,7,1.032009949325957
1623,8,0.7623698738668858
1623,9,0.8534462112848314
1623,10,1.0160317479334378
1623,11,1.552927646832754
1623,12,2.0687389396784206
1624,1,1.2109241429395625
1624,2,1.2480590957548472
1624,3,1.1585374676275846
1624,4,1.2613930499994601
1624,5,1.1521674377453517
1624,6,1.29865518570735
1624,7,1.2665666404884248
1624,8,1.0627261021029728
1624,9,1.2661762808173782
1624,10,1.362797990272458
1624,11,1.131419913913882
1624,12,1.1267683081317783
1625,1,1.4171535975701917
1625,2,1.0263854088432278
1625,3,1.0320569072270398
1625,4,0.7869464057994413
1625,5,1.1752222036519933
1625,6,0.8764478044441502
1625,7,0.9585831567236074
1625,8,0.7293182536444617
1625,9,0.7852160500787346
1625,10,0.923018945959291
1625,11,1.4423770373480744
1625,12,1.5745521657961747
1626,1,1.4348187564698243
1626,2,1.1739386642785452
1626,3,1.0551929675414453
1626,4,1.0743520441413474
1626,5,0.9865050376613607
1626,6,1.0633593108703527
1626,7,0.8844683286035058
1626,8,0.9074505278331649
1626,9,1.048123071178498
1626,10,0.8990881454797751
1626,11,1.0240899210385128
1626,12,1.112999223598321
1627,1,1.594380288859239
1627,2,1.4539878962621127
1627,3,1.1080207210296504
1627,4,1.1060922835665474
1627,5,0.7781503304612661
1627,6,1.2114047032085846
1627,7,1.4880905865899596
1627,8,0.9683547397744952
1627,9,1.0820966421361737
1627,10,0.8566564931638039
1627,11,1.1436599664605092
1627,12,1.4431512877422894
1628,1,1.6986250714634195
1628,2,1.2414793602310303
1628,3,1.1045807581960239
1628,4,0.7178965115906946
1628,5,0.8002770182292973
1628,6,0.9466953575600305
1628,7,1.0331223892363384
1628,8,0.7526815858562993
1628,9,1.2366544393942034
1628,10,1.057981046161808
1628,11,1.4124359745797883
1628,12,1.3204443573588187
1629,1,1.54323965718077
1629,2,1.6421286068155763
1629,3,1.152506804076821
1629,4,0.7990122276937092
1629,5,1.1135838852317612
1629,6,1.1872276414174494
1629,7,1.3127142263508438
1629,8,0.9075004678250232
1629,9,1.1263233973190185
1629,10,1.3163948560545229
1629,11,1.3404630247500795
1629,12,1.3812763084621702
1630,1,1.7550577323239769
1630,2,1.525910893365704
1630,3,1.63412889362659
1630,4,0.9229020198624833
1630,5,1.1506464186088097
1630,6,1.2894912838174233
1630,7,1.3777259827754165
1630,8,1.259269238678741
1630,9,1.2541196339502327
1630,10,1.1145350317388125
1630,11,1.054793351239178
1630,12,1.620193930719672
1631,1,1.4951282769622982
1631,2,1.5524144581554684
1631,3,1.19293507218387
1631,4,0.8867826524417652
1631,5,1.2222272681653972
1631,6,1.3552565788241577
1631,7,1.287327225457163
1631,8,0.6908548969043322
1631,9,0.8669426109679885
1631,10,1.2939842012333944
1631,11,1.1072215479416858
1631,12,1.1984827834686045
1632,1,1.4738243639468136
1632,2,1.3202781606332672
1632,3,1.2274616363977464
1632,4,0.9237522441381685
1632,5,0.7848649585997189
1632,6,1.1268382054937334
1632,7,0.8009613038988326
1632,8,0.7463745295202336
1632,9,1.0661753454253557
1632,10,1.153148645476958
1632,11,1.341775524084292
1632,12,1.6632024329600141
1633,1,1.7297531006388969
1633,2,1.4381647875794326
1633,3,1.1133625684494515
1633,4,0.9600015568021121
1633,5,0.9389629768320995
1633,6,0.8949512480009992
1633,7,1.1422503871452552
1633,8,1.079337264714945
1633,9,1.091650907667111
1633,10,1.0161024940634342
1633,11,1.4953258428383842
1633,12,1.4854365359180726
1634,1,1.4868373424005519
1634,2,1.046210925448337
1634,3,0.9434488504722096
1634,4,1.0013104284262409
1634,5,0.9281786782422105
1634,6,1.2159231893919593
1634,7,0.9328668584398587
1634,8,0.8124465424685067
1634,9,1.046120119208375
1634,10,1.3637377514239115
1634,11,1.6395841340956459
1634,12,1.7419239206315198
1635,1,1.2423752134372599
1635,2,1.6376361054573616
1635,3,1.0900650035504786
1635,4,0.8097338971695298
1635,5,0.970066968918883
1635,6,1.237592586610525
1635,7,1.0511331103257715
1635,8,0.9430882715987734
1635,9,0.9209565496097528
1635,10,1.0736362950633467
1635,11,1.5137468437347197
1635,12,1.3644249690261558
1636,1,1.255047887619616
1636,2,1.4325809642713758
1636,3,1.0831414435255764
1636,4,1.1841257561063907
1636,5,0.8588619897973384
1636,6,0.8453916548495652
1636,7,0.8432729265425597
1636,8,0.8575229282482599
1636,9,0.9196005418402156
1636,10,1.2829506564374071
1636,11,1.4124995486097944
1636,12,1.432268228463145
1637,1,1.3557852725387316
1637,2,1.1770424330013523
1637,3,1.0345799627908612
1637,4,0.9834457855443983
1637,5,1.03703724011339
1637,6,1.0471018051379926
1637,7,1.0647681252607353
1637,8,0.9284031353132673
1637,9,1.307376402782828
1637,10,1.324850051889623
1637,11,1.523283197366291
1637,12,1.8460189726784204
1638,1,1.2842490393352817
1638,2,1.0634950088752761
1638,3,1.038390379980878
1638,4,0.7813698534536944
1638,5,0.9117901008692266
1638,6,1.001293170323777
1638,7,1.0028249438895678
1638,8,0.8970676817323966
1638,9,0.8559883493758402
1638,10,0.9279052418190734
1638,11,1.3144886873128452
1638,12,1.4873714857309648
1639,1,1.6129110581389594
1639,2,1.4212745742184079
1639,3,1.0891052996226438
1639,4,1.1199460794422893
1639,5,1.2609405187063534
1639,6,1.173526645607794
1639,7,1.0508927181475989
1639,8,0.9410261092204768
1639,9,1.112098713994603
1639,10,1.3491827692103735
1639,11,1.3273503271282927
1639,12,1.3484184519653102
1640,1,1.4409336090547944
1640,2,1.6069555914744407
1640,3,0.9179005609815832
1640,4,1.0878848791554878
1640,5,1.0301370027075019
1640,6,0.9386259994306885
1640,7,0.9299082012181816
1640,8,1.1346564506752848
1640,9,0.9924841174378654
1640,10,1.1118650365755651
1640,11,1.325711294023272
1640,12,1.032388549743955
1641,1,1.5152032573477028
1641,2,1.794375370809019
1641,3,1.1998956042387987
1641,4,1.0062915318725865
1641,5,0.9457672187042285
1641,6,1.200184577424874
1641,7,1.1718342016396655
1641,8,0.8839193427598118
1641,9,0.9925558527446086
1641,10,1.30858790505816
1641,11,1.291953142966053
1641,12,1.4657132063830205
1642,1,1.4298181707067399
1642,2,2.090775334417957
1642,3,1.2656445649241077
1642,4,1.0269528991824828
1642,5,1.1189148485493816
1642,6,1.005186028188748
1642,7,1.1226041168092893
1642,8,1.2405035085176825
1642,9,1.220599211672654
1642,10,0.9101923476058555
1642,11,1.4130243828101257
1642,12,1.596977011863109
1643,1,1.8706878346128788
1643,2,1.3142472920789279
1643,3,1.2714801535906965
1643,4,1.1890095908768934
1643,5,0.722551173614036
1643,6,0.910122111434255
1643,7,1.2330619691370868
1643,8,0.7497783372329221
1643,9,1.1929350860071075
1643,10,1.1314888820034341
1643,11,1.0611379539129921
1643,12,1.7278453309449426
1644,1,1.4535563585884088
1644,2,1.2631767455785863
1644,3,1.1085760937809712
1644,4,0.8780240441028477
1644,5,0.9112539247294674
1644,6,1.1746162693490971
1644,7,0.9386359461162168
1644,8,1.047689516524939
1644,9,0.8404323552250383
1644,10,1.143580369839014
1644,11,1.1643967571058391
1644,12,1.0360151215226652
1645,1,1.2319070648442467
1645,2,1.3133465909460005
1645,3,1.2223565034203172
1645,4,0.975016768228021
1645,5,1.0712583032404406
1645,6,1.0790488935462688
1645,7,0.9885591465365957
1645,8,0.9472570177523643
1645,9,0.9512483242362886
1645,10,0.7260678432892405
1645,11,1.1135689630045453
1645,12,1.2203233055611227
1646,1,1.4439580039275492
1646,2,1.594851509914455
1646,3,1.2497097788785696
1646,4,0.8263229801475496
1646,5,0.7760629838871196
1646,6,1.1217944297288094
1646,7,1.3669624477225484
1646,8,1.0052935521591675
1646,9,0.8948046251065656
1646,10,0.9588630156489666
1646,11,1.147538872070119
1646,12,1.5338318811728744
1647,1,1.4162361521646116
1647,2,1.4668113957887303
1647,3,1.4904220576017282
1647,4,0.8096790685930368
1647,5,1.0461662394107127
1647,6,1.2336935770627477
1647,7,1.2439078647829103
1647,8,1.1467936296296795
1647,9,1.0652438448070982
1647,10,1.1056044990063318
1647,11,1.6239883463151439
1647,12,1.4851527500408617
1648,1,1.5188151899085622
1648,2,1.1284485800645134
1648,3,1.130504920130854
1648,4,0.8921847419556994
1648,5,1.067875383056315
1648,6,1.0462825862157006
1648,7,1.0705331376803573
1648,8,0.9758272349411385
1648,9,1.1567053909566427
1648,10,1.288039387248698
1648,11,1.2919358802145045
1648,12,1.2413874433811127
1649,1,1.4870669835664991
1649,2,1.5365575532360132
1649,3,1.1352936323346356
1649,4,1.007428091480121
1649,5,0.8928851090110861
1649,6,1.2100800770086342
1649,7,1.3363419825020624
1649,8,1.0918883233243795
1649,9,0.9502402496223414
1649,10,0.9665566761627529
1649,11,1.1544097764615044
1649,12,1.2097534748720014
1650,1,1.7328482265157759
1650,2,1.7077329152143144
1650,3,1.3676747214034255
1650,4,0.6757348420790074
1650,5,0.8239771935561715
1650,6,1.1843994898535435
1650,7,1.081312637830645
1650,8,0.8633170630397005
1650,9,1.1833973991475144
1650,10,1.2863134565795473
1650,11,1.3354050757776044
1650,12,1.3229793197784232
1651,1,1.7456909092316355
1651,2,1.3403685507739773
1651,3,1.0663037184322375
1651,4,1.0818921067627132
1651,5,0.9828615713330111
1651,6,1.3293769007662648
1651,7,1.3475767551448663
1651,8,1.3398493951463002
1651,9,1.08853027459797
1651,10,0.9545625321134246
1651,11,1.0345565470815687
1651,12,1.556721258740668
1652,1,1.625296658708558
1652,2,1.5804392282468023
1652,3,0.9304915536047746
1652,4,0.7649321022933393
1652,5,1.0611421028647112
1652,6,1.2397183040408393
1652,7,0.9614086331285069
1652,8,1.088700427666346
1652,9,1.184250350267237
1652,10,1.052135789324766
1652,11,1.3885367339957155
1652,12,1.3448483448996202
1653,1,1.4757712353794412
1653,2,1.45178949865785
1653,3,1.1316055456701435
1653,4,0.7911429075852394
1653,5,0.8805326207388884
1653,6,1.0788418700318472
1653,7,0.8279617565513971
1653,8,0.8276174235178804
1653,9,1.0887782765023024
1653,10,1.1721788509368765
1653,11,1.523851650708059
1653,12,1.0258032183302594
1654,1,1.047565841441719
1654,2,1.7288958453358578
1654,3,1.4306011950155504
1654,4,1.113329752745428
1654,5,0.837075445258938
1654,6,0.9997362738559807
1654,7,1.1983827436546097
1654,8,1.1145410262824615
1654,9,1.0728260241447125
1654,10,1.1398388622198787
1654,11,1.4041393652865948
1654,12,1.8059001283672473
1655,1,1.9525558992147527
1655,2,1.6422075592967815
1655,3,1.243642865094619
1655,4,0.933660612571037
1655,5,1.1043238931906518
1655,6,1.2233094003413556
1655,7,1.1910676792020998
1655,8,0.8289908727433452
1655,9,1.002799701181997
1655,10,1.211648535209842
1655,11,1.3126944423573765
1655,12,1.478602269345518
1656,1,1.5257200414334218
1656,2,1.4308000536537238
1656,3,1.1924603379978898
1656,4,1.0719461056052084
1656,5,0.8899978697154165
1656,6,1.2680543263906878
1656,7,1.0364252732276833
1656,8,1.0294278598721167
1656,9,0.9171888922503095
1656,10,1.1221223073545517
1656,11,1.0761422851811462
1656,12,1.9970103992715669
1657,1,0.8792794746725769
1657,2,1.2195386688114753
1657,3,1.2886415648985867
1657,4,0.9087636436011417
1657,5,1.2115734796598068
1657,6,1.2393648172744616
1657,7,1.1016327064488456
1657,8,1.0134940622477449
1657,9,1.3269767621536168
1657,10,1.1660099648297217
1657,11,1.7649369596101248
1657,12,1.5923774252423915
1658,1,1.7432902234187055
1658,2,1.6832999063515084
1658,3,1.7268865255816728
1658,4,1.1511275431769743
1658,5,1.1751652932877201
1658,6,1.1074935046884369
1658,7,1.2527129758588522
1658,8,1.3011521204554555
1658,9,0.9827129261338676
1658,10,1.2106959527141288
1658,11,1.327859956113362
1658,12,1.0768309965503782
1659,1,1.299585237401008
1659,2,1.2350051119494505
1659,3,1.161708981384757
1659,4,1.0729724968489749
1659,5,0.9887396467770329
1659,6,0.8844735999853504
1659,7,1.0096039974079765
1659,8,1.0789434454467242
1659,9,1.0309747680027135
1659,10,0.8328180741757873
1659,11,0.9506742151356775
1659,12,1.1218812505736162
1660,1,1.1431929448598934
1660,2,1.4920338053378468
1660,3,1.2081954051314383
1660,4,0.8533454726534965
1660,5,0.7679814098116964
1660,6,1.1426689709143498
1660,7,0.8941004263120449
1660,8,0.838574208287721
1660,9,0.9865923076265903
1660,10,0.9755050881848932
1660,11,1.1149354365834085
1660,12,1.5986265082714666
1661,1,1.2348715038620168
1661,2,1.0266274005683271
1661,3,1.1416258109923296
1661,4,1.1095949715914948
1661,5,0.8358674462541217
1661,6,1.064997006166633
1661,7,0.9955418005616861
1661,8,0.9302445344847451
1661,9,1.0569719720955983
1661,10,1.2923814217076626
1661,11,1.1994658876902597
1661,12,1.2956605217919583
1662,1,1.2770529062782607
1662,2,1.1187784573104438
1662,3,1.295050117868167
1662,4,1.2521976174691989
1662,5,1.0368808775688907
1662,6,1.0858684576357924
1662,7,1.1433512076959065
1662,8,1.1863602160049604
1662,9,1.2348720396450559
1662,10,1.1696157551175994
1662,11,1.1514001498546578
1662,12,1.3986383963793791
1663,1,1.2667478386533615
1663,2,1.4202990253790566
1663,3,1.0778693367171115
1663,4,1.034290598827574
1663,5,0.9273721218630189
1663,6,1.1149155585972963
1663,7,0.8347796942867889
1663,8,0.5985055225318132
1663,9,0.996907363322956
1663,10,1.3436470766080102
1663,11,1.1047178984204817
1663,12,1.1073259564165003
1664,1,1.44236270400814
1664,2,1.7077494564806284
1664,3,1.1029790838934284
1664,4,0.9945261656580703
1664,5,1.153986836744811
1664,6,1.2639657021455912
1664,7,1.340245256798568
1664,8,1.1501823262191373
1664,9,1.3648311282798429
1664,10,1.1890750806112425
1664,11,1.0862493873750634
1664,12,1.25800498680465
1665,1,1.8048208657691927
1665,2,1.057677516557456
1665,3,1.1737346461817495
1665,4,0.6956846773130286
1665,5,0.9144110341241718
1665,6,1.1185729239098996
1665,7,0.9509669651272635
1665,8,0.8779259775835817
1665,9,1.0736827209427622
1665,10,1.2219337878588936
1665,11,1.3518357039570619
1665,12,1.6201151070836413
1666,1,1.4344980843365485
1666,2,1.3030487950299698
1666,3,1.20168358565448
1666,4,1.1991050969965233
1666,5,1.0149650160461905
1666,6,1.1392303503660748
1666,7,1.2133700828164642
1666,8,1.062001706214696
1666,9,0.9261272052307631
1666,10,1.021070811114409
1666,11,1.2614278289393397
1666,12,1.3976431634714985
1667,1,1.7438143770958834
1667,2,1.6957880533440572
1667,3,0.9526239898200313
1667,4,1.0313586105334693
1667,5,1.1098265370536555
1667,6,0.9394391149096205
1667,7,1.0815684432943684
1667,8,0.9891714393574977
1667,9,0.9200212822439882
1667,10,1.079155952035343
1667,11,1.4539398873147618
1667,12,1.3548581206694026
1668,1,1.5637165342773236
1668,2,1.6030624859578828
1668,3,1.401875815028681
1668,4,1.1713244991669793
1668,5,1.174749412674802
1668,6,1.5568524494338325
1668,7,1.1998504181139409
1668,8,0.9941386650904268
1668,9,1.286789421920487
1668,10,1.418618871103544
1668,11,1.6413010191170374
1668,12,1.9968454077004427
1669,1,1.3658127121519263
1669,2,1.3081667121734322
1669,3,1.1466565236772965
1669,4,1.1830917715490163
1669,5,1.130292273599486
1669,6,0.726080107026381
1669,7,0.7908812595837929
1669,8,0.9813802308253657
1669,9,0.997455353922172
1669,10,1.1788281948064483
1669,11,1.2634240572666913
1669,12,1.3806561714777499
1670,1,1.6029054501087667
1670,2,1.2919398732951817
1670,3,1.2111363742435435
1670,4,0.9909305423882672
1670,5,1.1503546747041833
1670,6,0.8826230718013355
1670,7,1.0557741030957537
1670,8,1.1564209647512005
1670,9,1.0321519257805902
1670,10,0.9743787602302219
1670,11,1.4143824269422782
1670,12,1.6645929204818435
1671,1,1.522579065487895
1671,2,1.3021075420574186
1671,3,1.3485159339879405
1671,4,1.1371007859806992
1671,5,1.0715201687856053
1671,6,1.06395308414759
1671,7,1.0299887388027118
1671,8,0.914867912865658
1671,9,1.0596083978827222
1671,10,0.8676516945179333
1671,11,1.5365256495424515
1671,12,1.3878657010161284
1672,1,1.6520713791257253
1672,2,1.0959675330187384
1672,3,1.1160132946181018
1672,4,0.9221659922815899
1672,5,1.0412570731074606
1672,6,0.9847924249533934
1672,7,0.9586762944612894
1672,8,0.9164288008469264
1672,9,0.9654343495522715
1672,10,1.262263983946747
1672,11,1.2458272484550572
1672,12,0.9529938839585068
1673,1,1.583104409161433
1673,2,1.5230491786999747
1673,3,1.1846887096036252
1673,4,1.1913588297931683
1673,5,0.7865686159765104
1673,6,0.9510423936385255
1673,7,1.017575920817227
1673,8,1.0186599754477288
1673,9,1.0669351905987046
1673,10,1.5055761428245105
1673,11,1.3647616236331441
1673,12,1.8318486750711624
1674,1,1.5708987322436307
1674,2,1.6610762594377966
1674,3,1.2952334826373215
1674,4,0.8336571595775926
1674,5,1.0144831361426154
1674,6,1.4160630066592526
1674,7,1.3753473678000532
1674,8,1.3122588804241169
1674,9,0.942108707218293
1674,10,1.0346669902218864
1674,11,0.7821903488638453
1674,12,1.7100484042097772
1675,1,1.3256698204590374
1675,2,1.6688506955739388
1675,3,1.0198933862989568
1675,4,0.9193799501062472
1675,5,0.7342535385620129
1675,6,1.0884486119384693
1675,7,1.2952072150560259
1675,8,0.7705643576892685
1675,9,1.17227069793274
1675,10,1.2924160282353636
1675,11,1.2059437697989657
1675,12,1.392065573060964
1676,1,2.1376727114384413
1676,2,1.2369395215962726
1676,3,1.103793648856712
1676,4,0.8601694715568767
1676,5,1.1198493446293432
1676,6,1.0601483170429509
1676,7,0.9390977014985351
1676,8,0.9287589431803586
1676,9,1.0773735850715176
1676,10,1.1503180558717707
1676,11,1.159981744900086
1676,12,1.5821140481872988
1677,1,1.1495018770652092
1677,2,1.3612293634977621
1677,3,1.2351885287713265
1677,4,0.9826465437741629
1677,5,0.7711529565468753
1677,6,0.8794211988647918
1677,7,1.049338065937742
1677,8,0.9675973657482808
1677,9,1.1457319628475138
1677,10,0.9876599656445051
1677,11,1.3873603985244882
1677,12,1.8594021031625734
1678,1,1.0263983632722378
1678,2,1.214131205311354
1678,3,1.0607022084941744
1678,4,1.0900127833611852
1678,5,0.8192271164976692
1678,6,1.2449922264715898
1678,7,1.0513907158905844
1678,8,1.0181835208768113
1678,9,1.0046231544166997
1678,10,1.2031631438117303
1678,11,1.2817439219719602
1678,12,1.677934024497505
1679,1,1.1809285770254374
1679,2,1.3563435238658148
1679,3,1.108363104023935
1679,4,0.9257967204663146
1679,5,0.9853681840316142
1679,6,0.885265119369556
1679,7,0.9185566201981321
1679,8,0.594863819703943
1679,9,1.0579164645281727
1679,10,1.1262317409942582
1679,11,1.5299989176309547
1679,12,1.471307818243186
1680,1,1.4663320069451187
1680,2,1.3735971647910983
1680,3,1.08921239637155
1680,4,1.0667957337732765
1680,5,0.9601876368091463
1680,6,1.0325366040666055
1680,7,0.8375889426895661
1680,8,0.8591324917612426
1680,9,0.9206144828922166
1680,10,1.0655648633785813
1680,11,1.1074435690624809
1680,12,1.4835601423506404
1681,1,1.5970575090227055
1681,2,0.9838589747137565
1681,3,1.126172659662898
1681,4,0.8341263515779471
1681,5,0.8495336683040432
1681,6,0.8252368521370135
1681,7,0.9232607116030335
1681,8,0.8256783549238768
1681,9,1.2002216949946365
1681,10,1.0713517666560075
1681,11,1.5043042064625047
1681,12,1.3927787887883674
1682,1,1.3743234247288705
1682,2,1.315141470482939
1682,3,1.2876844495360187
1682,4,0.6135284997752184
1682,5,1.0842479502018334
1682,6,1.1345192705174467
1682,7,1.0318955848606248
1682,8,0.6386373725919904
1682,9,1.0366006809298292
1682,10,1.288300180204883
1682,11,1.1624735063634106
1682,12,1.6837055765383993
1683,1,1.130349321854827
1683,2,0.8267414242458564
1683,3,1.0654237818015477
1683,4,0.6658116010152573
1683,5,1.0895813124444866
1683,6,1.4851542730108718
1683,7,1.4192001816441282
1683,8,0.8608573032020812
1683,9,1.1449168655130557
1683,10,1.0345284822405725
1683,11,1.2658559310745514
1683,12,1.2170890756200408
1684,1,1.5528488970400915
1684,2,1.886087785330877
1684,3,1.3209501567520026
1684,4,0.9399306493496418
1684,5,0.957222475224063
1684,6,1.1808981949509114
1684,7,1.1768776428413872
1684,8,1.3762901832184458
1684,9,0.9594708538374299
1684,10,0.9785126667119632
1684,11,1.0888008265995635
1684,12,1.361274876090789
1685,1,0.7814914201395047
1685,2,1.5012982841698665
1685,3,1.0592791270624176
1685,4,1.010149020343139
1685,5,1.1609834915163735
1685,6,1.0206465595138605
1685,7,1.2484783436864628
1685,8,0.8869036125644263
1685,9,0.8998432906733909
1685,10,1.1238380670381924
1685,11,1.1165937626851703
1685,12,1.2436069137322405
1686,1,1.289892704062614
1686,2,1.25903751185109
1686,3,1.295026599218913
1686,4,0.8598524460795645
1686,5,0.976120724388278
1686,6,1.1382029876491728
1686,7,0.978642121721814
1686,8,0.7895192385979096
1686,9,1.0533755823118924
1686,10,0.8931620709048445
1686,11,1.0750903246716532
1686,12,1.8246469895468773
1687,1,1.5879548569929516
1687,2,1.1281491912724928
1687,3,1.2093199406463246
1687,4,1.1018503277396223
1687,5,0.9872370523726857
1687,6,0.7333856600810769
1687,7,1.176126162080976
1687,8,0.872102065607722
1687,9,1.0540528505917635
1687,10,1.219185729326819
1687,11,1.146702230808863
1687,12,1.3994399649779212
1688,1,2.3901909945105855
1688,2,1.3077356465584231
1688,3,1.3678208573879111
1688,4,1.0059331393151314
1688,5,1.0172814624336488
1688,6,0.8427105632671823
1688,7,0.9893255358365569
1688,8,1.011118604177321
1688,9,1.1079773723864457
1688,10,0.9916704176841731
1688,11,1.316201964713479
1688,12,1.3399163082619236
1689,1,1.4368220099123603
1689,2,1.686563368286831
1689,3,1.4851032587277517
1689,4,1.2538617229617293
1689,5,0.9787568148264367
1689,6,1.3471201875082734
1689,7,1.5296243426674099
1689,8,1.3266287287274205
1689,9,1.372727870785868
1689,10,1.4925529531139299
1689,11,1.1850012738917028
1689,12,1.6853902325752228
1690,1,1.4205332529812598
1690,2,1.4720891847248112
1690,3,1.1592020324142065
1690,4,1.0134516520756933
1690,5,0.9590646900789179
1690,6,1.5691262588128145
1690,7,0.8276399945276045
1690,8,0.8691932535035801
1690,9,1.0104269882892314
1690,10,1.220170265563132
1690,11,1.3170558579496707
1690,12,1.1437328426972082
1691,1,1.206540891642061
1691,2,1.5434673839551096
1691,3,1.043570345468078
1691,4,0.7403436990531769
1691,5,1.0080642661890369
1691,6,1.1923135859121283
1691,7,1.0251061396485037
1691,8,1.0323704069676813
1691,9,1.0310362652502874
1691,10,1.149488664413441
1691,11,1.1763442751571196
1691,12,1.5144401342326892
1692,1,1.8046989364352142
1692,2,1.8460540430491006
1692,3,1.5556707171375284
1692,4,1.0760035157110521
1692,5,0.8616102770613593
1692,6,1.1540003662645715
1692,7,1.3358567291365215
1692,8,1.2617137026495624
1692,9,1.1366348730961635
1692,10,1.1042653146152281
1692,11,1.2645633986751283
1692,12,1.5758967463429663
1693,1,1.1619019495883591
1693,2,1.430714753692066
1693,3,1.1053894683504961
1693,4,0.8927827270956272
1693,5,1.0689726948702771
1693,6,0.9788017431629097
1693,7,1.107746224508362
1693,8,1.0455531816185206
1693,9,0.8259339066943809
1693,10,1.0834518532449744
1693,11,1.3872846972690667
1693,12,1.3485873817841352
1694,1,1.0086515076382152
1694,2,1.9159549324787897
1694,3,1.2352657765010149
1694,4,1.120614830205885
1694,5,1.0281477630216846
1694,6,1.157313543488793
1694,7,1.054987860982837
1694,8,1.2347694052972193
1694,9,1.049287261513048
1694,10,1.0719092754249901
1694,11,1.274778865223801
1694,12,1.6201897435159642
1695,1,1.6717925185372162
1695,2,1.5722414897010584
1695,3,0.8979813790840068
1695,4,1.1878157576830906
1695,5,0.9248017658107244
1695,6,0.8394765667146489
1695,7,0.8619579390223774
1695,8,0.8278733003714571
1695,9,1.2108921068297984
1695,10,1.2140513227743401
1695,11,1.4280055592867762
1695,12,1.2897997575215743
1696,1,1.3317827358022951
1696,2,1.3752933311305573
1696,3,1.255104083883773
1696,4,1.2800183936822163
1696,5,1.1700233926033967
1696,6,1.1523125032987478
1696,7,1.1685177488246534
1696,8,1.0717043422076709
1696,9,0.9323072181894126
1696,10,0.8366542752943533
1696,11,1.439327522068412
1696,12,1.6441155602364694
1697,1,1.2897961821963893
1697,2,1.3341801400060769
1697,3,1.1165150794720178
1697,4,0.8999398455701659
1697,5,0.9650875507373501
1697,6,0.9734616102328083
1697,7,0.8087020843102231
1697,8,1.031173429044099
1697,9,0.9556845335487416
1697,10,1.561433674938804
1697,11,1.568049833820412
1697,12,1.7733046675335042
1698,1,1.9642092272487748
1698,2,1.737757049259499
1698,3,1.4466910056352482
1698,4,1.177498662803702
1698,5,1.05594975581897
1698,6,1.1251428061983741
1698,7,1.1941028185033635
1698,8,1.08023448941805
1698,9,1.0811251294626276
1698,10,1.2558281426773892
1698,11,1.278517255661728
1698,12,1.8253875016932042
1699,1,1.0724489031298874
1699,2,1.3959106277000806
1699,3,1.0524809171163771
1699,4,1.2693725228824597
1699,5,0.9843379028523942
1699,6,0.8691967966280667
1699,7,1.1173372798093106
1699,8,1.0466990743891595
1699,9,1.0924249822655558
1699,10,1.14813152139445
1699,11,1.1150297240488665
1699,12,1.4188107888134027
1700,1,1.985604397753787
1700,2,1.2118901445549637
1700,3,1.264631258078062
1700,4,1.2251404929217116
1700,5,0.9749516854478548
1700,6,1.6142793484755358
1700,7,1.3334223363259279
1700,8,0.9677181704708135
1700,9,1.147244038417175
1700,10,0.9172899674330528
1700,11,1.3122177115345361
1700,12,1.5770940629703134
1701,1,1.302704448716813
1701,2,1.263260963230441
1701,3,1.1601337040263793
1701,4,0.9704290890724324
1701,5,0.9913090642300668
1701,6,1.3798426659735394
1701,7,1.432623389419827
1701,8,1.2481054228630617
1701,9,0.8656541867239858
1701,10,0.8211458865012715
1701,11,1.1745400982047682
1701,12,1.8363448293308666
1702,1,1.51579604434091
1702,2,1.879781844809992
1702,3,1.117811076880153
1702,4,1.1070980150566023
1702,5,1.0378502871570654
1702,6,1.0850312868158
1702,7,1.1780811744606998
1702,8,0.9793593353690832
1702,9,1.1517177181925877
1702,10,0.9615149178349577
1702,11,1.103581434632639
1702,12,1.008734494034704
1703,1,1.6541864926488934
1703,2,2.212327186733751
1703,3,1.1497924774794757
1703,4,0.83125509516184
1703,5,0.9398818181739803
1703,6,1.280179798280539
1703,7,1.1367978353815709
1703,8,1.0453718028975625
1703,9,1.0776560354263367
1703,10,1.1333972557704293
1703,11,1.2714299571770813
1703,12,1.1607599545833058
1704,1,1.4336203400310583
1704,2,1.1185037308716779
1704,3,1.203466685441715
1704,4,1.0928993413499384
1704,5,0.9253731995929435
1704,6,0.8697152434857414
1704,7,0.8386018855120809
1704,8,0.839026106194171
1704,9,0.9377045284220182
1704,10,0.94904429252719
1704,11,1.122509088344079
1704,12,1.283347791493967
1705,1,1.4083444051360445
1705,2,1.1742461388973109
1705,3,0.8920346776382226
1705,4,0.9886935964275634
1705,5,0.8297605528029388
1705,6,1.0971075465807258
1705,7,1.1265431296358357
1705,8,0.9651215721513775
1705,9,1.0992071949648956
1705,10,0.9555737169264231
1705,11,1.5048195563654454
1705,12,1.5272049919436936
1706,1,1.3011156553110648
1706,2,1.464470954551624
1706,3,1.013860754294917
1706,4,1.06178908544152
1706,5,1.1027056585372583
1706,6,1.3708006578434342
1706,7,1.2094211861500896
1706,8,1.0674712626582017
1706,9,1.051132511940995
1706,10,1.1300868239978137
1706,11,1.3692229388419652
1706,12,1.3151067617284045
1707,1,1.2524824241263444
1707,2,1.083765901344481
1707,3,0.9694640993009358
1707,4,1.1371125823924206
1707,5,1.067924335126203
1707,6,1.0131898969743034
1707,7,1.0093369242387422
1707,8,1.0801930669089734
1707,9,1.1308058568700194
1707,10,1.1233649404622534
1707,11,1.42640448266013
1707,12,1.7389869285031399
1708,1,1.699554922902999
1708,2,1.271675001449189
1708,3,1.237546517831482
1708,4,1.1609861697019759
1708,5,0.9692337923240122
1708,6,0.9192502663619351
1708,7,1.106961794426191
1708,8,0.8057008615490499
1708,9,1.0862916964625229
1708,10,1.3554692731059157
1708,11,1.3372929862577037
1708,12,1.3165859722841358
1709,1,1.3532491881857254
1709,2,1.5598960996973683
1709,3,1.5041364922872105
1709,4,0.9544464171884037
1709,5,1.3337779763306148
1709,6,1.2948468915860372
1709,7,1.0290353406777586
1709,8,1.023913697333002
1709,9,1.0865819415315188
1709,10,1.1883014321780092
1709,11,1.0131362204072598
1709,12,1.3234661251974777
1710,1,1.4980484005734969
1710,2,1.8493300914417454
1710,3,1.0353514229301655
1710,4,1.4027764251236883
1710,5,1.243328356690816
1710,6,1.194530255769255
1710,7,1.174706826783104
1710,8,1.0573954200986075
1710,9,1.1901371527575484
1710,10,1.291691982858683
1710,11,1.028233909455671
1710,12,1.2384663235739521
1711,1,1.9448234186789777
1711,2,1.3847123400226653
1711,3,0.9448809711819136
1711,4,1.1853533813270611
1711,5,1.0099906421324838
1711,6,1.3259585535994338
1711,7,1.2619986045605125
1711,8,1.1725133889381167
1711,9,1.2504661023597574
1711,10,1.1853105936339476
1711,11,1.320248363321856
1711,12,1.836094416798616
1712,1,1.4516660813286346
1712,2,1.438758688868079
1712,3,1.5455005733512026
1712,4,0.9857547552976315
1712,5,0.8990549587790203
1712,6,1.0617980457052931
1712,7,0.7905983768587322
1712,8,0.8108308581563393
1712,9,1.06963040930879
1712,10,1.323766337214201
1712,11,1.538558723892776
1712,12,1.4932259073142604
1713,1,1.4175312179295956
1713,2,1.3752735959038047
1713,3,1.0042069393793216
1713,4,1.0712668105282859
1713,5,0.8659921606548726
1713,6,1.4097976549924556
1713,7,1.1822994068692119
1713,8,1.2299324005950512
1713,9,1.1365418274255565
1713,10,0.9135664063198505
1713,11,1.2332448124455444
1713,12,1.5397042655996491
1714,1,1.5022034242965638
1714,2,1.4791968998482052
1714,3,0.9646534201888837
1714,4,1.1980811635405242
1714,5,1.0919910273847941
1714,6,0.9478838161849772
1714,7,0.9715889243105091
1714,8,1.0087619840259088
1714,9,1.1818059316631684
1714,10,0.9559901748509849
1714,11,1.353467316569388
1714,12,1.8538243264061143
1715,1,1.7949841467266516
1715,2,1.321158890220109
1715,3,1.2309731053167479
1715,4,0.7995737527498104
1715,5,1.0342182433850975
1715,6,1.0883631238533888
1715,7,1.0290731334536578
1715,8,1.0528867329867468
1715,9,1.1138155026809369
1715,10,1.2898985557975724
1715,11,1.1971729134707185
1715,12,1.2883544999940368
1716,1,1.7811099378110755
1716,2,1.4506521054057724
1716,3,0.9065112182602564
1716,4,0.888042663663559
1716,5,1.1215022047607697
1716,6,0.8685570078716245
1716,7,0.7712064632439826
1716,8,0.8656640636536601
1716,9,0.9014333990506859
1716,10,1.1044845000005348
1716,11,1.2785083542877893
1716,12,1.3002769810143073
1717,1,1.2188802284654394
1717,2,1.3931278049136295
1717,3,0.9336086080354549
1717,4,1.4123483548187834
1717,5,1.0878777685580534
1717,6,1.2170608226003705
1717,7,1.1864354375577366
1717,8,0.9353351691044924
1717,9,1.0485058547708928
1717,10,1.2692384172626134
1717,11,1.1291077200018464
1717,12,1.7977927483309255
1718,1,1.8563748619242952
1718,2,1.7741532118635006
1718,3,1.0986137925827029
1718,4,1.167086009317242
1718,5,1.0466644629412625
1718,6,1.251849077762843
1718,7,1.2993700009748572
1718,8,0.8831825597689602
1718,9,1.0206538228390096
1718,10,1.1231611359459646
1718,11,1.6480952155444437
1718,12,1.0995344305604533
1719,1,1.4367511724147946
1719,2,1.230348325801093
1719,3,0.892323095041356
1719,4,1.136513806354422
1719,5,0.8279477093730929
1719,6,1.1222208567303227
1719,7,1.1172167578782306
1719,8,0.8921795722056017
1719,9,1.0023027060295315
1719,10,0.9701439641109837
1719,11,1.5060576983224654
1719,12,1.3051679257126065
1720,1,1.2433671773040094
1720,2,1.565042614248512
1720,3,1.038835688292894
1720,4,1.0302263803558083
1720,5,0.9938285600212506
1720,6,1.146245452188669
1720,7,1.0420466047818189
1720,8,1.0744230184885417
1720,9,1.130497364862902
1720,10,1.1019117020464297
1720,11,1.3002924213451792
1720,12,1.2497506363418882
1721,1,2.1816006350045214
1721,2,1.0093356185659714
1721,3,1.005080824076637
1721,4,0.8961288600672781
1721,5,0.847350472104474
1721,6,1.1692979958501686
1721,7,1.3250795936973583
1721,8,1.1918429925019802
1721,9,0.7362882116622044
1721,10,1.068498350214267
1721,11,1.3855254655472486
1721,12,1.3894129240320527
1722,1,1.3919919709798991
1722,2,1.5995946551278362
1722,3,1.0174248619714912
1722,4,0.8773613806335028
1722,5,1.022943629119515
1722,6,1.1464380138713182
1722,7,1.2173174072285113
1722,8,0.9659828052074944
1722,9,0.8410406361099659
1722,10,1.1858496077979792
1722,11,1.0689883490746683
1722,12,1.349529169762691
1723,1,1.7511735201287522
1723,2,1.3257497053874097
1723,3,0.9019008010916285
1723,4,0.8684987847927753
1723,5,0.9944175182204057
1723,6,0.8429467161057693
1723,7,0.8464355612100856
1723,8,0.9732336270092726
1723,9,1.0764513275035816
1723,10,1.090047307181992
1723,11,1.4562912843751727
1723,12,1.6774731811863792
1724,1,1.7373096791991833
1724,2,1.4145751208070094
1724,3,1.4842012643356688
1724,4,1.265839789125733
1724,5,1.0311708987197241
1724,6,1.2378240694541982
1724,7,1.1078084424860877
1724,8,1.4003404920874474
1724,9,1.0479730487633732
1724,10,1.0189859862038624
1724,11,0.9991380288581979
1724,12,1.5185149103284077
1725,1,1.81225153600238
1725,2,1.5533406573904383
1725,3,1.4368615013391772
1725,4,0.8372575064725263
1725,5,0.939246665856778
1725,6,1.2473528003761531
1725,7,1.15722265332958
1725,8,0.891352615828152
1725,9,1.5021852859546052
1725,10,1.0102308164866594
1725,11,1.5362108777378505
1725,12,1.909326487764886
1726,1,1.7344801108284766
1726,2,1.5108241015957296
1726,3,1.011707265096807
1726,4,0.8910797090735443
1726,5,1.0018362073522415
1726,6,0.8422678875832228
1726,7,1.1104513695632323
1726,8,0.5856076033214429
1726,9,1.405233832289627
1726,10,1.0500564512681176
1726,11,1.5808357194059073
1726,12,1.3358825718667662
1727,1,1.1539533468814782
1727,2,1.1131622079513548
1727,3,0.9524256712607291
1727,4,1.0748007057285225
1727,5,1.0880143291450202
1727,6,0.9385498180480949
1727,7,0.7893321694417671
1727,8,1.139268700753566
1727,9,1.0641606584137042
1727,10,1.2078473612932044
1727,11,1.782628904683948
1727,12,1.775112363846684
1728,1,1.5776769874621794
1728,2,1.473106444333212
1728,3,0.8125220473631205
1728,4,0.9200529850154339
1728,5,0.8366645114718458
1728,6,1.106685958908011
1728,7,1.0517538585155366
1728,8,0.9280748859141089
1728,9,1.029377379367343
1728,10,1.1093988819843612
1728,11,1.5961635676945152
1728,12,1.380387646620793
1729,1,1.6170801782005442
1729,2,1.7549373965695394
1729,3,1.0682261421180241
1729,4,0.7274831405919238
1729,5,0.7688676554328294
1729,6,1.1213807360532546
1729,7,1.0599411862997705
1729,8,0.906906186078517
1729,9,1.1314827565422902
1729,10,1.1014035237510098
1729,11,1.407151722694731
1729,12,1.3983354078914538
1730,1,1.8106475484416402
1730,2,1.2407504031291068
1730,3,1.108442101167806
1730,4,1.2548380336572849
1730,5,0.9491802572898381
1730,6,1.0348297436339002
1730,7,1.020654163611812
1730,8,0.95611264167412
1730,9,0.9560659054119699
1730,10,0.8899591716570212
1730,11,1.0110793677930772
1730,12,1.6197729882570542
1731,1,1.625786914302077
1731,2,1.242037845079074
1731,3,1.1434085353915264
1731,4,1.0161828938742286
1731,5,0.9853052987332404
1731,6,1.173652844836915
1731,7,1.134051716354436
1731,8,1.121353514314392
1731,9,1.0513923989832505
1731,10,1.0996716499489492
1731,11,1.458143154511951
1731,12,1.3299851337018702
1732,1,1.4486843085227705
1732,2,1.5657012323895572
1732,3,1.227373370812694
1732,4,0.8766446030413674
1732,5,0.9762804499971341
1732,6,1.3951407020961903
1732,7,1.0763493697399809
1732,8,0.7280580754841512
1732,9,1.2766903580360238
1732,10,1.012662453465809
1732,11,1.603123560853349
1732,12,1.2471448781721395
1733,1,1.184227901553418
1733,2,1.2970153009404222
1733,3,1.0704468025103566
1733,4,1.098754301640605
1733,5,1.0183928870916588
1733,6,1.037973111468182
1733,7,1.244598913246038
1733,8,1.05033801554846
1733,9,1.044236654372213
1733,10,0.8579857870861767
1733,11,1.3356988926716442
1733,12,0.8682317744826087
1734,1,2.1263109561456845
1734,2,1.9096876573526367
1734,3,1.5632408860627347
1734,4,0.8975617675632837
1734,5,1.1033754935749016
1734,6,1.1277109550915907
1734,7,0.9978333236898127
1734,8,0.8428489855467212
1734,9,1.050236437904051
1734,10,1.0449356946724613
1734,11,0.9457177333825786
1734,12,1.0812149205729185
1735,1,1.532439685792514
1735,2,1.6815665611280608
1735,3,1.673250056902123
1735,4,0.7682602996291483
1735,5,1.1902383257664582
1735,6,1.2875653359454662
1735,7,1.6605185820780397
1735,8,1.2569476527929182
1735,9,1.524706168859279
1735,10,0.8592201327961445
1735,11,1.2005711923800724
1735,12,1.488425417308263
1736,1,1.519471072162128
1736,2,1.7153900384838647
1736,3,1.4418149703533998
1736,4,1.156359564594457
1736,5,0.8243794872897665
1736,6,1.095173911812852
1736,7,1.159406989295364
1736,8,1.2806463188463875
1736,9,1.424779234103822
1736,10,1.0102684248986367
1736,11,1.4292500256010268
1736,12,1.3471307795831833
1737,1,1.4787905979489038
1737,2,1.8104462847631266
1737,3,1.1889757782303076
1737,4,1.1798391920549403
1737,5,1.0333816040697577
1737,6,1.0493417801603717
1737,7,1.2443516145344724
1737,8,0.8535580103114663
1737,9,1.0441954877478006
1737,10,1.0879697569107942
1737,11,1.1992458242035662
1737,12,1.3500515561995532
1738,1,1.489987710468227
1738,2,1.2532833158377794
1738,3,1.1313688224741927
1738,4,0.8295755504564484
1738,5,0.9652109907475506
1738,6,1.0619796494578035
1738,7,1.108653147823551
1738,8,0.7958346624087378
1738,9,1.1044926863551363
1738,10,0.9947102188072307
1738,11,1.4638734968650264
1738,12,1.497158335019496
1739,1,2.1603494562818746
1739,2,2.2216368594785796
1739,3,1.2032703194209304
1739,4,1.1373571742587272
1739,5,1.138723359337681
1739,6,1.3136927551756168
1739,7,1.3601522696014796
1739,8,1.204743704177588
1739,9,1.398790048050674
1739,10,0.8593203431853018
1739,11,1.6554627412125542
1739,12,1.5707107102238316
1740,1,1.713129968982685
1740,2,1.3572720281828503
1740,3,0.9678145909956264
1740,4,1.0362201822952093
1740,5,1.0486235768712955
1740,6,0.9628256521700523
1740,7,1.2455495511783126
1740,8,1.211161599278932
1740,9,1.1389659649078054
1740,10,0.9208865538190101
1740,11,1.2335898115722848
1740,12,1.3051962128501013
1741,1,1.7230554898773396
1741,2,0.981319913828306
1741,3,1.305419511213155
1741,4,0.9677189785181688
1741,5,0.9231587887851684
1741,6,1.0714058791907335
1741,7,1.0755611407420225
1741,8,0.9070776847206986
1741,9,1.2254276771554107
1741,10,1.1683805141174495
1741,11,1.4286424117261398
1741,12,1.5049783119066342
1742,1,1.6407177991149926
1742,2,1.5749664489263133
1742,3,1.3380255111152246
1742,4,1.0741738243884995
1742,5,1.0240126588584224
1742,6,1.172817165274961
1742,7,1.243679415358745
1742,8,1.245908128079715
1742,9,1.3089602849748694
1742,10,1.2113958585907116
1742,11,1.4540795326656955
1742,12,1.5488425552773895
1743,1,1.3870693263864076
1743,2,1.5253865734387357
1743,3,1.0102528622392646
1743,4,1.1507726797425564
1743,5,0.8570634187002428
1743,6,1.1065320429387069
1743,7,1.0708624346942375
1743,8,1.321967367963349
1743,9,1.011516937829089
1743,10,0.9877303570167824
1743,11,0.7934892441927947
1743,12,1.1397090192106658
1744,1,1.3067537335424588
1744,2,0.823961611378939
1744,3,1.2536898637266713
1744,4,0.9019910919801222
1744,5,0.8059228899665621
1744,6,1.066824504327879
1744,7,1.1427381913324055
1744,8,0.9689572386606269
1744,9,1.0255891668199304
1744,10,1.0688501435459377
1744,11,1.469006490850883
1744,12,1.5671495248973892
1745,1,1.516496836669433
1745,2,2.2745940562851708
1745,3,1.2463593724039645
1745,4,1.155058594102321
1745,5,1.348082950023682
1745,6,1.4298185731221642
1745,7,1.689881935736583
1745,8,1.4501573134404668
1745,9,1.2082142123952766
1745,10,1.3332996124740182
1745,11,1.0658733523732358
1745,12,1.5051700119976457
1746,1,1.1822654536272248
1746,2,1.7299552161631966
1746,3,0.9954655415965826
1746,4,1.1163278238509875
1746,5,1.1405853282085334
1746,6,1.119280801514697
1746,7,1.0292004228347778
1746,8,1.1584180616453241
1746,9,1.0889888543552635
1746,10,1.2390774117399226
1746,11,1.3197848569541846
1746,12,1.5556197053380614
1747,1,1.4933682927666427
1747,2,1.0521272852992127
1747,3,1.3945738059434438
1747,4,0.8218028185048938
1747,5,0.8669853310756956
1747,6,0.7638729396984472
1747,7,0.8438981735038039
1747,8,0.9416668342097998
1747,9,1.1961903165995933
1747,10,1.240936279298233
1747,11,1.2747131015513784
1747,12,1.4713983117781706
1748,1,1.5889185571631288
1748,2,1.58280659603387
1748,3,0.9186044666054114
1748,4,1.1853355990539682
1748,5,1.1737598402162477
1748,6,0.7681767300151554
1748,7,1.2096788632102493
1748,8,0.8175955385584557
1748,9,0.8182367050892467
1748,10,1.153754444341803
1748,11,1.1665746636286234
1748,12,1.368517685202267
1749,1,1.1936630898532516
1749,2,1.2786396048131932
1749,3,1.3434542685144328
1749,4,0.9495959136916472
1749,5,0.7974667566135221
1749,6,1.127859744629923
1749,7,1.1516539631780864
1749,8,1.0111369919012625
1749,9,1.107326976791096
1749,10,1.4461708550257293
1749,11,1.4833349591042138
1749,12,1.701212080368208
1750,1,1.568730862076064
1750,2,2.0022894251017047
1750,3,1.4165910934755814
1750,4,1.2147764363199625
1750,5,1.0617772866703596
1750,6,1.3152301095659302
1750,7,1.5149406527010225
1750,8,1.0727716917304417
1750,9,1.1921563128256218
1750,10,1.1661324064454648
1750,11,1.3815785509095966
1750,12,1.2436088305425719
1751,1,1.4901987252690279
1751,2,1.3042872319040915
1751,3,0.896631583871603
1751,4,0.8640143030773776
1751,5,1.0312649411036203
1751,6,1.068508474936473
1751,7,1.0011443391556454
1751,8,1.213369322814196
1751,9,1.0652684278372462
1751,10,1.6680885541753625
1751,11,1.3940797572138255
1751,12,1.1279621747940325
1752,1,1.2496672932088801
1752,2,1.40391536016496
1752,3,1.1436810075019266
1752,4,1.1813599057952344
1752,5,1.3535454253348127
1752,6,1.1987592985031013
1752,7,1.4574374750635584
1752,8,1.0831879016365464
1752,9,1.2191887752341666
1752,10,1.3295227600450175
1752,11,1.0632122071005896
1752,12,1.1691627214785816
1753,1,1.287318233070873
1753,2,1.2804297642353586
1753,3,1.0189155458558237
1753,4,1.163265311453952
1753,5,1.108945707212097
1753,6,1.0356117524750905
1753,7,1.1374889473385084
1753,8,0.9738631574492955
1753,9,1.2399449327633467
1753,10,1.103529376567441
1753,11,1.2679988641888578
1753,12,1.9762945729384995
1754,1,1.7666007907591985
1754,2,1.2039655060019812
1754,3,1.201604909263261
1754,4,1.0036928970885672
1754,5,0.9147191002760654
1754,6,0.9576077111302
1754,7,1.0949980250071671
1754,8,1.0572929676652367
1754,9,1.0070390959357989
1754,10,0.9245708734584861
1754,11,1.6145979751842736
1754,12,1.246571707408248
1755,1,1.5131285318754322
1755,2,1.4390387247167298
1755,3,0.8716744909841023
1755,4,0.9483874982453728
1755,5,0.8895730166215624
1755,6,0.9319454322171616
1755,7,1.0409255185578752
1755,8,1.1050758805030503
1755,9,0.874267164475016
1755,10,1.292482363222249
1755,11,1.489034328150387
1755,12,1.5898701784351241
1756,1,1.2379387764776841
1756,2,1.0180887011288857
1756,3,1.2175242002710926
1756,4,0.971281176316333
1756,5,1.0147219853333755
1756,6,0.893544255496162
1756,7,0.9020844871532285
1756,8,1.061546372271938
1756,9,1.1915541491905652
1756,10,1.2973894562103085
1756,11,1.6935180896034576
1756,12,1.3358385724610655
1757,1,1.339926474849317
1757,2,1.635100820619886
1757,3,0.9751303827304676
1757,4,1.2032411578233286
1757,5,1.2549659352097438
1757,6,1.2566655665463178
1757,7,1.2546326897457258
1757,8,1.1891305521051319
1757,9,1.1710409071975134
1757,10,1.0711936208389392
1757,11,1.2585799455384126
1757,12,1.403736178041927
1758,1,1.376015090309656
1758,2,1.5592606040422532
1758,3,1.2830690468844135
1758,4,1.3554917606230918
1758,5,1.2505698947896189
1758,6,1.053353809935259
1758,7,1.1273366117946462
1758,8,1.0809265298137922
1758,9,0.8728146380113244
1758,10,1.1999540669746047
1758,11,1.4066964282897383
1758,12,1.0709578149369052
1759,1,1.3343305154175802
1759,2,2.158356211850566
1759,3,1.2487329799303422
1759,4,1.2079943913022058
1759,5,1.0926441010612766
1759,6,1.2592781376273725
1759,7,1.3038155950520116
1759,8,1.1434875228243249
1759,9,0.8795016668627762
1759,10,1.0991927264837322
1759,11,1.0492371885352905
1759,12,1.532620135869224
1760,1,1.4866162591299101
1760,2,1.5134159045367928
1760,3,1.133995853707685
1760,4,1.0124471852478032
1760,5,0.8566253983258177
1760,6,1.1967699692613416
1760,7,1.285716868132801
1760,8,1.148116068261132
1760,9,1.134627785538183
1760,10,0.783752412616288
1760,11,1.3197803403712016
1760,12,1.642182820648104
1761,1,1.858365655528682
1761,2,1.375967861312743
1761,3,1.043653116338396
1761,4,0.8148360458954693
1761,5,0.9025524755548466
1761,6,1.0162309525825095
1761,7,0.9612647498047835
1761,8,1.068915003685117
1761,9,0.8592190969967168
1761,10,1.1002658611199108
1761,11,1.2640437262788127
1761,12,1.4565902189027478
1762,1,1.3364509238864892
1762,2,1.6759925616646836
1762,3,1.3471561855825582
1762,4,1.128381167876674
1762,5,0.7884176434388077
1762,6,1.1520662238331905
1762,7,1.1788975433000604
1762,8,0.8307664016496289
1762,9,0.8603749344126623
1762,10,0.8947451092418022
1762,11,1.209714059338137
1762,12,1.7775688886007397
1763,1,1.2695502650091675
1763,2,1.3172591007430772
1763,3,1.2503080570414198
1763,4,1.035625253023961
1763,5,1.0414807734995415
1763,6,1.1154115057644776
1763,7,0.8150903215875399
1763,8,0.9447475223885872
1763,9,0.9924581813675821
1763,10,1.0270812386652581
1763,11,1.2430581611456342
1763,12,1.8156981696366001
1764,1,1.4415161449666565
1764,2,1.3255707002203
1764,3,1.1315490441418432
1764,4,0.9937756949117711
1764,5,1.1205336063527098
1764,6,1.2345124346435459
1764,7,1.0453233016071815
1764,8,1.1283008653747282
1764,9,0.9804508115049805
1764,10,1.0335136118236086
1764,11,1.1638666122238521
1764,12,1.2612089605031847
1765,1,1.2693731966042279
1765,2,1.6827442959132137
1765,3,1.172957050759254
1765,4,0.8777526745113949
1765,5,0.9817421663101529
1765,6,0.9419190277625269
1765,7,1.1282318766333619
1765,8,0.9633824511144337
1765,9,1.322700960705427
1765,10,0.9825163181253698
1765,11,1.7307659653201828
1765,12,1.9695176285283011
1766,1,1.1991541286182956
1766,2,1.7871435034325995
1766,3,1.0665980666242485
1766,4,1.0415228515200563
1766,5,0.884331214862039
1766,6,0.9143454779741884
1766,7,0.910420460323409
1766,8,1.2128257118404062
1766,9,1.1044377356101367
1766,10,1.1090770800171355
1766,11,1.0800656705145468
1766,12,1.1089558112432554
1767,1,1.5168775402505408
1767,2,1.2000005989363525
1767,3,1.4647396337901124
1767,4,1.0797750385582363
1767,5,0.9351263680784314
1767,6,1.0133735321138755
1767,7,1.0198720136228971
1767,8,0.8582308518147168
1767,9,1.1779823710721362
1767,10,1.197943395717663
1767,11,1.2143351902323003
1767,12,1.9511584548680028
1768,1,1.5179275442505946
1768,2,1.062092551808804
1768,3,1.387142047254812
1768,4,1.023672520258742
1768,5,1.1475981851284756
1768,6,1.0528097231058646
1768,7,1.154106498363437
1768,8,1.1956582765837256
1768,9,1.3649305117145176
1768,10,0.9212754836483101
1768,11,1.3185808759508229
1768,12,1.563298084069868
1769,1,1.077149638370464
1769,2,1.3019876406920075
1769,3,0.8324417592503588
1769,4,0.8995499835577658
1769,5,0.9713521019116994
1769,6,1.2094950876278552
1769,7,1.1862192980056063
1769,8,1.2709037671765124
1769,9,1.210583505481309
1769,10,1.1513934376206896
1769,11,1.2824127866602006
1769,12,1.470136133068324
1770,1,1.6324255637310923
1770,2,1.6454701407559615
1770,3,1.4420380167093014
1770,4,1.3192658927716017
1770,5,1.0986776034189731
1770,6,1.2286005754558043
1770,7,1.547251736592214
1770,8,1.150931594018354
1770,9,1.2529393734457386
1770,10,1.0326061548046792
1770,11,1.2490339747236407
1770,12,1.5588714669587036
1771,1,1.6259137499729035
1771,2,1.2195874755101128
1771,3,1.1421728643170785
1771,4,1.292597082203369
1771,5,0.9009146972176574
1771,6,1.1728290025616817
1771,7,1.104338017721573
1771,8,0.9426634402038133
1771,9,0.9480492981039784
1771,10,0.881947808080464
1771,11,1.2450452997161645
1771,12,1.3524486737709114
1772,1,1.324055218989083
1772,2,1.1583044119101078
1772,3,1.347165936123512
1772,4,1.2330511223656364
1772,5,1.0201059160198893
1772,6,0.8572561028771284
1772,7,0.9682585096054912
1772,8,0.9715578738235651
1772,9,1.1642965187903913
1772,10,1.086824068232299
1772,11,1.3126401055614925
1772,12,1.8010831422679723
1773,1,1.3535060971735409
1773,2,1.3231213607384968
1773,3,1.0926584675114293
1773,4,1.2543202140310292
1773,5,0.9643354133638664
1773,6,1.0587750223849903
1773,7,1.286384510974929
1773,8,1.0324785721558047
1773,9,0.803289664425844
1773,10,1.1605008669906907
1773,11,1.7810983291245988
1773,12,1.138187672818676
1774,1,1.6978746751997966
1774,2,1.574756238532617
1774,3,1.0255508359514434
1774,4,1.120794136294186
1774,5,1.113689197122906
1774,6,1.121415574519317
1774,7,1.1190791003542713
1774,8,1.005170321147492
1774,9,1.0603213579043507
1774,10,0.9315537461280676
1774,11,1.0785307771270964
1774,12,1.4100139563721088
1775,1,1.4168491437371162
1775,2,1.5552623483324512
1775,3,1.183704677238097
1775,4,1.073775666204483
1775,5,0.9114157327536168
1775,6,1.0121903013656237
1775,7,1.014363072846499
1775,8,0.9626867287937781
1775,9,1.0766641275076898
1775,10,1.0885671279105074
1775,11,0.8888237842649671
1775,12,1.5881436811456806
1776,1,1.3420616022837835
1776,2,1.438727781816192
1776,3,1.539961991473797
1776,4,1.1289837261075606
1776,5,0.81796132754078
1776,6,0.8293190154837693
1776,7,0.9622995099843958
1776,8,0.8644685035068642
1776,9,1.1062737626009083
1776,10,1.034329937215243
1776,11,1.920090899120181
1776,12,1.3684425894100944
1777,1,1.2054685255635977
1777,2,1.6362923441486532
1777,3,1.1362277736730693
1777,4,0.9550086602122949
1777,5,0.9793787279703394
1777,6,1.2182539004733628
1777,7,1.09779989917716
1777,8,1.01426705461249
1777,9,1.5435694195427097
1777,10,1.2775155244475145
1777,11,1.004706307012472
1777,12,1.7795120261255657
1778,1,1.4918726074171889
1778,2,1.8351997776045996
1778,3,1.1739397689437052
1778,4,1.042071770380836
1778,5,1.1420417772955134
1778,6,1.0612865997912526
1778,7,1.0883539760008147
1778,8,1.082963930516212
1778,9,1.2494538054757536
1778,10,1.2200422486929896
1778,11,1.1848642001817629
1778,12,1.6565775894744181
1779,1,1.9406469498283427
1779,2,1.5030164291411676
1779,3,1.6135346768648275
1779,4,0.9202491451058501
1779,5,1.0010597467851232
1779,6,1.1507159259156878
1779,7,0.9800839031540615
1779,8,1.031870826811755
1779,9,0.9499702263112875
1779,10,1.1163524277884127
1779,11,1.4970745989397203
1779,12,1.1675615152912413
1780,1,1.1180008395302978
1780,2,1.6436117715648628
1780,3,1.0134251984367855
1780,4,0.7458184597477581
1780,5,0.6988406974291785
1780,6,0.7669993011627181
1780,7,1.0009553480375766
1780,8,0.8632226610938223
1780,9,0.9720478254411185
1780,10,1.3127701896656592
1780,11,1.304862231296644
1780,12,1.388614825010899
1781,1,1.3338577560609441
1781,2,1.2736856688992537
1781,3,1.055596707161496
1781,4,1.2550019086521913
1781,5,1.1067346005493683
1781,6,0.8287371314119342
1781,7,0.9953437183042044
1781,8,0.9249423133590363
1781,9,1.1020510401479977
1781,10,0.929434281425686
1781,11,1.2380925144114883
1781,12,1.9889225242617385
1782,1,1.3830775184713846
1782,2,1.5699391326863315
1782,3,1.2074695697934734
1782,4,0.7093702690677899
1782,5,1.014697791982746
1782,6,1.0246860881824458
1782,7,0.973652858025331
1782,8,1.1801920813536673
1782,9,0.8961982746700261
1782,10,1.166156494090879
1782,11,0.9531617051053998
1782,12,1.1041408894410425
1783,1,1.2075597912461848
1783,2,1.3272436895187771
1783,3,1.3695513922091673
1783,4,1.0748847409862226
1783,5,0.9552829674041248
1783,6,0.8889971034941735
1783,7,1.1718384049322506
1783,8,0.831846608629979
1783,9,1.139074581209437
1783,10,1.2040255705049885
1783,11,1.201450775987031
1783,12,1.8380234626987488
1784,1,1.4391079829704683
1784,2,1.575230965447985
1784,3,1.1340152148661584
1784,4,1.064150343801406
1784,5,1.0162350218491452
1784,6,1.1156496665436522
1784,7,1.3213798699719745
1784,8,1.1148412940373826
1784,9,0.9997429391402202
1784,10,1.2940190493512673
1784,11,1.253220463944714
1784,12,1.1962806438302218
1785,1,1.644965570354014
1785,2,1.426224778239129
1785,3,1.3353576981108233
1785,4,0.9791494613583525
1785,5,0.9904789897681403
1785,6,0.888468199146569
1785,7,0.8906512232400687
1785,8,1.0020651353055197
1785,9,1.1207214093965128
1785,10,1.24693180667429
1785,11,1.023770629491931
1785,12,1.897992846968314
1786,1,1.4347773678427767
1786,2,1.2681346622941465
1786,3,0.8080069674999267
1786,4,0.942372934832693
1786,5,0.8867535368440539
1786,6,1.269595511894566
1786,7,1.2257956596466477
1786,8,0.9694505400476032
1786,9,1.2888860506164923
1786,10,1.0182803965049545
1786,11,1.649804427452429
1786,12,1.5853420552622324
1787,1,2.3578162224175507
1787,2,1.2917434589791719
1787,3,1.1801003124749994
1787,4,1.1972703233574513
1787,5,0.8477123690739482
1787,6,1.0832698028292442
1787,7,1.1065093634549574
1787,8,1.0521994575109335
1787,9,0.9797396988857769
1787,10,1.1951207209529777
1787,11,1.117191953003175
1787,12,1.2440296974544676
1788,1,1.4978978038933475
1788,2,1.2911482461609876
1788,3,0.9506393180372349
1788,4,1.2677750012825992
1788,5,0.8576897545830522
1788,6,1.0001836959048203
1788,7,0.9772754079261405
1788,8,0.8848717496914448
1788,9,1.1820248645341382
1788,10,1.1819185908935153
1788,11,1.4109083917145981
1788,12,1.4311015103674143
1789,1,1.7159744402709631
1789,2,1.454744010209582
1789,3,1.2034059259218868
1789,4,0.9352220503767018
1789,5,1.3012943435117492
1789,6,1.2005521069955227
1789,7,1.2747655507423516
1789,8,0.8759066877587565
1789,9,1.3616674373473339
1789,10,1.0347847164900075
1789,11,1.2964267069361166
1789,12,1.7102526676650138
1790,1,1.9278824426204602
1790,2,1.6822780029902629
1790,3,1.0964372892491094
1790,4,1.023880331862442
1790,5,1.1651724473172052
1790,6,1.2658695028245608
1790,7,1.246389004584846
1790,8,1.0425137678084904
1790,9,1.0337669069169446
1790,10,0.7133637239451933
1790,11,1.5220171781726397
1790,12,1.2852833779292159
1791,1,0.775785926323147
1791,2,1.2141876495067276
1791,3,0.9474759829293946
1791,4,1.1607487711089726
1791,5,1.0624556618701553
1791,6,1.2119451636726204
1791,7,1.0716810916791153
1791,8,1.1782194152857357
1791,9,1.2270042455285353
1791,10,0.9307687254206305
1791,11,1.304341746448593
1791,12,1.7234094887388638
1792,1,1.9347083193499728
1792,2,1.4675758581009402
1792,3,0.9485852260374372
1792,4,1.0891240092330206
1792,5,1.0081724413475561
1792,6,1.0198038325403123
1792,7,1.088969326330501
1792,8,1.0230878264267265
1792,9,1.1681906116634688
1792,10,1.2839964852971957
1792,11,1.2681285813646976
1792,12,1.2333016760114828
1793,1,1.4288660831979285
1793,2,1.3794661773462409
1793,3,0.9313670488816526
1793,4,0.8200309641845374
1793,5,0.9438717364561404
1793,6,0.9475585075101001
1793,7,1.0727474973692277
1793,8,0.9776463392099444
1793,9,1.228713064704179
1793,10,1.3122139598210991
1793,11,1.6930247693594733
1793,12,1.30488168561363
1794,1,1.6347326479965163
1794,2,1.5420622512705435
1794,3,0.9258826783448879
1794,4,1.1775181290149677
1794,5,1.0446541665251339
1794,6,1.241724146923536
1794,7,1.3002511523120748
1794,8,1.0708282658842494
1794,9,1.1041881843095633
1794,10,1.2347921353489064
1794,11,1.549680519915408
1794,12,1.3545328021484129
1795,1,2.1004623634085418
1795,2,1.3519291914247442
1795,3,1.133364767951623
1795,4,1.046024770066142
1795,5,1.1194972210357315
1795,6,1.012046191148074
1795,7,1.191873751375888
1795,8,0.670613821004503
1795,9,1.0577685491844562
1795,10,0.8688326480677195
1795,11,1.4419126502285877
1795,12,1.652394595563191
1796,1,1.9479455878692167
1796,2,1.4044182924298148
1796,3,1.55182212361716
1796,4,1.1614254539750437
1796,5,1.1532288148052448
1796,6,1.5192647129952253
1796,7,1.7986227934159027
1796,8,1.5214717223865466
1796,9,1.2021573218069745
1796,10,1.0981010773942885
1796,11,1.5654389225423313
1796,12,1.5136609920615127
1797,1,1.496812809068555
1797,2,1.6576218261279747
1797,3,1.0686110087279275
1797,4,0.9250128832047662
1797,5,1.0059728449384775
1797,6,1.3607790143264389
1797,7,1.2214469516734243
1797,8,1.129037873504371
1797,9,1.255020578312637
1797,10,1.0191366130526514
1797,11,1.1612779883727968
1797,12,1.432385167121658
1798,1,1.840958655067766
1798,2,1.7348815831070588
1798,3,1.5166472801619624
1798,4,1.0075134246659947
1798,5,1.0059953324246482
1798,6,1.1734702606187657
1798,7,1.2080558089170372
1798,8,1.1002244381829707
1798,9,0.9639030018673733
1798,10,1.1142559312427287
1798,11,1.5147921181094413
1798,12,1.3040209705762886
1799,1,1.5281633068781222
1799,2,1.341022353266391
1799,3,1.6343166176116455
1799,4,1.3022523612716803
1799,5,1.1122169786984717
1799,6,0.8958232128329668
1799,7,1.1449942749791029
1799,8,0.8514462201651615
1799,9,1.003375298112529
1799,10,1.0778353310914932
1799,11,1.3795574696935948
1799,12,1.8057073452729542
1800,1,1.142919708439222
1800,2,1.4025342674597843
1800,3,1.3898806782653703
1800,4,0.7777786920480555
1800,5,1.04150612760452
1800,6,1.028554638850761
1800,7,0.8024936949939592
1800,8,0.984037787946556
1800,9,0.9219694448644389
1800,10,1.2219271278020316
1800,11,1.054989169398157
1800,12,1.3836196392905333
1801,1,1.6687418903617726
1801,2,1.717751712660059
1801,3,1.239306697198938
1801,4,1.0118665414652588
1801,5,1.0687271443139974
1801,6,1.0034280217349132
1801,7,1.1467439046101928
1801,8,1.0676645289015767
1801,9,1.5683824764747756
1801,10,1.2828871020750352
1801,11,1.138223420734957
1801,12,1.4131598798143128
1802,1,1.7758653674777498
1802,2,1.373725346291509
1802,3,1.305840138196909
1802,4,0.7823475809129308
1802,5,1.2680057354158878
1802,6,1.4955443700342568
1802,7,1.4002860244841653
1802,8,1.2524211187243997
1802,9,1.335166004563989
1802,10,0.9968959418273604
1802,11,0.9856403502292117
1802,12,1.504577077511696
1803,1,1.3231839155154561
1803,2,1.31652794250869
1803,3,1.2423655411137342
1803,4,0.9930046299728557
1803,5,0.9369851194758652
1803,6,1.0500701427527912
1803,7,1.200478986753686
1803,8,0.7964430165373899
1803,9,0.8873269140151833
1803,10,1.2175664903632275
1803,11,1.677480768176177
1803,12,1.5682584236781612
1804,1,1.449335443943346
1804,2,1.670402383494404
1804,3,1.385565694098878
1804,4,1.0387858749302237
1804,5,1.0053614967670736
1804,6,0.8819902996532909
1804,7,1.122788177531238
1804,8,0.8357604740465896
1804,9,1.191707321093585
1804,10,1.0549296732491362
1804,11,1.1193860223684862
1804,12,1.5479174063711372
1805,1,1.4516553358513669
1805,2,1.5556631694162615
1805,3,1.0494220644881136
1805,4,1.3017311500333733
1805,5,0.9569465251721627
1805,6,1.2508973910260595
1805,7,1.4061408295738134
1805,8,0.97363909309265
1805,9,1.0115790469304649
1805,10,1.119756178774215
1805,11,1.301510313413316
1805,12,1.7011448974326675
1806,1,1.5019835578301215
1806,2,1.2838634845140562
1806,3,0.8974864043354505
1806,4,1.145905350095405
1806,5,0.8944740428259086
1806,6,1.0942570315179092
1806,7,1.2149169901767563
1806,8,0.9761194172930951
1806,9,0.9354530393080411
1806,10,1.1740300044427805
1806,11,1.3055460267342947
1806,12,1.6590904915437699
1807,1,1.4320790320486727
1807,2,1.5937233799624821
1807,3,1.2414365779902354
1807,4,1.1335531254416529
1807,5,1.4734077599135453
1807,6,1.4473926728692932
1807,7,1.3671586941341909
1807,8,1.107946043018004
1807,9,1.119558959732237
1807,10,1.0477677583048652
1807,11,1.4699170081506119
1807,12,1.903726157114592
1808,1,1.747211263133241
1808,2,1.4846463126331915
1808,3,1.4552094993019604
1808,4,1.03502864764198
1808,5,0.9761287862073635
1808,6,1.1484857410423317
1808,7,1.127431693954154
1808,8,1.2218191173627253
1808,9,0.838165802945827
1808,10,1.062168014393566
1808,11,1.4356215801210634
1808,12,1.660574564254659
1809,1,1.2852901805151686
1809,2,1.3031758492267627
1809,3,0.9956680077866427
1809,4,0.9934009460421882
1809,5,0.7978141278245494
1809,6,1.1002962673414312
1809,7,1.0435712318973571
1809,8,1.0445454453796226
1809,9,0.8259033541985639
1809,10,1.3853611494314417
1809,11,1.7448787704233983
1809,12,1.9361086218304537
1810,1,1.678368820309105
1810,2,1.1774302041695144
1810,3,1.2432108808035554
1810,4,1.087545012391214
1810,5,0.8455828707725475
1810,6,1.0560182933228879
1810,7,1.1782925732240168
1810,8,1.03863094426088
1810,9,1.1926911295686773
1810,10,1.3022357386019503
1810,11,1.5054971622852247
1810,12,2.2484788930927477
1811,1,1.7889711977250988
1811,2,1.3309620795946104
1811,3,0.7554263740360586
1811,4,1.2676230899579943
1811,5,0.8770715729070019
1811,6,0.9546335209491605
1811,7,0.9716976369567085
1811,8,0.9617301269200944
1811,9,1.1078725964444605
1811,10,1.1850059154556416
1811,11,1.5735904975900927
1811,12,1.326351331518321
1812,1,1.388938171247157
1812,2,1.0873303245660044
1812,3,1.0848213100171047
1812,4,0.8557698623927765
1812,5,0.7791737258179052
1812,6,0.8587237992745469
1812,7,0.8832854505488015
1812,8,1.0922747885522306
1812,9,1.168096221255646
1812,10,1.201907195749584
1812,11,1.0200120842626212
1812,12,1.321539762213478
1813,1,1.1685827546644687
1813,2,1.6576214172647106
1813,3,1.568536302689678
1813,4,1.0218951350410665
1813,5,0.9469628520697795
1813,6,1.2314152547062693
1813,7,0.9952293939497647
1813,8,0.9923121797446501
1813,9,1.1516296989206936
1813,10,1.203728120976875
1813,11,1.1876323667590587
1813,12,1.4752690917649787
1814,1,1.5800500969049565
1814,2,1.5998164563378716
1814,3,0.8675799884666906
1814,4,1.0422846352644215
1814,5,0.8889313260956369
1814,6,1.1200103095232716
1814,7,1.0468656991174634
1814,8,0.823937354265741
1814,9,1.203871553648769
1814,10,1.079549284770226
1814,11,1.0875001360808128
1814,12,1.1019308084524235
1815,1,2.251214667487396
1815,2,1.1515763374811328
1815,3,1.1058910683074927
1815,4,0.9914889940202998
1815,5,0.9127515009584085
1815,6,0.9796274787879079
1815,7,1.16374610638599
1815,8,0.8511795324843074
1815,9,1.0019023818309587
1815,10,1.030638010397241
1815,11,1.3522340898157794
1815,12,1.6908892029902303
1816,1,1.7309511630138732
1816,2,1.5036390060127576
1816,3,1.0238652590334534
1816,4,1.0057705946051532
1816,5,1.1930822896336786
1816,6,0.9972856536844921
1816,7,0.9992769752155182
1816,8,0.9500364849263196
1816,9,1.227468867736409
1816,10,1.1063800117074636
1816,11,0.9959103826144742
1816,12,1.6382834932787729
1817,1,2.062128552369697
1817,2,1.4589258522084025
1817,3,1.4079475358713096
1817,4,1.0996165754087
1817,5,0.9232331678456405
1817,6,1.2607748460674915
1817,7,1.0802508611070678
1817,8,1.0573665464525461
1817,9,1.0857790404875212
1817,10,1.2193328529347696
1817,11,1.1889908544374141
1817,12,1.9127400619378947
1818,1,1.684432119650002
1818,2,1.2393259683014541
1818,3,1.200142224138672
1818,4,0.9794836190954537
1818,5,1.197768883088243
1818,6,1.1634883447310385
1818,7,0.8476806889807073
1818,8,1.0386188656528539
1818,9,1.0724517634481785
1818,10,1.2530085822955004
1818,11,1.0938479964078611
1818,12,1.935731365642465
1819,1,1.4762023282088683
1819,2,1.5266164117274519
1819,3,0.9870567970385498
1819,4,0.9717875231323512
1819,5,0.8793122834885241
1819,6,1.1347960218056903
1819,7,0.8052030734875042
1819,8,0.9073905493537447
1819,9,0.7115450331287161
1819,10,0.9198653391143412
1819,11,1.0001075970901228
1819,12,1.683383263389611
1820,1,1.47243671071023
1820,2,1.5377291367804102
1820,3,1.3396185182105886
1820,4,0.8039254530571135
1820,5,0.7941040146970791
1820,6,1.269290275553221
1820,7,0.8686471011533534
1820,8,0.80830552377373
1820,9,1.1420254513188268
1820,10,1.017047966496214
1820,11,1.4308867213281506
1820,12,1.230954304130973
1821,1,1.7570573708418507
1821,2,1.3790652216271009
1821,3,1.1884232043737042
1821,4,1.0606875294239193
1821,5,1.0268278428419957
1821,6,0.9470861271593201
1821,7,1.1051700330877898
1821,8,1.0789147520486426
1821,9,1.0619460666677307
1821,10,1.0534279055984226
1821,11,1.0087353562083432
1821,12,1.605708802196491
1822,1,1.701383395985439
1822,2,1.1282636205193586
1822,3,1.046438234515517
1822,4,1.2736545558782173
1822,5,0.9739725943710904
1822,6,1.1090630992874373
1822,7,1.1547817613651317
1822,8,1.1534368769248673
1822,9,0.8579609803797638
1822,10,0.9617372305941319
1822,11,1.545596863533139
1822,12,1.2916869010790124
1823,1,1.9898590757773906
1823,2,1.7377521845579658
1823,3,1.1305554765676515
1823,4,0.8723226648813095
1823,5,0.9938834186582208
1823,6,1.0131166109386172
1823,7,1.342851207676942
1823,8,0.959630394011321
1823,9,1.0957889530237757
1823,10,0.7827046335713486
1823,11,1.4857618509446904
1823,12,1.3828858755348352
1824,1,1.634479361218364
1824,2,1.2356068167969854
1824,3,1.1726241070982708
1824,4,1.2769158153817974
1824,5,1.1808051520837781
1824,6,1.2749945289761713
1824,7,1.3877248826084656
1824,8,0.9984358331818765
1824,9,1.1824563627973732
1824,10,1.3179368729763705
1824,11,1.0273819212679314
1824,12,1.2790562432714268
1825,1,1.7461123386339028
1825,2,1.7375476523509117
1825,3,1.279265915291806
1825,4,1.1583095695562562
1825,5,0.8514793955978015
1825,6,1.2853433246506722
1825,7,1.1612120230257412
1825,8,0.849191243452857
1825,9,0.928166864392449
1825,10,1.6514840612959014
1825,11,1.088355455850396
1825,12,1.6057102060565709
1826,1,1.7268441765133797
1826,2,1.2241278912123272
1826,3,1.3806725250337237
1826,4,1.0954429442904585
1826,5,1.3807439910220105
1826,6,1.3638992373676182
1826,7,1.5153189932581217
1826,8,1.4129312457185768
1826,9,1.2159643049989284
1826,10,1.2687745642773107
1826,11,1.1655321969012493
1826,12,1.6051332152055475
1827,1,1.513602065607548
1827,2,1.1120280104552593
1827,3,1.2989249578057924
1827,4,1.1618068613493069
1827,5,0.7510303229522711
1827,6,1.006155743733874
1827,7,1.1069845322727265
1827,8,1.1276025279795978
1827,9,1.0578312176729345
1827,10,1.141970388156493
1827,11,1.2575091329525339
1827,12,1.6065782183610557
1828,1,1.2359279800985936
1828,2,1.541511960080745
1828,3,1.0776431710402536
1828,4,0.9110705328536892
1828,5,0.9979658409207555
1828,6,1.294150616599555
1828,7,1.233713098421406
1828,8,0.7996464864197839
1828,9,1.2141627682070208
1828,10,0.9652860174041873
1828,11,1.4524650851672465
1828,12,1.7644297125967245
1829,1,2.0389544601687137
1829,2,1.4131811396687608
1829,3,0.9909696239590782
1829,4,0.9612078631944905
1829,5,1.2211277211451979
1829,6,1.3545893148833166
1829,7,1.1384503277492186
1829,8,1.2193357058036263
1829,9,1.0368656454540544
1829,10,0.9678644666787832
1829,11,1.237167097074857
1829,12,1.2845000902695953
1830,1,1.2063431776128861
1830,2,1.5829747823237947
1830,3,0.9452198946047258
1830,4,1.013633571507156
1830,5,0.9809982436166413
1830,6,1.0725446583849587
1830,7,0.9857358307169002
1830,8,0.9323333422024609
1830,9,0.9418384174758946
1830,10,0.939644399528212
1830,11,1.6682051049418356
1830,12,1.4949643897523677
1831,1,1.661360486915089
1831,2,1.3022433821419397
1831,3,1.2513210204407246
1831,4,0.8683248040730005
1831,5,0.7775274722332813
1831,6,1.0389946102455776
1831,7,0.9186585340356496
1831,8,0.8498094529293574
1831,9,1.1080590561914352
1831,10,1.2823383617310444
1831,11,1.239071373413342
1831,12,1.3836709076569722
1832,1,1.7659999633829866
1832,2,1.1942830902052954
1832,3,1.2835250406908991
1832,4,1.0190040789644939
1832,5,0.9099228559731737
1832,6,1.0632184098230577
1832,7,0.9629198135830412
1832,8,0.9026285340906111
1832,9,0.9845495861401289
1832,10,1.09434893567518
1832,11,1.5467491125803765
1832,12,1.5794320437635734
1833,1,1.5944687068959014
1833,2,1.7650177484822134
1833,3,1.3052730756254847
1833,4,1.2492942678305026
1833,5,1.2544892562765833
1833,6,1.16478819049316
1833,7,1.1953663769592906
1833,8,1.008699088143289
1833,9,0.9877693295473764
1833,10,1.3531914952073134
1833,11,0.9594748301681257
1833,12,1.316827331800674
1834,1,1.7202204324655046
1834,2,1.4123344030817386
1834,3,1.2689100762421337
1834,4,0.8467960786768545
1834,5,1.1216299287242941
1834,6,1.3341758820632306
1834,7,1.061226658866711
1834,8,1.209845213151698
1834,9,1.027553684459151
1834,10,1.4498310831407382
1834,11,1.3599465555005912
1834,12,1.8596440397978742
1835,1,1.864294668237461
1835,2,1.466681254304988
1835,3,1.079788759977745
1835,4,1.0749094071654073
1835,5,1.0282851339539576
1835,6,0.8527279498587407
1835,7,0.9396614640656964
1835,8,0.9708407074257369
1835,9,1.084056595302348
1835,10,1.1332222799670477
1835,11,1.673528268190596
1835,12,1.5351629953916337
1836,1,1.816554670736803
1836,2,1.3684723629361688
1836,3,1.4331406380847083
1836,4,0.9731435174328227
1836,5,0.901583294008003
1836,6,0.9732071447563513
1836,7,1.2180390757129946
1836,8,0.905082812200332
1836,9,1.158009173506688
1836,10,1.386299290634629
1836,11,1.240556832321906
1836,12,2.0044709669662555
1837,1,1.493350133003901
1837,2,1.4562721142608974
1837,3,0.8929074686715945
1837,4,0.7898315873400618
1837,5,0.8177469590555684
1837,6,0.9788530025377427
1837,7,0.8956622280844562
1837,8,0.7796317258703912
1837,9,0.8958943181075225
1837,10,1.1897847317723338
1837,11,1.3633113176875984
1837,12,1.8282319392996784
1838,1,1.5621923735519387
1838,2,1.398436571562308
1838,3,1.1892394259339771
1838,4,0.8681028600734144
1838,5,1.1615485065718194
1838,6,1.0244826568739265
1838,7,0.8664197402254261
1838,8,0.6564573698739098
1838,9,1.215533227541112
1838,10,1.2363072357859717
1838,11,1.5680449694207845
1838,12,1.547548376059411
1839,1,1.438058481995548
1839,2,1.3971522935190075
1839,3,1.2797040144994951
1839,4,1.4315346198347823
1839,5,1.1156197574840294
1839,6,1.1129124433006194
1839,7,1.441607107799415
1839,8,1.131104819884858
1839,9,1.0313222941195592
1839,10,1.091754560785824
1839,11,1.4081973228571354
1839,12,1.553176235215533
1840,1,1.4881677143284677
1840,2,1.4044882069481441
1840,3,1.1184862167151546
1840,4,0.8965866266555793
1840,5,0.9933917271633055
1840,6,1.148845123322043
1840,7,1.122782077232034
1840,8,0.9705827199561952
1840,9,1.0091674837056601
1840,10,0.9217048833629403
1840,11,1.234083518780976
1840,12,1.5950655661136284
1841,1,2.145341620212342
1841,2,1.2734383846535413
1841,3,1.241428823904454
1841,4,1.224320142613311
1841,5,1.077760782345162
1841,6,1.07408704362216
1841,7,1.1094497463846773
1841,8,0.9198384917621063
1841,9,1.2405526258064907
1841,10,1.1570025971102544
1841,11,1.1511712564926107
1841,12,1.2172245619776418
1842,1,1.333486166789741
1842,2,1.9098969999416449
1842,3,1.121701640615508
1842,4,1.1526555102143246
1842,5,0.9684662761864553
1842,6,1.2423759114762722
1842,7,1.0814024623802363
1842,8,0.887575059025716
1842,9,0.8617009536469866
1842,10,1.0204681237392954
1842,11,1.3678286165466402
1842,12,1.691182493787354
1843,1,1.624679020163931
1843,2,1.4285509129645333
1843,3,0.9489629357338358
1843,4,1.047330968617184
1843,5,0.9150011540132506
1843,6,0.9551227472696056
1843,7,1.1146367687962697
1843,8,0.6934529796237262
1843,9,0.929247571840033
1843,10,1.129160948140388
1843,11,1.130088743756144
1843,12,1.4740896741288823
1844,1,1.5743356836205398
1844,2,1.0012164197199198
1844,3,1.1002816788355392
1844,4,0.9209366295541372
1844,5,0.9790077854831021
1844,6,0.9827131379134648
1844,7,1.0524173909634404
1844,8,1.1713400927665456
1844,9,1.2311028208127595
1844,10,1.06205017093962
1844,11,1.4009318820026504
1844,12,1.0960495358095956
1845,1,1.4346943069895721
1845,2,1.2636255069687001
1845,3,1.442459469649982
1845,4,1.0591871243168736
1845,5,0.95616914523566
1845,6,1.0603673782644787
1845,7,0.9663905012053335
1845,8,1.0752777456358031
1845,9,1.0292773713149774
1845,10,0.9149112306153926
1845,11,1.4237252422193851
1845,12,1.8887337732660394
1846,1,1.426500548413251
1846,2,1.286564419561651
1846,3,1.457904888685167
1846,4,1.09928206611881
1846,5,1.2021875987525479
1846,6,1.1116837804786546
1846,7,1.0835602881651463
1846,8,0.8972205187465598
1846,9,1.0081007366187407
1846,10,1.2454015487011767
1846,11,1.052874335502759
1846,12,1.5010599533684972
1847,1,1.209152837024946
1847,2,1.4978409387593974
1847,3,1.366946711694124
1847,4,1.1181753723384753
1847,5,0.9057413741386813
1847,6,1.3017311075416131
1847,7,1.2262212136800954
1847,8,1.040453824545933
1847,9,1.3785120564328532
1847,10,0.8435488125348676
1847,11,1.3612980199622235
1847,12,1.1637708702889011
1848,1,1.4279646412281601
1848,2,1.350116237478292
1848,3,1.310417522482583
1848,4,0.7531525252786694
1848,5,1.1456213545728322
1848,6,0.8789470908395812
1848,7,0.8579649740197293
1848,8,0.7097345540555366
1848,9,1.0809981555159738
1848,10,1.06839068679501
1848,11,1.1187133551094064
1848,12,1.5374666702712851
1849,1,1.238176994788641
1849,2,1.6981177395967655
1849,3,1.3247306986596914
1849,4,0.9632595371344124
1849,5,1.0926708074840334
1849,6,1.1834122211678126
1849,7,1.249111648788524
1849,8,0.9318339569386971
1849,9,1.2429876752907842
1849,10,0.9389195121188953
1849,11,1.2465884715080815
1849,12,1.7053730830953824
